"applicant_id","municipality","application_year","selected","male","age_at_application","has_phone","ses_stratum","neighborhood","age_at_survey","survey_month","survey_form","household_visit","mother_educ","father_educ","mother_age","father_age","father_income_high","receiving_aid_now","started_g6_private","started_g7_private","in_private_now","in_school_now","highest_grade","finished_g6","finished_g7","finished_g8","repeats_g6","ever_repeated","total_repeats","years_in_school","married_or_cohab","has_child","working","hours_worked","cohort","selected_clean","male_clean","has_phone_clean","survey_form_clean","household_visit_clean","father_income_high_clean","receiving_aid_now_clean","started_g6_private_clean","started_g7_private_clean","in_private_now_clean","in_school_now_clean","finished_g6_clean","finished_g7_clean","finished_g8_clean","ever_repeated_clean","married_or_cohab_clean","has_child_clean","working_clean","ses_stratum_clean","neighborhood_clean","survey_month_clean","repeats_g6_clean","total_repeats_clean","age_change","age_unverifiable","age_decreased","age_unchanged","age_outside_2_to_4","age_at_survey_clean","grade_conflict","grade_below_5_review","school_years_below_grade_progress_review","finished_g6_conflict","finished_g7_conflict","finished_g8_conflict","repeats_conflict","private_school_conflict","mother_child_age_gap","mother_age_gap_over_60","mother_age_clean","father_child_age_gap","father_age_gap_over_60","father_age_clean","work_hours_conflict","years_in_school_above_4","years_in_school_exceeds_age_gap_plus_1","primary_logic_flag"
100000,"A",2022,0,1,12,1,3,,12,7,1,0,8,9,37,37,0,0,1,1,1,1,6,1,0,0,0,0,0,2,0,0,0,0,"A_2022",0,1,1,1,0,0,0,1,1,1,1,1,0,0,0,0,0,0,3,,7,0,0,0,FALSE,FALSE,TRUE,TRUE,12,FALSE,FALSE,FALSE,FALSE,FALSE,FALSE,FALSE,FALSE,25,FALSE,37,25,FALSE,37,FALSE,FALSE,TRUE,FALSE
100001,"A",2020,1,1,12,1,2,17,15,4,1,0,,,56,52,0,0,1,1,1,1,9,1,1,1,0,0,0,4,0,0,0,0,"A_2020",1,1,1,1,0,0,0,1,1,1,1,1,1,1,0,0,0,0,2,17,4,0,0,3,FALSE,FALSE,FALSE,FALSE,15,FALSE,FALSE,FALSE,FALSE,FALSE,FALSE,FALSE,FALSE,41,FALSE,56,37,FALSE,52,FALSE,FALSE,FALSE,FALSE
100002,"A",2020,1,0,13,1,2,7,16,4,0,0,5,5,37,48,1,0,1,1,1,1,8,1,1,1,1,1,1,4,0,0,0,0,"A_2020",1,0,1,0,0,1,0,1,1,1,1,1,1,1,1,0,0,0,2,7,4,1,1,3,FALSE,FALSE,FALSE,FALSE,16,FALSE,FALSE,FALSE,FALSE,FALSE,FALSE,FALSE,FALSE,21,FALSE,37,32,FALSE,48,FALSE,FALSE,FALSE,FALSE
100003,"A",2020,1,0,13,1,2,19,15,3,0,0,0,0,60,64,0,1,1,1,1,1,8,1,1,1,0,0,0,4,0,0,0,0,"A_2020",1,0,1,0,0,0,1,1,1,1,1,1,1,1,0,0,0,0,2,19,3,0,0,2,FALSE,FALSE,FALSE,FALSE,15,FALSE,FALSE,FALSE,FALSE,FALSE,FALSE,FALSE,FALSE,45,FALSE,60,49,FALSE,64,FALSE,FALSE,TRUE,FALSE
100004,"A",2020,0,0,12,1,1,5,14,3,0,0,3,4,46,52,0,0,0,0,0,1,8,1,1,1,0,0,0,4,0,0,0,0,"A_2020",0,0,1,0,0,0,0,0,0,0,1,1,1,1,0,0,0,0,1,5,3,0,0,2,FALSE,FALSE,FALSE,FALSE,14,FALSE,FALSE,FALSE,FALSE,FALSE,FALSE,FALSE,FALSE,32,FALSE,46,38,FALSE,52,FALSE,FALSE,TRUE,FALSE
100005,"A",2022,1,1,11,1,2,,12,7,1,0,7,5,37,36,0,1,1,1,1,1,6,1,0,0,0,0,0,2,0,0,0,0,"A_2022",1,1,1,1,0,0,1,1,1,1,1,1,0,0,0,0,0,0,2,,7,0,0,1,FALSE,FALSE,FALSE,TRUE,12,FALSE,FALSE,FALSE,FALSE,FALSE,FALSE,FALSE,FALSE,25,FALSE,37,24,FALSE,36,FALSE,FALSE,FALSE,FALSE
100006,"A",2022,1,0,10,1,3,,11,8,1,0,7,,39,,,1,1,1,1,1,6,1,0,0,0,0,0,2,0,0,0,0,"A_2022",1,0,1,1,0,,1,1,1,1,1,1,0,0,0,0,0,0,3,,8,0,0,1,FALSE,FALSE,FALSE,TRUE,11,FALSE,FALSE,FALSE,FALSE,FALSE,FALSE,FALSE,FALSE,28,FALSE,39,,FALSE,,FALSE,FALSE,FALSE,FALSE
100007,"A",2020,0,1,11,1,2,19,14,3,0,0,,8,26,37,0,0,1,1,1,1,7,1,1,0,0,0,0,4,0,0,0,0,"A_2020",0,1,1,0,0,0,0,1,1,1,1,1,1,0,0,0,0,0,2,19,3,0,0,3,FALSE,FALSE,FALSE,FALSE,14,FALSE,FALSE,FALSE,FALSE,FALSE,FALSE,FALSE,FALSE,12,FALSE,26,23,FALSE,37,FALSE,FALSE,FALSE,FALSE
100008,"A",2020,0,0,11,1,2,,14,8,1,0,5,5,40,46,0,0,1,1,1,1,8,1,1,1,0,0,0,4,0,0,0,0,"A_2020",0,0,1,1,0,0,0,1,1,1,1,1,1,1,0,0,0,0,2,,8,0,0,3,FALSE,FALSE,FALSE,FALSE,14,FALSE,FALSE,FALSE,FALSE,FALSE,FALSE,FALSE,FALSE,26,FALSE,40,32,FALSE,46,FALSE,FALSE,FALSE,FALSE
100009,"A",2020,1,0,12,1,2,18,15,3,0,0,5,3,40,42,0,1,1,1,1,1,8,1,1,1,0,0,0,4,0,0,0,0,"A_2020",1,0,1,0,0,0,1,1,1,1,1,1,1,1,0,0,0,0,2,18,3,0,0,3,FALSE,FALSE,FALSE,FALSE,15,FALSE,FALSE,FALSE,FALSE,FALSE,FALSE,FALSE,FALSE,25,FALSE,40,27,FALSE,42,FALSE,FALSE,FALSE,FALSE
100010,"A",2020,0,0,15,1,2,19,17,6,0,0,,,,,,0,1,1,1,1,7,1,1,0,1,1,1,4,0,0,0,0,"A_2020",0,0,1,0,0,,0,1,1,1,1,1,1,0,1,0,0,0,2,19,6,1,1,2,FALSE,FALSE,FALSE,FALSE,17,FALSE,FALSE,FALSE,FALSE,FALSE,FALSE,FALSE,FALSE,,FALSE,,,FALSE,,FALSE,FALSE,TRUE,FALSE
100011,"A",2022,1,1,12,1,2,,13,10,1,0,,8,,38,0,0,1,0,0,1,5,0,0,0,0,0,0,2,0,0,0,0,"A_2022",1,1,1,1,0,0,0,1,0,0,1,0,0,0,0,0,0,0,2,,10,0,0,1,FALSE,FALSE,FALSE,TRUE,13,FALSE,FALSE,FALSE,FALSE,FALSE,FALSE,FALSE,FALSE,,FALSE,,25,FALSE,38,FALSE,FALSE,FALSE,FALSE
100012,"A",2020,0,1,11,1,2,,14,6,0,0,5,,32,31,0,0,0,0,0,1,5,0,0,0,1,1,1,3,0,0,0,0,"A_2020",0,1,1,0,0,0,0,0,0,0,1,0,0,0,1,0,0,0,2,,6,1,1,3,FALSE,FALSE,FALSE,FALSE,14,FALSE,FALSE,FALSE,FALSE,FALSE,FALSE,FALSE,FALSE,18,FALSE,32,17,FALSE,31,FALSE,FALSE,FALSE,FALSE
100013,"A",2020,1,1,11,1,2,15,14,3,0,0,11,11,39,49,0,0,1,1,1,1,8,1,1,1,0,0,0,4,0,0,0,0,"A_2020",1,1,1,0,0,0,0,1,1,1,1,1,1,1,0,0,0,0,2,15,3,0,0,3,FALSE,FALSE,FALSE,FALSE,14,FALSE,FALSE,FALSE,FALSE,FALSE,FALSE,FALSE,FALSE,25,FALSE,39,35,FALSE,49,FALSE,FALSE,FALSE,FALSE
100014,"A",2020,1,1,14,1,,,16,2,0,1,9,5,41,41,0,1,0,0,0,1,8,1,1,1,0,0,0,4,0,0,1,40,"A_2020",1,1,1,0,1,0,1,0,0,0,1,1,1,1,0,0,0,1,,,2,0,0,2,FALSE,FALSE,FALSE,FALSE,16,FALSE,FALSE,FALSE,FALSE,FALSE,FALSE,FALSE,FALSE,25,FALSE,41,25,FALSE,41,FALSE,FALSE,TRUE,FALSE
100015,"A",2020,1,0,14,1,1,5,17,7,1,0,5,6,40,42,,0,0,0,0,1,8,1,1,1,0,0,0,4,0,1,0,0,"A_2020",1,0,1,1,0,,0,0,0,0,1,1,1,1,0,0,1,0,1,5,7,0,0,3,FALSE,FALSE,FALSE,FALSE,17,FALSE,FALSE,FALSE,FALSE,FALSE,FALSE,FALSE,FALSE,23,FALSE,40,25,FALSE,42,FALSE,FALSE,FALSE,FALSE
100016,"B",2018,1,0,12,0,2,,16,8,1,1,4,4,38,42,0,0,0,0,0,1,10,1,1,1,0,0,0,6,0,0,0,0,"B_2018",1,0,0,1,1,0,0,0,0,0,1,1,1,1,0,0,0,0,2,,8,0,0,4,FALSE,FALSE,FALSE,FALSE,16,FALSE,FALSE,FALSE,FALSE,FALSE,FALSE,FALSE,FALSE,22,FALSE,38,26,FALSE,42,FALSE,TRUE,TRUE,FALSE
100017,"A",2022,1,0,13,1,2,,14,4,1,0,0,2,34,50,0,1,1,1,0,1,7,1,1,0,0,0,0,2,0,0,0,0,"A_2022",1,0,1,1,0,0,1,1,1,0,1,1,1,0,0,0,0,0,2,,4,0,0,1,FALSE,FALSE,FALSE,TRUE,14,FALSE,FALSE,FALSE,FALSE,FALSE,FALSE,FALSE,FALSE,20,FALSE,34,36,FALSE,50,FALSE,FALSE,FALSE,FALSE
100018,"A",2020,1,1,12,1,,19,14,5,1,0,6,,55,,,1,1,1,1,1,9,1,1,1,0,0,0,4,0,0,0,0,"A_2020",1,1,1,1,0,,1,1,1,1,1,1,1,1,0,0,0,0,,19,5,0,0,2,FALSE,FALSE,FALSE,FALSE,14,FALSE,FALSE,FALSE,FALSE,FALSE,FALSE,FALSE,FALSE,41,FALSE,55,,FALSE,,FALSE,FALSE,TRUE,FALSE
100019,"A",2020,0,1,10,1,2,8,13,8,1,0,3,,43,,,0,0,0,0,1,8,1,1,1,0,0,0,4,0,0,0,0,"A_2020",0,1,1,1,0,,0,0,0,0,1,1,1,1,0,0,0,0,2,8,8,0,0,3,FALSE,FALSE,FALSE,FALSE,13,FALSE,FALSE,FALSE,FALSE,FALSE,FALSE,FALSE,FALSE,30,FALSE,43,,FALSE,,FALSE,FALSE,FALSE,FALSE
100020,"A",2022,1,0,12,1,3,,13,8,1,0,5,6,42,43,0,1,1,1,1,1,6,1,0,0,0,0,0,2,0,0,0,0,"A_2022",1,0,1,1,0,0,1,1,1,1,1,1,0,0,0,0,0,0,3,,8,0,0,1,FALSE,FALSE,FALSE,TRUE,13,FALSE,FALSE,FALSE,FALSE,FALSE,FALSE,FALSE,FALSE,29,FALSE,42,30,FALSE,43,FALSE,FALSE,FALSE,FALSE
100021,"A",2020,0,0,,1,1,,14,2,0,0,5,1,35,39,0,0,1,1,1,1,8,1,1,1,0,0,0,4,0,0,0,0,"A_2020",0,0,1,0,0,0,0,1,1,1,1,1,1,1,0,0,0,0,1,,2,0,0,,TRUE,FALSE,FALSE,FALSE,14,FALSE,FALSE,FALSE,FALSE,FALSE,FALSE,FALSE,FALSE,21,FALSE,35,25,FALSE,39,FALSE,FALSE,FALSE,FALSE
100022,"A",2022,0,1,13,1,,,13,7,1,0,5,5,36,36,,0,0,0,0,1,6,1,0,0,0,0,0,2,0,0,1,20,"A_2022",0,1,1,1,0,,0,0,0,0,1,1,0,0,0,0,0,1,,,7,0,0,0,FALSE,FALSE,TRUE,TRUE,13,FALSE,FALSE,FALSE,FALSE,FALSE,FALSE,FALSE,FALSE,23,FALSE,36,23,FALSE,36,FALSE,FALSE,TRUE,FALSE
100023,"A",2020,0,1,13,1,,19,15,3,0,0,5,8,38,35,0,0,1,1,1,1,8,1,1,1,0,0,0,4,0,0,0,0,"A_2020",0,1,1,0,0,0,0,1,1,1,1,1,1,1,0,0,0,0,,19,3,0,0,2,FALSE,FALSE,FALSE,FALSE,15,FALSE,FALSE,FALSE,FALSE,FALSE,FALSE,FALSE,FALSE,23,FALSE,38,20,FALSE,35,FALSE,FALSE,TRUE,FALSE
100024,"A",2020,1,1,12,1,3,10,14,3,0,1,11,11,34,38,1,0,1,1,1,1,6,1,0,0,2,1,2,4,0,0,0,0,"A_2020",1,1,1,0,1,1,0,1,1,1,1,1,0,0,1,0,0,0,3,10,3,2,2,2,FALSE,FALSE,FALSE,FALSE,14,FALSE,FALSE,FALSE,FALSE,FALSE,FALSE,FALSE,FALSE,20,FALSE,34,24,FALSE,38,FALSE,FALSE,TRUE,FALSE
100025,"A",2022,0,1,11,1,2,,12,9,1,0,11,4,45,40,0,0,1,1,1,1,6,1,0,0,0,0,0,3,0,0,0,0,"A_2022",0,1,1,1,0,0,0,1,1,1,1,1,0,0,0,0,0,0,2,,9,0,0,1,FALSE,FALSE,FALSE,TRUE,12,FALSE,FALSE,FALSE,FALSE,FALSE,FALSE,FALSE,FALSE,33,FALSE,45,28,FALSE,40,FALSE,FALSE,TRUE,FALSE
100026,"B",2018,1,0,11,0,1,,15,7,1,1,5,7,35,37,0,1,1,1,1,1,9,1,1,1,0,0,0,6,0,0,0,0,"B_2018",1,0,0,1,1,0,1,1,1,1,1,1,1,1,0,0,0,0,1,,7,0,0,4,FALSE,FALSE,FALSE,FALSE,15,FALSE,FALSE,FALSE,FALSE,FALSE,FALSE,FALSE,FALSE,20,FALSE,35,22,FALSE,37,FALSE,TRUE,TRUE,FALSE
100027,"A",2020,0,1,12,1,,,14,4,0,0,5,,42,,,0,1,0,0,1,8,1,1,1,0,0,0,4,0,0,1,8,"A_2020",0,1,1,0,0,,0,1,0,0,1,1,1,1,0,0,0,1,,,4,0,0,2,FALSE,FALSE,FALSE,FALSE,14,FALSE,FALSE,FALSE,FALSE,FALSE,FALSE,FALSE,FALSE,28,FALSE,42,,FALSE,,FALSE,FALSE,TRUE,FALSE
100028,"A",2020,0,1,14,1,2,,16,3,0,0,7,5,46,48,0,0,1,1,1,1,7,1,1,0,0,0,0,3,0,0,1,8,"A_2020",0,1,1,0,0,0,0,1,1,1,1,1,1,0,0,0,0,1,2,,3,0,0,2,FALSE,FALSE,FALSE,FALSE,16,FALSE,FALSE,FALSE,FALSE,FALSE,FALSE,FALSE,FALSE,30,FALSE,46,32,FALSE,48,FALSE,FALSE,FALSE,FALSE
100029,"A",2022,0,1,12,1,2,,13,6,1,0,8,6,32,32,,0,1,0,0,1,6,1,0,0,0,0,0,2,0,0,0,0,"A_2022",0,1,1,1,0,,0,1,0,0,1,1,0,0,0,0,0,0,2,,6,0,0,1,FALSE,FALSE,FALSE,TRUE,13,FALSE,FALSE,FALSE,FALSE,FALSE,FALSE,FALSE,FALSE,19,FALSE,32,19,FALSE,32,FALSE,FALSE,FALSE,FALSE
100030,"A",2020,0,0,12,1,2,7,15,7,1,0,2,5,59,60,0,0,1,1,1,1,7,1,1,0,1,1,1,4,0,0,0,0,"A_2020",0,0,1,1,0,0,0,1,1,1,1,1,1,0,1,0,0,0,2,7,7,1,1,3,FALSE,FALSE,FALSE,FALSE,15,FALSE,FALSE,FALSE,FALSE,FALSE,FALSE,FALSE,FALSE,44,FALSE,59,45,FALSE,60,FALSE,FALSE,FALSE,FALSE
100031,"A",2020,1,1,12,1,1,,15,4,0,0,,,40,39,0,0,1,1,0,1,7,1,1,0,0,1,1,4,0,0,0,0,"A_2020",1,1,1,0,0,0,0,1,1,0,1,1,1,0,1,0,0,0,1,,4,0,1,3,FALSE,FALSE,FALSE,FALSE,15,FALSE,FALSE,FALSE,FALSE,FALSE,FALSE,FALSE,FALSE,25,FALSE,40,24,FALSE,39,FALSE,FALSE,FALSE,FALSE
100032,"B",2018,0,0,12,0,2,,17,7,1,1,3,0,58,71,0,0,1,1,1,1,8,1,1,1,0,1,1,6,0,0,0,0,"B_2018",0,0,0,1,1,0,0,1,1,1,1,1,1,1,1,0,0,0,2,,7,0,1,5,FALSE,FALSE,FALSE,TRUE,17,FALSE,FALSE,FALSE,FALSE,FALSE,FALSE,FALSE,FALSE,41,FALSE,58,54,FALSE,71,FALSE,TRUE,FALSE,FALSE
100033,"A",2022,1,1,13,1,2,,14,7,1,0,5,3,49,62,0,1,1,1,1,1,6,1,0,0,0,0,0,2,0,0,0,0,"A_2022",1,1,1,1,0,0,1,1,1,1,1,1,0,0,0,0,0,0,2,,7,0,0,1,FALSE,FALSE,FALSE,TRUE,14,FALSE,FALSE,FALSE,FALSE,FALSE,FALSE,FALSE,FALSE,35,FALSE,49,48,FALSE,62,FALSE,FALSE,FALSE,FALSE
100034,"A",2020,1,1,11,1,,1,13,1,0,1,5,5,42,45,0,1,1,1,1,1,8,1,1,1,0,0,0,4,0,0,0,0,"A_2020",1,1,1,0,1,0,1,1,1,1,1,1,1,1,0,0,0,0,,1,1,0,0,2,FALSE,FALSE,FALSE,FALSE,13,FALSE,FALSE,FALSE,FALSE,FALSE,FALSE,FALSE,FALSE,29,FALSE,42,32,FALSE,45,FALSE,FALSE,TRUE,FALSE
100035,"A",2020,0,0,,1,1,19,15,6,0,0,9,9,33,33,0,0,1,1,,1,7,1,1,0,0,0,0,3,0,0,0,0,"A_2020",0,0,1,0,0,0,0,1,1,,1,1,1,0,0,0,0,0,1,19,6,0,0,,TRUE,FALSE,FALSE,FALSE,15,FALSE,FALSE,FALSE,FALSE,FALSE,FALSE,FALSE,FALSE,18,FALSE,33,18,FALSE,33,FALSE,FALSE,FALSE,FALSE
100036,"A",2020,1,0,11,1,2,,15,3,1,0,,,,,,0,1,0,0,0,6,1,0,0,0,0,0,1,0,0,0,0,"A_2020",1,0,1,1,0,,0,1,0,0,0,1,0,0,0,0,0,0,2,,3,0,0,4,FALSE,FALSE,FALSE,FALSE,15,FALSE,FALSE,FALSE,FALSE,FALSE,FALSE,FALSE,FALSE,,FALSE,,,FALSE,,FALSE,FALSE,FALSE,FALSE
100037,"A",2022,1,0,12,1,2,,12,7,1,0,11,8,35,46,1,1,1,1,1,1,6,1,0,0,0,0,0,2,0,0,0,0,"A_2022",1,0,1,1,0,1,1,1,1,1,1,1,0,0,0,0,0,0,2,,7,0,0,0,FALSE,FALSE,TRUE,TRUE,12,FALSE,FALSE,FALSE,FALSE,FALSE,FALSE,FALSE,FALSE,23,FALSE,35,34,FALSE,46,FALSE,FALSE,TRUE,FALSE
100038,"A",2022,1,0,12,1,,,13,7,1,0,5,5,36,40,0,1,1,1,1,1,6,1,0,0,0,0,0,2,0,0,0,0,"A_2022",1,0,1,1,0,0,1,1,1,1,1,1,0,0,0,0,0,0,,,7,0,0,1,FALSE,FALSE,FALSE,TRUE,13,FALSE,FALSE,FALSE,FALSE,FALSE,FALSE,FALSE,FALSE,23,FALSE,36,27,FALSE,40,FALSE,FALSE,FALSE,FALSE
100039,"A",2020,1,1,12,1,5,,15,2,0,1,10,5,48,50,0,0,1,1,1,1,8,1,1,1,0,0,0,4,0,0,0,0,"A_2020",1,1,1,0,1,0,0,1,1,1,1,1,1,1,0,0,0,0,5,,2,0,0,3,FALSE,FALSE,FALSE,FALSE,15,FALSE,FALSE,FALSE,FALSE,FALSE,FALSE,FALSE,FALSE,33,FALSE,48,35,FALSE,50,FALSE,FALSE,FALSE,FALSE
100040,"A",2020,0,0,15,1,2,5,17,3,0,0,5,,32,,,0,1,1,1,1,8,1,1,1,0,0,0,4,0,0,0,0,"A_2020",0,0,1,0,0,,0,1,1,1,1,1,1,1,0,0,0,0,2,5,3,0,0,2,FALSE,FALSE,FALSE,FALSE,17,FALSE,FALSE,FALSE,FALSE,FALSE,FALSE,FALSE,FALSE,15,FALSE,32,,FALSE,,FALSE,FALSE,TRUE,FALSE
100041,"A",2020,0,0,15,1,1,,17,5,0,0,6,5,41,47,0,0,1,1,0,0,6,1,0,0,0,0,0,2,0,0,0,0,"A_2020",0,0,1,0,0,0,0,1,1,0,0,1,0,0,0,0,0,0,1,,5,0,0,2,FALSE,FALSE,FALSE,FALSE,17,FALSE,FALSE,FALSE,FALSE,FALSE,FALSE,FALSE,FALSE,24,FALSE,41,30,FALSE,47,FALSE,FALSE,FALSE,FALSE
100042,"A",2020,1,1,15,1,1,6,18,3,0,0,3,4,58,59,0,0,1,0,0,0,5,0,0,0,0,0,0,1,0,0,1,0,"A_2020",1,1,1,0,0,0,0,1,0,0,0,0,0,0,0,0,0,1,1,6,3,0,0,3,FALSE,FALSE,FALSE,FALSE,18,FALSE,FALSE,FALSE,FALSE,FALSE,FALSE,FALSE,FALSE,40,FALSE,58,41,FALSE,59,FALSE,FALSE,FALSE,FALSE
100043,"B",2018,1,1,13,0,,,18,7,1,0,,2,,52,0,0,0,1,0,0,7,1,1,0,0,0,0,3,0,0,0,0,"B_2018",1,1,0,1,0,0,0,0,1,0,0,1,1,0,0,0,0,0,,,7,0,0,5,FALSE,FALSE,FALSE,TRUE,18,FALSE,FALSE,FALSE,FALSE,FALSE,FALSE,FALSE,FALSE,,FALSE,,34,FALSE,52,FALSE,FALSE,FALSE,FALSE
100044,"A",2022,0,1,15,1,3,,13,7,1,0,1,5,33,60,0,0,1,1,1,1,6,1,0,0,0,0,0,2,0,0,1,20,"A_2022",0,1,1,1,0,0,0,1,1,1,1,1,0,0,0,0,0,1,3,,7,0,0,-2,FALSE,TRUE,FALSE,TRUE,,FALSE,FALSE,FALSE,FALSE,FALSE,FALSE,FALSE,FALSE,20,FALSE,33,47,FALSE,60,FALSE,FALSE,TRUE,FALSE
100045,"B",2018,1,1,10,0,2,,15,7,1,0,0,,38,,,1,1,1,1,1,9,1,1,1,0,0,0,6,0,0,0,0,"B_2018",1,1,0,1,0,,1,1,1,1,1,1,1,1,0,0,0,0,2,,7,0,0,5,FALSE,FALSE,FALSE,TRUE,15,FALSE,FALSE,FALSE,FALSE,FALSE,FALSE,FALSE,FALSE,23,FALSE,38,,FALSE,,FALSE,TRUE,FALSE,FALSE
100046,"A",2020,1,0,12,1,2,18,15,4,1,0,11,5,34,40,0,0,1,1,0,1,9,1,1,1,0,0,0,4,0,0,0,0,"A_2020",1,0,1,1,0,0,0,1,1,0,1,1,1,1,0,0,0,0,2,18,4,0,0,3,FALSE,FALSE,FALSE,FALSE,15,FALSE,FALSE,FALSE,FALSE,FALSE,FALSE,FALSE,FALSE,19,FALSE,34,25,FALSE,40,FALSE,FALSE,FALSE,FALSE
100047,"B",2018,1,0,11,0,2,,17,8,1,1,6,,36,,,0,1,0,0,0,7,1,1,0,0,0,0,3,1,0,0,0,"B_2018",1,0,0,1,1,,0,1,0,0,0,1,1,0,0,1,0,0,2,,8,0,0,6,FALSE,FALSE,FALSE,TRUE,17,FALSE,FALSE,FALSE,FALSE,FALSE,FALSE,FALSE,FALSE,19,FALSE,36,,FALSE,,FALSE,FALSE,FALSE,FALSE
100048,"A",2020,0,0,13,1,2,6,15,3,0,0,0,3,40,52,0,0,1,0,0,0,5,0,0,0,1,1,1,2,1,1,0,0,"A_2020",0,0,1,0,0,0,0,1,0,0,0,0,0,0,1,1,1,0,2,6,3,1,1,2,FALSE,FALSE,FALSE,FALSE,15,FALSE,FALSE,FALSE,FALSE,FALSE,FALSE,FALSE,FALSE,25,FALSE,40,37,FALSE,52,FALSE,FALSE,FALSE,FALSE
100049,"A",2020,0,1,10,1,2,7,13,3,0,0,11,10,41,50,1,0,1,1,1,1,8,1,1,1,0,0,0,4,0,0,0,0,"A_2020",0,1,1,0,0,1,0,1,1,1,1,1,1,1,0,0,0,0,2,7,3,0,0,3,FALSE,FALSE,FALSE,FALSE,13,FALSE,FALSE,FALSE,FALSE,FALSE,FALSE,FALSE,FALSE,28,FALSE,41,37,FALSE,50,FALSE,FALSE,FALSE,FALSE
100050,"A",2020,1,0,12,1,2,7,14,3,0,0,5,7,37,52,0,0,1,0,0,0,7,1,1,0,1,1,1,3,0,1,0,0,"A_2020",1,0,1,0,0,0,0,1,0,0,0,1,1,0,1,0,1,0,2,7,3,1,1,2,FALSE,FALSE,FALSE,FALSE,14,FALSE,FALSE,FALSE,FALSE,FALSE,FALSE,FALSE,FALSE,23,FALSE,37,38,FALSE,52,FALSE,FALSE,FALSE,FALSE
100051,"A",2020,1,0,13,1,,,15,3,0,0,11,8,42,46,0,0,1,1,1,1,8,1,1,1,0,1,1,5,0,0,0,0,"A_2020",1,0,1,0,0,0,0,1,1,1,1,1,1,1,1,0,0,0,,,3,0,1,2,FALSE,FALSE,FALSE,FALSE,15,FALSE,FALSE,FALSE,FALSE,FALSE,FALSE,FALSE,FALSE,27,FALSE,42,31,FALSE,46,FALSE,TRUE,TRUE,FALSE
100052,"A",2020,1,1,15,1,2,7,17,3,0,0,0,0,58,,0,1,1,1,1,1,8,1,1,1,0,0,0,4,0,0,0,0,"A_2020",1,1,1,0,0,0,1,1,1,1,1,1,1,1,0,0,0,0,2,7,3,0,0,2,FALSE,FALSE,FALSE,FALSE,17,FALSE,FALSE,FALSE,FALSE,FALSE,FALSE,FALSE,FALSE,41,FALSE,58,,FALSE,,FALSE,FALSE,TRUE,FALSE
100053,"B",2018,0,0,14,0,,,19,6,1,1,3,3,34,38,0,0,0,0,0,0,6,1,0,0,0,0,0,1,0,0,1,10,"B_2018",0,0,0,1,1,0,0,0,0,0,0,1,0,0,0,0,0,1,,,6,0,0,5,FALSE,FALSE,FALSE,TRUE,19,FALSE,FALSE,FALSE,FALSE,FALSE,FALSE,FALSE,FALSE,15,FALSE,34,19,FALSE,38,FALSE,FALSE,FALSE,FALSE
100054,"A",2020,1,1,,1,2,6,18,3,0,0,,5,,54,0,0,0,0,0,0,6,1,0,0,0,0,0,0,0,0,1,40,"A_2020",1,1,1,0,0,0,0,0,0,0,0,1,0,0,0,0,0,1,2,6,3,0,0,,TRUE,FALSE,FALSE,FALSE,18,FALSE,FALSE,TRUE,FALSE,FALSE,FALSE,FALSE,FALSE,,FALSE,,36,FALSE,54,FALSE,FALSE,FALSE,FALSE
100055,"A",2020,1,1,13,1,,17,16,4,0,0,6,3,38,41,0,0,1,1,1,1,7,1,1,0,0,0,0,4,0,0,0,0,"A_2020",1,1,1,0,0,0,0,1,1,1,1,1,1,0,0,0,0,0,,17,4,0,0,3,FALSE,FALSE,FALSE,FALSE,16,FALSE,FALSE,FALSE,FALSE,FALSE,FALSE,FALSE,FALSE,22,FALSE,38,25,FALSE,41,FALSE,FALSE,FALSE,FALSE
100056,"A",2020,1,1,13,1,4,17,15,3,0,0,11,5,40,43,0,1,1,1,1,1,8,1,1,1,0,0,0,4,0,0,0,0,"A_2020",1,1,1,0,0,0,1,1,1,1,1,1,1,1,0,0,0,0,4,17,3,0,0,2,FALSE,FALSE,FALSE,FALSE,15,FALSE,FALSE,FALSE,FALSE,FALSE,FALSE,FALSE,FALSE,25,FALSE,40,28,FALSE,43,FALSE,FALSE,TRUE,FALSE
100057,"A",2020,1,1,12,1,2,,15,3,0,0,3,1,49,55,0,1,1,1,1,1,8,1,1,1,0,0,0,4,0,0,1,20,"A_2020",1,1,1,0,0,0,1,1,1,1,1,1,1,1,0,0,0,1,2,,3,0,0,3,FALSE,FALSE,FALSE,FALSE,15,FALSE,FALSE,FALSE,FALSE,FALSE,FALSE,FALSE,FALSE,34,FALSE,49,40,FALSE,55,FALSE,FALSE,FALSE,FALSE
100058,"A",2020,1,1,12,1,3,,15,4,0,0,7,11,58,61,0,0,0,0,0,0,5,0,0,0,0,0,0,1,0,0,1,40,"A_2020",1,1,1,0,0,0,0,0,0,0,0,0,0,0,0,0,0,1,3,,4,0,0,3,FALSE,FALSE,FALSE,FALSE,15,FALSE,FALSE,FALSE,FALSE,FALSE,FALSE,FALSE,FALSE,43,FALSE,58,46,FALSE,61,FALSE,FALSE,FALSE,FALSE
100059,"A",2020,0,0,12,1,,19,14,8,1,0,3,3,39,35,0,1,1,1,1,1,8,1,1,1,0,0,0,4,0,0,0,0,"A_2020",0,0,1,1,0,0,1,1,1,1,1,1,1,1,0,0,0,0,,19,8,0,0,2,FALSE,FALSE,FALSE,FALSE,14,FALSE,FALSE,FALSE,FALSE,FALSE,FALSE,FALSE,FALSE,25,FALSE,39,21,FALSE,35,FALSE,FALSE,TRUE,FALSE
100060,"A",2020,1,1,15,1,1,5,17,8,1,0,5,5,50,36,0,0,1,0,0,0,5,0,0,0,0,0,0,1,0,0,0,0,"A_2020",1,1,1,1,0,0,0,1,0,0,0,0,0,0,0,0,0,0,1,5,8,0,0,2,FALSE,FALSE,FALSE,FALSE,17,FALSE,FALSE,FALSE,FALSE,FALSE,FALSE,FALSE,FALSE,33,FALSE,50,19,FALSE,36,FALSE,FALSE,FALSE,FALSE
100061,"A",2022,1,1,12,1,1,,13,7,1,0,11,11,26,30,1,1,1,1,1,1,6,1,0,0,0,0,0,2,0,0,0,0,"A_2022",1,1,1,1,0,1,1,1,1,1,1,1,0,0,0,0,0,0,1,,7,0,0,1,FALSE,FALSE,FALSE,TRUE,13,FALSE,FALSE,FALSE,FALSE,FALSE,FALSE,FALSE,FALSE,13,FALSE,26,17,FALSE,30,FALSE,FALSE,FALSE,FALSE
100062,"A",2020,1,1,12,1,2,19,15,4,0,0,7,5,39,44,,0,1,0,1,1,8,1,1,1,0,0,0,4,0,0,0,0,"A_2020",1,1,1,0,0,,0,1,0,1,1,1,1,1,0,0,0,0,2,19,4,0,0,3,FALSE,FALSE,FALSE,FALSE,15,FALSE,FALSE,FALSE,FALSE,FALSE,FALSE,FALSE,FALSE,24,FALSE,39,29,FALSE,44,FALSE,FALSE,FALSE,FALSE
100063,"B",2018,1,0,12,1,2,,16,7,1,1,2,,37,,,1,1,1,1,1,9,1,1,1,0,0,0,6,0,0,0,0,"B_2018",1,0,1,1,1,,1,1,1,1,1,1,1,1,0,0,0,0,2,,7,0,0,4,FALSE,FALSE,FALSE,FALSE,16,FALSE,FALSE,FALSE,FALSE,FALSE,FALSE,FALSE,FALSE,21,FALSE,37,,FALSE,,FALSE,TRUE,TRUE,FALSE
100064,"A",2020,0,1,12,1,1,5,14,2,0,0,9,5,38,41,0,0,1,0,0,1,8,1,1,1,0,0,0,4,0,0,0,0,"A_2020",0,1,1,0,0,0,0,1,0,0,1,1,1,1,0,0,0,0,1,5,2,0,0,2,FALSE,FALSE,FALSE,FALSE,14,FALSE,FALSE,FALSE,FALSE,FALSE,FALSE,FALSE,FALSE,24,FALSE,38,27,FALSE,41,FALSE,FALSE,TRUE,FALSE
100065,"A",2020,0,1,12,1,2,19,15,8,1,0,9,3,40,42,,1,1,1,1,1,8,1,1,1,0,0,0,4,0,0,0,0,"A_2020",0,1,1,1,0,,1,1,1,1,1,1,1,1,0,0,0,0,2,19,8,0,0,3,FALSE,FALSE,FALSE,FALSE,15,FALSE,FALSE,FALSE,FALSE,FALSE,FALSE,FALSE,FALSE,25,FALSE,40,27,FALSE,42,FALSE,FALSE,FALSE,FALSE
100066,"A",2020,1,0,13,1,2,12,16,5,1,0,11,11,38,43,0,0,0,0,0,1,9,1,1,1,0,0,0,4,0,0,0,0,"A_2020",1,0,1,1,0,0,0,0,0,0,1,1,1,1,0,0,0,0,2,12,5,0,0,3,FALSE,FALSE,FALSE,FALSE,16,FALSE,FALSE,FALSE,FALSE,FALSE,FALSE,FALSE,FALSE,22,FALSE,38,27,FALSE,43,FALSE,FALSE,FALSE,FALSE
100067,"A",2020,1,0,11,1,2,7,13,3,0,0,7,5,31,40,0,1,1,1,1,1,8,1,1,1,0,0,0,4,0,0,0,0,"A_2020",1,0,1,0,0,0,1,1,1,1,1,1,1,1,0,0,0,0,2,7,3,0,0,2,FALSE,FALSE,FALSE,FALSE,13,FALSE,FALSE,FALSE,FALSE,FALSE,FALSE,FALSE,FALSE,18,FALSE,31,27,FALSE,40,FALSE,FALSE,TRUE,FALSE
100068,"A",2020,1,1,15,1,1,,17,2,0,0,5,,40,,,1,1,1,1,1,8,1,1,1,0,0,0,4,0,0,0,0,"A_2020",1,1,1,0,0,,1,1,1,1,1,1,1,1,0,0,0,0,1,,2,0,0,2,FALSE,FALSE,FALSE,FALSE,17,FALSE,FALSE,FALSE,FALSE,FALSE,FALSE,FALSE,FALSE,23,FALSE,40,,FALSE,,FALSE,FALSE,TRUE,FALSE
100069,"A",2020,1,0,10,1,2,,13,7,1,0,11,11,28,42,0,0,1,1,0,1,7,1,1,0,0,1,1,4,0,0,0,0,"A_2020",1,0,1,1,0,0,0,1,1,0,1,1,1,0,1,0,0,0,2,,7,0,1,3,FALSE,FALSE,FALSE,FALSE,13,FALSE,FALSE,FALSE,FALSE,FALSE,FALSE,FALSE,FALSE,15,FALSE,28,29,FALSE,42,FALSE,FALSE,FALSE,FALSE
100070,"A",2022,1,0,12,1,,,12,7,1,0,7,8,38,32,,1,1,1,1,1,6,1,0,0,0,0,0,2,0,0,0,0,"A_2022",1,0,1,1,0,,1,1,1,1,1,1,0,0,0,0,0,0,,,7,0,0,0,FALSE,FALSE,TRUE,TRUE,12,FALSE,FALSE,FALSE,FALSE,FALSE,FALSE,FALSE,FALSE,26,FALSE,38,20,FALSE,32,FALSE,FALSE,TRUE,FALSE
100071,"A",2022,0,0,12,1,2,,12,7,1,0,0,2,43,43,0,0,1,1,1,1,6,1,0,0,0,0,0,2,0,0,0,0,"A_2022",0,0,1,1,0,0,0,1,1,1,1,1,0,0,0,0,0,0,2,,7,0,0,0,FALSE,FALSE,TRUE,TRUE,12,FALSE,FALSE,FALSE,FALSE,FALSE,FALSE,FALSE,FALSE,31,FALSE,43,31,FALSE,43,FALSE,FALSE,TRUE,FALSE
100072,"A",2020,0,1,,1,2,5,15,4,0,0,11,4,39,41,0,0,1,1,0,0,6,1,0,0,0,0,0,2,0,0,1,40,"A_2020",0,1,1,0,0,0,0,1,1,0,0,1,0,0,0,0,0,1,2,5,4,0,0,,TRUE,FALSE,FALSE,FALSE,15,FALSE,FALSE,FALSE,FALSE,FALSE,FALSE,FALSE,FALSE,24,FALSE,39,26,FALSE,41,FALSE,FALSE,FALSE,FALSE
100073,"A",2020,0,0,14,1,1,5,17,4,0,0,5,,39,59,0,0,1,0,0,0,5,0,0,0,0,0,0,1,0,0,1,40,"A_2020",0,0,1,0,0,0,0,1,0,0,0,0,0,0,0,0,0,1,1,5,4,0,0,3,FALSE,FALSE,FALSE,FALSE,17,FALSE,FALSE,FALSE,FALSE,FALSE,FALSE,FALSE,FALSE,22,FALSE,39,42,FALSE,59,FALSE,FALSE,FALSE,FALSE
100074,"A",2020,1,1,14,1,2,19,17,4,1,0,3,4,32,45,0,1,1,1,1,1,9,1,1,1,0,0,0,4,0,0,1,12,"A_2020",1,1,1,1,0,0,1,1,1,1,1,1,1,1,0,0,0,1,2,19,4,0,0,3,FALSE,FALSE,FALSE,FALSE,17,FALSE,FALSE,FALSE,FALSE,FALSE,FALSE,FALSE,FALSE,15,FALSE,32,28,FALSE,45,FALSE,FALSE,FALSE,FALSE
100075,"A",2020,1,0,12,1,2,11,15,5,1,0,10,11,35,36,0,1,1,1,1,1,8,1,1,1,0,0,0,4,0,0,0,0,"A_2020",1,0,1,1,0,0,1,1,1,1,1,1,1,1,0,0,0,0,2,11,5,0,0,3,FALSE,FALSE,FALSE,FALSE,15,FALSE,FALSE,FALSE,FALSE,FALSE,FALSE,FALSE,FALSE,20,FALSE,35,21,FALSE,36,FALSE,FALSE,FALSE,FALSE
100076,"A",2020,1,1,14,1,,19,17,3,0,0,7,5,34,41,0,0,1,0,0,0,6,1,0,0,1,1,1,2,0,0,1,40,"A_2020",1,1,1,0,0,0,0,1,0,0,0,1,0,0,1,0,0,1,,19,3,1,1,3,FALSE,FALSE,FALSE,FALSE,17,FALSE,FALSE,FALSE,FALSE,FALSE,FALSE,FALSE,FALSE,17,FALSE,34,24,FALSE,41,FALSE,FALSE,FALSE,FALSE
100077,"A",2020,0,1,12,1,,19,14,8,1,0,5,8,35,41,,0,1,1,1,1,8,1,1,1,0,0,0,4,0,0,0,0,"A_2020",0,1,1,1,0,,0,1,1,1,1,1,1,1,0,0,0,0,,19,8,0,0,2,FALSE,FALSE,FALSE,FALSE,14,FALSE,FALSE,FALSE,FALSE,FALSE,FALSE,FALSE,FALSE,21,FALSE,35,27,FALSE,41,FALSE,FALSE,TRUE,FALSE
100078,"A",2020,1,1,16,1,2,12,18,6,0,0,5,,53,,,0,1,1,0,0,8,1,1,1,0,0,0,3,0,0,1,40,"A_2020",1,1,1,0,0,,0,1,1,0,0,1,1,1,0,0,0,1,2,12,6,0,0,2,FALSE,FALSE,FALSE,FALSE,18,FALSE,FALSE,FALSE,FALSE,FALSE,FALSE,FALSE,FALSE,35,FALSE,53,,FALSE,,FALSE,FALSE,FALSE,FALSE
100079,"A",2020,1,1,12,1,1,19,14,4,0,0,5,0,36,38,0,0,1,1,1,1,8,1,1,1,0,0,0,4,0,0,0,0,"A_2020",1,1,1,0,0,0,0,1,1,1,1,1,1,1,0,0,0,0,1,19,4,0,0,2,FALSE,FALSE,FALSE,FALSE,14,FALSE,FALSE,FALSE,FALSE,FALSE,FALSE,FALSE,FALSE,22,FALSE,36,24,FALSE,38,FALSE,FALSE,TRUE,FALSE
100080,"B",2018,0,1,15,1,1,,19,6,1,1,4,2,48,42,0,0,1,1,1,1,8,1,1,1,0,0,0,5,0,0,0,0,"B_2018",0,1,1,1,1,0,0,1,1,1,1,1,1,1,0,0,0,0,1,,6,0,0,4,FALSE,FALSE,FALSE,FALSE,19,FALSE,FALSE,FALSE,FALSE,FALSE,FALSE,FALSE,FALSE,29,FALSE,48,23,FALSE,42,FALSE,TRUE,FALSE,FALSE
100081,"A",2022,1,0,12,1,2,,12,7,1,0,9,7,45,56,0,1,1,1,1,1,6,1,0,0,0,0,0,2,0,0,0,0,"A_2022",1,0,1,1,0,0,1,1,1,1,1,1,0,0,0,0,0,0,2,,7,0,0,0,FALSE,FALSE,TRUE,TRUE,12,FALSE,FALSE,FALSE,FALSE,FALSE,FALSE,FALSE,FALSE,33,FALSE,45,44,FALSE,56,FALSE,FALSE,TRUE,FALSE
100082,"A",2020,1,0,12,1,2,,14,3,0,1,4,3,47,40,0,1,1,1,1,1,8,1,1,1,0,0,0,4,0,0,0,0,"A_2020",1,0,1,0,1,0,1,1,1,1,1,1,1,1,0,0,0,0,2,,3,0,0,2,FALSE,FALSE,FALSE,FALSE,14,FALSE,FALSE,FALSE,FALSE,FALSE,FALSE,FALSE,FALSE,33,FALSE,47,26,FALSE,40,FALSE,FALSE,TRUE,FALSE
100083,"A",2020,1,1,11,1,2,11,14,8,1,0,6,6,47,46,0,0,1,1,0,1,7,1,1,0,0,1,1,4,0,0,0,0,"A_2020",1,1,1,1,0,0,0,1,1,0,1,1,1,0,1,0,0,0,2,11,8,0,1,3,FALSE,FALSE,FALSE,FALSE,14,FALSE,FALSE,FALSE,FALSE,FALSE,FALSE,FALSE,FALSE,33,FALSE,47,32,FALSE,46,FALSE,FALSE,FALSE,FALSE
100084,"A",2020,1,0,,1,,11,16,1,0,1,4,,38,,,0,1,0,0,0,6,1,0,0,0,0,0,1,1,1,0,0,"A_2020",1,0,1,0,1,,0,1,0,0,0,1,0,0,0,1,1,0,,11,1,0,0,,TRUE,FALSE,FALSE,FALSE,16,FALSE,FALSE,FALSE,FALSE,FALSE,FALSE,FALSE,FALSE,22,FALSE,38,,FALSE,,FALSE,FALSE,FALSE,FALSE
100085,"A",2020,0,1,14,1,2,10,16,7,1,0,0,5,40,57,0,0,1,1,1,1,5,0,0,0,2,1,2,4,0,0,0,0,"A_2020",0,1,1,1,0,0,0,1,1,1,1,0,0,0,1,0,0,0,2,10,7,2,2,2,FALSE,FALSE,FALSE,FALSE,16,FALSE,FALSE,FALSE,FALSE,FALSE,FALSE,FALSE,FALSE,24,FALSE,40,41,FALSE,57,FALSE,FALSE,TRUE,FALSE
100086,"A",2020,1,0,13,1,2,,16,3,0,1,8,10,34,42,0,1,1,1,1,1,8,1,1,1,0,0,0,4,0,0,0,0,"A_2020",1,0,1,0,1,0,1,1,1,1,1,1,1,1,0,0,0,0,2,,3,0,0,3,FALSE,FALSE,FALSE,FALSE,16,FALSE,FALSE,FALSE,FALSE,FALSE,FALSE,FALSE,FALSE,18,FALSE,34,26,FALSE,42,FALSE,FALSE,FALSE,FALSE
100087,"A",2022,1,0,13,1,2,,13,7,1,0,,,,,,1,1,1,1,1,6,1,0,0,0,0,0,2,0,0,0,0,"A_2022",1,0,1,1,0,,1,1,1,1,1,1,0,0,0,0,0,0,2,,7,0,0,0,FALSE,FALSE,TRUE,TRUE,13,FALSE,FALSE,FALSE,FALSE,FALSE,FALSE,FALSE,FALSE,,FALSE,,,FALSE,,FALSE,FALSE,TRUE,FALSE
100088,"B",2018,1,1,14,1,3,,18,7,1,1,,11,,46,1,0,1,1,,,9,0,0,0,0,0,0,4,0,0,0,0,"B_2018",1,1,1,1,1,1,0,1,1,,,0,0,0,0,0,0,0,3,,7,0,0,4,FALSE,FALSE,FALSE,FALSE,18,TRUE,FALSE,FALSE,TRUE,TRUE,TRUE,FALSE,FALSE,,FALSE,,28,FALSE,46,FALSE,FALSE,FALSE,TRUE
100089,"B",2018,0,1,14,0,2,,18,6,1,1,5,2,65,69,0,0,0,1,1,1,10,1,1,1,0,0,0,6,0,0,0,0,"B_2018",0,1,0,1,1,0,0,0,1,1,1,1,1,1,0,0,0,0,2,,6,0,0,4,FALSE,FALSE,FALSE,FALSE,18,FALSE,FALSE,FALSE,FALSE,FALSE,FALSE,FALSE,FALSE,47,FALSE,65,51,FALSE,69,FALSE,TRUE,TRUE,FALSE
100090,"A",2022,0,0,10,1,4,,11,7,1,0,7,11,32,36,1,0,1,1,1,1,6,1,0,0,0,0,0,2,0,0,0,0,"A_2022",0,0,1,1,0,1,0,1,1,1,1,1,0,0,0,0,0,0,4,,7,0,0,1,FALSE,FALSE,FALSE,TRUE,11,FALSE,FALSE,FALSE,FALSE,FALSE,FALSE,FALSE,FALSE,21,FALSE,32,25,FALSE,36,FALSE,FALSE,FALSE,FALSE
100091,"A",2020,1,0,14,1,2,17,16,3,0,0,5,,33,,,1,1,1,1,1,8,1,1,1,0,0,0,4,0,0,0,0,"A_2020",1,0,1,0,0,,1,1,1,1,1,1,1,1,0,0,0,0,2,17,3,0,0,2,FALSE,FALSE,FALSE,FALSE,16,FALSE,FALSE,FALSE,FALSE,FALSE,FALSE,FALSE,FALSE,17,FALSE,33,,FALSE,,FALSE,FALSE,TRUE,FALSE
100092,"A",2020,1,0,13,1,2,17,16,7,1,0,6,,37,,,0,1,1,0,1,7,1,1,0,0,1,1,4,0,0,1,10,"A_2020",1,0,1,1,0,,0,1,1,0,1,1,1,0,1,0,0,1,2,17,7,0,1,3,FALSE,FALSE,FALSE,FALSE,16,FALSE,FALSE,FALSE,FALSE,FALSE,FALSE,FALSE,FALSE,21,FALSE,37,,FALSE,,FALSE,FALSE,FALSE,FALSE
100093,"A",2020,0,0,11,1,2,11,14,3,0,0,11,5,42,35,0,0,1,1,0,1,8,1,1,1,0,0,0,4,0,0,0,0,"A_2020",0,0,1,0,0,0,0,1,1,0,1,1,1,1,0,0,0,0,2,11,3,0,0,3,FALSE,FALSE,FALSE,FALSE,14,FALSE,FALSE,FALSE,FALSE,FALSE,FALSE,FALSE,FALSE,28,FALSE,42,21,FALSE,35,FALSE,FALSE,FALSE,FALSE
100094,"A",2020,0,0,15,1,2,,17,2,0,1,5,,36,37,,0,1,1,1,1,8,1,1,1,0,0,0,4,0,0,0,0,"A_2020",0,0,1,0,1,,0,1,1,1,1,1,1,1,0,0,0,0,2,,2,0,0,2,FALSE,FALSE,FALSE,FALSE,17,FALSE,FALSE,FALSE,FALSE,FALSE,FALSE,FALSE,FALSE,19,FALSE,36,20,FALSE,37,FALSE,FALSE,TRUE,FALSE
100095,"A",2020,1,1,12,1,,19,14,5,0,0,6,2,32,36,0,1,1,1,1,1,8,1,1,1,0,0,0,4,0,0,0,0,"A_2020",1,1,1,0,0,0,1,1,1,1,1,1,1,1,0,0,0,0,,19,5,0,0,2,FALSE,FALSE,FALSE,FALSE,14,FALSE,FALSE,FALSE,FALSE,FALSE,FALSE,FALSE,FALSE,18,FALSE,32,22,FALSE,36,FALSE,FALSE,TRUE,FALSE
100096,"A",2020,0,0,12,1,1,5,15,3,0,0,5,8,38,38,1,0,1,1,1,1,8,1,1,1,0,0,0,4,0,0,0,0,"A_2020",0,0,1,0,0,1,0,1,1,1,1,1,1,1,0,0,0,0,1,5,3,0,0,3,FALSE,FALSE,FALSE,FALSE,15,FALSE,FALSE,FALSE,FALSE,FALSE,FALSE,FALSE,FALSE,23,FALSE,38,23,FALSE,38,FALSE,FALSE,FALSE,FALSE
100097,"A",2020,1,0,15,1,4,10,17,2,0,1,5,,38,,,0,1,1,0,1,8,1,1,1,0,0,0,4,0,0,0,0,"A_2020",1,0,1,0,1,,0,1,1,0,1,1,1,1,0,0,0,0,4,10,2,0,0,2,FALSE,FALSE,FALSE,FALSE,17,FALSE,FALSE,FALSE,FALSE,FALSE,FALSE,FALSE,FALSE,21,FALSE,38,,FALSE,,FALSE,FALSE,TRUE,FALSE
100098,"A",2020,1,1,12,1,2,,14,3,0,0,11,6,40,53,0,0,1,1,0,1,8,1,1,1,0,0,0,4,0,0,0,0,"A_2020",1,1,1,0,0,0,0,1,1,0,1,1,1,1,0,0,0,0,2,,3,0,0,2,FALSE,FALSE,FALSE,FALSE,14,FALSE,FALSE,FALSE,FALSE,FALSE,FALSE,FALSE,FALSE,26,FALSE,40,39,FALSE,53,FALSE,FALSE,TRUE,FALSE
100099,"A",2020,1,0,14,1,,,16,3,0,0,4,4,46,51,0,0,1,1,0,0,6,1,0,0,0,0,0,2,0,0,0,0,"A_2020",1,0,1,0,0,0,0,1,1,0,0,1,0,0,0,0,0,0,,,3,0,0,2,FALSE,FALSE,FALSE,FALSE,16,FALSE,FALSE,FALSE,FALSE,FALSE,FALSE,FALSE,FALSE,30,FALSE,46,35,FALSE,51,FALSE,FALSE,FALSE,FALSE
100100,"A",2020,1,1,12,1,2,19,14,4,0,0,11,8,35,45,,0,1,1,1,1,8,1,1,1,0,0,0,4,0,0,0,0,"A_2020",1,1,1,0,0,,0,1,1,1,1,1,1,1,0,0,0,0,2,19,4,0,0,2,FALSE,FALSE,FALSE,FALSE,14,FALSE,FALSE,FALSE,FALSE,FALSE,FALSE,FALSE,FALSE,21,FALSE,35,31,FALSE,45,FALSE,FALSE,TRUE,FALSE
100101,"A",2020,0,0,13,1,,,15,7,1,0,3,6,36,38,0,0,1,1,1,1,8,1,1,1,0,0,0,4,0,0,0,0,"A_2020",0,0,1,1,0,0,0,1,1,1,1,1,1,1,0,0,0,0,,,7,0,0,2,FALSE,FALSE,FALSE,FALSE,15,FALSE,FALSE,FALSE,FALSE,FALSE,FALSE,FALSE,FALSE,21,FALSE,36,23,FALSE,38,FALSE,FALSE,TRUE,FALSE
100102,"B",2018,0,0,15,1,2,,20,6,1,1,7,9,43,43,0,0,1,1,1,1,9,1,1,1,0,0,0,4,0,0,0,0,"B_2018",0,0,1,1,1,0,0,1,1,1,1,1,1,1,0,0,0,0,2,,6,0,0,5,FALSE,FALSE,FALSE,TRUE,20,FALSE,FALSE,FALSE,FALSE,FALSE,FALSE,FALSE,FALSE,23,FALSE,43,23,FALSE,43,FALSE,FALSE,FALSE,FALSE
100103,"A",2020,0,0,12,1,2,7,15,5,0,0,5,5,39,40,0,0,1,1,1,1,8,1,1,1,0,0,0,4,0,0,0,0,"A_2020",0,0,1,0,0,0,0,1,1,1,1,1,1,1,0,0,0,0,2,7,5,0,0,3,FALSE,FALSE,FALSE,FALSE,15,FALSE,FALSE,FALSE,FALSE,FALSE,FALSE,FALSE,FALSE,24,FALSE,39,25,FALSE,40,FALSE,FALSE,FALSE,FALSE
100104,"A",2020,1,1,10,1,1,17,13,3,0,0,5,5,34,37,0,1,1,1,1,1,8,1,1,1,0,0,0,4,0,0,0,0,"A_2020",1,1,1,0,0,0,1,1,1,1,1,1,1,1,0,0,0,0,1,17,3,0,0,3,FALSE,FALSE,FALSE,FALSE,13,FALSE,FALSE,FALSE,FALSE,FALSE,FALSE,FALSE,FALSE,21,FALSE,34,24,FALSE,37,FALSE,FALSE,FALSE,FALSE
100105,"B",2018,1,1,12,0,2,,16,6,1,1,7,2,46,48,0,1,1,1,1,1,9,1,1,1,0,0,0,6,0,0,0,0,"B_2018",1,1,0,1,1,0,1,1,1,1,1,1,1,1,0,0,0,0,2,,6,0,0,4,FALSE,FALSE,FALSE,FALSE,16,FALSE,FALSE,FALSE,FALSE,FALSE,FALSE,FALSE,FALSE,30,FALSE,46,32,FALSE,48,FALSE,TRUE,TRUE,FALSE
100106,"A",2020,1,1,13,1,2,5,15,3,0,0,8,5,43,49,0,1,1,1,1,1,8,1,1,1,0,0,0,4,0,0,1,0,"A_2020",1,1,1,0,0,0,1,1,1,1,1,1,1,1,0,0,0,1,2,5,3,0,0,2,FALSE,FALSE,FALSE,FALSE,15,FALSE,FALSE,FALSE,FALSE,FALSE,FALSE,FALSE,FALSE,28,FALSE,43,34,FALSE,49,FALSE,FALSE,TRUE,FALSE
100107,"A",2022,1,0,13,1,2,,13,8,1,0,3,6,34,34,,1,1,1,1,1,6,1,0,0,0,0,0,2,0,0,0,0,"A_2022",1,0,1,1,0,,1,1,1,1,1,1,0,0,0,0,0,0,2,,8,0,0,0,FALSE,FALSE,TRUE,TRUE,13,FALSE,FALSE,FALSE,FALSE,FALSE,FALSE,FALSE,FALSE,21,FALSE,34,21,FALSE,34,FALSE,FALSE,TRUE,FALSE
100108,"A",2020,0,0,13,1,3,1,16,4,0,0,5,11,42,44,0,0,1,1,1,1,8,1,1,1,0,0,0,4,0,0,0,0,"A_2020",0,0,1,0,0,0,0,1,1,1,1,1,1,1,0,0,0,0,3,1,4,0,0,3,FALSE,FALSE,FALSE,FALSE,16,FALSE,FALSE,FALSE,FALSE,FALSE,FALSE,FALSE,FALSE,26,FALSE,42,28,FALSE,44,FALSE,FALSE,FALSE,FALSE
100109,"A",2020,0,1,13,1,2,19,15,3,0,0,,,48,55,,0,1,0,0,1,7,1,1,0,0,0,0,4,0,0,1,40,"A_2020",0,1,1,0,0,,0,1,0,0,1,1,1,0,0,0,0,1,2,19,3,0,0,2,FALSE,FALSE,FALSE,FALSE,15,FALSE,FALSE,FALSE,FALSE,FALSE,FALSE,FALSE,FALSE,33,FALSE,48,40,FALSE,55,FALSE,FALSE,TRUE,FALSE
100110,"A",2020,0,0,13,1,3,,16,8,1,0,11,11,36,45,1,0,1,1,1,1,8,1,1,1,0,0,0,4,0,0,0,0,"A_2020",0,0,1,1,0,1,0,1,1,1,1,1,1,1,0,0,0,0,3,,8,0,0,3,FALSE,FALSE,FALSE,FALSE,16,FALSE,FALSE,FALSE,FALSE,FALSE,FALSE,FALSE,FALSE,20,FALSE,36,29,FALSE,45,FALSE,FALSE,FALSE,FALSE
100111,"A",2020,0,0,12,1,1,,17,8,1,0,6,7,37,37,0,0,1,1,1,1,8,1,1,1,0,0,0,4,0,0,0,0,"A_2020",0,0,1,1,0,0,0,1,1,1,1,1,1,1,0,0,0,0,1,,8,0,0,5,FALSE,FALSE,FALSE,TRUE,17,FALSE,FALSE,FALSE,FALSE,FALSE,FALSE,FALSE,FALSE,20,FALSE,37,20,FALSE,37,FALSE,FALSE,FALSE,FALSE
100112,"A",2020,0,1,12,1,2,,14,6,0,0,6,11,36,38,1,0,1,1,1,1,8,1,1,1,0,0,0,4,0,0,0,0,"A_2020",0,1,1,0,0,1,0,1,1,1,1,1,1,1,0,0,0,0,2,,6,0,0,2,FALSE,FALSE,FALSE,FALSE,14,FALSE,FALSE,FALSE,FALSE,FALSE,FALSE,FALSE,FALSE,22,FALSE,36,24,FALSE,38,FALSE,FALSE,TRUE,FALSE
100113,"A",2020,0,1,12,1,2,,14,4,0,0,5,6,49,49,,0,1,1,1,1,8,1,1,1,0,0,0,4,0,0,0,0,"A_2020",0,1,1,0,0,,0,1,1,1,1,1,1,1,0,0,0,0,2,,4,0,0,2,FALSE,FALSE,FALSE,FALSE,14,FALSE,FALSE,FALSE,FALSE,FALSE,FALSE,FALSE,FALSE,35,FALSE,49,35,FALSE,49,FALSE,FALSE,TRUE,FALSE
100114,"B",2018,0,0,12,1,,,17,6,1,1,3,11,33,38,1,0,0,0,0,1,9,1,1,1,0,0,0,6,0,0,0,0,"B_2018",0,0,1,1,1,1,0,0,0,0,1,1,1,1,0,0,0,0,,,6,0,0,5,FALSE,FALSE,FALSE,TRUE,17,FALSE,FALSE,FALSE,FALSE,FALSE,FALSE,FALSE,FALSE,16,FALSE,33,21,FALSE,38,FALSE,TRUE,FALSE,FALSE
100115,"A",2020,1,1,12,1,2,17,14,8,1,0,1,2,54,48,0,1,1,1,1,1,8,1,1,1,0,0,0,4,0,0,0,0,"A_2020",1,1,1,1,0,0,1,1,1,1,1,1,1,1,0,0,0,0,2,17,8,0,0,2,FALSE,FALSE,FALSE,FALSE,14,FALSE,FALSE,FALSE,FALSE,FALSE,FALSE,FALSE,FALSE,40,FALSE,54,34,FALSE,48,FALSE,FALSE,TRUE,FALSE
100116,"A",2020,1,1,15,1,2,19,17,1,0,0,2,5,35,40,0,0,1,1,1,1,7,1,1,0,0,0,0,3,0,0,1,10,"A_2020",1,1,1,0,0,0,0,1,1,1,1,1,1,0,0,0,0,1,2,19,1,0,0,2,FALSE,FALSE,FALSE,FALSE,17,FALSE,FALSE,FALSE,FALSE,FALSE,FALSE,FALSE,FALSE,18,FALSE,35,23,FALSE,40,FALSE,FALSE,FALSE,FALSE
100117,"A",2020,0,1,13,1,2,,15,3,0,0,6,5,30,39,0,0,1,1,0,0,6,1,0,0,0,0,0,2,0,0,1,40,"A_2020",0,1,1,0,0,0,0,1,1,0,0,1,0,0,0,0,0,1,2,,3,0,0,2,FALSE,FALSE,FALSE,FALSE,15,FALSE,FALSE,FALSE,FALSE,FALSE,FALSE,FALSE,FALSE,15,FALSE,30,24,FALSE,39,FALSE,FALSE,FALSE,FALSE
100118,"B",2018,1,0,11,1,2,,16,6,1,1,11,9,34,35,0,1,1,1,1,1,9,1,1,1,0,0,0,6,0,0,0,0,"B_2018",1,0,1,1,1,0,1,1,1,1,1,1,1,1,0,0,0,0,2,,6,0,0,5,FALSE,FALSE,FALSE,TRUE,16,FALSE,FALSE,FALSE,FALSE,FALSE,FALSE,FALSE,FALSE,18,FALSE,34,19,FALSE,35,FALSE,TRUE,FALSE,FALSE
100119,"A",2020,1,0,14,1,1,5,17,3,0,0,5,5,40,45,0,0,1,1,0,0,7,1,1,0,0,0,0,3,0,0,0,0,"A_2020",1,0,1,0,0,0,0,1,1,0,0,1,1,0,0,0,0,0,1,5,3,0,0,3,FALSE,FALSE,FALSE,FALSE,17,FALSE,FALSE,FALSE,FALSE,FALSE,FALSE,FALSE,FALSE,23,FALSE,40,28,FALSE,45,FALSE,FALSE,FALSE,FALSE
100120,"A",2020,0,0,14,1,,,17,3,0,0,5,6,54,45,0,0,1,0,0,0,5,0,0,0,0,0,0,1,0,0,1,40,"A_2020",0,0,1,0,0,0,0,1,0,0,0,0,0,0,0,0,0,1,,,3,0,0,3,FALSE,FALSE,FALSE,FALSE,17,FALSE,FALSE,FALSE,FALSE,FALSE,FALSE,FALSE,FALSE,37,FALSE,54,28,FALSE,45,FALSE,FALSE,FALSE,FALSE
100121,"A",2020,1,0,12,1,,9,14,3,0,0,0,0,50,49,0,1,1,1,1,1,8,1,1,1,0,0,0,4,0,0,0,0,"A_2020",1,0,1,0,0,0,1,1,1,1,1,1,1,1,0,0,0,0,,9,3,0,0,2,FALSE,FALSE,FALSE,FALSE,14,FALSE,FALSE,FALSE,FALSE,FALSE,FALSE,FALSE,FALSE,36,FALSE,50,35,FALSE,49,FALSE,FALSE,TRUE,FALSE
100122,"A",2020,1,0,14,1,2,19,17,3,0,0,6,5,36,42,0,1,1,1,1,1,8,1,1,1,0,0,0,4,0,0,0,0,"A_2020",1,0,1,0,0,0,1,1,1,1,1,1,1,1,0,0,0,0,2,19,3,0,0,3,FALSE,FALSE,FALSE,FALSE,17,FALSE,FALSE,FALSE,FALSE,FALSE,FALSE,FALSE,FALSE,19,FALSE,36,25,FALSE,42,FALSE,FALSE,FALSE,FALSE
100123,"A",2020,1,1,,1,2,19,15,3,0,0,5,3,50,65,0,1,1,1,1,1,8,1,1,1,0,0,0,4,0,0,0,0,"A_2020",1,1,1,0,0,0,1,1,1,1,1,1,1,1,0,0,0,0,2,19,3,0,0,,TRUE,FALSE,FALSE,FALSE,15,FALSE,FALSE,FALSE,FALSE,FALSE,FALSE,FALSE,FALSE,35,FALSE,50,50,FALSE,65,FALSE,FALSE,FALSE,FALSE
100124,"A",2020,1,1,18,1,2,19,19,12,1,0,6,7,50,70,0,0,0,0,0,0,6,1,0,0,0,0,0,1,0,0,0,0,"A_2020",1,1,1,1,0,0,0,0,0,0,0,1,0,0,0,0,0,0,2,19,12,0,0,1,FALSE,FALSE,FALSE,TRUE,19,FALSE,FALSE,FALSE,FALSE,FALSE,FALSE,FALSE,FALSE,31,FALSE,50,51,FALSE,70,FALSE,FALSE,FALSE,FALSE
100125,"A",2020,1,1,14,1,3,14,17,7,1,0,0,0,39,39,0,0,1,1,0,0,8,1,1,1,0,0,0,4,0,0,0,0,"A_2020",1,1,1,1,0,0,0,1,1,0,0,1,1,1,0,0,0,0,3,14,7,0,0,3,FALSE,FALSE,FALSE,FALSE,17,FALSE,FALSE,FALSE,FALSE,FALSE,FALSE,FALSE,FALSE,22,FALSE,39,22,FALSE,39,FALSE,FALSE,FALSE,FALSE
100126,"B",2018,1,0,12,1,1,,16,6,1,1,2,3,54,58,0,0,0,0,0,1,9,1,1,1,0,0,0,6,0,0,1,28,"B_2018",1,0,1,1,1,0,0,0,0,0,1,1,1,1,0,0,0,1,1,,6,0,0,4,FALSE,FALSE,FALSE,FALSE,16,FALSE,FALSE,FALSE,FALSE,FALSE,FALSE,FALSE,FALSE,38,FALSE,54,42,FALSE,58,FALSE,TRUE,TRUE,FALSE
100127,"A",2020,1,0,12,1,,7,14,4,0,0,9,5,46,46,0,1,1,1,1,1,8,1,1,1,0,0,0,4,0,0,0,0,"A_2020",1,0,1,0,0,0,1,1,1,1,1,1,1,1,0,0,0,0,,7,4,0,0,2,FALSE,FALSE,FALSE,FALSE,14,FALSE,FALSE,FALSE,FALSE,FALSE,FALSE,FALSE,FALSE,32,FALSE,46,32,FALSE,46,FALSE,FALSE,TRUE,FALSE
100128,"A",2022,1,1,14,1,,,15,7,1,0,0,3,38,37,0,0,1,0,0,1,5,0,0,0,1,1,1,2,0,0,1,25,"A_2022",1,1,1,1,0,0,0,1,0,0,1,0,0,0,1,0,0,1,,,7,1,1,1,FALSE,FALSE,FALSE,TRUE,15,FALSE,FALSE,FALSE,FALSE,FALSE,FALSE,FALSE,FALSE,23,FALSE,38,22,FALSE,37,FALSE,FALSE,FALSE,FALSE
100129,"A",2020,1,0,12,1,2,,14,7,1,0,11,8,46,48,0,1,1,1,1,1,8,1,1,1,0,0,0,4,0,0,0,0,"A_2020",1,0,1,1,0,0,1,1,1,1,1,1,1,1,0,0,0,0,2,,7,0,0,2,FALSE,FALSE,FALSE,FALSE,14,FALSE,FALSE,FALSE,FALSE,FALSE,FALSE,FALSE,FALSE,32,FALSE,46,34,FALSE,48,FALSE,FALSE,TRUE,FALSE
100130,"A",2022,0,1,11,1,2,,13,7,1,0,3,7,44,48,0,0,1,1,1,1,6,1,0,0,0,0,0,2,0,0,0,0,"A_2022",0,1,1,1,0,0,0,1,1,1,1,1,0,0,0,0,0,0,2,,7,0,0,2,FALSE,FALSE,FALSE,FALSE,13,FALSE,FALSE,FALSE,FALSE,FALSE,FALSE,FALSE,FALSE,31,FALSE,44,35,FALSE,48,FALSE,FALSE,FALSE,FALSE
100131,"A",2020,0,1,12,1,1,19,14,4,0,0,3,,35,,,0,1,0,0,1,8,1,1,1,0,0,0,4,0,0,1,8,"A_2020",0,1,1,0,0,,0,1,0,0,1,1,1,1,0,0,0,1,1,19,4,0,0,2,FALSE,FALSE,FALSE,FALSE,14,FALSE,FALSE,FALSE,FALSE,FALSE,FALSE,FALSE,FALSE,21,FALSE,35,,FALSE,,FALSE,FALSE,TRUE,FALSE
100132,"A",2022,1,0,12,1,2,,12,7,1,0,5,5,35,58,,1,1,1,1,1,6,1,0,0,0,0,0,2,0,0,0,0,"A_2022",1,0,1,1,0,,1,1,1,1,1,1,0,0,0,0,0,0,2,,7,0,0,0,FALSE,FALSE,TRUE,TRUE,12,FALSE,FALSE,FALSE,FALSE,FALSE,FALSE,FALSE,FALSE,23,FALSE,35,46,FALSE,58,FALSE,FALSE,TRUE,FALSE
100133,"A",2022,1,1,13,1,2,,12,10,1,0,,,35,,,1,1,1,1,1,6,1,0,0,0,0,0,2,0,0,0,0,"A_2022",1,1,1,1,0,,1,1,1,1,1,1,0,0,0,0,0,0,2,,10,0,0,-1,FALSE,TRUE,FALSE,TRUE,,FALSE,FALSE,FALSE,FALSE,FALSE,FALSE,FALSE,FALSE,23,FALSE,35,,FALSE,,FALSE,FALSE,TRUE,FALSE
100134,"A",2020,0,0,11,1,1,18,14,6,1,0,3,5,50,53,0,0,1,1,1,1,9,1,1,1,0,0,0,4,0,0,0,0,"A_2020",0,0,1,1,0,0,0,1,1,1,1,1,1,1,0,0,0,0,1,18,6,0,0,3,FALSE,FALSE,FALSE,FALSE,14,FALSE,FALSE,FALSE,FALSE,FALSE,FALSE,FALSE,FALSE,36,FALSE,50,39,FALSE,53,FALSE,FALSE,FALSE,FALSE
100135,"B",2018,1,1,14,0,4,,19,6,1,0,9,7,43,45,0,1,0,0,1,1,9,1,1,1,0,0,0,6,0,0,0,0,"B_2018",1,1,0,1,0,0,1,0,0,1,1,1,1,1,0,0,0,0,4,,6,0,0,5,FALSE,FALSE,FALSE,TRUE,19,FALSE,FALSE,FALSE,FALSE,FALSE,FALSE,FALSE,FALSE,24,FALSE,43,26,FALSE,45,FALSE,TRUE,FALSE,FALSE
100136,"A",2020,1,0,12,1,1,19,14,3,0,0,,,52,,,1,1,1,1,1,8,1,1,1,0,0,0,4,0,0,0,0,"A_2020",1,0,1,0,0,,1,1,1,1,1,1,1,1,0,0,0,0,1,19,3,0,0,2,FALSE,FALSE,FALSE,FALSE,14,FALSE,FALSE,FALSE,FALSE,FALSE,FALSE,FALSE,FALSE,38,FALSE,52,,FALSE,,FALSE,FALSE,TRUE,FALSE
100137,"A",2020,1,0,11,1,1,,14,4,0,0,3,,45,,,1,1,1,1,1,8,1,1,1,0,0,0,4,0,0,0,0,"A_2020",1,0,1,0,0,,1,1,1,1,1,1,1,1,0,0,0,0,1,,4,0,0,3,FALSE,FALSE,FALSE,FALSE,14,FALSE,FALSE,FALSE,FALSE,FALSE,FALSE,FALSE,FALSE,31,FALSE,45,,FALSE,,FALSE,FALSE,FALSE,FALSE
100138,"A",2020,0,1,13,1,2,19,15,3,0,0,5,4,38,44,0,1,1,1,1,1,8,1,1,1,0,0,0,4,0,0,0,0,"A_2020",0,1,1,0,0,0,1,1,1,1,1,1,1,1,0,0,0,0,2,19,3,0,0,2,FALSE,FALSE,FALSE,FALSE,15,FALSE,FALSE,FALSE,FALSE,FALSE,FALSE,FALSE,FALSE,23,FALSE,38,29,FALSE,44,FALSE,FALSE,TRUE,FALSE
100139,"A",2020,1,1,13,1,1,19,16,6,0,0,5,7,33,42,0,1,1,1,1,1,8,1,1,1,0,0,0,4,0,0,0,0,"A_2020",1,1,1,0,0,0,1,1,1,1,1,1,1,1,0,0,0,0,1,19,6,0,0,3,FALSE,FALSE,FALSE,FALSE,16,FALSE,FALSE,FALSE,FALSE,FALSE,FALSE,FALSE,FALSE,17,FALSE,33,26,FALSE,42,FALSE,FALSE,FALSE,FALSE
100140,"A",2020,0,0,16,1,1,19,19,4,0,0,0,,60,,,0,1,0,0,0,5,0,0,0,0,0,0,1,1,1,0,0,"A_2020",0,0,1,0,0,,0,1,0,0,0,0,0,0,0,1,1,0,1,19,4,0,0,3,FALSE,FALSE,FALSE,FALSE,19,FALSE,FALSE,FALSE,FALSE,FALSE,FALSE,FALSE,FALSE,41,FALSE,60,,FALSE,,FALSE,FALSE,FALSE,FALSE
100141,"A",2020,0,0,13,1,3,10,17,6,1,0,,,,,,0,1,1,1,1,8,1,1,1,1,1,1,4,0,0,0,0,"A_2020",0,0,1,1,0,,0,1,1,1,1,1,1,1,1,0,0,0,3,10,6,1,1,4,FALSE,FALSE,FALSE,FALSE,17,FALSE,FALSE,FALSE,FALSE,FALSE,FALSE,FALSE,FALSE,,FALSE,,,FALSE,,FALSE,FALSE,FALSE,FALSE
100142,"A",2020,1,1,13,1,3,10,16,8,1,0,9,5,39,44,0,1,1,1,1,1,8,1,1,1,0,0,0,4,0,0,0,0,"A_2020",1,1,1,1,0,0,1,1,1,1,1,1,1,1,0,0,0,0,3,10,8,0,0,3,FALSE,FALSE,FALSE,FALSE,16,FALSE,FALSE,FALSE,FALSE,FALSE,FALSE,FALSE,FALSE,23,FALSE,39,28,FALSE,44,FALSE,FALSE,FALSE,FALSE
100143,"A",2022,1,1,12,1,2,,13,7,1,0,5,5,34,36,0,1,1,1,1,1,6,1,0,0,0,0,0,2,0,0,0,0,"A_2022",1,1,1,1,0,0,1,1,1,1,1,1,0,0,0,0,0,0,2,,7,0,0,1,FALSE,FALSE,FALSE,TRUE,13,FALSE,FALSE,FALSE,FALSE,FALSE,FALSE,FALSE,FALSE,21,FALSE,34,23,FALSE,36,FALSE,FALSE,FALSE,FALSE
100144,"A",2020,0,0,13,1,2,7,15,3,0,0,5,5,57,57,0,0,1,0,0,0,6,1,0,0,0,0,0,1,0,0,0,0,"A_2020",0,0,1,0,0,0,0,1,0,0,0,1,0,0,0,0,0,0,2,7,3,0,0,2,FALSE,FALSE,FALSE,FALSE,15,FALSE,FALSE,FALSE,FALSE,FALSE,FALSE,FALSE,FALSE,42,FALSE,57,42,FALSE,57,FALSE,FALSE,FALSE,FALSE
100145,"A",2020,1,0,13,1,2,5,15,3,0,0,5,5,49,57,0,1,1,1,1,1,8,1,1,1,0,0,0,4,0,0,0,0,"A_2020",1,0,1,0,0,0,1,1,1,1,1,1,1,1,0,0,0,0,2,5,3,0,0,2,FALSE,FALSE,FALSE,FALSE,15,FALSE,FALSE,FALSE,FALSE,FALSE,FALSE,FALSE,FALSE,34,FALSE,49,42,FALSE,57,FALSE,FALSE,TRUE,FALSE
100146,"A",2022,0,1,12,1,,,13,8,1,0,,,49,,,0,1,1,1,1,6,1,0,0,0,0,0,2,0,0,0,0,"A_2022",0,1,1,1,0,,0,1,1,1,1,1,0,0,0,0,0,0,,,8,0,0,1,FALSE,FALSE,FALSE,TRUE,13,FALSE,FALSE,FALSE,FALSE,FALSE,FALSE,FALSE,FALSE,36,FALSE,49,,FALSE,,FALSE,FALSE,FALSE,FALSE
100147,"A",2020,0,0,13,1,,19,15,5,0,0,7,,38,,,0,0,0,0,0,8,1,1,1,0,0,0,3,0,0,1,40,"A_2020",0,0,1,0,0,,0,0,0,0,0,1,1,1,0,0,0,1,,19,5,0,0,2,FALSE,FALSE,FALSE,FALSE,15,FALSE,FALSE,FALSE,FALSE,FALSE,FALSE,FALSE,FALSE,23,FALSE,38,,FALSE,,FALSE,FALSE,FALSE,FALSE
100148,"A",2020,0,0,13,1,1,19,15,3,0,0,4,3,48,68,0,0,1,1,0,0,7,1,1,0,0,0,0,2,0,0,0,0,"A_2020",0,0,1,0,0,0,0,1,1,0,0,1,1,0,0,0,0,0,1,19,3,0,0,2,FALSE,FALSE,FALSE,FALSE,15,FALSE,FALSE,FALSE,FALSE,FALSE,FALSE,FALSE,FALSE,33,FALSE,48,53,FALSE,68,FALSE,FALSE,FALSE,FALSE
100149,"B",2018,1,0,14,1,2,,18,5,1,1,2,3,47,50,0,1,1,1,1,1,9,1,1,1,0,0,0,6,0,0,0,0,"B_2018",1,0,1,1,1,0,1,1,1,1,1,1,1,1,0,0,0,0,2,,5,0,0,4,FALSE,FALSE,FALSE,FALSE,18,FALSE,FALSE,FALSE,FALSE,FALSE,FALSE,FALSE,FALSE,29,FALSE,47,32,FALSE,50,FALSE,TRUE,TRUE,FALSE
100150,"A",2020,1,1,14,1,3,19,18,4,1,0,5,11,36,38,1,0,1,1,0,0,9,1,1,1,0,0,0,3,0,0,1,25,"A_2020",1,1,1,1,0,1,0,1,1,0,0,1,1,1,0,0,0,1,3,19,4,0,0,4,FALSE,FALSE,FALSE,FALSE,18,FALSE,FALSE,TRUE,FALSE,FALSE,FALSE,FALSE,FALSE,18,FALSE,36,20,FALSE,38,FALSE,FALSE,FALSE,FALSE
100151,"A",2020,1,1,11,1,2,12,14,3,0,0,11,5,37,47,0,1,1,1,1,1,8,1,1,1,0,0,0,4,0,0,0,0,"A_2020",1,1,1,0,0,0,1,1,1,1,1,1,1,1,0,0,0,0,2,12,3,0,0,3,FALSE,FALSE,FALSE,FALSE,14,FALSE,FALSE,FALSE,FALSE,FALSE,FALSE,FALSE,FALSE,23,FALSE,37,33,FALSE,47,FALSE,FALSE,FALSE,FALSE
100152,"A",2022,1,1,13,1,2,,14,8,1,0,9,10,42,43,0,1,1,1,1,1,6,1,0,0,1,1,1,3,0,0,0,0,"A_2022",1,1,1,1,0,0,1,1,1,1,1,1,0,0,1,0,0,0,2,,8,1,1,1,FALSE,FALSE,FALSE,TRUE,14,FALSE,FALSE,FALSE,FALSE,FALSE,FALSE,FALSE,FALSE,28,FALSE,42,29,FALSE,43,FALSE,FALSE,TRUE,FALSE
100153,"A",2020,0,0,14,1,2,6,17,5,0,0,,,,56,0,0,0,0,0,0,6,1,0,0,0,0,0,1,1,1,0,0,"A_2020",0,0,1,0,0,0,0,0,0,0,0,1,0,0,0,1,1,0,2,6,5,0,0,3,FALSE,FALSE,FALSE,FALSE,17,FALSE,FALSE,FALSE,FALSE,FALSE,FALSE,FALSE,FALSE,,FALSE,,39,FALSE,56,FALSE,FALSE,FALSE,FALSE
100154,"A",2022,1,0,14,1,3,,15,5,1,0,8,11,36,42,0,1,1,1,1,1,7,1,1,0,0,0,0,2,0,0,0,0,"A_2022",1,0,1,1,0,0,1,1,1,1,1,1,1,0,0,0,0,0,3,,5,0,0,1,FALSE,FALSE,FALSE,TRUE,15,FALSE,FALSE,FALSE,FALSE,FALSE,FALSE,FALSE,FALSE,21,FALSE,36,27,FALSE,42,FALSE,FALSE,FALSE,FALSE
100155,"A",2022,1,1,16,1,1,,16,7,1,0,,5,,46,0,1,1,1,1,1,7,1,1,0,0,0,0,3,0,0,1,25,"A_2022",1,1,1,1,0,0,1,1,1,1,1,1,1,0,0,0,0,1,1,,7,0,0,0,FALSE,FALSE,TRUE,TRUE,16,FALSE,FALSE,FALSE,FALSE,FALSE,FALSE,FALSE,FALSE,,FALSE,,30,FALSE,46,FALSE,FALSE,TRUE,FALSE
100156,"A",2020,1,1,11,1,2,,14,8,1,0,3,0,43,56,,0,1,1,1,1,6,1,0,0,1,1,1,3,0,0,0,0,"A_2020",1,1,1,1,0,,0,1,1,1,1,1,0,0,1,0,0,0,2,,8,1,1,3,FALSE,FALSE,FALSE,FALSE,14,FALSE,FALSE,FALSE,FALSE,FALSE,FALSE,FALSE,FALSE,29,FALSE,43,42,FALSE,56,FALSE,FALSE,FALSE,FALSE
100157,"A",2020,1,1,11,1,3,18,14,7,1,0,6,6,34,42,1,0,1,1,0,1,7,1,1,0,0,1,1,4,0,0,0,0,"A_2020",1,1,1,1,0,1,0,1,1,0,1,1,1,0,1,0,0,0,3,18,7,0,1,3,FALSE,FALSE,FALSE,FALSE,14,FALSE,FALSE,FALSE,FALSE,FALSE,FALSE,FALSE,FALSE,20,FALSE,34,28,FALSE,42,FALSE,FALSE,FALSE,FALSE
100158,"A",2020,0,1,14,1,3,1,16,3,0,0,11,11,40,38,,0,1,1,1,1,8,1,1,1,0,0,0,4,0,0,0,0,"A_2020",0,1,1,0,0,,0,1,1,1,1,1,1,1,0,0,0,0,3,1,3,0,0,2,FALSE,FALSE,FALSE,FALSE,16,FALSE,FALSE,FALSE,FALSE,FALSE,FALSE,FALSE,FALSE,24,FALSE,40,22,FALSE,38,FALSE,FALSE,TRUE,FALSE
100159,"A",2022,1,0,13,1,,,13,7,1,0,8,,36,,,0,0,0,0,1,5,0,0,0,0,0,0,1,0,0,0,0,"A_2022",1,0,1,1,0,,0,0,0,0,1,0,0,0,0,0,0,0,,,7,0,0,0,FALSE,FALSE,TRUE,TRUE,13,FALSE,FALSE,FALSE,FALSE,FALSE,FALSE,FALSE,FALSE,23,FALSE,36,,FALSE,,FALSE,FALSE,FALSE,FALSE
100160,"A",2020,0,0,16,1,2,7,18,2,0,0,5,3,42,55,0,0,1,0,0,0,5,0,0,0,2,1,2,3,0,0,0,0,"A_2020",0,0,1,0,0,0,0,1,0,0,0,0,0,0,1,0,0,0,2,7,2,2,2,2,FALSE,FALSE,FALSE,FALSE,18,FALSE,FALSE,FALSE,FALSE,FALSE,FALSE,FALSE,FALSE,24,FALSE,42,37,FALSE,55,FALSE,FALSE,FALSE,FALSE
100161,"A",2022,0,0,14,1,2,,15,7,1,0,3,2,46,43,0,0,1,1,1,1,6,1,0,0,0,0,0,2,0,0,0,0,"A_2022",0,0,1,1,0,0,0,1,1,1,1,1,0,0,0,0,0,0,2,,7,0,0,1,FALSE,FALSE,FALSE,TRUE,15,FALSE,FALSE,FALSE,FALSE,FALSE,FALSE,FALSE,FALSE,31,FALSE,46,28,FALSE,43,FALSE,FALSE,FALSE,FALSE
100162,"A",2020,1,1,12,1,1,,14,4,0,0,,,55,,,1,1,1,1,1,6,1,0,0,0,1,1,4,0,0,0,0,"A_2020",1,1,1,0,0,,1,1,1,1,1,1,0,0,1,0,0,0,1,,4,0,1,2,FALSE,FALSE,FALSE,FALSE,14,FALSE,FALSE,FALSE,FALSE,FALSE,FALSE,FALSE,FALSE,41,FALSE,55,,FALSE,,FALSE,FALSE,TRUE,FALSE
100163,"A",2020,0,0,12,1,2,19,15,12,1,0,8,5,36,33,0,0,0,0,0,1,7,1,1,0,0,1,3,3,0,0,0,0,"A_2020",0,0,1,1,0,0,0,0,0,0,1,1,1,0,1,0,0,0,2,19,12,0,3,3,FALSE,FALSE,FALSE,FALSE,15,FALSE,FALSE,FALSE,FALSE,FALSE,FALSE,FALSE,FALSE,21,FALSE,36,18,FALSE,33,FALSE,FALSE,FALSE,FALSE
100164,"B",2018,1,0,10,0,3,,14,7,1,0,8,8,50,42,0,1,1,1,1,1,9,1,1,1,0,0,0,6,0,0,0,0,"B_2018",1,0,0,1,0,0,1,1,1,1,1,1,1,1,0,0,0,0,3,,7,0,0,4,FALSE,FALSE,FALSE,FALSE,14,FALSE,FALSE,FALSE,FALSE,FALSE,FALSE,FALSE,FALSE,36,FALSE,50,28,FALSE,42,FALSE,TRUE,TRUE,FALSE
100165,"A",2020,0,1,14,1,2,,17,4,0,0,5,6,52,54,0,0,1,0,0,1,8,1,1,1,0,0,0,4,0,0,1,0,"A_2020",0,1,1,0,0,0,0,1,0,0,1,1,1,1,0,0,0,1,2,,4,0,0,3,FALSE,FALSE,FALSE,FALSE,17,FALSE,FALSE,FALSE,FALSE,FALSE,FALSE,FALSE,FALSE,35,FALSE,52,37,FALSE,54,FALSE,FALSE,FALSE,FALSE
100166,"A",2020,0,0,11,1,2,,14,5,0,0,6,7,39,43,0,0,0,0,0,1,8,1,1,1,0,0,0,4,0,0,0,0,"A_2020",0,0,1,0,0,0,0,0,0,0,1,1,1,1,0,0,0,0,2,,5,0,0,3,FALSE,FALSE,FALSE,FALSE,14,FALSE,FALSE,FALSE,FALSE,FALSE,FALSE,FALSE,FALSE,25,FALSE,39,29,FALSE,43,FALSE,FALSE,FALSE,FALSE
100167,"A",2020,1,1,14,1,2,17,16,3,0,0,4,6,49,56,0,1,1,1,1,1,8,1,1,1,0,0,0,4,0,0,0,0,"A_2020",1,1,1,0,0,0,1,1,1,1,1,1,1,1,0,0,0,0,2,17,3,0,0,2,FALSE,FALSE,FALSE,FALSE,16,FALSE,FALSE,FALSE,FALSE,FALSE,FALSE,FALSE,FALSE,33,FALSE,49,40,FALSE,56,FALSE,FALSE,TRUE,FALSE
100168,"A",2022,0,0,11,1,3,,12,7,1,0,5,5,36,36,0,0,1,0,1,1,5,0,0,0,1,1,1,2,0,0,0,0,"A_2022",0,0,1,1,0,0,0,1,0,1,1,0,0,0,1,0,0,0,3,,7,1,1,1,FALSE,FALSE,FALSE,TRUE,12,FALSE,FALSE,FALSE,FALSE,FALSE,FALSE,FALSE,FALSE,24,FALSE,36,24,FALSE,36,FALSE,FALSE,FALSE,FALSE
100169,"A",2020,1,1,12,1,2,4,14,3,0,0,9,7,31,37,0,0,1,1,0,1,7,1,1,0,0,0,0,4,0,0,0,0,"A_2020",1,1,1,0,0,0,0,1,1,0,1,1,1,0,0,0,0,0,2,4,3,0,0,2,FALSE,FALSE,FALSE,FALSE,14,FALSE,FALSE,FALSE,FALSE,FALSE,FALSE,FALSE,FALSE,17,FALSE,31,23,FALSE,37,FALSE,FALSE,TRUE,FALSE
100170,"A",2020,0,0,12,1,3,10,14,7,1,0,11,7,45,47,0,0,1,1,1,1,8,1,1,1,1,1,1,5,0,0,0,0,"A_2020",0,0,1,1,0,0,0,1,1,1,1,1,1,1,1,0,0,0,3,10,7,1,1,2,FALSE,FALSE,FALSE,FALSE,14,FALSE,FALSE,FALSE,FALSE,FALSE,FALSE,FALSE,FALSE,31,FALSE,45,33,FALSE,47,FALSE,TRUE,TRUE,FALSE
100171,"A",2020,1,0,14,1,2,10,16,3,0,0,8,10,33,40,0,0,0,1,0,1,7,1,1,0,1,1,1,3,0,0,1,2,"A_2020",1,0,1,0,0,0,0,0,1,0,1,1,1,0,1,0,0,1,2,10,3,1,1,2,FALSE,FALSE,FALSE,FALSE,16,FALSE,FALSE,FALSE,FALSE,FALSE,FALSE,FALSE,FALSE,17,FALSE,33,24,FALSE,40,FALSE,FALSE,FALSE,FALSE
100172,"A",2020,0,0,16,1,2,,19,8,1,0,0,8,43,42,0,0,,,0,0,5,0,0,0,,0,0,0,0,1,0,0,"A_2020",0,0,1,1,0,0,0,,,0,0,0,0,0,0,0,1,0,2,,8,,0,3,FALSE,FALSE,FALSE,FALSE,19,FALSE,FALSE,FALSE,FALSE,FALSE,FALSE,FALSE,FALSE,24,FALSE,43,23,FALSE,42,FALSE,FALSE,FALSE,FALSE
100173,"A",2020,0,1,,1,1,17,15,3,0,0,5,,40,,,0,1,0,0,1,7,1,1,0,1,1,1,4,0,0,0,0,"A_2020",0,1,1,0,0,,0,1,0,0,1,1,1,0,1,0,0,0,1,17,3,1,1,,TRUE,FALSE,FALSE,FALSE,15,FALSE,FALSE,FALSE,FALSE,FALSE,FALSE,FALSE,FALSE,25,FALSE,40,,FALSE,,FALSE,FALSE,FALSE,FALSE
100174,"A",2022,1,1,12,1,2,,13,8,1,0,6,3,49,41,0,1,1,1,1,1,6,1,0,0,0,0,0,2,0,0,0,0,"A_2022",1,1,1,1,0,0,1,1,1,1,1,1,0,0,0,0,0,0,2,,8,0,0,1,FALSE,FALSE,FALSE,TRUE,13,FALSE,FALSE,FALSE,FALSE,FALSE,FALSE,FALSE,FALSE,36,FALSE,49,28,FALSE,41,FALSE,FALSE,FALSE,FALSE
100175,"A",2020,0,0,13,1,1,,16,3,0,0,5,,37,,,0,1,0,0,0,5,0,0,0,0,0,0,1,0,0,1,40,"A_2020",0,0,1,0,0,,0,1,0,0,0,0,0,0,0,0,0,1,1,,3,0,0,3,FALSE,FALSE,FALSE,FALSE,16,FALSE,FALSE,FALSE,FALSE,FALSE,FALSE,FALSE,FALSE,21,FALSE,37,,FALSE,,FALSE,FALSE,FALSE,FALSE
100176,"A",2020,0,1,11,1,2,,14,4,0,0,7,3,43,56,0,0,1,1,0,1,8,1,1,1,0,0,0,4,0,0,0,0,"A_2020",0,1,1,0,0,0,0,1,1,0,1,1,1,1,0,0,0,0,2,,4,0,0,3,FALSE,FALSE,FALSE,FALSE,14,FALSE,FALSE,FALSE,FALSE,FALSE,FALSE,FALSE,FALSE,29,FALSE,43,42,FALSE,56,FALSE,FALSE,FALSE,FALSE
100177,"B",2018,0,0,13,0,1,,18,7,1,1,5,,53,,,0,0,0,1,1,10,1,1,1,0,0,0,6,0,0,0,0,"B_2018",0,0,0,1,1,,0,0,0,1,1,1,1,1,0,0,0,0,1,,7,0,0,5,FALSE,FALSE,FALSE,TRUE,18,FALSE,FALSE,FALSE,FALSE,FALSE,FALSE,FALSE,FALSE,35,FALSE,53,,FALSE,,FALSE,TRUE,FALSE,FALSE
100178,"A",2020,0,0,14,1,2,7,16,6,0,0,6,5,31,57,,0,1,1,0,0,6,1,0,0,1,1,1,3,0,1,0,0,"A_2020",0,0,1,0,0,,0,1,1,0,0,1,0,0,1,0,1,0,2,7,6,1,1,2,FALSE,FALSE,FALSE,FALSE,16,FALSE,FALSE,FALSE,FALSE,FALSE,FALSE,FALSE,FALSE,15,FALSE,31,41,FALSE,57,FALSE,FALSE,FALSE,FALSE
100179,"A",2020,0,1,11,1,3,19,14,5,0,0,,,56,60,0,0,1,1,1,1,8,1,1,1,0,0,0,4,0,0,0,0,"A_2020",0,1,1,0,0,0,0,1,1,1,1,1,1,1,0,0,0,0,3,19,5,0,0,3,FALSE,FALSE,FALSE,FALSE,14,FALSE,FALSE,FALSE,FALSE,FALSE,FALSE,FALSE,FALSE,42,FALSE,56,46,FALSE,60,FALSE,FALSE,FALSE,FALSE
100180,"A",2020,0,1,12,1,2,11,14,4,0,0,,,37,35,0,0,1,1,0,1,6,1,0,0,1,1,1,4,0,0,0,0,"A_2020",0,1,1,0,0,0,0,1,1,0,1,1,0,0,1,0,0,0,2,11,4,1,1,2,FALSE,FALSE,FALSE,FALSE,14,FALSE,FALSE,FALSE,FALSE,FALSE,FALSE,FALSE,FALSE,23,FALSE,37,21,FALSE,35,FALSE,FALSE,TRUE,FALSE
100181,"B",2018,1,1,13,1,2,,17,6,1,1,,,,,,0,0,0,0,1,9,1,1,1,0,0,0,6,0,0,0,0,"B_2018",1,1,1,1,1,,0,0,0,0,1,1,1,1,0,0,0,0,2,,6,0,0,4,FALSE,FALSE,FALSE,FALSE,17,FALSE,FALSE,FALSE,FALSE,FALSE,FALSE,FALSE,FALSE,,FALSE,,,FALSE,,FALSE,TRUE,TRUE,FALSE
100182,"A",2022,1,1,16,1,2,,16,7,1,0,7,5,33,,,1,1,1,1,1,6,1,0,0,0,0,0,2,0,0,0,0,"A_2022",1,1,1,1,0,,1,1,1,1,1,1,0,0,0,0,0,0,2,,7,0,0,0,FALSE,FALSE,TRUE,TRUE,16,FALSE,FALSE,FALSE,FALSE,FALSE,FALSE,FALSE,FALSE,17,FALSE,33,,FALSE,,FALSE,FALSE,TRUE,FALSE
100183,"A",2020,0,0,12,1,3,8,14,8,1,0,9,11,53,51,0,0,1,1,1,1,8,1,1,1,0,0,0,4,0,0,0,0,"A_2020",0,0,1,1,0,0,0,1,1,1,1,1,1,1,0,0,0,0,3,8,8,0,0,2,FALSE,FALSE,FALSE,FALSE,14,FALSE,FALSE,FALSE,FALSE,FALSE,FALSE,FALSE,FALSE,39,FALSE,53,37,FALSE,51,FALSE,FALSE,TRUE,FALSE
100184,"A",2020,0,0,12,1,1,,15,4,0,0,,,32,39,0,1,1,1,0,1,8,1,1,1,0,0,0,4,0,0,0,0,"A_2020",0,0,1,0,0,0,1,1,1,0,1,1,1,1,0,0,0,0,1,,4,0,0,3,FALSE,FALSE,FALSE,FALSE,15,FALSE,FALSE,FALSE,FALSE,FALSE,FALSE,FALSE,FALSE,17,FALSE,32,24,FALSE,39,FALSE,FALSE,FALSE,FALSE
100185,"A",2022,0,0,16,1,,,17,7,1,0,1,4,35,48,0,0,1,0,0,0,6,1,0,0,0,0,0,1,0,0,0,0,"A_2022",0,0,1,1,0,0,0,1,0,0,0,1,0,0,0,0,0,0,,,7,0,0,1,FALSE,FALSE,FALSE,TRUE,17,FALSE,FALSE,FALSE,FALSE,FALSE,FALSE,FALSE,FALSE,18,FALSE,35,31,FALSE,48,FALSE,FALSE,FALSE,FALSE
100186,"A",2020,1,1,11,1,2,5,13,3,0,0,10,11,39,41,,1,1,1,1,1,8,1,1,1,0,0,0,4,0,0,0,0,"A_2020",1,1,1,0,0,,1,1,1,1,1,1,1,1,0,0,0,0,2,5,3,0,0,2,FALSE,FALSE,FALSE,FALSE,13,FALSE,FALSE,FALSE,FALSE,FALSE,FALSE,FALSE,FALSE,26,FALSE,39,28,FALSE,41,FALSE,FALSE,TRUE,FALSE
100187,"B",2018,0,0,11,1,3,,15,7,1,1,9,11,45,52,1,0,1,1,1,1,9,1,1,1,0,0,0,6,0,0,0,0,"B_2018",0,0,1,1,1,1,0,1,1,1,1,1,1,1,0,0,0,0,3,,7,0,0,4,FALSE,FALSE,FALSE,FALSE,15,FALSE,FALSE,FALSE,FALSE,FALSE,FALSE,FALSE,FALSE,30,FALSE,45,37,FALSE,52,FALSE,TRUE,TRUE,FALSE
100188,"A",2022,0,0,13,1,2,,14,7,1,0,4,2,38,47,0,0,0,0,0,1,6,1,0,0,0,0,0,2,0,0,0,0,"A_2022",0,0,1,1,0,0,0,0,0,0,1,1,0,0,0,0,0,0,2,,7,0,0,1,FALSE,FALSE,FALSE,TRUE,14,FALSE,FALSE,FALSE,FALSE,FALSE,FALSE,FALSE,FALSE,24,FALSE,38,33,FALSE,47,FALSE,FALSE,FALSE,FALSE
100189,"A",2020,1,0,11,1,3,6,13,6,0,0,5,5,43,53,0,0,1,1,1,1,8,1,1,1,0,0,0,4,0,0,0,0,"A_2020",1,0,1,0,0,0,0,1,1,1,1,1,1,1,0,0,0,0,3,6,6,0,0,2,FALSE,FALSE,FALSE,FALSE,13,FALSE,FALSE,FALSE,FALSE,FALSE,FALSE,FALSE,FALSE,30,FALSE,43,40,FALSE,53,FALSE,FALSE,TRUE,FALSE
100190,"B",2018,0,0,13,0,1,,18,6,1,1,0,,53,,,0,0,0,0,1,10,1,1,1,0,0,0,6,0,0,0,0,"B_2018",0,0,0,1,1,,0,0,0,0,1,1,1,1,0,0,0,0,1,,6,0,0,5,FALSE,FALSE,FALSE,TRUE,18,FALSE,FALSE,FALSE,FALSE,FALSE,FALSE,FALSE,FALSE,35,FALSE,53,,FALSE,,FALSE,TRUE,FALSE,FALSE
100191,"A",2020,1,1,14,1,1,6,16,3,0,0,5,,40,,,0,1,0,0,0,6,1,0,0,0,0,0,1,0,0,1,40,"A_2020",1,1,1,0,0,,0,1,0,0,0,1,0,0,0,0,0,1,1,6,3,0,0,2,FALSE,FALSE,FALSE,FALSE,16,FALSE,FALSE,FALSE,FALSE,FALSE,FALSE,FALSE,FALSE,24,FALSE,40,,FALSE,,FALSE,FALSE,FALSE,FALSE
100192,"A",2020,1,0,13,1,3,12,16,7,1,0,5,10,35,40,0,0,1,1,1,1,8,1,1,1,0,0,0,4,0,0,1,9,"A_2020",1,0,1,1,0,0,0,1,1,1,1,1,1,1,0,0,0,1,3,12,7,0,0,3,FALSE,FALSE,FALSE,FALSE,16,FALSE,FALSE,FALSE,FALSE,FALSE,FALSE,FALSE,FALSE,19,FALSE,35,24,FALSE,40,FALSE,FALSE,FALSE,FALSE
100193,"A",2020,1,1,12,1,2,19,14,3,0,0,3,3,50,43,1,1,1,1,1,1,8,1,1,1,0,0,0,4,0,0,0,0,"A_2020",1,1,1,0,0,1,1,1,1,1,1,1,1,1,0,0,0,0,2,19,3,0,0,2,FALSE,FALSE,FALSE,FALSE,14,FALSE,FALSE,FALSE,FALSE,FALSE,FALSE,FALSE,FALSE,36,FALSE,50,29,FALSE,43,FALSE,FALSE,TRUE,FALSE
100194,"A",2020,1,1,14,1,2,4,15,3,0,0,2,3,50,49,0,0,1,1,1,1,6,1,0,0,1,1,1,3,0,0,0,0,"A_2020",1,1,1,0,0,0,0,1,1,1,1,1,0,0,1,0,0,0,2,4,3,1,1,1,FALSE,FALSE,FALSE,TRUE,15,FALSE,FALSE,FALSE,FALSE,FALSE,FALSE,FALSE,FALSE,35,FALSE,50,34,FALSE,49,FALSE,FALSE,TRUE,FALSE
100195,"A",2020,1,0,13,1,3,,15,3,0,0,1,2,52,54,0,0,1,1,1,1,7,1,1,0,0,1,1,4,0,0,0,0,"A_2020",1,0,1,0,0,0,0,1,1,1,1,1,1,0,1,0,0,0,3,,3,0,1,2,FALSE,FALSE,FALSE,FALSE,15,FALSE,FALSE,FALSE,FALSE,FALSE,FALSE,FALSE,FALSE,37,FALSE,52,39,FALSE,54,FALSE,FALSE,TRUE,FALSE
100196,"B",2018,0,1,13,0,3,,17,7,1,0,2,,34,,,1,1,1,1,1,10,1,1,1,0,0,0,6,0,0,0,0,"B_2018",0,1,0,1,0,,1,1,1,1,1,1,1,1,0,0,0,0,3,,7,0,0,4,FALSE,FALSE,FALSE,FALSE,17,FALSE,FALSE,FALSE,FALSE,FALSE,FALSE,FALSE,FALSE,17,FALSE,34,,FALSE,,FALSE,TRUE,TRUE,FALSE
100197,"B",2018,1,0,13,1,2,,17,6,1,1,9,8,40,45,0,0,1,1,1,1,9,1,1,1,0,0,0,6,0,0,0,0,"B_2018",1,0,1,1,1,0,0,1,1,1,1,1,1,1,0,0,0,0,2,,6,0,0,4,FALSE,FALSE,FALSE,FALSE,17,FALSE,FALSE,FALSE,FALSE,FALSE,FALSE,FALSE,FALSE,23,FALSE,40,28,FALSE,45,FALSE,TRUE,TRUE,FALSE
100198,"A",2020,1,1,12,1,3,7,14,3,0,0,9,8,40,49,0,1,1,1,1,1,8,1,1,1,0,0,0,4,0,0,0,0,"A_2020",1,1,1,0,0,0,1,1,1,1,1,1,1,1,0,0,0,0,3,7,3,0,0,2,FALSE,FALSE,FALSE,FALSE,14,FALSE,FALSE,FALSE,FALSE,FALSE,FALSE,FALSE,FALSE,26,FALSE,40,35,FALSE,49,FALSE,FALSE,TRUE,FALSE
100199,"A",2022,1,1,12,1,2,,14,7,1,0,5,5,38,49,0,1,1,1,1,1,6,1,0,0,0,0,0,2,0,0,0,0,"A_2022",1,1,1,1,0,0,1,1,1,1,1,1,0,0,0,0,0,0,2,,7,0,0,2,FALSE,FALSE,FALSE,FALSE,14,FALSE,FALSE,FALSE,FALSE,FALSE,FALSE,FALSE,FALSE,24,FALSE,38,35,FALSE,49,FALSE,FALSE,FALSE,FALSE
100200,"A",2020,1,1,15,1,2,,17,4,0,0,1,,42,,,0,1,1,0,0,6,1,0,0,0,0,0,2,0,0,0,0,"A_2020",1,1,1,0,0,,0,1,1,0,0,1,0,0,0,0,0,0,2,,4,0,0,2,FALSE,FALSE,FALSE,FALSE,17,FALSE,FALSE,FALSE,FALSE,FALSE,FALSE,FALSE,FALSE,25,FALSE,42,,FALSE,,FALSE,FALSE,FALSE,FALSE
100201,"A",2020,0,1,12,1,2,6,14,4,0,0,7,6,41,41,0,0,0,1,1,1,9,1,1,1,0,0,0,5,0,0,0,0,"A_2020",0,1,1,0,0,0,0,0,1,1,1,1,1,1,0,0,0,0,2,6,4,0,0,2,FALSE,FALSE,FALSE,FALSE,14,FALSE,FALSE,FALSE,FALSE,FALSE,FALSE,FALSE,FALSE,27,FALSE,41,27,FALSE,41,FALSE,TRUE,TRUE,FALSE
100202,"A",2020,1,0,13,1,2,7,15,7,1,0,11,,29,50,,1,1,1,1,1,8,1,1,1,0,0,0,4,0,0,0,0,"A_2020",1,0,1,1,0,,1,1,1,1,1,1,1,1,0,0,0,0,2,7,7,0,0,2,FALSE,FALSE,FALSE,FALSE,15,FALSE,FALSE,FALSE,FALSE,FALSE,FALSE,FALSE,FALSE,14,FALSE,29,35,FALSE,50,FALSE,FALSE,TRUE,FALSE
100203,"A",2020,1,1,15,1,2,,18,4,0,0,5,5,49,52,0,0,1,1,,,11,0,0,0,0,0,0,5,0,0,0,0,"A_2020",1,1,1,0,0,0,0,1,1,,,0,0,0,0,0,0,0,2,,4,0,0,3,FALSE,FALSE,FALSE,FALSE,18,TRUE,FALSE,TRUE,TRUE,TRUE,TRUE,FALSE,FALSE,31,FALSE,49,34,FALSE,52,FALSE,TRUE,TRUE,TRUE
100204,"A",2020,1,1,12,1,1,,14,6,0,0,5,3,35,39,0,1,1,1,1,1,8,1,1,1,0,0,0,4,0,0,0,0,"A_2020",1,1,1,0,0,0,1,1,1,1,1,1,1,1,0,0,0,0,1,,6,0,0,2,FALSE,FALSE,FALSE,FALSE,14,FALSE,FALSE,FALSE,FALSE,FALSE,FALSE,FALSE,FALSE,21,FALSE,35,25,FALSE,39,FALSE,FALSE,TRUE,FALSE
100205,"A",2020,0,0,,1,,,14,5,0,0,3,5,46,36,0,0,1,1,1,1,8,1,1,1,0,0,0,4,0,0,0,0,"A_2020",0,0,1,0,0,0,0,1,1,1,1,1,1,1,0,0,0,0,,,5,0,0,,TRUE,FALSE,FALSE,FALSE,14,FALSE,FALSE,FALSE,FALSE,FALSE,FALSE,FALSE,FALSE,32,FALSE,46,22,FALSE,36,FALSE,FALSE,FALSE,FALSE
100206,"A",2020,0,0,12,1,2,17,14,6,0,0,5,5,54,67,0,0,,,1,1,8,1,1,1,,0,0,1,0,0,0,0,"A_2020",0,0,1,0,0,0,0,,,1,1,1,1,1,0,0,0,0,2,17,6,,0,2,FALSE,FALSE,FALSE,FALSE,14,FALSE,FALSE,TRUE,FALSE,FALSE,FALSE,FALSE,FALSE,40,FALSE,54,53,FALSE,67,FALSE,FALSE,FALSE,FALSE
100207,"A",2020,0,1,13,1,2,,16,8,1,0,9,3,36,40,0,0,1,0,0,1,8,1,1,1,0,0,0,4,0,0,0,0,"A_2020",0,1,1,1,0,0,0,1,0,0,1,1,1,1,0,0,0,0,2,,8,0,0,3,FALSE,FALSE,FALSE,FALSE,16,FALSE,FALSE,FALSE,FALSE,FALSE,FALSE,FALSE,FALSE,20,FALSE,36,24,FALSE,40,FALSE,FALSE,FALSE,FALSE
100208,"A",2020,0,0,,1,2,19,14,3,0,0,7,7,30,33,0,0,1,1,1,1,8,1,1,1,0,0,0,4,0,0,0,0,"A_2020",0,0,1,0,0,0,0,1,1,1,1,1,1,1,0,0,0,0,2,19,3,0,0,,TRUE,FALSE,FALSE,FALSE,14,FALSE,FALSE,FALSE,FALSE,FALSE,FALSE,FALSE,FALSE,16,FALSE,30,19,FALSE,33,FALSE,FALSE,FALSE,FALSE
100209,"A",2022,1,1,11,1,2,,12,7,1,0,7,1,50,58,0,1,1,1,1,1,6,1,0,0,0,0,0,2,0,0,0,0,"A_2022",1,1,1,1,0,0,1,1,1,1,1,1,0,0,0,0,0,0,2,,7,0,0,1,FALSE,FALSE,FALSE,TRUE,12,FALSE,FALSE,FALSE,FALSE,FALSE,FALSE,FALSE,FALSE,38,FALSE,50,46,FALSE,58,FALSE,FALSE,FALSE,FALSE
100210,"A",2020,0,1,15,1,2,17,18,6,0,0,5,5,40,54,0,0,0,0,0,0,7,1,1,0,1,1,1,4,0,0,0,0,"A_2020",0,1,1,0,0,0,0,0,0,0,0,1,1,0,1,0,0,0,2,17,6,1,1,3,FALSE,FALSE,FALSE,FALSE,18,FALSE,FALSE,FALSE,FALSE,FALSE,FALSE,FALSE,FALSE,22,FALSE,40,36,FALSE,54,FALSE,FALSE,FALSE,FALSE
100211,"A",2020,0,0,14,1,3,9,16,3,0,0,5,5,38,39,0,0,1,1,1,1,8,1,1,1,0,0,0,4,0,0,0,0,"A_2020",0,0,1,0,0,0,0,1,1,1,1,1,1,1,0,0,0,0,3,9,3,0,0,2,FALSE,FALSE,FALSE,FALSE,16,FALSE,FALSE,FALSE,FALSE,FALSE,FALSE,FALSE,FALSE,22,FALSE,38,23,FALSE,39,FALSE,FALSE,TRUE,FALSE
100212,"A",2022,0,1,14,1,2,,16,4,1,0,7,8,35,39,0,0,1,1,1,1,6,1,0,0,0,0,0,2,0,0,0,0,"A_2022",0,1,1,1,0,0,0,1,1,1,1,1,0,0,0,0,0,0,2,,4,0,0,2,FALSE,FALSE,FALSE,FALSE,16,FALSE,FALSE,FALSE,FALSE,FALSE,FALSE,FALSE,FALSE,19,FALSE,35,23,FALSE,39,FALSE,FALSE,FALSE,FALSE
100213,"A",2020,1,1,12,1,1,,14,3,0,1,5,9,37,38,,1,1,1,1,1,8,1,1,1,0,0,0,4,0,0,0,0,"A_2020",1,1,1,0,1,,1,1,1,1,1,1,1,1,0,0,0,0,1,,3,0,0,2,FALSE,FALSE,FALSE,FALSE,14,FALSE,FALSE,FALSE,FALSE,FALSE,FALSE,FALSE,FALSE,23,FALSE,37,24,FALSE,38,FALSE,FALSE,TRUE,FALSE
100214,"A",2020,1,1,11,1,2,,14,7,1,0,11,11,40,44,1,0,1,1,1,1,7,1,1,0,0,1,1,4,0,0,0,0,"A_2020",1,1,1,1,0,1,0,1,1,1,1,1,1,0,1,0,0,0,2,,7,0,1,3,FALSE,FALSE,FALSE,FALSE,14,FALSE,FALSE,FALSE,FALSE,FALSE,FALSE,FALSE,FALSE,26,FALSE,40,30,FALSE,44,FALSE,FALSE,FALSE,FALSE
100215,"A",2020,0,1,13,1,2,,15,3,0,0,3,1,40,56,0,0,1,0,0,1,6,1,0,0,1,1,1,3,0,0,0,0,"A_2020",0,1,1,0,0,0,0,1,0,0,1,1,0,0,1,0,0,0,2,,3,1,1,2,FALSE,FALSE,FALSE,FALSE,15,FALSE,FALSE,FALSE,FALSE,FALSE,FALSE,FALSE,FALSE,25,FALSE,40,41,FALSE,56,FALSE,FALSE,FALSE,FALSE
100216,"A",2020,0,0,11,1,2,6,14,7,1,0,11,11,39,53,1,0,1,1,1,1,8,1,1,1,0,0,0,4,0,0,0,0,"A_2020",0,0,1,1,0,1,0,1,1,1,1,1,1,1,0,0,0,0,2,6,7,0,0,3,FALSE,FALSE,FALSE,FALSE,14,FALSE,FALSE,FALSE,FALSE,FALSE,FALSE,FALSE,FALSE,25,FALSE,39,39,FALSE,53,FALSE,FALSE,FALSE,FALSE
100217,"A",2020,0,1,13,1,2,,16,1,1,0,11,,60,,,0,1,1,1,1,8,1,1,1,0,0,0,4,0,0,0,0,"A_2020",0,1,1,1,0,,0,1,1,1,1,1,1,1,0,0,0,0,2,,1,0,0,3,FALSE,FALSE,FALSE,FALSE,16,FALSE,FALSE,FALSE,FALSE,FALSE,FALSE,FALSE,FALSE,44,FALSE,60,,FALSE,,FALSE,FALSE,FALSE,FALSE
100218,"A",2020,0,0,14,1,2,,16,3,0,0,,,51,53,,0,1,1,0,0,7,1,1,0,0,0,0,2,0,0,1,40,"A_2020",0,0,1,0,0,,0,1,1,0,0,1,1,0,0,0,0,1,2,,3,0,0,2,FALSE,FALSE,FALSE,FALSE,16,FALSE,FALSE,FALSE,FALSE,FALSE,FALSE,FALSE,FALSE,35,FALSE,51,37,FALSE,53,FALSE,FALSE,FALSE,FALSE
100219,"A",2022,1,1,12,1,2,,12,7,1,0,8,5,39,37,0,1,1,1,1,1,6,1,0,0,0,0,0,2,0,0,0,0,"A_2022",1,1,1,1,0,0,1,1,1,1,1,1,0,0,0,0,0,0,2,,7,0,0,0,FALSE,FALSE,TRUE,TRUE,12,FALSE,FALSE,FALSE,FALSE,FALSE,FALSE,FALSE,FALSE,27,FALSE,39,25,FALSE,37,FALSE,FALSE,TRUE,FALSE
100220,"A",2020,0,0,13,1,,,15,3,0,0,11,,35,,,0,1,0,1,1,7,1,1,0,0,0,0,2,0,0,0,0,"A_2020",0,0,1,0,0,,0,1,0,1,1,1,1,0,0,0,0,0,,,3,0,0,2,FALSE,FALSE,FALSE,FALSE,15,FALSE,FALSE,FALSE,FALSE,FALSE,FALSE,FALSE,FALSE,20,FALSE,35,,FALSE,,FALSE,FALSE,FALSE,FALSE
100221,"A",2020,1,0,14,1,2,,16,3,0,0,1,0,52,57,0,1,1,1,1,1,8,1,1,1,0,0,0,4,0,0,0,0,"A_2020",1,0,1,0,0,0,1,1,1,1,1,1,1,1,0,0,0,0,2,,3,0,0,2,FALSE,FALSE,FALSE,FALSE,16,FALSE,FALSE,FALSE,FALSE,FALSE,FALSE,FALSE,FALSE,36,FALSE,52,41,FALSE,57,FALSE,FALSE,TRUE,FALSE
100222,"A",2020,1,1,12,1,3,6,15,5,0,0,,,43,,,0,1,1,1,1,7,1,1,0,0,0,0,4,0,0,0,0,"A_2020",1,1,1,0,0,,0,1,1,1,1,1,1,0,0,0,0,0,3,6,5,0,0,3,FALSE,FALSE,FALSE,FALSE,15,FALSE,FALSE,FALSE,FALSE,FALSE,FALSE,FALSE,FALSE,28,FALSE,43,,FALSE,,FALSE,FALSE,FALSE,FALSE
100223,"A",2020,1,0,13,1,1,19,15,4,0,0,5,,37,,,0,1,0,0,0,5,0,0,0,0,0,0,1,0,0,0,0,"A_2020",1,0,1,0,0,,0,1,0,0,0,0,0,0,0,0,0,0,1,19,4,0,0,2,FALSE,FALSE,FALSE,FALSE,15,FALSE,FALSE,FALSE,FALSE,FALSE,FALSE,FALSE,FALSE,22,FALSE,37,,FALSE,,FALSE,FALSE,FALSE,FALSE
100224,"A",2020,0,1,12,1,2,7,15,3,0,0,7,6,30,41,0,0,1,1,1,1,8,1,1,1,0,0,0,4,0,0,0,0,"A_2020",0,1,1,0,0,0,0,1,1,1,1,1,1,1,0,0,0,0,2,7,3,0,0,3,FALSE,FALSE,FALSE,FALSE,15,FALSE,FALSE,FALSE,FALSE,FALSE,FALSE,FALSE,FALSE,15,FALSE,30,26,FALSE,41,FALSE,FALSE,FALSE,FALSE
100225,"A",2020,1,0,11,1,2,,13,2,0,0,5,,28,39,,1,1,1,1,1,8,1,1,1,0,0,0,4,0,0,0,0,"A_2020",1,0,1,0,0,,1,1,1,1,1,1,1,1,0,0,0,0,2,,2,0,0,2,FALSE,FALSE,FALSE,FALSE,13,FALSE,FALSE,FALSE,FALSE,FALSE,FALSE,FALSE,FALSE,15,FALSE,28,26,FALSE,39,FALSE,FALSE,TRUE,FALSE
100226,"A",2020,0,0,15,1,2,,18,3,0,0,7,5,50,56,0,0,1,1,0,0,9,1,1,1,0,0,0,3,0,0,1,40,"A_2020",0,0,1,0,0,0,0,1,1,0,0,1,1,1,0,0,0,1,2,,3,0,0,3,FALSE,FALSE,FALSE,FALSE,18,FALSE,FALSE,TRUE,FALSE,FALSE,FALSE,FALSE,FALSE,32,FALSE,50,38,FALSE,56,FALSE,FALSE,FALSE,FALSE
100227,"A",2020,0,1,12,1,3,,13,8,1,0,6,,30,40,,0,0,1,1,1,6,1,0,0,0,0,0,2,0,0,0,0,"A_2020",0,1,1,1,0,,0,0,1,1,1,1,0,0,0,0,0,0,3,,8,0,0,1,FALSE,FALSE,FALSE,TRUE,13,FALSE,FALSE,FALSE,FALSE,FALSE,FALSE,FALSE,FALSE,17,FALSE,30,27,FALSE,40,FALSE,FALSE,FALSE,FALSE
100228,"A",2020,0,0,13,1,2,,17,6,1,0,7,,40,,,0,1,0,0,0,5,0,0,0,0,0,0,1,0,1,1,25,"A_2020",0,0,1,1,0,,0,1,0,0,0,0,0,0,0,0,1,1,2,,6,0,0,4,FALSE,FALSE,FALSE,FALSE,17,FALSE,FALSE,FALSE,FALSE,FALSE,FALSE,FALSE,FALSE,23,FALSE,40,,FALSE,,FALSE,FALSE,FALSE,FALSE
100229,"B",2018,1,0,12,0,2,,16,7,1,0,5,,36,,,1,1,1,1,1,10,1,1,1,0,0,0,6,0,0,0,0,"B_2018",1,0,0,1,0,,1,1,1,1,1,1,1,1,0,0,0,0,2,,7,0,0,4,FALSE,FALSE,FALSE,FALSE,16,FALSE,FALSE,FALSE,FALSE,FALSE,FALSE,FALSE,FALSE,20,FALSE,36,,FALSE,,FALSE,TRUE,TRUE,FALSE
100230,"A",2020,0,1,12,1,2,1,14,3,0,0,5,5,43,45,0,0,1,1,1,1,8,1,1,1,0,0,0,4,0,0,0,0,"A_2020",0,1,1,0,0,0,0,1,1,1,1,1,1,1,0,0,0,0,2,1,3,0,0,2,FALSE,FALSE,FALSE,FALSE,14,FALSE,FALSE,FALSE,FALSE,FALSE,FALSE,FALSE,FALSE,29,FALSE,43,31,FALSE,45,FALSE,FALSE,TRUE,FALSE
100231,"A",2020,1,0,,1,2,6,15,4,1,0,5,5,32,38,0,0,1,1,0,1,8,1,1,1,1,1,1,4,0,0,0,0,"A_2020",1,0,1,1,0,0,0,1,1,0,1,1,1,1,1,0,0,0,2,6,4,1,1,,TRUE,FALSE,FALSE,FALSE,15,FALSE,FALSE,FALSE,FALSE,FALSE,FALSE,FALSE,FALSE,17,FALSE,32,23,FALSE,38,FALSE,FALSE,FALSE,FALSE
100232,"B",2018,1,1,11,0,3,,16,7,1,1,7,,35,,,0,0,0,1,1,8,1,1,1,1,1,2,6,0,0,0,0,"B_2018",1,1,0,1,1,,0,0,0,1,1,1,1,1,1,0,0,0,3,,7,1,2,5,FALSE,FALSE,FALSE,TRUE,16,FALSE,FALSE,FALSE,FALSE,FALSE,FALSE,FALSE,FALSE,19,FALSE,35,,FALSE,,FALSE,TRUE,FALSE,FALSE
100233,"A",2020,1,1,13,1,2,8,16,3,0,0,5,5,40,51,0,1,1,1,1,1,8,1,1,1,0,0,0,4,0,0,0,0,"A_2020",1,1,1,0,0,0,1,1,1,1,1,1,1,1,0,0,0,0,2,8,3,0,0,3,FALSE,FALSE,FALSE,FALSE,16,FALSE,FALSE,FALSE,FALSE,FALSE,FALSE,FALSE,FALSE,24,FALSE,40,35,FALSE,51,FALSE,FALSE,FALSE,FALSE
100234,"A",2020,0,0,12,1,1,9,14,3,0,0,5,9,39,39,0,0,1,1,1,1,8,1,1,1,0,0,0,4,0,0,0,0,"A_2020",0,0,1,0,0,0,0,1,1,1,1,1,1,1,0,0,0,0,1,9,3,0,0,2,FALSE,FALSE,FALSE,FALSE,14,FALSE,FALSE,FALSE,FALSE,FALSE,FALSE,FALSE,FALSE,25,FALSE,39,25,FALSE,39,FALSE,FALSE,TRUE,FALSE
100235,"A",2020,0,1,12,1,1,19,14,3,0,0,5,8,40,42,,0,1,1,1,1,7,1,1,0,0,0,0,3,0,0,0,0,"A_2020",0,1,1,0,0,,0,1,1,1,1,1,1,0,0,0,0,0,1,19,3,0,0,2,FALSE,FALSE,FALSE,FALSE,14,FALSE,FALSE,FALSE,FALSE,FALSE,FALSE,FALSE,FALSE,26,FALSE,40,28,FALSE,42,FALSE,FALSE,FALSE,FALSE
100236,"A",2022,0,0,13,1,2,,13,7,1,0,,,,,,0,1,0,0,1,7,1,1,0,0,0,0,2,0,0,1,6,"A_2022",0,0,1,1,0,,0,1,0,0,1,1,1,0,0,0,0,1,2,,7,0,0,0,FALSE,FALSE,TRUE,TRUE,13,FALSE,FALSE,FALSE,FALSE,FALSE,FALSE,FALSE,FALSE,,FALSE,,,FALSE,,FALSE,FALSE,TRUE,FALSE
100237,"A",2020,0,0,11,1,2,11,14,3,0,1,2,2,52,53,0,0,1,1,1,1,8,1,1,1,0,0,0,4,0,0,0,0,"A_2020",0,0,1,0,1,0,0,1,1,1,1,1,1,1,0,0,0,0,2,11,3,0,0,3,FALSE,FALSE,FALSE,FALSE,14,FALSE,FALSE,FALSE,FALSE,FALSE,FALSE,FALSE,FALSE,38,FALSE,52,39,FALSE,53,FALSE,FALSE,FALSE,FALSE
100238,"A",2020,1,1,14,1,2,4,17,3,0,0,9,11,34,38,1,0,1,1,0,0,6,1,0,0,0,0,0,2,0,0,0,0,"A_2020",1,1,1,0,0,1,0,1,1,0,0,1,0,0,0,0,0,0,2,4,3,0,0,3,FALSE,FALSE,FALSE,FALSE,17,FALSE,FALSE,FALSE,FALSE,FALSE,FALSE,FALSE,FALSE,17,FALSE,34,21,FALSE,38,FALSE,FALSE,FALSE,FALSE
100239,"A",2020,0,0,12,1,2,19,15,7,1,0,7,,38,,,0,1,0,0,1,7,1,1,0,1,1,1,4,0,0,0,0,"A_2020",0,0,1,1,0,,0,1,0,0,1,1,1,0,1,0,0,0,2,19,7,1,1,3,FALSE,FALSE,FALSE,FALSE,15,FALSE,FALSE,FALSE,FALSE,FALSE,FALSE,FALSE,FALSE,23,FALSE,38,,FALSE,,FALSE,FALSE,FALSE,FALSE
100240,"A",2020,0,0,13,1,2,,15,3,0,0,5,2,40,49,0,0,1,1,1,1,8,1,1,1,0,0,0,4,0,0,0,0,"A_2020",0,0,1,0,0,0,0,1,1,1,1,1,1,1,0,0,0,0,2,,3,0,0,2,FALSE,FALSE,FALSE,FALSE,15,FALSE,FALSE,FALSE,FALSE,FALSE,FALSE,FALSE,FALSE,25,FALSE,40,34,FALSE,49,FALSE,FALSE,TRUE,FALSE
100241,"A",2020,0,1,12,1,3,16,14,4,0,0,11,11,37,42,0,0,0,0,0,1,7,1,1,0,0,1,1,4,0,0,0,0,"A_2020",0,1,1,0,0,0,0,0,0,0,1,1,1,0,1,0,0,0,3,16,4,0,1,2,FALSE,FALSE,FALSE,FALSE,14,FALSE,FALSE,FALSE,FALSE,FALSE,FALSE,FALSE,FALSE,23,FALSE,37,28,FALSE,42,FALSE,FALSE,TRUE,FALSE
100242,"A",2020,0,1,13,1,2,,16,3,0,0,0,5,56,60,0,0,1,1,0,0,8,1,1,1,0,0,0,3,0,0,1,0,"A_2020",0,1,1,0,0,0,0,1,1,0,0,1,1,1,0,0,0,1,2,,3,0,0,3,FALSE,FALSE,FALSE,FALSE,16,FALSE,FALSE,FALSE,FALSE,FALSE,FALSE,FALSE,FALSE,40,FALSE,56,44,FALSE,60,FALSE,FALSE,FALSE,FALSE
100243,"A",2020,1,1,13,1,2,12,16,7,1,0,5,5,46,63,0,0,1,0,0,0,5,0,0,0,1,1,1,2,0,0,1,40,"A_2020",1,1,1,1,0,0,0,1,0,0,0,0,0,0,1,0,0,1,2,12,7,1,1,3,FALSE,FALSE,FALSE,FALSE,16,FALSE,FALSE,FALSE,FALSE,FALSE,FALSE,FALSE,FALSE,30,FALSE,46,47,FALSE,63,FALSE,FALSE,FALSE,FALSE
100244,"A",2020,0,0,12,1,2,8,14,4,0,0,10,,38,,,0,1,1,1,1,8,1,1,1,0,0,0,4,0,0,0,0,"A_2020",0,0,1,0,0,,0,1,1,1,1,1,1,1,0,0,0,0,2,8,4,0,0,2,FALSE,FALSE,FALSE,FALSE,14,FALSE,FALSE,FALSE,FALSE,FALSE,FALSE,FALSE,FALSE,24,FALSE,38,,FALSE,,FALSE,FALSE,TRUE,FALSE
100245,"A",2022,1,1,12,1,2,,12,7,1,0,7,4,33,36,0,0,0,0,0,1,6,1,0,0,0,0,0,2,0,0,0,0,"A_2022",1,1,1,1,0,0,0,0,0,0,1,1,0,0,0,0,0,0,2,,7,0,0,0,FALSE,FALSE,TRUE,TRUE,12,FALSE,FALSE,FALSE,FALSE,FALSE,FALSE,FALSE,FALSE,21,FALSE,33,24,FALSE,36,FALSE,FALSE,TRUE,FALSE
100246,"B",2018,0,0,12,0,2,,17,7,1,1,,,,,,0,0,0,0,0,9,1,1,1,0,0,0,4,1,1,0,0,"B_2018",0,0,0,1,1,,0,0,0,0,0,1,1,1,0,1,1,0,2,,7,0,0,5,FALSE,FALSE,FALSE,TRUE,17,FALSE,FALSE,FALSE,FALSE,FALSE,FALSE,FALSE,FALSE,,FALSE,,,FALSE,,FALSE,FALSE,FALSE,FALSE
100247,"A",2020,1,1,14,1,2,11,16,2,0,1,0,1,48,58,0,1,1,1,1,1,8,1,1,1,0,0,0,4,0,0,0,0,"A_2020",1,1,1,0,1,0,1,1,1,1,1,1,1,1,0,0,0,0,2,11,2,0,0,2,FALSE,FALSE,FALSE,FALSE,16,FALSE,FALSE,FALSE,FALSE,FALSE,FALSE,FALSE,FALSE,32,FALSE,48,42,FALSE,58,FALSE,FALSE,TRUE,FALSE
100248,"A",2020,1,1,14,1,1,19,16,6,0,0,9,9,35,41,1,1,0,1,1,1,8,1,1,1,2,1,2,6,0,0,0,0,"A_2020",1,1,1,0,0,1,1,0,1,1,1,1,1,1,1,0,0,0,1,19,6,2,2,2,FALSE,FALSE,FALSE,FALSE,16,FALSE,FALSE,FALSE,FALSE,FALSE,FALSE,FALSE,FALSE,19,FALSE,35,25,FALSE,41,FALSE,TRUE,TRUE,FALSE
100249,"A",2020,1,1,13,1,2,19,15,4,0,0,10,5,34,38,1,1,1,1,1,1,8,1,1,1,1,1,1,5,0,0,0,0,"A_2020",1,1,1,0,0,1,1,1,1,1,1,1,1,1,1,0,0,0,2,19,4,1,1,2,FALSE,FALSE,FALSE,FALSE,15,FALSE,FALSE,FALSE,FALSE,FALSE,FALSE,FALSE,FALSE,19,FALSE,34,23,FALSE,38,FALSE,TRUE,TRUE,FALSE
100250,"A",2022,0,0,12,1,3,,12,7,1,0,5,,51,,0,0,1,1,1,1,6,1,0,0,0,0,0,2,0,0,0,0,"A_2022",0,0,1,1,0,0,0,1,1,1,1,1,0,0,0,0,0,0,3,,7,0,0,0,FALSE,FALSE,TRUE,TRUE,12,FALSE,FALSE,FALSE,FALSE,FALSE,FALSE,FALSE,FALSE,39,FALSE,51,,FALSE,,FALSE,FALSE,TRUE,FALSE
100251,"A",2020,1,1,11,1,2,4,13,3,0,0,3,3,48,49,1,1,1,1,1,1,8,1,1,1,0,0,0,4,0,0,0,0,"A_2020",1,1,1,0,0,1,1,1,1,1,1,1,1,1,0,0,0,0,2,4,3,0,0,2,FALSE,FALSE,FALSE,FALSE,13,FALSE,FALSE,FALSE,FALSE,FALSE,FALSE,FALSE,FALSE,35,FALSE,48,36,FALSE,49,FALSE,FALSE,TRUE,FALSE
100252,"A",2020,1,0,13,1,1,19,15,3,0,0,1,,45,,,1,1,1,1,1,8,1,1,1,0,0,0,4,0,0,0,0,"A_2020",1,0,1,0,0,,1,1,1,1,1,1,1,1,0,0,0,0,1,19,3,0,0,2,FALSE,FALSE,FALSE,FALSE,15,FALSE,FALSE,FALSE,FALSE,FALSE,FALSE,FALSE,FALSE,30,FALSE,45,,FALSE,,FALSE,FALSE,TRUE,FALSE
100253,"A",2020,0,1,13,1,2,5,15,7,1,0,7,7,37,40,0,0,1,0,0,0,5,0,0,0,0,0,0,1,0,0,0,0,"A_2020",0,1,1,1,0,0,0,1,0,0,0,0,0,0,0,0,0,0,2,5,7,0,0,2,FALSE,FALSE,FALSE,FALSE,15,FALSE,FALSE,FALSE,FALSE,FALSE,FALSE,FALSE,FALSE,22,FALSE,37,25,FALSE,40,FALSE,FALSE,FALSE,FALSE
100254,"A",2020,1,1,13,1,3,16,16,11,1,0,8,7,39,45,0,0,0,0,0,0,7,1,1,0,2,1,2,5,0,0,0,0,"A_2020",1,1,1,1,0,0,0,0,0,0,0,1,1,0,1,0,0,0,3,16,11,2,2,3,FALSE,FALSE,FALSE,FALSE,16,FALSE,FALSE,FALSE,FALSE,FALSE,FALSE,FALSE,FALSE,23,FALSE,39,29,FALSE,45,FALSE,TRUE,TRUE,FALSE
100255,"A",2020,1,0,15,1,2,5,18,5,1,0,8,,40,,,1,,,1,1,9,1,1,1,,0,0,1,0,0,0,0,"A_2020",1,0,1,1,0,,1,,,1,1,1,1,1,0,0,0,0,2,5,5,,0,3,FALSE,FALSE,FALSE,FALSE,18,FALSE,FALSE,TRUE,FALSE,FALSE,FALSE,FALSE,FALSE,22,FALSE,40,,FALSE,,FALSE,FALSE,FALSE,FALSE
100256,"A",2020,0,1,12,1,2,17,15,3,0,0,,,46,56,0,0,0,0,1,1,7,1,1,0,0,0,0,4,0,0,0,0,"A_2020",0,1,1,0,0,0,0,0,0,1,1,1,1,0,0,0,0,0,2,17,3,0,0,3,FALSE,FALSE,FALSE,FALSE,15,FALSE,FALSE,FALSE,FALSE,FALSE,FALSE,FALSE,FALSE,31,FALSE,46,41,FALSE,56,FALSE,FALSE,FALSE,FALSE
100257,"A",2020,1,0,12,1,2,11,14,3,0,0,2,2,44,55,0,1,1,1,1,1,8,1,1,1,0,0,0,4,0,0,0,0,"A_2020",1,0,1,0,0,0,1,1,1,1,1,1,1,1,0,0,0,0,2,11,3,0,0,2,FALSE,FALSE,FALSE,FALSE,14,FALSE,FALSE,FALSE,FALSE,FALSE,FALSE,FALSE,FALSE,30,FALSE,44,41,FALSE,55,FALSE,FALSE,TRUE,FALSE
100258,"A",2020,0,0,,1,2,6,17,3,0,0,5,11,41,41,1,0,0,0,0,1,10,1,1,1,0,1,1,6,0,0,0,0,"A_2020",0,0,1,0,0,1,0,0,0,0,1,1,1,1,1,0,0,0,2,6,3,0,1,,TRUE,FALSE,FALSE,FALSE,17,FALSE,FALSE,FALSE,FALSE,FALSE,FALSE,FALSE,FALSE,24,FALSE,41,24,FALSE,41,FALSE,TRUE,FALSE,FALSE
100259,"A",2020,0,0,14,1,1,,14,8,1,0,5,5,43,46,0,0,1,0,0,0,7,1,1,0,0,0,0,2,0,0,1,40,"A_2020",0,0,1,1,0,0,0,1,0,0,0,1,1,0,0,0,0,1,1,,8,0,0,0,FALSE,FALSE,TRUE,TRUE,14,FALSE,FALSE,FALSE,FALSE,FALSE,FALSE,FALSE,FALSE,29,FALSE,43,32,FALSE,46,FALSE,FALSE,TRUE,FALSE
100260,"A",2020,0,0,12,1,1,19,14,4,0,0,5,,36,,,0,1,1,1,1,8,1,1,1,0,0,0,4,0,0,0,0,"A_2020",0,0,1,0,0,,0,1,1,1,1,1,1,1,0,0,0,0,1,19,4,0,0,2,FALSE,FALSE,FALSE,FALSE,14,FALSE,FALSE,FALSE,FALSE,FALSE,FALSE,FALSE,FALSE,22,FALSE,36,,FALSE,,FALSE,FALSE,TRUE,FALSE
100261,"A",2020,0,0,11,1,,7,14,3,0,0,7,8,38,40,0,0,1,1,1,1,8,1,1,1,0,0,0,4,0,0,0,0,"A_2020",0,0,1,0,0,0,0,1,1,1,1,1,1,1,0,0,0,0,,7,3,0,0,3,FALSE,FALSE,FALSE,FALSE,14,FALSE,FALSE,FALSE,FALSE,FALSE,FALSE,FALSE,FALSE,24,FALSE,38,26,FALSE,40,FALSE,FALSE,FALSE,FALSE
100262,"A",2020,1,0,12,1,2,4,14,3,0,0,5,5,41,38,0,1,1,1,1,1,8,1,1,1,0,0,0,4,0,0,0,0,"A_2020",1,0,1,0,0,0,1,1,1,1,1,1,1,1,0,0,0,0,2,4,3,0,0,2,FALSE,FALSE,FALSE,FALSE,14,FALSE,FALSE,FALSE,FALSE,FALSE,FALSE,FALSE,FALSE,27,FALSE,41,24,FALSE,38,FALSE,FALSE,TRUE,FALSE
100263,"A",2020,0,1,11,1,,11,14,6,0,0,7,6,36,37,0,0,1,1,1,1,7,1,1,0,1,1,1,4,0,0,0,0,"A_2020",0,1,1,0,0,0,0,1,1,1,1,1,1,0,1,0,0,0,,11,6,1,1,3,FALSE,FALSE,FALSE,FALSE,14,FALSE,FALSE,FALSE,FALSE,FALSE,FALSE,FALSE,FALSE,22,FALSE,36,23,FALSE,37,FALSE,FALSE,FALSE,FALSE
100264,"A",2020,1,1,13,1,3,,15,4,0,0,6,6,37,37,0,1,1,1,1,1,8,1,1,1,0,0,0,4,0,0,0,0,"A_2020",1,1,1,0,0,0,1,1,1,1,1,1,1,1,0,0,0,0,3,,4,0,0,2,FALSE,FALSE,FALSE,FALSE,15,FALSE,FALSE,FALSE,FALSE,FALSE,FALSE,FALSE,FALSE,22,FALSE,37,22,FALSE,37,FALSE,FALSE,TRUE,FALSE
100265,"A",2020,1,1,13,1,2,,16,5,0,0,9,5,50,49,0,0,1,1,0,1,6,1,0,0,0,0,0,3,0,0,1,30,"A_2020",1,1,1,0,0,0,0,1,1,0,1,1,0,0,0,0,0,1,2,,5,0,0,3,FALSE,FALSE,FALSE,FALSE,16,FALSE,FALSE,FALSE,FALSE,FALSE,FALSE,FALSE,FALSE,34,FALSE,50,33,FALSE,49,FALSE,FALSE,FALSE,FALSE
100266,"B",2018,1,0,11,1,3,,15,5,1,0,,6,,42,0,0,1,1,0,1,9,1,1,1,0,0,0,6,0,0,0,0,"B_2018",1,0,1,1,0,0,0,1,1,0,1,1,1,1,0,0,0,0,3,,5,0,0,4,FALSE,FALSE,FALSE,FALSE,15,FALSE,FALSE,FALSE,FALSE,FALSE,FALSE,FALSE,FALSE,,FALSE,,27,FALSE,42,FALSE,TRUE,TRUE,FALSE
100267,"A",2020,1,1,,1,2,,17,8,1,0,8,5,37,37,1,1,1,1,1,1,8,1,1,1,0,0,0,4,0,0,1,20,"A_2020",1,1,1,1,0,1,1,1,1,1,1,1,1,1,0,0,0,1,2,,8,0,0,,TRUE,FALSE,FALSE,FALSE,17,FALSE,FALSE,FALSE,FALSE,FALSE,FALSE,FALSE,FALSE,20,FALSE,37,20,FALSE,37,FALSE,FALSE,FALSE,FALSE
100268,"A",2020,0,0,12,1,2,16,14,4,0,0,6,3,50,57,0,0,1,1,1,1,8,1,1,1,0,0,0,4,0,0,0,0,"A_2020",0,0,1,0,0,0,0,1,1,1,1,1,1,1,0,0,0,0,2,16,4,0,0,2,FALSE,FALSE,FALSE,FALSE,14,FALSE,FALSE,FALSE,FALSE,FALSE,FALSE,FALSE,FALSE,36,FALSE,50,43,FALSE,57,FALSE,FALSE,TRUE,FALSE
100269,"B",2018,1,0,11,1,2,,15,5,1,1,8,5,39,41,0,1,1,1,1,1,9,1,1,1,0,0,0,6,0,0,0,0,"B_2018",1,0,1,1,1,0,1,1,1,1,1,1,1,1,0,0,0,0,2,,5,0,0,4,FALSE,FALSE,FALSE,FALSE,15,FALSE,FALSE,FALSE,FALSE,FALSE,FALSE,FALSE,FALSE,24,FALSE,39,26,FALSE,41,FALSE,TRUE,TRUE,FALSE
100270,"A",2020,0,0,12,1,2,7,14,4,0,0,6,,44,,,0,1,1,0,0,7,1,1,0,0,0,0,3,0,1,0,0,"A_2020",0,0,1,0,0,,0,1,1,0,0,1,1,0,0,0,1,0,2,7,4,0,0,2,FALSE,FALSE,FALSE,FALSE,14,FALSE,FALSE,FALSE,FALSE,FALSE,FALSE,FALSE,FALSE,30,FALSE,44,,FALSE,,FALSE,FALSE,FALSE,FALSE
100271,"A",2020,1,0,12,1,3,4,14,4,0,0,8,,37,,,1,1,1,1,1,8,1,1,1,0,0,0,4,0,0,0,0,"A_2020",1,0,1,0,0,,1,1,1,1,1,1,1,1,0,0,0,0,3,4,4,0,0,2,FALSE,FALSE,FALSE,FALSE,14,FALSE,FALSE,FALSE,FALSE,FALSE,FALSE,FALSE,FALSE,23,FALSE,37,,FALSE,,FALSE,FALSE,TRUE,FALSE
100272,"A",2020,1,0,13,1,1,,16,4,0,0,5,,51,,,0,1,1,0,1,8,1,1,1,0,0,0,4,0,0,0,0,"A_2020",1,0,1,0,0,,0,1,1,0,1,1,1,1,0,0,0,0,1,,4,0,0,3,FALSE,FALSE,FALSE,FALSE,16,FALSE,FALSE,FALSE,FALSE,FALSE,FALSE,FALSE,FALSE,35,FALSE,51,,FALSE,,FALSE,FALSE,FALSE,FALSE
100273,"A",2020,1,0,12,1,1,5,15,9,1,0,2,5,32,33,0,1,1,1,1,1,8,1,1,1,0,0,0,4,0,0,0,0,"A_2020",1,0,1,1,0,0,1,1,1,1,1,1,1,1,0,0,0,0,1,5,9,0,0,3,FALSE,FALSE,FALSE,FALSE,15,FALSE,FALSE,FALSE,FALSE,FALSE,FALSE,FALSE,FALSE,17,FALSE,32,18,FALSE,33,FALSE,FALSE,FALSE,FALSE
100274,"A",2020,1,1,14,1,3,11,16,2,0,0,2,,48,51,,1,1,1,1,1,8,1,1,1,0,0,0,4,0,0,0,0,"A_2020",1,1,1,0,0,,1,1,1,1,1,1,1,1,0,0,0,0,3,11,2,0,0,2,FALSE,FALSE,FALSE,FALSE,16,FALSE,FALSE,FALSE,FALSE,FALSE,FALSE,FALSE,FALSE,32,FALSE,48,35,FALSE,51,FALSE,FALSE,TRUE,FALSE
100275,"A",2020,0,1,13,1,,18,15,3,0,0,5,5,34,44,1,0,1,1,1,1,8,1,1,1,0,0,0,4,0,0,0,0,"A_2020",0,1,1,0,0,1,0,1,1,1,1,1,1,1,0,0,0,0,,18,3,0,0,2,FALSE,FALSE,FALSE,FALSE,15,FALSE,FALSE,FALSE,FALSE,FALSE,FALSE,FALSE,FALSE,19,FALSE,34,29,FALSE,44,FALSE,FALSE,TRUE,FALSE
100276,"A",2022,0,0,12,1,3,,12,7,1,0,5,4,37,50,0,0,1,1,1,1,6,1,0,0,0,0,0,2,0,0,0,0,"A_2022",0,0,1,1,0,0,0,1,1,1,1,1,0,0,0,0,0,0,3,,7,0,0,0,FALSE,FALSE,TRUE,TRUE,12,FALSE,FALSE,FALSE,FALSE,FALSE,FALSE,FALSE,FALSE,25,FALSE,37,38,FALSE,50,FALSE,FALSE,TRUE,FALSE
100277,"A",2022,0,0,16,1,2,,16,7,1,0,8,3,36,63,0,0,1,1,1,1,6,1,0,0,0,0,0,2,0,0,0,0,"A_2022",0,0,1,1,0,0,0,1,1,1,1,1,0,0,0,0,0,0,2,,7,0,0,0,FALSE,FALSE,TRUE,TRUE,16,FALSE,FALSE,FALSE,FALSE,FALSE,FALSE,FALSE,FALSE,20,FALSE,36,47,FALSE,63,FALSE,FALSE,TRUE,FALSE
100278,"A",2022,1,1,12,1,2,,12,7,1,0,11,11,32,34,0,0,1,1,1,1,6,1,0,0,0,0,0,2,0,0,0,0,"A_2022",1,1,1,1,0,0,0,1,1,1,1,1,0,0,0,0,0,0,2,,7,0,0,0,FALSE,FALSE,TRUE,TRUE,12,FALSE,FALSE,FALSE,FALSE,FALSE,FALSE,FALSE,FALSE,20,FALSE,32,22,FALSE,34,FALSE,FALSE,TRUE,FALSE
100279,"A",2020,0,1,12,1,2,,14,3,0,0,5,0,37,42,0,0,1,0,0,1,7,1,1,0,0,0,0,3,0,0,0,0,"A_2020",0,1,1,0,0,0,0,1,0,0,1,1,1,0,0,0,0,0,2,,3,0,0,2,FALSE,FALSE,FALSE,FALSE,14,FALSE,FALSE,FALSE,FALSE,FALSE,FALSE,FALSE,FALSE,23,FALSE,37,28,FALSE,42,FALSE,FALSE,FALSE,FALSE
100280,"A",2020,0,0,12,1,2,17,14,4,0,0,7,5,36,40,0,0,1,0,0,1,7,1,1,0,0,1,1,4,0,0,0,0,"A_2020",0,0,1,0,0,0,0,1,0,0,1,1,1,0,1,0,0,0,2,17,4,0,1,2,FALSE,FALSE,FALSE,FALSE,14,FALSE,FALSE,FALSE,FALSE,FALSE,FALSE,FALSE,FALSE,22,FALSE,36,26,FALSE,40,FALSE,FALSE,TRUE,FALSE
100281,"A",2020,0,0,13,1,,15,15,8,1,0,,,,32,,0,1,0,0,1,7,1,1,0,0,1,1,4,0,0,0,0,"A_2020",0,0,1,1,0,,0,1,0,0,1,1,1,0,1,0,0,0,,15,8,0,1,2,FALSE,FALSE,FALSE,FALSE,15,FALSE,FALSE,FALSE,FALSE,FALSE,FALSE,FALSE,FALSE,,FALSE,,17,FALSE,32,FALSE,FALSE,TRUE,FALSE
100282,"A",2020,1,1,14,1,2,,17,8,1,0,11,,40,,,0,1,1,0,0,7,1,1,0,0,0,0,2,0,0,1,40,"A_2020",1,1,1,1,0,,0,1,1,0,0,1,1,0,0,0,0,1,2,,8,0,0,3,FALSE,FALSE,FALSE,FALSE,17,FALSE,FALSE,FALSE,FALSE,FALSE,FALSE,FALSE,FALSE,23,FALSE,40,,FALSE,,FALSE,FALSE,FALSE,FALSE
100283,"A",2020,0,0,14,1,2,17,16,4,0,0,3,5,46,50,0,0,1,1,1,1,7,1,1,0,0,0,0,3,0,0,0,0,"A_2020",0,0,1,0,0,0,0,1,1,1,1,1,1,0,0,0,0,0,2,17,4,0,0,2,FALSE,FALSE,FALSE,FALSE,16,FALSE,FALSE,FALSE,FALSE,FALSE,FALSE,FALSE,FALSE,30,FALSE,46,34,FALSE,50,FALSE,FALSE,FALSE,FALSE
100284,"A",2020,0,1,16,1,2,5,18,3,0,0,,,,,,0,0,0,0,0,7,1,1,0,0,0,0,3,0,0,1,40,"A_2020",0,1,1,0,0,,0,0,0,0,0,1,1,0,0,0,0,1,2,5,3,0,0,2,FALSE,FALSE,FALSE,FALSE,18,FALSE,FALSE,FALSE,FALSE,FALSE,FALSE,FALSE,FALSE,,FALSE,,,FALSE,,FALSE,FALSE,FALSE,FALSE
100285,"A",2022,1,0,12,1,2,,12,7,1,0,5,5,36,36,,0,1,1,1,1,6,1,0,0,0,0,0,2,0,0,0,0,"A_2022",1,0,1,1,0,,0,1,1,1,1,1,0,0,0,0,0,0,2,,7,0,0,0,FALSE,FALSE,TRUE,TRUE,12,FALSE,FALSE,FALSE,FALSE,FALSE,FALSE,FALSE,FALSE,24,FALSE,36,24,FALSE,36,FALSE,FALSE,TRUE,FALSE
100286,"A",2022,1,0,12,1,2,,13,7,1,0,2,3,32,43,0,0,1,0,1,1,5,0,0,0,0,0,0,1,0,0,1,0,"A_2022",1,0,1,1,0,0,0,1,0,1,1,0,0,0,0,0,0,1,2,,7,0,0,1,FALSE,FALSE,FALSE,TRUE,13,FALSE,FALSE,FALSE,FALSE,FALSE,FALSE,FALSE,FALSE,19,FALSE,32,30,FALSE,43,FALSE,FALSE,FALSE,FALSE
100287,"B",2018,1,1,11,0,2,,16,7,1,0,2,5,36,35,0,0,1,1,1,1,9,1,1,1,0,1,1,6,0,0,1,40,"B_2018",1,1,0,1,0,0,0,1,1,1,1,1,1,1,1,0,0,1,2,,7,0,1,5,FALSE,FALSE,FALSE,TRUE,16,FALSE,FALSE,FALSE,FALSE,FALSE,FALSE,FALSE,FALSE,20,FALSE,36,19,FALSE,35,FALSE,TRUE,FALSE,FALSE
100288,"A",2020,0,0,12,1,2,17,14,3,0,0,7,5,34,36,0,0,1,0,0,1,8,1,1,1,0,0,0,4,0,0,0,0,"A_2020",0,0,1,0,0,0,0,1,0,0,1,1,1,1,0,0,0,0,2,17,3,0,0,2,FALSE,FALSE,FALSE,FALSE,14,FALSE,FALSE,FALSE,FALSE,FALSE,FALSE,FALSE,FALSE,20,FALSE,34,22,FALSE,36,FALSE,FALSE,TRUE,FALSE
100289,"A",2020,0,0,11,1,,19,14,5,0,0,7,9,33,37,1,0,1,1,1,1,8,1,1,1,0,0,0,4,0,0,0,0,"A_2020",0,0,1,0,0,1,0,1,1,1,1,1,1,1,0,0,0,0,,19,5,0,0,3,FALSE,FALSE,FALSE,FALSE,14,FALSE,FALSE,FALSE,FALSE,FALSE,FALSE,FALSE,FALSE,19,FALSE,33,23,FALSE,37,FALSE,FALSE,FALSE,FALSE
100290,"A",2022,1,0,11,1,,,12,7,1,0,5,5,30,43,0,1,1,1,1,1,6,1,0,0,0,0,0,2,0,0,0,0,"A_2022",1,0,1,1,0,0,1,1,1,1,1,1,0,0,0,0,0,0,,,7,0,0,1,FALSE,FALSE,FALSE,TRUE,12,FALSE,FALSE,FALSE,FALSE,FALSE,FALSE,FALSE,FALSE,18,FALSE,30,31,FALSE,43,FALSE,FALSE,FALSE,FALSE
100291,"A",2020,1,1,14,1,3,17,16,3,0,0,,,,,,0,1,1,0,0,7,1,1,0,1,1,1,3,0,1,1,28,"A_2020",1,1,1,0,0,,0,1,1,0,0,1,1,0,1,0,1,1,3,17,3,1,1,2,FALSE,FALSE,FALSE,FALSE,16,FALSE,FALSE,FALSE,FALSE,FALSE,FALSE,FALSE,FALSE,,FALSE,,,FALSE,,FALSE,FALSE,FALSE,FALSE
100292,"A",2022,0,1,13,1,2,,15,4,1,0,3,3,45,55,0,0,1,1,1,1,7,1,1,0,1,1,1,3,0,0,0,0,"A_2022",0,1,1,1,0,0,0,1,1,1,1,1,1,0,1,0,0,0,2,,4,1,1,2,FALSE,FALSE,FALSE,FALSE,15,FALSE,FALSE,FALSE,FALSE,FALSE,FALSE,FALSE,FALSE,30,FALSE,45,40,FALSE,55,FALSE,FALSE,FALSE,FALSE
100293,"B",2018,1,0,11,1,2,,16,6,1,0,11,5,37,38,0,1,1,1,1,1,9,1,1,1,0,0,0,6,0,0,0,0,"B_2018",1,0,1,1,0,0,1,1,1,1,1,1,1,1,0,0,0,0,2,,6,0,0,5,FALSE,FALSE,FALSE,TRUE,16,FALSE,FALSE,FALSE,FALSE,FALSE,FALSE,FALSE,FALSE,21,FALSE,37,22,FALSE,38,FALSE,TRUE,FALSE,FALSE
100294,"A",2020,1,0,12,1,,16,14,3,0,0,9,,42,52,,0,1,0,0,1,8,1,1,1,0,0,0,4,0,0,0,0,"A_2020",1,0,1,0,0,,0,1,0,0,1,1,1,1,0,0,0,0,,16,3,0,0,2,FALSE,FALSE,FALSE,FALSE,14,FALSE,FALSE,FALSE,FALSE,FALSE,FALSE,FALSE,FALSE,28,FALSE,42,38,FALSE,52,FALSE,FALSE,TRUE,FALSE
100295,"A",2020,0,0,14,1,3,18,16,2,0,0,6,4,37,40,0,0,1,1,1,1,8,1,1,1,0,0,0,4,0,0,0,0,"A_2020",0,0,1,0,0,0,0,1,1,1,1,1,1,1,0,0,0,0,3,18,2,0,0,2,FALSE,FALSE,FALSE,FALSE,16,FALSE,FALSE,FALSE,FALSE,FALSE,FALSE,FALSE,FALSE,21,FALSE,37,24,FALSE,40,FALSE,FALSE,TRUE,FALSE
100296,"A",2020,1,1,11,1,,5,13,3,0,0,5,5,32,34,0,0,1,1,0,1,8,1,1,1,0,0,0,4,0,0,0,0,"A_2020",1,1,1,0,0,0,0,1,1,0,1,1,1,1,0,0,0,0,,5,3,0,0,2,FALSE,FALSE,FALSE,FALSE,13,FALSE,FALSE,FALSE,FALSE,FALSE,FALSE,FALSE,FALSE,19,FALSE,32,21,FALSE,34,FALSE,FALSE,TRUE,FALSE
100297,"A",2020,0,0,10,1,2,,12,4,0,0,5,10,27,33,,0,1,1,1,1,8,1,1,1,0,0,0,4,0,0,0,0,"A_2020",0,0,1,0,0,,0,1,1,1,1,1,1,1,0,0,0,0,2,,4,0,0,2,FALSE,FALSE,FALSE,FALSE,12,FALSE,FALSE,FALSE,FALSE,FALSE,FALSE,FALSE,FALSE,15,FALSE,27,21,FALSE,33,FALSE,FALSE,TRUE,FALSE
100298,"B",2018,0,0,11,0,2,,15,7,1,1,,,38,39,0,0,0,0,0,1,8,1,1,1,0,0,0,5,0,0,0,0,"B_2018",0,0,0,1,1,0,0,0,0,0,1,1,1,1,0,0,0,0,2,,7,0,0,4,FALSE,FALSE,FALSE,FALSE,15,FALSE,FALSE,FALSE,FALSE,FALSE,FALSE,FALSE,FALSE,23,FALSE,38,24,FALSE,39,FALSE,TRUE,FALSE,FALSE
100299,"A",2020,1,1,13,1,2,19,16,2,0,0,2,6,39,38,0,1,1,1,0,1,8,1,1,1,0,0,0,4,0,0,0,0,"A_2020",1,1,1,0,0,0,1,1,1,0,1,1,1,1,0,0,0,0,2,19,2,0,0,3,FALSE,FALSE,FALSE,FALSE,16,FALSE,FALSE,FALSE,FALSE,FALSE,FALSE,FALSE,FALSE,23,FALSE,39,22,FALSE,38,FALSE,FALSE,FALSE,FALSE
100300,"A",2020,0,0,13,1,2,4,15,4,0,0,3,11,38,35,0,0,1,0,0,1,6,1,0,0,0,0,0,3,0,0,1,0,"A_2020",0,0,1,0,0,0,0,1,0,0,1,1,0,0,0,0,0,1,2,4,4,0,0,2,FALSE,FALSE,FALSE,FALSE,15,FALSE,FALSE,FALSE,FALSE,FALSE,FALSE,FALSE,FALSE,23,FALSE,38,20,FALSE,35,FALSE,FALSE,FALSE,FALSE
100301,"A",2020,0,0,13,1,2,4,16,6,0,0,5,2,43,40,1,0,1,1,1,1,8,1,1,1,0,0,0,4,0,0,0,0,"A_2020",0,0,1,0,0,1,0,1,1,1,1,1,1,1,0,0,0,0,2,4,6,0,0,3,FALSE,FALSE,FALSE,FALSE,16,FALSE,FALSE,FALSE,FALSE,FALSE,FALSE,FALSE,FALSE,27,FALSE,43,24,FALSE,40,FALSE,FALSE,FALSE,FALSE
100302,"B",2018,1,1,13,1,3,,17,6,1,0,5,,39,,,1,1,1,1,1,9,1,1,1,0,0,0,6,0,0,1,8,"B_2018",1,1,1,1,0,,1,1,1,1,1,1,1,1,0,0,0,1,3,,6,0,0,4,FALSE,FALSE,FALSE,FALSE,17,FALSE,FALSE,FALSE,FALSE,FALSE,FALSE,FALSE,FALSE,22,FALSE,39,,FALSE,,FALSE,TRUE,TRUE,FALSE
100303,"A",2020,1,1,11,1,2,19,14,3,0,0,5,5,42,39,0,1,1,1,1,1,8,1,1,1,0,0,0,4,0,0,0,0,"A_2020",1,1,1,0,0,0,1,1,1,1,1,1,1,1,0,0,0,0,2,19,3,0,0,3,FALSE,FALSE,FALSE,FALSE,14,FALSE,FALSE,FALSE,FALSE,FALSE,FALSE,FALSE,FALSE,28,FALSE,42,25,FALSE,39,FALSE,FALSE,FALSE,FALSE
100304,"A",2022,1,1,12,1,,,13,8,1,0,5,,32,39,0,0,0,0,0,1,5,0,0,0,1,1,1,2,0,0,0,0,"A_2022",1,1,1,1,0,0,0,0,0,0,1,0,0,0,1,0,0,0,,,8,1,1,1,FALSE,FALSE,FALSE,TRUE,13,FALSE,FALSE,FALSE,FALSE,FALSE,FALSE,FALSE,FALSE,19,FALSE,32,26,FALSE,39,FALSE,FALSE,FALSE,FALSE
100305,"A",2022,1,0,12,1,2,,12,7,1,0,5,5,42,40,0,0,0,0,0,1,6,1,0,0,0,0,0,2,0,0,0,0,"A_2022",1,0,1,1,0,0,0,0,0,0,1,1,0,0,0,0,0,0,2,,7,0,0,0,FALSE,FALSE,TRUE,TRUE,12,FALSE,FALSE,FALSE,FALSE,FALSE,FALSE,FALSE,FALSE,30,FALSE,42,28,FALSE,40,FALSE,FALSE,TRUE,FALSE
100306,"A",2020,1,1,13,1,,,16,6,0,0,4,,34,,,0,1,1,0,0,7,1,1,0,0,0,0,2,0,0,1,40,"A_2020",1,1,1,0,0,,0,1,1,0,0,1,1,0,0,0,0,1,,,6,0,0,3,FALSE,FALSE,FALSE,FALSE,16,FALSE,FALSE,FALSE,FALSE,FALSE,FALSE,FALSE,FALSE,18,FALSE,34,,FALSE,,FALSE,FALSE,FALSE,FALSE
100307,"A",2022,1,1,14,1,1,,15,7,1,0,5,5,40,45,0,0,1,0,0,1,5,0,0,0,1,1,1,2,0,0,0,0,"A_2022",1,1,1,1,0,0,0,1,0,0,1,0,0,0,1,0,0,0,1,,7,1,1,1,FALSE,FALSE,FALSE,TRUE,15,FALSE,FALSE,FALSE,FALSE,FALSE,FALSE,FALSE,FALSE,25,FALSE,40,30,FALSE,45,FALSE,FALSE,FALSE,FALSE
100308,"A",2020,0,1,15,1,3,16,17,3,0,0,,,,,,0,0,0,0,1,7,1,1,0,0,0,0,3,0,0,1,40,"A_2020",0,1,1,0,0,,0,0,0,0,1,1,1,0,0,0,0,1,3,16,3,0,0,2,FALSE,FALSE,FALSE,FALSE,17,FALSE,FALSE,FALSE,FALSE,FALSE,FALSE,FALSE,FALSE,,FALSE,,,FALSE,,FALSE,FALSE,FALSE,FALSE
100309,"A",2020,1,1,14,1,2,5,16,4,0,0,2,11,43,48,0,0,1,0,0,0,5,0,0,0,0,0,0,1,0,0,0,0,"A_2020",1,1,1,0,0,0,0,1,0,0,0,0,0,0,0,0,0,0,2,5,4,0,0,2,FALSE,FALSE,FALSE,FALSE,16,FALSE,FALSE,FALSE,FALSE,FALSE,FALSE,FALSE,FALSE,27,FALSE,43,32,FALSE,48,FALSE,FALSE,FALSE,FALSE
100310,"A",2020,1,0,13,1,2,,15,3,0,0,5,9,37,38,0,1,1,1,1,1,8,1,1,1,0,0,0,4,0,0,0,0,"A_2020",1,0,1,0,0,0,1,1,1,1,1,1,1,1,0,0,0,0,2,,3,0,0,2,FALSE,FALSE,FALSE,FALSE,15,FALSE,FALSE,FALSE,FALSE,FALSE,FALSE,FALSE,FALSE,22,FALSE,37,23,FALSE,38,FALSE,FALSE,TRUE,FALSE
100311,"A",2020,1,0,13,1,,16,16,5,1,0,7,,35,,,0,0,0,1,1,8,1,1,1,0,0,0,4,0,0,0,0,"A_2020",1,0,1,1,0,,0,0,0,1,1,1,1,1,0,0,0,0,,16,5,0,0,3,FALSE,FALSE,FALSE,FALSE,16,FALSE,FALSE,FALSE,FALSE,FALSE,FALSE,FALSE,FALSE,19,FALSE,35,,FALSE,,FALSE,FALSE,FALSE,FALSE
100312,"A",2022,1,0,13,1,,,14,7,1,0,3,4,42,41,0,1,1,1,1,1,6,1,0,0,0,0,0,2,0,0,0,0,"A_2022",1,0,1,1,0,0,1,1,1,1,1,1,0,0,0,0,0,0,,,7,0,0,1,FALSE,FALSE,FALSE,TRUE,14,FALSE,FALSE,FALSE,FALSE,FALSE,FALSE,FALSE,FALSE,28,FALSE,42,27,FALSE,41,FALSE,FALSE,FALSE,FALSE
100313,"A",2020,0,0,12,1,2,15,15,3,0,0,9,,42,45,0,0,1,0,0,1,7,1,1,0,1,1,1,4,0,0,0,0,"A_2020",0,0,1,0,0,0,0,1,0,0,1,1,1,0,1,0,0,0,2,15,3,1,1,3,FALSE,FALSE,FALSE,FALSE,15,FALSE,FALSE,FALSE,FALSE,FALSE,FALSE,FALSE,FALSE,27,FALSE,42,30,FALSE,45,FALSE,FALSE,FALSE,FALSE
100314,"A",2020,0,1,14,1,1,8,16,6,0,0,5,3,39,41,0,0,1,1,1,1,8,1,1,1,0,0,0,4,0,0,0,0,"A_2020",0,1,1,0,0,0,0,1,1,1,1,1,1,1,0,0,0,0,1,8,6,0,0,2,FALSE,FALSE,FALSE,FALSE,16,FALSE,FALSE,FALSE,FALSE,FALSE,FALSE,FALSE,FALSE,23,FALSE,39,25,FALSE,41,FALSE,FALSE,TRUE,FALSE
100315,"B",2018,1,0,10,0,1,,15,7,1,0,5,,42,,,0,1,1,0,0,8,1,1,1,0,0,0,4,0,0,1,40,"B_2018",1,0,0,1,0,,0,1,1,0,0,1,1,1,0,0,0,1,1,,7,0,0,5,FALSE,FALSE,FALSE,TRUE,15,FALSE,FALSE,FALSE,FALSE,FALSE,FALSE,FALSE,FALSE,27,FALSE,42,,FALSE,,FALSE,FALSE,FALSE,FALSE
100316,"A",2020,1,1,12,1,2,19,14,3,0,0,7,7,39,43,,0,0,0,0,1,8,1,1,1,0,0,0,4,0,0,0,0,"A_2020",1,1,1,0,0,,0,0,0,0,1,1,1,1,0,0,0,0,2,19,3,0,0,2,FALSE,FALSE,FALSE,FALSE,14,FALSE,FALSE,FALSE,FALSE,FALSE,FALSE,FALSE,FALSE,25,FALSE,39,29,FALSE,43,FALSE,FALSE,TRUE,FALSE
100317,"A",2020,1,1,12,1,1,19,15,4,0,0,5,5,34,45,0,0,0,0,0,1,8,1,1,1,0,0,0,4,0,0,0,0,"A_2020",1,1,1,0,0,0,0,0,0,0,1,1,1,1,0,0,0,0,1,19,4,0,0,3,FALSE,FALSE,FALSE,FALSE,15,FALSE,FALSE,FALSE,FALSE,FALSE,FALSE,FALSE,FALSE,19,FALSE,34,30,FALSE,45,FALSE,FALSE,FALSE,FALSE
100318,"A",2020,0,1,11,1,2,,14,3,0,0,3,4,35,40,0,0,1,1,1,1,8,1,1,1,0,0,0,4,0,0,1,32,"A_2020",0,1,1,0,0,0,0,1,1,1,1,1,1,1,0,0,0,1,2,,3,0,0,3,FALSE,FALSE,FALSE,FALSE,14,FALSE,FALSE,FALSE,FALSE,FALSE,FALSE,FALSE,FALSE,21,FALSE,35,26,FALSE,40,FALSE,FALSE,FALSE,FALSE
100319,"A",2020,0,0,14,1,2,17,16,3,0,0,7,5,39,39,0,0,1,1,0,1,8,1,1,1,0,0,0,4,0,0,0,0,"A_2020",0,0,1,0,0,0,0,1,1,0,1,1,1,1,0,0,0,0,2,17,3,0,0,2,FALSE,FALSE,FALSE,FALSE,16,FALSE,FALSE,FALSE,FALSE,FALSE,FALSE,FALSE,FALSE,23,FALSE,39,23,FALSE,39,FALSE,FALSE,TRUE,FALSE
100320,"A",2020,1,0,11,1,1,18,13,8,1,0,9,2,46,68,0,1,1,1,1,1,8,1,1,1,0,0,0,4,0,0,0,0,"A_2020",1,0,1,1,0,0,1,1,1,1,1,1,1,1,0,0,0,0,1,18,8,0,0,2,FALSE,FALSE,FALSE,FALSE,13,FALSE,FALSE,FALSE,FALSE,FALSE,FALSE,FALSE,FALSE,33,FALSE,46,55,FALSE,68,FALSE,FALSE,TRUE,FALSE
100321,"A",2020,1,0,13,1,2,,15,3,0,0,2,,40,,,1,1,1,1,1,8,1,1,1,0,0,0,4,0,0,0,0,"A_2020",1,0,1,0,0,,1,1,1,1,1,1,1,1,0,0,0,0,2,,3,0,0,2,FALSE,FALSE,FALSE,FALSE,15,FALSE,FALSE,FALSE,FALSE,FALSE,FALSE,FALSE,FALSE,25,FALSE,40,,FALSE,,FALSE,FALSE,TRUE,FALSE
100322,"A",2022,0,1,13,1,1,,14,7,1,0,3,3,45,50,0,0,1,1,1,1,6,1,0,0,0,0,0,2,0,0,1,40,"A_2022",0,1,1,1,0,0,0,1,1,1,1,1,0,0,0,0,0,1,1,,7,0,0,1,FALSE,FALSE,FALSE,TRUE,14,FALSE,FALSE,FALSE,FALSE,FALSE,FALSE,FALSE,FALSE,31,FALSE,45,36,FALSE,50,FALSE,FALSE,FALSE,FALSE
100323,"A",2020,0,0,15,1,2,19,17,4,0,0,0,,55,,,0,1,0,0,1,7,1,1,0,0,0,0,3,0,0,1,40,"A_2020",0,0,1,0,0,,0,1,0,0,1,1,1,0,0,0,0,1,2,19,4,0,0,2,FALSE,FALSE,FALSE,FALSE,17,FALSE,FALSE,FALSE,FALSE,FALSE,FALSE,FALSE,FALSE,38,FALSE,55,,FALSE,,FALSE,FALSE,FALSE,FALSE
100324,"A",2020,1,1,13,1,2,,15,4,0,0,,,46,47,0,0,1,1,1,1,8,1,1,1,0,0,0,4,0,0,0,0,"A_2020",1,1,1,0,0,0,0,1,1,1,1,1,1,1,0,0,0,0,2,,4,0,0,2,FALSE,FALSE,FALSE,FALSE,15,FALSE,FALSE,FALSE,FALSE,FALSE,FALSE,FALSE,FALSE,31,FALSE,46,32,FALSE,47,FALSE,FALSE,TRUE,FALSE
100325,"A",2020,1,1,12,1,3,8,15,4,1,0,7,,,53,1,1,1,1,1,1,9,1,1,1,0,0,0,4,0,0,0,0,"A_2020",1,1,1,1,0,1,1,1,1,1,1,1,1,1,0,0,0,0,3,8,4,0,0,3,FALSE,FALSE,FALSE,FALSE,15,FALSE,FALSE,FALSE,FALSE,FALSE,FALSE,FALSE,FALSE,,FALSE,,38,FALSE,53,FALSE,FALSE,FALSE,FALSE
100326,"A",2020,1,0,14,1,1,11,17,3,0,0,2,5,51,52,0,0,1,1,1,1,7,1,1,0,0,1,1,4,0,0,0,0,"A_2020",1,0,1,0,0,0,0,1,1,1,1,1,1,0,1,0,0,0,1,11,3,0,1,3,FALSE,FALSE,FALSE,FALSE,17,FALSE,FALSE,FALSE,FALSE,FALSE,FALSE,FALSE,FALSE,34,FALSE,51,35,FALSE,52,FALSE,FALSE,FALSE,FALSE
100327,"A",2020,0,1,13,1,2,19,16,4,0,0,,,50,,,1,1,1,1,1,8,1,1,1,0,0,0,4,0,0,0,0,"A_2020",0,1,1,0,0,,1,1,1,1,1,1,1,1,0,0,0,0,2,19,4,0,0,3,FALSE,FALSE,FALSE,FALSE,16,FALSE,FALSE,FALSE,FALSE,FALSE,FALSE,FALSE,FALSE,34,FALSE,50,,FALSE,,FALSE,FALSE,FALSE,FALSE
100328,"A",2022,0,1,13,1,1,,14,7,1,0,3,5,34,36,0,0,1,0,0,0,6,1,0,0,0,0,0,1,0,0,0,0,"A_2022",0,1,1,1,0,0,0,1,0,0,0,1,0,0,0,0,0,0,1,,7,0,0,1,FALSE,FALSE,FALSE,TRUE,14,FALSE,FALSE,FALSE,FALSE,FALSE,FALSE,FALSE,FALSE,20,FALSE,34,22,FALSE,36,FALSE,FALSE,FALSE,FALSE
100329,"A",2020,0,1,,1,1,5,18,8,1,0,4,,39,,,0,0,0,0,1,6,1,0,0,1,1,1,2,0,0,0,0,"A_2020",0,1,1,1,0,,0,0,0,0,1,1,0,0,1,0,0,0,1,5,8,1,1,,TRUE,FALSE,FALSE,FALSE,18,FALSE,FALSE,FALSE,FALSE,FALSE,FALSE,FALSE,FALSE,21,FALSE,39,,FALSE,,FALSE,FALSE,FALSE,FALSE
100330,"A",2020,1,1,12,1,,,15,4,1,0,5,,44,40,0,0,1,1,1,1,5,0,0,0,0,0,0,3,0,0,0,0,"A_2020",1,1,1,1,0,0,0,1,1,1,1,0,0,0,0,0,0,0,,,4,0,0,3,FALSE,FALSE,FALSE,FALSE,15,FALSE,FALSE,FALSE,FALSE,FALSE,FALSE,FALSE,FALSE,29,FALSE,44,25,FALSE,40,FALSE,FALSE,FALSE,FALSE
100331,"A",2020,1,1,12,1,2,8,14,2,0,1,7,5,58,44,0,1,1,1,1,1,8,1,1,1,0,0,0,4,0,0,1,40,"A_2020",1,1,1,0,1,0,1,1,1,1,1,1,1,1,0,0,0,1,2,8,2,0,0,2,FALSE,FALSE,FALSE,FALSE,14,FALSE,FALSE,FALSE,FALSE,FALSE,FALSE,FALSE,FALSE,44,FALSE,58,30,FALSE,44,FALSE,FALSE,TRUE,FALSE
100332,"A",2020,0,0,12,1,1,,14,3,0,0,5,6,35,35,0,0,0,0,0,1,7,1,1,0,1,1,1,4,0,0,0,0,"A_2020",0,0,1,0,0,0,0,0,0,0,1,1,1,0,1,0,0,0,1,,3,1,1,2,FALSE,FALSE,FALSE,FALSE,14,FALSE,FALSE,FALSE,FALSE,FALSE,FALSE,FALSE,FALSE,21,FALSE,35,21,FALSE,35,FALSE,FALSE,TRUE,FALSE
100333,"A",2022,1,0,12,1,2,,13,7,1,0,2,2,38,37,0,1,1,1,1,1,6,1,0,0,0,0,0,2,0,0,1,8,"A_2022",1,0,1,1,0,0,1,1,1,1,1,1,0,0,0,0,0,1,2,,7,0,0,1,FALSE,FALSE,FALSE,TRUE,13,FALSE,FALSE,FALSE,FALSE,FALSE,FALSE,FALSE,FALSE,25,FALSE,38,24,FALSE,37,FALSE,FALSE,FALSE,FALSE
100334,"A",2020,0,1,13,1,1,,15,4,0,0,8,,49,,,0,1,0,0,1,8,1,1,1,0,0,0,4,0,0,1,20,"A_2020",0,1,1,0,0,,0,1,0,0,1,1,1,1,0,0,0,1,1,,4,0,0,2,FALSE,FALSE,FALSE,FALSE,15,FALSE,FALSE,FALSE,FALSE,FALSE,FALSE,FALSE,FALSE,34,FALSE,49,,FALSE,,FALSE,FALSE,TRUE,FALSE
100335,"A",2020,0,1,,1,2,5,14,3,0,0,5,11,40,40,0,0,1,1,1,1,7,1,1,0,0,0,0,3,0,0,1,0,"A_2020",0,1,1,0,0,0,0,1,1,1,1,1,1,0,0,0,0,1,2,5,3,0,0,,TRUE,FALSE,FALSE,FALSE,14,FALSE,FALSE,FALSE,FALSE,FALSE,FALSE,FALSE,FALSE,26,FALSE,40,26,FALSE,40,FALSE,FALSE,FALSE,FALSE
100336,"A",2020,0,1,13,1,,5,17,1,1,0,6,2,50,58,0,0,1,1,0,0,9,1,1,1,0,0,0,4,0,0,0,0,"A_2020",0,1,1,1,0,0,0,1,1,0,0,1,1,1,0,0,0,0,,5,1,0,0,4,FALSE,FALSE,FALSE,FALSE,17,FALSE,FALSE,FALSE,FALSE,FALSE,FALSE,FALSE,FALSE,33,FALSE,50,41,FALSE,58,FALSE,FALSE,FALSE,FALSE
100337,"A",2020,1,0,15,1,,19,17,3,0,0,3,3,38,72,0,0,1,1,0,1,7,1,1,0,1,1,1,4,0,0,0,0,"A_2020",1,0,1,0,0,0,0,1,1,0,1,1,1,0,1,0,0,0,,19,3,1,1,2,FALSE,FALSE,FALSE,FALSE,17,FALSE,FALSE,FALSE,FALSE,FALSE,FALSE,FALSE,FALSE,21,FALSE,38,55,FALSE,72,FALSE,FALSE,TRUE,FALSE
100338,"A",2020,1,1,12,1,1,19,14,3,0,0,5,5,42,44,0,1,1,1,1,1,8,1,1,1,0,0,0,4,0,0,1,16,"A_2020",1,1,1,0,0,0,1,1,1,1,1,1,1,1,0,0,0,1,1,19,3,0,0,2,FALSE,FALSE,FALSE,FALSE,14,FALSE,FALSE,FALSE,FALSE,FALSE,FALSE,FALSE,FALSE,28,FALSE,42,30,FALSE,44,FALSE,FALSE,TRUE,FALSE
100339,"A",2020,0,0,13,1,,8,16,4,0,0,9,11,42,34,0,0,1,1,0,1,8,1,1,1,0,0,0,4,0,0,0,0,"A_2020",0,0,1,0,0,0,0,1,1,0,1,1,1,1,0,0,0,0,,8,4,0,0,3,FALSE,FALSE,FALSE,FALSE,16,FALSE,FALSE,FALSE,FALSE,FALSE,FALSE,FALSE,FALSE,26,FALSE,42,18,FALSE,34,FALSE,FALSE,FALSE,FALSE
100340,"A",2022,0,0,,1,,,15,7,1,0,5,,42,,,0,1,1,1,1,6,1,0,0,0,0,0,2,0,0,1,12,"A_2022",0,0,1,1,0,,0,1,1,1,1,1,0,0,0,0,0,1,,,7,0,0,,TRUE,FALSE,FALSE,FALSE,15,FALSE,FALSE,FALSE,FALSE,FALSE,FALSE,FALSE,FALSE,27,FALSE,42,,FALSE,,FALSE,FALSE,FALSE,FALSE
100341,"A",2022,1,0,11,1,2,,13,8,1,0,7,5,44,42,0,1,1,1,1,1,6,1,0,0,0,0,0,2,0,0,0,0,"A_2022",1,0,1,1,0,0,1,1,1,1,1,1,0,0,0,0,0,0,2,,8,0,0,2,FALSE,FALSE,FALSE,FALSE,13,FALSE,FALSE,FALSE,FALSE,FALSE,FALSE,FALSE,FALSE,31,FALSE,44,29,FALSE,42,FALSE,FALSE,FALSE,FALSE
100342,"A",2022,0,1,11,1,2,,12,7,1,0,7,7,34,37,0,1,1,1,1,1,6,1,0,0,0,0,0,2,0,0,0,0,"A_2022",0,1,1,1,0,0,1,1,1,1,1,1,0,0,0,0,0,0,2,,7,0,0,1,FALSE,FALSE,FALSE,TRUE,12,FALSE,FALSE,FALSE,FALSE,FALSE,FALSE,FALSE,FALSE,22,FALSE,34,25,FALSE,37,FALSE,FALSE,FALSE,FALSE
100343,"A",2020,0,0,13,1,2,18,16,8,1,0,7,7,52,52,0,0,1,1,1,1,8,1,1,1,0,0,0,4,0,0,0,0,"A_2020",0,0,1,1,0,0,0,1,1,1,1,1,1,1,0,0,0,0,2,18,8,0,0,3,FALSE,FALSE,FALSE,FALSE,16,FALSE,FALSE,FALSE,FALSE,FALSE,FALSE,FALSE,FALSE,36,FALSE,52,36,FALSE,52,FALSE,FALSE,FALSE,FALSE
100344,"A",2022,1,1,12,1,2,,13,7,1,0,7,5,37,39,0,1,1,1,1,1,6,1,0,0,0,0,0,2,0,0,0,0,"A_2022",1,1,1,1,0,0,1,1,1,1,1,1,0,0,0,0,0,0,2,,7,0,0,1,FALSE,FALSE,FALSE,TRUE,13,FALSE,FALSE,FALSE,FALSE,FALSE,FALSE,FALSE,FALSE,24,FALSE,37,26,FALSE,39,FALSE,FALSE,FALSE,FALSE
100345,"A",2020,1,0,13,1,2,18,15,4,0,0,10,10,36,40,0,1,1,1,1,1,8,1,1,1,0,0,0,4,0,0,0,0,"A_2020",1,0,1,0,0,0,1,1,1,1,1,1,1,1,0,0,0,0,2,18,4,0,0,2,FALSE,FALSE,FALSE,FALSE,15,FALSE,FALSE,FALSE,FALSE,FALSE,FALSE,FALSE,FALSE,21,FALSE,36,25,FALSE,40,FALSE,FALSE,TRUE,FALSE
100346,"A",2020,0,0,11,1,2,,13,3,0,0,6,3,38,38,0,0,1,0,0,0,6,1,0,0,1,1,1,2,0,0,0,0,"A_2020",0,0,1,0,0,0,0,1,0,0,0,1,0,0,1,0,0,0,2,,3,1,1,2,FALSE,FALSE,FALSE,FALSE,13,FALSE,FALSE,FALSE,FALSE,FALSE,FALSE,FALSE,FALSE,25,FALSE,38,25,FALSE,38,FALSE,FALSE,FALSE,FALSE
100347,"A",2022,1,0,11,1,3,,12,7,1,0,5,5,43,42,0,1,1,1,1,1,6,1,0,0,0,0,0,2,0,0,0,0,"A_2022",1,0,1,1,0,0,1,1,1,1,1,1,0,0,0,0,0,0,3,,7,0,0,1,FALSE,FALSE,FALSE,TRUE,12,FALSE,FALSE,FALSE,FALSE,FALSE,FALSE,FALSE,FALSE,31,FALSE,43,30,FALSE,42,FALSE,FALSE,FALSE,FALSE
100348,"A",2020,0,1,11,1,2,4,14,6,0,0,6,2,34,28,1,0,1,1,1,1,8,1,1,1,0,0,0,4,0,0,0,0,"A_2020",0,1,1,0,0,1,0,1,1,1,1,1,1,1,0,0,0,0,2,4,6,0,0,3,FALSE,FALSE,FALSE,FALSE,14,FALSE,FALSE,FALSE,FALSE,FALSE,FALSE,FALSE,FALSE,20,FALSE,34,14,FALSE,28,FALSE,FALSE,FALSE,FALSE
100349,"B",2018,0,1,13,0,2,,18,7,1,1,,,45,,,0,1,1,0,0,8,1,1,1,0,1,1,5,0,0,1,20,"B_2018",0,1,0,1,1,,0,1,1,0,0,1,1,1,1,0,0,1,2,,7,0,1,5,FALSE,FALSE,FALSE,TRUE,18,FALSE,FALSE,FALSE,FALSE,FALSE,FALSE,FALSE,FALSE,27,FALSE,45,,FALSE,,FALSE,TRUE,FALSE,FALSE
100350,"A",2020,0,0,13,1,2,,15,3,0,0,6,8,48,64,1,0,1,0,0,1,7,1,1,0,1,1,1,4,0,0,0,0,"A_2020",0,0,1,0,0,1,0,1,0,0,1,1,1,0,1,0,0,0,2,,3,1,1,2,FALSE,FALSE,FALSE,FALSE,15,FALSE,FALSE,FALSE,FALSE,FALSE,FALSE,FALSE,FALSE,33,FALSE,48,49,FALSE,64,FALSE,FALSE,TRUE,FALSE
100351,"A",2020,0,0,13,1,,6,15,4,0,0,2,6,38,47,0,0,1,0,0,1,7,1,1,0,0,0,0,4,0,0,0,0,"A_2020",0,0,1,0,0,0,0,1,0,0,1,1,1,0,0,0,0,0,,6,4,0,0,2,FALSE,FALSE,FALSE,FALSE,15,FALSE,FALSE,FALSE,FALSE,FALSE,FALSE,FALSE,FALSE,23,FALSE,38,32,FALSE,47,FALSE,FALSE,TRUE,FALSE
100352,"A",2020,0,1,12,1,3,4,15,7,1,0,,,38,,,0,1,0,0,1,8,1,1,1,0,0,0,4,0,0,0,0,"A_2020",0,1,1,1,0,,0,1,0,0,1,1,1,1,0,0,0,0,3,4,7,0,0,3,FALSE,FALSE,FALSE,FALSE,15,FALSE,FALSE,FALSE,FALSE,FALSE,FALSE,FALSE,FALSE,23,FALSE,38,,FALSE,,FALSE,FALSE,FALSE,FALSE
100353,"A",2020,1,0,11,1,3,8,14,6,0,0,4,3,42,43,0,1,1,1,1,1,8,1,1,1,0,0,0,4,0,0,0,0,"A_2020",1,0,1,0,0,0,1,1,1,1,1,1,1,1,0,0,0,0,3,8,6,0,0,3,FALSE,FALSE,FALSE,FALSE,14,FALSE,FALSE,FALSE,FALSE,FALSE,FALSE,FALSE,FALSE,28,FALSE,42,29,FALSE,43,FALSE,FALSE,FALSE,FALSE
100354,"B",2018,0,0,13,0,1,,17,6,1,1,7,,34,,,0,0,0,0,1,9,1,1,1,0,0,0,6,0,0,0,0,"B_2018",0,0,0,1,1,,0,0,0,0,1,1,1,1,0,0,0,0,1,,6,0,0,4,FALSE,FALSE,FALSE,FALSE,17,FALSE,FALSE,FALSE,FALSE,FALSE,FALSE,FALSE,FALSE,17,FALSE,34,,FALSE,,FALSE,TRUE,TRUE,FALSE
100355,"A",2020,0,1,13,1,2,5,16,6,0,0,5,,49,,,0,0,0,1,1,8,1,1,1,0,1,1,5,0,0,1,30,"A_2020",0,1,1,0,0,,0,0,0,1,1,1,1,1,1,0,0,1,2,5,6,0,1,3,FALSE,FALSE,FALSE,FALSE,16,FALSE,FALSE,FALSE,FALSE,FALSE,FALSE,FALSE,FALSE,33,FALSE,49,,FALSE,,FALSE,TRUE,TRUE,FALSE
100356,"A",2022,0,0,11,1,3,,12,7,1,0,4,11,37,41,0,1,1,0,1,1,5,0,0,0,1,1,1,2,0,0,0,0,"A_2022",0,0,1,1,0,0,1,1,0,1,1,0,0,0,1,0,0,0,3,,7,1,1,1,FALSE,FALSE,FALSE,TRUE,12,FALSE,FALSE,FALSE,FALSE,FALSE,FALSE,FALSE,FALSE,25,FALSE,37,29,FALSE,41,FALSE,FALSE,FALSE,FALSE
100357,"A",2020,1,1,11,1,2,19,14,4,0,0,8,5,40,54,0,1,1,1,1,1,8,1,1,1,0,0,0,4,0,0,0,0,"A_2020",1,1,1,0,0,0,1,1,1,1,1,1,1,1,0,0,0,0,2,19,4,0,0,3,FALSE,FALSE,FALSE,FALSE,14,FALSE,FALSE,FALSE,FALSE,FALSE,FALSE,FALSE,FALSE,26,FALSE,40,40,FALSE,54,FALSE,FALSE,FALSE,FALSE
100358,"A",2020,1,1,15,1,1,,17,3,0,0,5,9,32,44,0,1,1,1,1,1,8,1,1,1,0,0,0,4,0,0,0,0,"A_2020",1,1,1,0,0,0,1,1,1,1,1,1,1,1,0,0,0,0,1,,3,0,0,2,FALSE,FALSE,FALSE,FALSE,17,FALSE,FALSE,FALSE,FALSE,FALSE,FALSE,FALSE,FALSE,15,FALSE,32,27,FALSE,44,FALSE,FALSE,TRUE,FALSE
100359,"A",2020,0,0,14,1,1,19,17,7,1,0,1,,42,,,0,0,0,0,1,8,1,1,1,2,1,2,6,0,0,0,0,"A_2020",0,0,1,1,0,,0,0,0,0,1,1,1,1,1,0,0,0,1,19,7,2,2,3,FALSE,FALSE,FALSE,FALSE,17,FALSE,FALSE,FALSE,FALSE,FALSE,FALSE,FALSE,FALSE,25,FALSE,42,,FALSE,,FALSE,TRUE,TRUE,FALSE
100360,"A",2022,0,1,12,1,,,13,7,1,0,5,5,43,43,0,0,1,1,1,1,6,1,0,0,0,0,0,2,0,0,0,0,"A_2022",0,1,1,1,0,0,0,1,1,1,1,1,0,0,0,0,0,0,,,7,0,0,1,FALSE,FALSE,FALSE,TRUE,13,FALSE,FALSE,FALSE,FALSE,FALSE,FALSE,FALSE,FALSE,30,FALSE,43,30,FALSE,43,FALSE,FALSE,FALSE,FALSE
100361,"B",2018,0,1,11,0,2,,15,7,1,1,7,5,40,40,1,0,1,0,0,1,9,1,1,1,1,1,1,6,0,0,0,0,"B_2018",0,1,0,1,1,1,0,1,0,0,1,1,1,1,1,0,0,0,2,,7,1,1,4,FALSE,FALSE,FALSE,FALSE,15,FALSE,FALSE,FALSE,FALSE,FALSE,FALSE,FALSE,FALSE,25,FALSE,40,25,FALSE,40,FALSE,TRUE,TRUE,FALSE
100362,"A",2020,0,1,12,1,2,19,14,6,0,0,5,11,36,43,0,1,1,1,1,1,8,1,1,1,0,0,0,4,0,0,0,0,"A_2020",0,1,1,0,0,0,1,1,1,1,1,1,1,1,0,0,0,0,2,19,6,0,0,2,FALSE,FALSE,FALSE,FALSE,14,FALSE,FALSE,FALSE,FALSE,FALSE,FALSE,FALSE,FALSE,22,FALSE,36,29,FALSE,43,FALSE,FALSE,TRUE,FALSE
100363,"B",2018,0,0,15,1,2,,19,7,1,1,5,,43,,,0,0,0,0,0,9,1,1,1,0,0,0,4,0,0,1,40,"B_2018",0,0,1,1,1,,0,0,0,0,0,1,1,1,0,0,0,1,2,,7,0,0,4,FALSE,FALSE,FALSE,FALSE,19,FALSE,FALSE,FALSE,FALSE,FALSE,FALSE,FALSE,FALSE,24,FALSE,43,,FALSE,,FALSE,FALSE,FALSE,FALSE
100364,"A",2020,0,0,11,1,2,19,14,3,0,0,9,8,38,34,0,0,1,1,1,1,8,1,1,1,0,0,0,4,0,0,0,0,"A_2020",0,0,1,0,0,0,0,1,1,1,1,1,1,1,0,0,0,0,2,19,3,0,0,3,FALSE,FALSE,FALSE,FALSE,14,FALSE,FALSE,FALSE,FALSE,FALSE,FALSE,FALSE,FALSE,24,FALSE,38,20,FALSE,34,FALSE,FALSE,FALSE,FALSE
100365,"A",2020,0,0,11,1,2,4,14,3,1,0,7,4,33,40,0,0,1,1,1,1,9,1,1,1,0,0,0,4,0,0,0,0,"A_2020",0,0,1,1,0,0,0,1,1,1,1,1,1,1,0,0,0,0,2,4,3,0,0,3,FALSE,FALSE,FALSE,FALSE,14,FALSE,FALSE,FALSE,FALSE,FALSE,FALSE,FALSE,FALSE,19,FALSE,33,26,FALSE,40,FALSE,FALSE,FALSE,FALSE
100366,"A",2020,0,0,11,1,,5,14,5,0,0,2,5,43,45,0,0,1,0,0,1,7,1,1,0,1,1,1,4,0,0,0,0,"A_2020",0,0,1,0,0,0,0,1,0,0,1,1,1,0,1,0,0,0,,5,5,1,1,3,FALSE,FALSE,FALSE,FALSE,14,FALSE,FALSE,FALSE,FALSE,FALSE,FALSE,FALSE,FALSE,29,FALSE,43,31,FALSE,45,FALSE,FALSE,FALSE,FALSE
100367,"A",2020,0,1,15,1,3,7,18,7,1,0,,,,,,0,1,0,0,0,5,0,0,0,0,0,0,0,0,1,0,0,"A_2020",0,1,1,1,0,,0,1,0,0,0,0,0,0,0,0,1,0,3,7,7,0,0,3,FALSE,FALSE,FALSE,FALSE,18,FALSE,FALSE,FALSE,FALSE,FALSE,FALSE,FALSE,FALSE,,FALSE,,,FALSE,,FALSE,FALSE,FALSE,FALSE
100368,"A",2020,0,1,15,1,2,,10,3,0,1,3,1,40,56,0,0,0,1,1,1,9,1,1,1,1,1,1,6,0,0,0,0,"A_2020",0,1,1,0,1,0,0,0,1,1,1,1,1,1,1,0,0,0,2,,3,1,1,-5,FALSE,TRUE,FALSE,TRUE,,FALSE,FALSE,FALSE,FALSE,FALSE,FALSE,FALSE,FALSE,30,FALSE,40,46,FALSE,56,FALSE,TRUE,TRUE,FALSE
100369,"A",2020,0,0,14,1,2,5,17,4,1,0,5,,51,,,0,1,1,1,1,10,1,1,1,0,0,0,5,0,1,0,0,"A_2020",0,0,1,1,0,,0,1,1,1,1,1,1,1,0,0,1,0,2,5,4,0,0,3,FALSE,FALSE,FALSE,FALSE,17,FALSE,FALSE,FALSE,FALSE,FALSE,FALSE,FALSE,FALSE,34,FALSE,51,,FALSE,,FALSE,TRUE,TRUE,FALSE
100370,"A",2020,0,1,13,1,,7,16,6,0,0,6,6,35,,0,0,1,1,1,1,8,1,1,1,0,0,0,4,0,0,0,0,"A_2020",0,1,1,0,0,0,0,1,1,1,1,1,1,1,0,0,0,0,,7,6,0,0,3,FALSE,FALSE,FALSE,FALSE,16,FALSE,FALSE,FALSE,FALSE,FALSE,FALSE,FALSE,FALSE,19,FALSE,35,,FALSE,,FALSE,FALSE,FALSE,FALSE
100371,"A",2020,1,0,12,1,2,,14,8,1,0,7,5,35,39,0,0,1,0,1,1,5,0,0,0,2,1,2,3,0,0,0,0,"A_2020",1,0,1,1,0,0,0,1,0,1,1,0,0,0,1,0,0,0,2,,8,2,2,2,FALSE,FALSE,FALSE,FALSE,14,FALSE,FALSE,FALSE,FALSE,FALSE,FALSE,FALSE,FALSE,21,FALSE,35,25,FALSE,39,FALSE,FALSE,FALSE,FALSE
100372,"A",2020,1,0,13,1,2,19,16,3,0,0,,,36,,,1,1,1,1,1,8,1,1,1,0,0,0,4,0,0,0,0,"A_2020",1,0,1,0,0,,1,1,1,1,1,1,1,1,0,0,0,0,2,19,3,0,0,3,FALSE,FALSE,FALSE,FALSE,16,FALSE,FALSE,FALSE,FALSE,FALSE,FALSE,FALSE,FALSE,20,FALSE,36,,FALSE,,FALSE,FALSE,FALSE,FALSE
100373,"A",2020,0,0,13,1,,,15,3,0,0,5,6,36,44,0,0,1,1,1,1,8,1,1,1,0,0,0,4,0,0,0,0,"A_2020",0,0,1,0,0,0,0,1,1,1,1,1,1,1,0,0,0,0,,,3,0,0,2,FALSE,FALSE,FALSE,FALSE,15,FALSE,FALSE,FALSE,FALSE,FALSE,FALSE,FALSE,FALSE,21,FALSE,36,29,FALSE,44,FALSE,FALSE,TRUE,FALSE
100374,"A",2020,1,1,11,1,2,18,14,9,1,0,5,,36,,,1,0,0,0,1,8,1,1,1,0,0,0,4,0,0,0,0,"A_2020",1,1,1,1,0,,1,0,0,0,1,1,1,1,0,0,0,0,2,18,9,0,0,3,FALSE,FALSE,FALSE,FALSE,14,FALSE,FALSE,FALSE,FALSE,FALSE,FALSE,FALSE,FALSE,22,FALSE,36,,FALSE,,FALSE,FALSE,FALSE,FALSE
100375,"A",2020,0,1,12,1,3,,15,3,0,0,,,,,,0,1,1,1,1,8,1,1,1,0,0,0,4,0,0,0,0,"A_2020",0,1,1,0,0,,0,1,1,1,1,1,1,1,0,0,0,0,3,,3,0,0,3,FALSE,FALSE,FALSE,FALSE,15,FALSE,FALSE,FALSE,FALSE,FALSE,FALSE,FALSE,FALSE,,FALSE,,,FALSE,,FALSE,FALSE,FALSE,FALSE
100376,"A",2020,1,0,12,1,2,4,14,3,0,0,5,3,55,65,0,1,1,1,1,1,8,1,1,1,0,0,0,4,0,0,0,0,"A_2020",1,0,1,0,0,0,1,1,1,1,1,1,1,1,0,0,0,0,2,4,3,0,0,2,FALSE,FALSE,FALSE,FALSE,14,FALSE,FALSE,FALSE,FALSE,FALSE,FALSE,FALSE,FALSE,41,FALSE,55,51,FALSE,65,FALSE,FALSE,TRUE,FALSE
100377,"A",2020,0,1,14,1,2,10,16,2,0,0,11,11,38,42,0,0,0,0,0,1,7,1,1,0,0,0,0,4,0,0,0,0,"A_2020",0,1,1,0,0,0,0,0,0,0,1,1,1,0,0,0,0,0,2,10,2,0,0,2,FALSE,FALSE,FALSE,FALSE,16,FALSE,FALSE,FALSE,FALSE,FALSE,FALSE,FALSE,FALSE,22,FALSE,38,26,FALSE,42,FALSE,FALSE,TRUE,FALSE
100378,"A",2020,1,1,13,1,2,,15,4,0,0,7,5,40,55,0,1,1,1,1,1,8,1,1,1,0,0,0,4,0,0,0,0,"A_2020",1,1,1,0,0,0,1,1,1,1,1,1,1,1,0,0,0,0,2,,4,0,0,2,FALSE,FALSE,FALSE,FALSE,15,FALSE,FALSE,FALSE,FALSE,FALSE,FALSE,FALSE,FALSE,25,FALSE,40,40,FALSE,55,FALSE,FALSE,TRUE,FALSE
100379,"A",2020,0,0,12,1,,4,15,4,0,0,8,,37,42,0,0,1,1,0,1,7,1,1,0,0,0,0,4,0,0,0,0,"A_2020",0,0,1,0,0,0,0,1,1,0,1,1,1,0,0,0,0,0,,4,4,0,0,3,FALSE,FALSE,FALSE,FALSE,15,FALSE,FALSE,FALSE,FALSE,FALSE,FALSE,FALSE,FALSE,22,FALSE,37,27,FALSE,42,FALSE,FALSE,FALSE,FALSE
100380,"A",2022,1,0,13,1,2,,14,7,1,0,1,5,38,42,0,1,1,1,1,1,6,1,0,0,0,0,0,2,0,0,0,0,"A_2022",1,0,1,1,0,0,1,1,1,1,1,1,0,0,0,0,0,0,2,,7,0,0,1,FALSE,FALSE,FALSE,TRUE,14,FALSE,FALSE,FALSE,FALSE,FALSE,FALSE,FALSE,FALSE,24,FALSE,38,28,FALSE,42,FALSE,FALSE,FALSE,FALSE
100381,"A",2020,0,0,12,1,,18,14,4,0,0,5,5,45,42,0,0,1,1,1,1,8,1,1,1,0,0,0,4,0,0,0,0,"A_2020",0,0,1,0,0,0,0,1,1,1,1,1,1,1,0,0,0,0,,18,4,0,0,2,FALSE,FALSE,FALSE,FALSE,14,FALSE,FALSE,FALSE,FALSE,FALSE,FALSE,FALSE,FALSE,31,FALSE,45,28,FALSE,42,FALSE,FALSE,TRUE,FALSE
100382,"A",2020,1,1,11,1,2,5,13,3,0,0,8,,52,,,1,1,1,1,1,8,1,1,1,0,0,0,4,0,0,0,0,"A_2020",1,1,1,0,0,,1,1,1,1,1,1,1,1,0,0,0,0,2,5,3,0,0,2,FALSE,FALSE,FALSE,FALSE,13,FALSE,FALSE,FALSE,FALSE,FALSE,FALSE,FALSE,FALSE,39,FALSE,52,,FALSE,,FALSE,FALSE,TRUE,FALSE
100383,"A",2020,1,0,13,1,2,19,15,3,0,0,7,4,44,49,0,1,1,1,1,1,8,1,1,1,0,0,0,4,0,0,0,0,"A_2020",1,0,1,0,0,0,1,1,1,1,1,1,1,1,0,0,0,0,2,19,3,0,0,2,FALSE,FALSE,FALSE,FALSE,15,FALSE,FALSE,FALSE,FALSE,FALSE,FALSE,FALSE,FALSE,29,FALSE,44,34,FALSE,49,FALSE,FALSE,TRUE,FALSE
100384,"A",2020,1,1,12,1,2,19,14,4,0,0,,,51,57,0,0,1,1,0,1,7,1,1,0,1,1,1,4,0,0,0,0,"A_2020",1,1,1,0,0,0,0,1,1,0,1,1,1,0,1,0,0,0,2,19,4,1,1,2,FALSE,FALSE,FALSE,FALSE,14,FALSE,FALSE,FALSE,FALSE,FALSE,FALSE,FALSE,FALSE,37,FALSE,51,43,FALSE,57,FALSE,FALSE,TRUE,FALSE
100385,"A",2020,1,1,13,1,1,5,16,3,0,0,8,,33,,,1,1,1,1,1,8,1,1,1,0,0,0,4,0,0,0,0,"A_2020",1,1,1,0,0,,1,1,1,1,1,1,1,1,0,0,0,0,1,5,3,0,0,3,FALSE,FALSE,FALSE,FALSE,16,FALSE,FALSE,FALSE,FALSE,FALSE,FALSE,FALSE,FALSE,17,FALSE,33,,FALSE,,FALSE,FALSE,FALSE,FALSE
100386,"A",2020,1,1,11,1,2,7,14,3,0,0,11,5,38,37,0,1,1,1,1,1,8,1,1,1,0,0,0,4,0,0,0,0,"A_2020",1,1,1,0,0,0,1,1,1,1,1,1,1,1,0,0,0,0,2,7,3,0,0,3,FALSE,FALSE,FALSE,FALSE,14,FALSE,FALSE,FALSE,FALSE,FALSE,FALSE,FALSE,FALSE,24,FALSE,38,23,FALSE,37,FALSE,FALSE,FALSE,FALSE
100387,"A",2020,0,1,12,1,2,,14,4,0,0,5,6,40,43,0,0,1,0,0,1,6,1,0,0,0,0,0,4,0,0,0,0,"A_2020",0,1,1,0,0,0,0,1,0,0,1,1,0,0,0,0,0,0,2,,4,0,0,2,FALSE,FALSE,FALSE,FALSE,14,FALSE,FALSE,FALSE,FALSE,FALSE,FALSE,FALSE,FALSE,26,FALSE,40,29,FALSE,43,FALSE,FALSE,TRUE,FALSE
100388,"A",2020,0,1,11,1,2,19,13,2,0,0,7,11,35,45,0,1,1,1,1,1,8,1,1,1,0,0,0,4,0,0,0,0,"A_2020",0,1,1,0,0,0,1,1,1,1,1,1,1,1,0,0,0,0,2,19,2,0,0,2,FALSE,FALSE,FALSE,FALSE,13,FALSE,FALSE,FALSE,FALSE,FALSE,FALSE,FALSE,FALSE,22,FALSE,35,32,FALSE,45,FALSE,FALSE,TRUE,FALSE
100389,"A",2020,1,0,12,1,2,7,14,3,0,0,8,5,14,39,0,1,1,1,1,1,8,1,1,1,0,0,0,4,0,0,0,0,"A_2020",1,0,1,0,0,0,1,1,1,1,1,1,1,1,0,0,0,0,2,7,3,0,0,2,FALSE,FALSE,FALSE,FALSE,14,FALSE,FALSE,FALSE,FALSE,FALSE,FALSE,FALSE,FALSE,0,FALSE,,25,FALSE,39,FALSE,FALSE,TRUE,FALSE
100390,"A",2020,1,0,12,1,2,,14,4,0,0,5,5,40,38,0,1,1,1,1,1,8,1,1,1,0,0,0,4,0,0,0,0,"A_2020",1,0,1,0,0,0,1,1,1,1,1,1,1,1,0,0,0,0,2,,4,0,0,2,FALSE,FALSE,FALSE,FALSE,14,FALSE,FALSE,FALSE,FALSE,FALSE,FALSE,FALSE,FALSE,26,FALSE,40,24,FALSE,38,FALSE,FALSE,TRUE,FALSE
100391,"A",2020,1,1,11,1,,19,14,3,0,0,5,,38,38,0,1,1,1,1,1,8,1,1,1,0,0,0,4,0,0,0,0,"A_2020",1,1,1,0,0,0,1,1,1,1,1,1,1,1,0,0,0,0,,19,3,0,0,3,FALSE,FALSE,FALSE,FALSE,14,FALSE,FALSE,FALSE,FALSE,FALSE,FALSE,FALSE,FALSE,24,FALSE,38,24,FALSE,38,FALSE,FALSE,FALSE,FALSE
100392,"B",2018,0,1,13,0,2,,17,8,1,1,5,5,48,66,0,0,1,1,1,1,9,1,1,1,0,0,0,6,0,0,1,40,"B_2018",0,1,0,1,1,0,0,1,1,1,1,1,1,1,0,0,0,1,2,,8,0,0,4,FALSE,FALSE,FALSE,FALSE,17,FALSE,FALSE,FALSE,FALSE,FALSE,FALSE,FALSE,FALSE,31,FALSE,48,49,FALSE,66,FALSE,TRUE,TRUE,FALSE
100393,"A",2022,0,1,13,1,2,,14,7,1,0,3,2,38,48,0,0,1,0,1,1,5,0,0,0,1,1,1,2,0,0,0,0,"A_2022",0,1,1,1,0,0,0,1,0,1,1,0,0,0,1,0,0,0,2,,7,1,1,1,FALSE,FALSE,FALSE,TRUE,14,FALSE,FALSE,FALSE,FALSE,FALSE,FALSE,FALSE,FALSE,24,FALSE,38,34,FALSE,48,FALSE,FALSE,FALSE,FALSE
100394,"A",2020,0,1,13,1,1,19,15,3,0,0,1,6,45,46,,0,1,1,1,1,8,1,1,1,0,0,0,4,0,0,0,0,"A_2020",0,1,1,0,0,,0,1,1,1,1,1,1,1,0,0,0,0,1,19,3,0,0,2,FALSE,FALSE,FALSE,FALSE,15,FALSE,FALSE,FALSE,FALSE,FALSE,FALSE,FALSE,FALSE,30,FALSE,45,31,FALSE,46,FALSE,FALSE,TRUE,FALSE
100395,"A",2020,1,0,12,1,2,7,14,3,0,0,6,6,41,44,0,0,0,0,1,1,6,1,0,0,1,1,1,4,0,0,0,0,"A_2020",1,0,1,0,0,0,0,0,0,1,1,1,0,0,1,0,0,0,2,7,3,1,1,2,FALSE,FALSE,FALSE,FALSE,14,FALSE,FALSE,FALSE,FALSE,FALSE,FALSE,FALSE,FALSE,27,FALSE,41,30,FALSE,44,FALSE,FALSE,TRUE,FALSE
100396,"A",2022,1,1,12,1,3,,12,7,1,0,3,2,54,52,0,1,1,1,1,1,6,1,0,0,0,0,0,2,0,0,0,0,"A_2022",1,1,1,1,0,0,1,1,1,1,1,1,0,0,0,0,0,0,3,,7,0,0,0,FALSE,FALSE,TRUE,TRUE,12,FALSE,FALSE,FALSE,FALSE,FALSE,FALSE,FALSE,FALSE,42,FALSE,54,40,FALSE,52,FALSE,FALSE,TRUE,FALSE
100397,"A",2020,0,1,14,1,2,19,16,4,0,0,,,45,42,0,0,1,1,1,1,8,1,1,1,0,0,0,4,0,0,0,0,"A_2020",0,1,1,0,0,0,0,1,1,1,1,1,1,1,0,0,0,0,2,19,4,0,0,2,FALSE,FALSE,FALSE,FALSE,16,FALSE,FALSE,FALSE,FALSE,FALSE,FALSE,FALSE,FALSE,29,FALSE,45,26,FALSE,42,FALSE,FALSE,TRUE,FALSE
100398,"A",2020,0,0,12,1,,15,14,3,0,0,5,,35,,,0,1,0,0,1,8,1,1,1,0,0,0,4,0,0,0,0,"A_2020",0,0,1,0,0,,0,1,0,0,1,1,1,1,0,0,0,0,,15,3,0,0,2,FALSE,FALSE,FALSE,FALSE,14,FALSE,FALSE,FALSE,FALSE,FALSE,FALSE,FALSE,FALSE,21,FALSE,35,,FALSE,,FALSE,FALSE,TRUE,FALSE
100399,"A",2022,0,0,16,1,2,,17,4,1,0,8,5,39,40,0,0,1,1,0,1,8,1,1,1,0,0,0,4,0,0,0,0,"A_2022",0,0,1,1,0,0,0,1,1,0,1,1,1,1,0,0,0,0,2,,4,0,0,1,FALSE,FALSE,FALSE,TRUE,17,FALSE,FALSE,FALSE,FALSE,FALSE,FALSE,FALSE,FALSE,22,FALSE,39,23,FALSE,40,FALSE,FALSE,TRUE,FALSE
100400,"A",2020,1,1,12,1,2,,14,3,0,1,11,5,38,45,0,1,1,1,1,1,8,1,1,1,0,0,0,4,0,0,0,0,"A_2020",1,1,1,0,1,0,1,1,1,1,1,1,1,1,0,0,0,0,2,,3,0,0,2,FALSE,FALSE,FALSE,FALSE,14,FALSE,FALSE,FALSE,FALSE,FALSE,FALSE,FALSE,FALSE,24,FALSE,38,31,FALSE,45,FALSE,FALSE,TRUE,FALSE
100401,"B",2018,1,0,12,1,2,,17,7,1,1,9,,38,,,1,1,1,1,1,9,1,1,1,0,0,0,6,0,0,0,0,"B_2018",1,0,1,1,1,,1,1,1,1,1,1,1,1,0,0,0,0,2,,7,0,0,5,FALSE,FALSE,FALSE,TRUE,17,FALSE,FALSE,FALSE,FALSE,FALSE,FALSE,FALSE,FALSE,21,FALSE,38,,FALSE,,FALSE,TRUE,FALSE,FALSE
100402,"A",2020,1,0,12,1,3,11,14,3,0,0,7,6,38,37,0,0,1,1,0,1,8,1,1,1,0,0,0,4,0,0,0,0,"A_2020",1,0,1,0,0,0,0,1,1,0,1,1,1,1,0,0,0,0,3,11,3,0,0,2,FALSE,FALSE,FALSE,FALSE,14,FALSE,FALSE,FALSE,FALSE,FALSE,FALSE,FALSE,FALSE,24,FALSE,38,23,FALSE,37,FALSE,FALSE,TRUE,FALSE
100403,"A",2020,0,0,13,1,3,,17,5,1,0,8,11,42,40,0,0,0,0,0,0,7,1,1,0,0,0,0,2,0,0,0,0,"A_2020",0,0,1,1,0,0,0,0,0,0,0,1,1,0,0,0,0,0,3,,5,0,0,4,FALSE,FALSE,FALSE,FALSE,17,FALSE,FALSE,FALSE,FALSE,FALSE,FALSE,FALSE,FALSE,25,FALSE,42,23,FALSE,40,FALSE,FALSE,FALSE,FALSE
100404,"A",2020,1,0,14,1,1,19,17,4,0,0,3,1,52,61,0,1,1,1,1,1,8,1,1,1,0,0,0,4,0,0,0,0,"A_2020",1,0,1,0,0,0,1,1,1,1,1,1,1,1,0,0,0,0,1,19,4,0,0,3,FALSE,FALSE,FALSE,FALSE,17,FALSE,FALSE,FALSE,FALSE,FALSE,FALSE,FALSE,FALSE,35,FALSE,52,44,FALSE,61,FALSE,FALSE,FALSE,FALSE
100405,"A",2020,1,0,12,1,3,7,14,3,0,0,8,7,37,39,0,0,1,1,0,1,8,1,1,1,0,0,0,4,0,0,0,0,"A_2020",1,0,1,0,0,0,0,1,1,0,1,1,1,1,0,0,0,0,3,7,3,0,0,2,FALSE,FALSE,FALSE,FALSE,14,FALSE,FALSE,FALSE,FALSE,FALSE,FALSE,FALSE,FALSE,23,FALSE,37,25,FALSE,39,FALSE,FALSE,TRUE,FALSE
100406,"B",2018,0,0,14,0,,,17,7,1,1,0,,55,,,0,0,0,0,0,5,0,0,0,0,0,0,1,0,0,1,0,"B_2018",0,0,0,1,1,,0,0,0,0,0,0,0,0,0,0,0,1,,,7,0,0,3,FALSE,FALSE,FALSE,FALSE,17,FALSE,FALSE,FALSE,FALSE,FALSE,FALSE,FALSE,FALSE,38,FALSE,55,,FALSE,,FALSE,FALSE,FALSE,FALSE
100407,"A",2022,1,1,12,1,2,,13,7,1,0,5,5,40,40,0,1,1,1,1,1,6,1,0,0,0,0,0,2,0,0,0,0,"A_2022",1,1,1,1,0,0,1,1,1,1,1,1,0,0,0,0,0,0,2,,7,0,0,1,FALSE,FALSE,FALSE,TRUE,13,FALSE,FALSE,FALSE,FALSE,FALSE,FALSE,FALSE,FALSE,27,FALSE,40,27,FALSE,40,FALSE,FALSE,FALSE,FALSE
100408,"A",2020,0,0,12,1,2,,15,5,0,0,5,5,49,,0,0,1,1,1,1,8,1,1,1,0,0,0,4,0,0,0,0,"A_2020",0,0,1,0,0,0,0,1,1,1,1,1,1,1,0,0,0,0,2,,5,0,0,3,FALSE,FALSE,FALSE,FALSE,15,FALSE,FALSE,FALSE,FALSE,FALSE,FALSE,FALSE,FALSE,34,FALSE,49,,FALSE,,FALSE,FALSE,FALSE,FALSE
100409,"B",2018,0,0,15,0,,,19,7,1,1,2,2,52,53,0,0,0,0,0,1,8,1,1,1,0,0,0,6,0,0,0,0,"B_2018",0,0,0,1,1,0,0,0,0,0,1,1,1,1,0,0,0,0,,,7,0,0,4,FALSE,FALSE,FALSE,FALSE,19,FALSE,FALSE,FALSE,FALSE,FALSE,FALSE,FALSE,FALSE,33,FALSE,52,34,FALSE,53,FALSE,TRUE,TRUE,FALSE
100410,"A",2020,0,1,11,1,1,19,14,4,0,0,8,1,33,37,0,0,1,0,0,1,6,1,0,0,1,1,1,4,0,0,0,0,"A_2020",0,1,1,0,0,0,0,1,0,0,1,1,0,0,1,0,0,0,1,19,4,1,1,3,FALSE,FALSE,FALSE,FALSE,14,FALSE,FALSE,FALSE,FALSE,FALSE,FALSE,FALSE,FALSE,19,FALSE,33,23,FALSE,37,FALSE,FALSE,FALSE,FALSE
100411,"B",2018,0,1,13,0,1,,18,7,1,1,5,5,48,49,0,0,1,1,0,0,11,0,0,0,0,0,0,5,0,0,1,40,"B_2018",0,1,0,1,1,0,0,1,1,0,0,0,0,0,0,0,0,1,1,,7,0,0,5,FALSE,FALSE,FALSE,TRUE,18,TRUE,FALSE,TRUE,TRUE,TRUE,TRUE,FALSE,FALSE,30,FALSE,48,31,FALSE,49,FALSE,TRUE,FALSE,TRUE
100412,"A",2020,0,0,14,1,,17,17,5,0,0,,,33,45,0,0,1,1,0,1,8,1,1,1,0,0,0,4,0,0,0,0,"A_2020",0,0,1,0,0,0,0,1,1,0,1,1,1,1,0,0,0,0,,17,5,0,0,3,FALSE,FALSE,FALSE,FALSE,17,FALSE,FALSE,FALSE,FALSE,FALSE,FALSE,FALSE,FALSE,16,FALSE,33,28,FALSE,45,FALSE,FALSE,FALSE,FALSE
100413,"A",2020,0,0,13,1,2,19,15,3,0,0,5,,39,,,0,1,1,,1,8,1,1,1,0,0,0,4,0,0,1,20,"A_2020",0,0,1,0,0,,0,1,1,,1,1,1,1,0,0,0,1,2,19,3,0,0,2,FALSE,FALSE,FALSE,FALSE,15,FALSE,FALSE,FALSE,FALSE,FALSE,FALSE,FALSE,FALSE,24,FALSE,39,,FALSE,,FALSE,FALSE,TRUE,FALSE
100414,"A",2020,1,1,13,1,2,,16,7,1,0,8,5,31,40,0,1,1,1,1,1,8,1,1,1,0,0,0,4,0,0,0,0,"A_2020",1,1,1,1,0,0,1,1,1,1,1,1,1,1,0,0,0,0,2,,7,0,0,3,FALSE,FALSE,FALSE,FALSE,16,FALSE,FALSE,FALSE,FALSE,FALSE,FALSE,FALSE,FALSE,15,FALSE,31,24,FALSE,40,FALSE,FALSE,FALSE,FALSE
100415,"A",2020,1,0,15,1,4,16,17,3,0,0,5,5,34,53,0,0,1,1,0,1,8,1,1,1,0,0,0,4,1,1,0,0,"A_2020",1,0,1,0,0,0,0,1,1,0,1,1,1,1,0,1,1,0,4,16,3,0,0,2,FALSE,FALSE,FALSE,FALSE,17,FALSE,FALSE,FALSE,FALSE,FALSE,FALSE,FALSE,FALSE,17,FALSE,34,36,FALSE,53,FALSE,FALSE,TRUE,FALSE
100416,"A",2020,1,1,,1,3,,13,6,0,0,2,5,36,40,1,0,1,1,1,1,8,1,1,1,0,0,0,4,0,0,0,0,"A_2020",1,1,1,0,0,1,0,1,1,1,1,1,1,1,0,0,0,0,3,,6,0,0,,TRUE,FALSE,FALSE,FALSE,13,FALSE,FALSE,FALSE,FALSE,FALSE,FALSE,FALSE,FALSE,23,FALSE,36,27,FALSE,40,FALSE,FALSE,FALSE,FALSE
100417,"B",2018,0,0,11,1,3,,16,5,1,0,5,3,42,37,0,0,1,1,0,1,9,1,1,1,0,0,0,6,0,0,0,0,"B_2018",0,0,1,1,0,0,0,1,1,0,1,1,1,1,0,0,0,0,3,,5,0,0,5,FALSE,FALSE,FALSE,TRUE,16,FALSE,FALSE,FALSE,FALSE,FALSE,FALSE,FALSE,FALSE,26,FALSE,42,21,FALSE,37,FALSE,TRUE,FALSE,FALSE
100418,"A",2020,0,1,12,1,2,11,14,4,0,0,5,,35,,,0,1,1,1,1,7,1,1,0,1,1,1,4,0,0,1,8,"A_2020",0,1,1,0,0,,0,1,1,1,1,1,1,0,1,0,0,1,2,11,4,1,1,2,FALSE,FALSE,FALSE,FALSE,14,FALSE,FALSE,FALSE,FALSE,FALSE,FALSE,FALSE,FALSE,21,FALSE,35,,FALSE,,FALSE,FALSE,TRUE,FALSE
100419,"A",2020,0,0,14,1,2,5,15,3,0,0,6,,40,,,0,1,1,1,,10,1,1,1,0,0,0,5,0,0,0,0,"A_2020",0,0,1,0,0,,0,1,1,1,,1,1,1,0,0,0,0,2,5,3,0,0,1,FALSE,FALSE,FALSE,TRUE,15,FALSE,FALSE,FALSE,FALSE,FALSE,FALSE,FALSE,FALSE,25,FALSE,40,,FALSE,,FALSE,TRUE,TRUE,FALSE
100420,"A",2020,1,0,14,1,2,5,16,4,0,0,5,,36,,,1,1,1,1,1,8,1,1,1,0,0,0,4,0,0,0,0,"A_2020",1,0,1,0,0,,1,1,1,1,1,1,1,1,0,0,0,0,2,5,4,0,0,2,FALSE,FALSE,FALSE,FALSE,16,FALSE,FALSE,FALSE,FALSE,FALSE,FALSE,FALSE,FALSE,20,FALSE,36,,FALSE,,FALSE,FALSE,TRUE,FALSE
100421,"A",2020,0,0,11,1,,17,13,4,0,0,3,3,8,36,0,0,1,1,1,1,8,1,1,1,0,0,0,4,0,0,0,0,"A_2020",0,0,1,0,0,0,0,1,1,1,1,1,1,1,0,0,0,0,,17,4,0,0,2,FALSE,FALSE,FALSE,FALSE,13,FALSE,FALSE,FALSE,FALSE,FALSE,FALSE,FALSE,FALSE,-5,FALSE,,23,FALSE,36,FALSE,FALSE,TRUE,FALSE
100422,"A",2020,1,0,12,1,2,19,14,3,0,0,5,5,49,53,0,1,1,1,1,1,8,1,1,1,0,0,0,4,0,0,0,0,"A_2020",1,0,1,0,0,0,1,1,1,1,1,1,1,1,0,0,0,0,2,19,3,0,0,2,FALSE,FALSE,FALSE,FALSE,14,FALSE,FALSE,FALSE,FALSE,FALSE,FALSE,FALSE,FALSE,35,FALSE,49,39,FALSE,53,FALSE,FALSE,TRUE,FALSE
100423,"A",2020,0,1,13,1,2,,15,6,0,0,11,9,42,39,0,0,1,1,0,1,7,1,1,0,0,0,0,3,0,0,0,0,"A_2020",0,1,1,0,0,0,0,1,1,0,1,1,1,0,0,0,0,0,2,,6,0,0,2,FALSE,FALSE,FALSE,FALSE,15,FALSE,FALSE,FALSE,FALSE,FALSE,FALSE,FALSE,FALSE,27,FALSE,42,24,FALSE,39,FALSE,FALSE,FALSE,FALSE
100424,"A",2020,0,0,12,1,3,19,14,4,0,0,5,,32,,,0,1,1,1,1,8,1,1,1,0,0,0,4,0,0,0,0,"A_2020",0,0,1,0,0,,0,1,1,1,1,1,1,1,0,0,0,0,3,19,4,0,0,2,FALSE,FALSE,FALSE,FALSE,14,FALSE,FALSE,FALSE,FALSE,FALSE,FALSE,FALSE,FALSE,18,FALSE,32,,FALSE,,FALSE,FALSE,TRUE,FALSE
100425,"A",2020,1,0,12,1,3,10,14,4,0,0,7,,31,35,0,1,1,1,1,1,8,1,1,1,0,0,0,4,0,0,0,0,"A_2020",1,0,1,0,0,0,1,1,1,1,1,1,1,1,0,0,0,0,3,10,4,0,0,2,FALSE,FALSE,FALSE,FALSE,14,FALSE,FALSE,FALSE,FALSE,FALSE,FALSE,FALSE,FALSE,17,FALSE,31,21,FALSE,35,FALSE,FALSE,TRUE,FALSE
100426,"A",2022,0,0,14,1,1,,15,7,1,0,3,3,45,45,,0,1,1,1,1,6,1,0,0,0,0,0,2,0,0,0,0,"A_2022",0,0,1,1,0,,0,1,1,1,1,1,0,0,0,0,0,0,1,,7,0,0,1,FALSE,FALSE,FALSE,TRUE,15,FALSE,FALSE,FALSE,FALSE,FALSE,FALSE,FALSE,FALSE,30,FALSE,45,30,FALSE,45,FALSE,FALSE,FALSE,FALSE
100427,"A",2022,0,1,11,1,1,,12,7,1,0,5,6,31,32,0,0,1,1,1,1,6,1,0,0,0,0,0,2,0,0,0,0,"A_2022",0,1,1,1,0,0,0,1,1,1,1,1,0,0,0,0,0,0,1,,7,0,0,1,FALSE,FALSE,FALSE,TRUE,12,FALSE,FALSE,FALSE,FALSE,FALSE,FALSE,FALSE,FALSE,19,FALSE,31,20,FALSE,32,FALSE,FALSE,FALSE,FALSE
100428,"B",2018,1,0,13,0,2,,18,5,1,1,1,,47,,,1,1,1,1,1,9,1,1,1,0,0,0,6,0,0,0,0,"B_2018",1,0,0,1,1,,1,1,1,1,1,1,1,1,0,0,0,0,2,,5,0,0,5,FALSE,FALSE,FALSE,TRUE,18,FALSE,FALSE,FALSE,FALSE,FALSE,FALSE,FALSE,FALSE,29,FALSE,47,,FALSE,,FALSE,TRUE,FALSE,FALSE
100429,"A",2020,1,1,11,1,2,18,14,8,1,0,7,11,40,40,0,0,1,1,1,1,8,1,1,1,0,1,3,4,0,0,0,0,"A_2020",1,1,1,1,0,0,0,1,1,1,1,1,1,1,1,0,0,0,2,18,8,0,3,3,FALSE,FALSE,FALSE,FALSE,14,FALSE,FALSE,FALSE,FALSE,FALSE,FALSE,FALSE,FALSE,26,FALSE,40,26,FALSE,40,FALSE,FALSE,FALSE,FALSE
100430,"A",2020,0,1,12,1,2,10,14,3,0,0,11,11,43,41,0,0,1,1,1,1,8,1,1,1,0,0,0,4,0,0,0,0,"A_2020",0,1,1,0,0,0,0,1,1,1,1,1,1,1,0,0,0,0,2,10,3,0,0,2,FALSE,FALSE,FALSE,FALSE,14,FALSE,FALSE,FALSE,FALSE,FALSE,FALSE,FALSE,FALSE,29,FALSE,43,27,FALSE,41,FALSE,FALSE,TRUE,FALSE
100431,"A",2020,1,1,13,1,3,,16,7,1,0,9,11,35,36,0,1,1,1,1,1,8,1,1,1,0,0,0,4,0,0,0,0,"A_2020",1,1,1,1,0,0,1,1,1,1,1,1,1,1,0,0,0,0,3,,7,0,0,3,FALSE,FALSE,FALSE,FALSE,16,FALSE,FALSE,FALSE,FALSE,FALSE,FALSE,FALSE,FALSE,19,FALSE,35,20,FALSE,36,FALSE,FALSE,FALSE,FALSE
100432,"A",2020,1,1,11,1,,8,14,8,1,0,8,11,29,43,1,1,1,1,1,1,8,1,1,1,0,0,0,4,0,0,0,0,"A_2020",1,1,1,1,0,1,1,1,1,1,1,1,1,1,0,0,0,0,,8,8,0,0,3,FALSE,FALSE,FALSE,FALSE,14,FALSE,FALSE,FALSE,FALSE,FALSE,FALSE,FALSE,FALSE,15,FALSE,29,29,FALSE,43,FALSE,FALSE,FALSE,FALSE
100433,"A",2022,0,0,11,1,2,,12,7,1,0,9,8,38,34,0,0,1,1,1,1,6,1,0,0,0,0,0,2,0,0,0,0,"A_2022",0,0,1,1,0,0,0,1,1,1,1,1,0,0,0,0,0,0,2,,7,0,0,1,FALSE,FALSE,FALSE,TRUE,12,FALSE,FALSE,FALSE,FALSE,FALSE,FALSE,FALSE,FALSE,26,FALSE,38,22,FALSE,34,FALSE,FALSE,FALSE,FALSE
100434,"A",2020,1,1,12,1,2,18,15,8,1,0,5,8,45,41,0,1,1,1,1,1,8,1,1,1,0,0,0,4,0,0,0,0,"A_2020",1,1,1,1,0,0,1,1,1,1,1,1,1,1,0,0,0,0,2,18,8,0,0,3,FALSE,FALSE,FALSE,FALSE,15,FALSE,FALSE,FALSE,FALSE,FALSE,FALSE,FALSE,FALSE,30,FALSE,45,26,FALSE,41,FALSE,FALSE,FALSE,FALSE
100435,"A",2020,0,0,15,1,,19,18,7,1,0,,,,,,0,1,1,1,1,8,1,1,1,0,0,0,4,0,0,0,0,"A_2020",0,0,1,1,0,,0,1,1,1,1,1,1,1,0,0,0,0,,19,7,0,0,3,FALSE,FALSE,FALSE,FALSE,18,FALSE,FALSE,FALSE,FALSE,FALSE,FALSE,FALSE,FALSE,,FALSE,,,FALSE,,FALSE,FALSE,FALSE,FALSE
100436,"A",2020,1,0,12,1,1,19,14,7,1,0,2,9,40,47,0,1,1,1,1,1,8,1,1,1,0,0,0,4,0,0,0,0,"A_2020",1,0,1,1,0,0,1,1,1,1,1,1,1,1,0,0,0,0,1,19,7,0,0,2,FALSE,FALSE,FALSE,FALSE,14,FALSE,FALSE,FALSE,FALSE,FALSE,FALSE,FALSE,FALSE,26,FALSE,40,33,FALSE,47,FALSE,FALSE,TRUE,FALSE
100437,"A",2020,1,1,13,1,2,,15,3,0,0,2,0,42,55,0,0,1,1,0,1,8,1,1,1,1,1,1,5,0,0,0,0,"A_2020",1,1,1,0,0,0,0,1,1,0,1,1,1,1,1,0,0,0,2,,3,1,1,2,FALSE,FALSE,FALSE,FALSE,15,FALSE,FALSE,FALSE,FALSE,FALSE,FALSE,FALSE,FALSE,27,FALSE,42,40,FALSE,55,FALSE,TRUE,TRUE,FALSE
100438,"A",2020,1,0,12,1,2,19,14,4,0,0,3,11,50,54,0,1,1,1,1,1,8,1,1,1,0,0,0,4,0,0,0,0,"A_2020",1,0,1,0,0,0,1,1,1,1,1,1,1,1,0,0,0,0,2,19,4,0,0,2,FALSE,FALSE,FALSE,FALSE,14,FALSE,FALSE,FALSE,FALSE,FALSE,FALSE,FALSE,FALSE,36,FALSE,50,40,FALSE,54,FALSE,FALSE,TRUE,FALSE
100439,"A",2020,0,0,11,1,2,19,14,3,0,0,11,9,35,35,0,0,1,1,1,1,8,1,1,1,0,0,0,4,0,0,0,0,"A_2020",0,0,1,0,0,0,0,1,1,1,1,1,1,1,0,0,0,0,2,19,3,0,0,3,FALSE,FALSE,FALSE,FALSE,14,FALSE,FALSE,FALSE,FALSE,FALSE,FALSE,FALSE,FALSE,21,FALSE,35,21,FALSE,35,FALSE,FALSE,FALSE,FALSE
100440,"A",2022,1,1,15,1,1,,15,8,1,0,5,6,41,50,0,0,1,0,0,0,6,1,0,0,0,0,0,1,0,0,1,0,"A_2022",1,1,1,1,0,0,0,1,0,0,0,1,0,0,0,0,0,1,1,,8,0,0,0,FALSE,FALSE,TRUE,TRUE,15,FALSE,FALSE,FALSE,FALSE,FALSE,FALSE,FALSE,FALSE,26,FALSE,41,35,FALSE,50,FALSE,FALSE,FALSE,FALSE
100441,"A",2020,1,1,13,1,1,19,15,3,0,0,8,,35,,,0,1,1,1,1,7,1,1,0,1,1,1,4,0,0,0,0,"A_2020",1,1,1,0,0,,0,1,1,1,1,1,1,0,1,0,0,0,1,19,3,1,1,2,FALSE,FALSE,FALSE,FALSE,15,FALSE,FALSE,FALSE,FALSE,FALSE,FALSE,FALSE,FALSE,20,FALSE,35,,FALSE,,FALSE,FALSE,TRUE,FALSE
100442,"A",2020,1,0,13,1,2,19,15,3,0,0,5,9,35,38,0,1,1,1,1,1,8,1,1,1,0,0,0,4,0,0,0,0,"A_2020",1,0,1,0,0,0,1,1,1,1,1,1,1,1,0,0,0,0,2,19,3,0,0,2,FALSE,FALSE,FALSE,FALSE,15,FALSE,FALSE,FALSE,FALSE,FALSE,FALSE,FALSE,FALSE,20,FALSE,35,23,FALSE,38,FALSE,FALSE,TRUE,FALSE
100443,"A",2020,1,1,11,1,2,,14,8,1,0,9,5,36,42,0,1,1,1,1,1,8,1,1,1,0,0,0,4,0,0,0,0,"A_2020",1,1,1,1,0,0,1,1,1,1,1,1,1,1,0,0,0,0,2,,8,0,0,3,FALSE,FALSE,FALSE,FALSE,14,FALSE,FALSE,FALSE,FALSE,FALSE,FALSE,FALSE,FALSE,22,FALSE,36,28,FALSE,42,FALSE,FALSE,FALSE,FALSE
100444,"A",2020,1,1,12,1,1,19,14,7,1,0,5,,49,,,1,1,1,1,1,8,1,1,1,0,0,0,4,0,0,0,0,"A_2020",1,1,1,1,0,,1,1,1,1,1,1,1,1,0,0,0,0,1,19,7,0,0,2,FALSE,FALSE,FALSE,FALSE,14,FALSE,FALSE,FALSE,FALSE,FALSE,FALSE,FALSE,FALSE,35,FALSE,49,,FALSE,,FALSE,FALSE,TRUE,FALSE
100445,"B",2018,0,1,12,1,2,,17,7,1,1,2,3,50,46,0,0,1,1,0,1,8,1,1,1,0,0,0,6,0,0,1,20,"B_2018",0,1,1,1,1,0,0,1,1,0,1,1,1,1,0,0,0,1,2,,7,0,0,5,FALSE,FALSE,FALSE,TRUE,17,FALSE,FALSE,FALSE,FALSE,FALSE,FALSE,FALSE,FALSE,33,FALSE,50,29,FALSE,46,FALSE,TRUE,FALSE,FALSE
100446,"A",2020,1,0,12,1,2,15,14,3,0,0,7,,38,,,0,1,1,0,1,8,1,1,1,0,0,0,4,0,0,0,0,"A_2020",1,0,1,0,0,,0,1,1,0,1,1,1,1,0,0,0,0,2,15,3,0,0,2,FALSE,FALSE,FALSE,FALSE,14,FALSE,FALSE,FALSE,FALSE,FALSE,FALSE,FALSE,FALSE,24,FALSE,38,,FALSE,,FALSE,FALSE,TRUE,FALSE
100447,"A",2020,0,0,14,1,1,19,16,7,1,0,9,,33,,,0,1,0,0,0,6,1,0,0,0,0,0,1,0,0,1,40,"A_2020",0,0,1,1,0,,0,1,0,0,0,1,0,0,0,0,0,1,1,19,7,0,0,2,FALSE,FALSE,FALSE,FALSE,16,FALSE,FALSE,FALSE,FALSE,FALSE,FALSE,FALSE,FALSE,17,FALSE,33,,FALSE,,FALSE,FALSE,FALSE,FALSE
100448,"A",2020,1,0,12,1,2,12,14,3,0,0,11,8,35,42,1,1,1,1,1,1,8,1,1,1,0,0,0,4,0,0,0,0,"A_2020",1,0,1,0,0,1,1,1,1,1,1,1,1,1,0,0,0,0,2,12,3,0,0,2,FALSE,FALSE,FALSE,FALSE,14,FALSE,FALSE,FALSE,FALSE,FALSE,FALSE,FALSE,FALSE,21,FALSE,35,28,FALSE,42,FALSE,FALSE,TRUE,FALSE
100449,"A",2020,1,0,13,1,,12,15,8,1,0,3,11,49,64,0,0,1,1,,1,7,1,1,0,0,0,0,4,1,1,0,0,"A_2020",1,0,1,1,0,0,0,1,1,,1,1,1,0,0,1,1,0,,12,8,0,0,2,FALSE,FALSE,FALSE,FALSE,15,FALSE,FALSE,FALSE,FALSE,FALSE,FALSE,FALSE,FALSE,34,FALSE,49,49,FALSE,64,FALSE,FALSE,TRUE,FALSE
100450,"A",2020,1,0,11,1,2,19,13,3,0,0,8,8,35,38,0,0,1,1,1,1,7,1,1,0,0,1,1,4,0,0,0,0,"A_2020",1,0,1,0,0,0,0,1,1,1,1,1,1,0,1,0,0,0,2,19,3,0,1,2,FALSE,FALSE,FALSE,FALSE,13,FALSE,FALSE,FALSE,FALSE,FALSE,FALSE,FALSE,FALSE,22,FALSE,35,25,FALSE,38,FALSE,FALSE,TRUE,FALSE
100451,"A",2020,1,0,12,1,2,,15,8,1,0,6,7,40,47,0,0,1,1,0,1,8,1,1,1,1,1,1,5,0,0,0,0,"A_2020",1,0,1,1,0,0,0,1,1,0,1,1,1,1,1,0,0,0,2,,8,1,1,3,FALSE,FALSE,FALSE,FALSE,15,FALSE,FALSE,FALSE,FALSE,FALSE,FALSE,FALSE,FALSE,25,FALSE,40,32,FALSE,47,FALSE,TRUE,TRUE,FALSE
100452,"A",2020,0,0,14,1,2,11,16,4,0,0,3,1,40,43,1,0,1,0,0,1,7,1,1,0,1,1,1,4,0,0,0,0,"A_2020",0,0,1,0,0,1,0,1,0,0,1,1,1,0,1,0,0,0,2,11,4,1,1,2,FALSE,FALSE,FALSE,FALSE,16,FALSE,FALSE,FALSE,FALSE,FALSE,FALSE,FALSE,FALSE,24,FALSE,40,27,FALSE,43,FALSE,FALSE,TRUE,FALSE
100453,"A",2022,1,1,11,1,3,,12,7,1,0,11,,30,32,,1,0,0,0,1,6,1,0,0,0,0,0,2,0,0,0,0,"A_2022",1,1,1,1,0,,1,0,0,0,1,1,0,0,0,0,0,0,3,,7,0,0,1,FALSE,FALSE,FALSE,TRUE,12,FALSE,FALSE,FALSE,FALSE,FALSE,FALSE,FALSE,FALSE,18,FALSE,30,20,FALSE,32,FALSE,FALSE,FALSE,FALSE
100454,"A",2022,0,1,13,1,2,,14,7,1,0,5,5,45,43,0,0,1,1,1,1,7,1,1,0,0,0,0,3,0,0,0,0,"A_2022",0,1,1,1,0,0,0,1,1,1,1,1,1,0,0,0,0,0,2,,7,0,0,1,FALSE,FALSE,FALSE,TRUE,14,FALSE,FALSE,FALSE,FALSE,FALSE,FALSE,FALSE,FALSE,31,FALSE,45,29,FALSE,43,FALSE,FALSE,TRUE,FALSE
100455,"A",2020,1,0,14,1,1,19,17,3,0,0,3,2,39,50,0,1,1,1,1,1,8,1,1,1,0,0,0,4,0,0,0,0,"A_2020",1,0,1,0,0,0,1,1,1,1,1,1,1,1,0,0,0,0,1,19,3,0,0,3,FALSE,FALSE,FALSE,FALSE,17,FALSE,FALSE,FALSE,FALSE,FALSE,FALSE,FALSE,FALSE,22,FALSE,39,33,FALSE,50,FALSE,FALSE,FALSE,FALSE
100456,"A",2022,1,0,12,1,2,,12,7,1,0,6,11,27,30,0,1,1,1,1,1,6,1,0,0,0,0,0,2,0,0,0,0,"A_2022",1,0,1,1,0,0,1,1,1,1,1,1,0,0,0,0,0,0,2,,7,0,0,0,FALSE,FALSE,TRUE,TRUE,12,FALSE,FALSE,FALSE,FALSE,FALSE,FALSE,FALSE,FALSE,15,FALSE,27,18,FALSE,30,FALSE,FALSE,TRUE,FALSE
100457,"A",2022,1,0,12,1,,,14,7,1,0,1,,36,,,1,1,1,1,1,6,1,0,0,0,0,0,2,0,0,0,0,"A_2022",1,0,1,1,0,,1,1,1,1,1,1,0,0,0,0,0,0,,,7,0,0,2,FALSE,FALSE,FALSE,FALSE,14,FALSE,FALSE,FALSE,FALSE,FALSE,FALSE,FALSE,FALSE,22,FALSE,36,,FALSE,,FALSE,FALSE,FALSE,FALSE
100458,"A",2020,1,0,11,1,2,,14,3,0,1,8,5,39,38,0,1,1,1,1,1,8,1,1,1,0,0,0,4,0,0,0,0,"A_2020",1,0,1,0,1,0,1,1,1,1,1,1,1,1,0,0,0,0,2,,3,0,0,3,FALSE,FALSE,FALSE,FALSE,14,FALSE,FALSE,FALSE,FALSE,FALSE,FALSE,FALSE,FALSE,25,FALSE,39,24,FALSE,38,FALSE,FALSE,FALSE,FALSE
100459,"A",2020,1,1,15,1,2,4,19,6,1,0,9,,45,,,0,1,0,0,0,5,0,0,0,0,0,0,1,0,0,1,30,"A_2020",1,1,1,1,0,,0,1,0,0,0,0,0,0,0,0,0,1,2,4,6,0,0,4,FALSE,FALSE,FALSE,FALSE,19,FALSE,FALSE,FALSE,FALSE,FALSE,FALSE,FALSE,FALSE,26,FALSE,45,,FALSE,,FALSE,FALSE,FALSE,FALSE
100460,"A",2020,0,0,12,1,2,15,14,6,0,0,9,,32,,,0,1,1,0,1,8,1,1,1,0,0,0,4,0,0,0,0,"A_2020",0,0,1,0,0,,0,1,1,0,1,1,1,1,0,0,0,0,2,15,6,0,0,2,FALSE,FALSE,FALSE,FALSE,14,FALSE,FALSE,FALSE,FALSE,FALSE,FALSE,FALSE,FALSE,18,FALSE,32,,FALSE,,FALSE,FALSE,TRUE,FALSE
100461,"A",2020,1,1,13,1,3,,15,3,0,0,11,,37,41,,1,1,1,1,1,7,1,1,0,1,1,2,5,0,0,0,0,"A_2020",1,1,1,0,0,,1,1,1,1,1,1,1,0,1,0,0,0,3,,3,1,2,2,FALSE,FALSE,FALSE,FALSE,15,FALSE,FALSE,FALSE,FALSE,FALSE,FALSE,FALSE,FALSE,22,FALSE,37,26,FALSE,41,FALSE,TRUE,TRUE,FALSE
100462,"A",2020,1,1,,1,1,5,15,4,0,0,2,,43,,,0,1,0,0,0,5,0,0,0,0,0,0,1,0,0,1,0,"A_2020",1,1,1,0,0,,0,1,0,0,0,0,0,0,0,0,0,1,1,5,4,0,0,,TRUE,FALSE,FALSE,FALSE,15,FALSE,FALSE,FALSE,FALSE,FALSE,FALSE,FALSE,FALSE,28,FALSE,43,,FALSE,,FALSE,FALSE,FALSE,FALSE
100463,"A",2020,0,0,12,1,2,11,14,3,0,0,9,7,31,39,0,0,1,1,1,1,8,1,1,1,0,0,0,4,0,0,0,0,"A_2020",0,0,1,0,0,0,0,1,1,1,1,1,1,1,0,0,0,0,2,11,3,0,0,2,FALSE,FALSE,FALSE,FALSE,14,FALSE,FALSE,FALSE,FALSE,FALSE,FALSE,FALSE,FALSE,17,FALSE,31,25,FALSE,39,FALSE,FALSE,TRUE,FALSE
100464,"B",2018,1,0,11,1,3,,15,7,1,0,5,5,37,43,0,1,1,1,1,1,10,1,1,1,0,0,0,6,0,0,0,0,"B_2018",1,0,1,1,0,0,1,1,1,1,1,1,1,1,0,0,0,0,3,,7,0,0,4,FALSE,FALSE,FALSE,FALSE,15,FALSE,FALSE,FALSE,FALSE,FALSE,FALSE,FALSE,FALSE,22,FALSE,37,28,FALSE,43,FALSE,TRUE,TRUE,FALSE
100465,"A",2022,1,0,12,1,3,,13,8,1,0,6,11,31,33,0,1,1,1,1,1,6,1,0,0,0,0,0,2,0,0,0,0,"A_2022",1,0,1,1,0,0,1,1,1,1,1,1,0,0,0,0,0,0,3,,8,0,0,1,FALSE,FALSE,FALSE,TRUE,13,FALSE,FALSE,FALSE,FALSE,FALSE,FALSE,FALSE,FALSE,18,FALSE,31,20,FALSE,33,FALSE,FALSE,FALSE,FALSE
100466,"A",2020,0,1,15,1,2,19,18,6,0,0,2,,,,0,0,1,1,1,1,8,0,0,0,0,0,0,4,0,0,0,0,"A_2020",0,1,1,0,0,0,0,1,1,1,1,0,0,0,0,0,0,0,2,19,6,0,0,3,FALSE,FALSE,FALSE,FALSE,18,TRUE,FALSE,FALSE,TRUE,TRUE,TRUE,FALSE,FALSE,,FALSE,,,FALSE,,FALSE,FALSE,FALSE,TRUE
100467,"B",2018,0,0,14,0,2,,16,6,1,0,,,,,,0,1,1,1,1,9,1,1,1,0,0,0,6,0,0,0,0,"B_2018",0,0,0,1,0,,0,1,1,1,1,1,1,1,0,0,0,0,2,,6,0,0,2,FALSE,FALSE,FALSE,FALSE,16,FALSE,FALSE,FALSE,FALSE,FALSE,FALSE,FALSE,FALSE,,FALSE,,,FALSE,,FALSE,TRUE,TRUE,FALSE
100468,"A",2020,0,1,12,1,2,19,14,3,0,0,5,5,36,37,0,0,1,1,1,1,8,1,1,1,0,0,0,4,0,0,0,0,"A_2020",0,1,1,0,0,0,0,1,1,1,1,1,1,1,0,0,0,0,2,19,3,0,0,2,FALSE,FALSE,FALSE,FALSE,14,FALSE,FALSE,FALSE,FALSE,FALSE,FALSE,FALSE,FALSE,22,FALSE,36,23,FALSE,37,FALSE,FALSE,TRUE,FALSE
100469,"A",2020,1,1,12,1,3,9,14,4,0,0,3,11,48,50,0,1,1,1,1,1,8,1,1,1,0,0,0,4,0,0,0,0,"A_2020",1,1,1,0,0,0,1,1,1,1,1,1,1,1,0,0,0,0,3,9,4,0,0,2,FALSE,FALSE,FALSE,FALSE,14,FALSE,FALSE,FALSE,FALSE,FALSE,FALSE,FALSE,FALSE,34,FALSE,48,36,FALSE,50,FALSE,FALSE,TRUE,FALSE
100470,"A",2020,0,0,12,1,2,18,14,6,0,0,2,5,35,42,0,0,1,1,0,1,8,1,1,1,0,0,0,4,0,0,0,0,"A_2020",0,0,1,0,0,0,0,1,1,0,1,1,1,1,0,0,0,0,2,18,6,0,0,2,FALSE,FALSE,FALSE,FALSE,14,FALSE,FALSE,FALSE,FALSE,FALSE,FALSE,FALSE,FALSE,21,FALSE,35,28,FALSE,42,FALSE,FALSE,TRUE,FALSE
100471,"A",2022,0,1,14,1,2,,15,7,1,0,8,,43,,,0,1,1,1,1,6,1,0,0,0,0,0,2,0,0,0,0,"A_2022",0,1,1,1,0,,0,1,1,1,1,1,0,0,0,0,0,0,2,,7,0,0,1,FALSE,FALSE,FALSE,TRUE,15,FALSE,FALSE,FALSE,FALSE,FALSE,FALSE,FALSE,FALSE,28,FALSE,43,,FALSE,,FALSE,FALSE,FALSE,FALSE
100472,"A",2020,1,0,11,1,2,4,13,3,0,0,5,5,34,36,1,0,1,1,0,1,8,1,1,1,0,0,0,4,0,0,0,0,"A_2020",1,0,1,0,0,1,0,1,1,0,1,1,1,1,0,0,0,0,2,4,3,0,0,2,FALSE,FALSE,FALSE,FALSE,13,FALSE,FALSE,FALSE,FALSE,FALSE,FALSE,FALSE,FALSE,21,FALSE,34,23,FALSE,36,FALSE,FALSE,TRUE,FALSE
100473,"A",2022,1,0,14,1,2,,14,7,1,0,6,,45,,,1,1,1,1,1,6,1,0,0,0,0,0,2,0,0,0,0,"A_2022",1,0,1,1,0,,1,1,1,1,1,1,0,0,0,0,0,0,2,,7,0,0,0,FALSE,FALSE,TRUE,TRUE,14,FALSE,FALSE,FALSE,FALSE,FALSE,FALSE,FALSE,FALSE,31,FALSE,45,,FALSE,,FALSE,FALSE,TRUE,FALSE
100474,"A",2022,1,1,11,1,4,,12,7,1,0,6,,47,,,0,1,1,1,1,6,1,0,0,0,0,0,2,0,0,0,0,"A_2022",1,1,1,1,0,,0,1,1,1,1,1,0,0,0,0,0,0,4,,7,0,0,1,FALSE,FALSE,FALSE,TRUE,12,FALSE,FALSE,FALSE,FALSE,FALSE,FALSE,FALSE,FALSE,35,FALSE,47,,FALSE,,FALSE,FALSE,FALSE,FALSE
100475,"A",2020,0,1,13,1,2,18,15,4,0,0,5,5,44,51,,0,1,0,0,0,5,0,0,0,0,0,0,1,0,0,1,40,"A_2020",0,1,1,0,0,,0,1,0,0,0,0,0,0,0,0,0,1,2,18,4,0,0,2,FALSE,FALSE,FALSE,FALSE,15,FALSE,FALSE,FALSE,FALSE,FALSE,FALSE,FALSE,FALSE,29,FALSE,44,36,FALSE,51,FALSE,FALSE,FALSE,FALSE
100476,"A",2022,0,1,12,1,2,,13,4,1,0,5,5,43,50,0,0,1,1,1,1,7,1,1,0,0,0,0,2,0,0,0,0,"A_2022",0,1,1,1,0,0,0,1,1,1,1,1,1,0,0,0,0,0,2,,4,0,0,1,FALSE,FALSE,FALSE,TRUE,13,FALSE,FALSE,FALSE,FALSE,FALSE,FALSE,FALSE,FALSE,30,FALSE,43,37,FALSE,50,FALSE,FALSE,FALSE,FALSE
100477,"A",2020,0,1,11,1,2,5,14,4,0,0,8,5,42,38,0,0,1,1,1,1,8,1,1,1,0,0,0,4,0,0,0,0,"A_2020",0,1,1,0,0,0,0,1,1,1,1,1,1,1,0,0,0,0,2,5,4,0,0,3,FALSE,FALSE,FALSE,FALSE,14,FALSE,FALSE,FALSE,FALSE,FALSE,FALSE,FALSE,FALSE,28,FALSE,42,24,FALSE,38,FALSE,FALSE,FALSE,FALSE
100478,"A",2020,0,1,13,1,1,19,15,3,0,0,11,11,35,38,0,0,1,0,0,1,8,1,1,1,0,0,0,4,0,0,1,8,"A_2020",0,1,1,0,0,0,0,1,0,0,1,1,1,1,0,0,0,1,1,19,3,0,0,2,FALSE,FALSE,FALSE,FALSE,15,FALSE,FALSE,FALSE,FALSE,FALSE,FALSE,FALSE,FALSE,20,FALSE,35,23,FALSE,38,FALSE,FALSE,TRUE,FALSE
100479,"A",2020,0,0,11,1,3,10,13,3,0,0,7,5,48,49,0,0,1,1,1,1,8,1,1,1,0,0,0,4,0,0,0,0,"A_2020",0,0,1,0,0,0,0,1,1,1,1,1,1,1,0,0,0,0,3,10,3,0,0,2,FALSE,FALSE,FALSE,FALSE,13,FALSE,FALSE,FALSE,FALSE,FALSE,FALSE,FALSE,FALSE,35,FALSE,48,36,FALSE,49,FALSE,FALSE,TRUE,FALSE
100480,"A",2020,0,1,13,1,2,19,15,3,0,0,4,3,52,50,0,0,1,1,1,1,8,1,1,1,0,0,0,4,0,0,0,0,"A_2020",0,1,1,0,0,0,0,1,1,1,1,1,1,1,0,0,0,0,2,19,3,0,0,2,FALSE,FALSE,FALSE,FALSE,15,FALSE,FALSE,FALSE,FALSE,FALSE,FALSE,FALSE,FALSE,37,FALSE,52,35,FALSE,50,FALSE,FALSE,TRUE,FALSE
100481,"A",2020,1,1,12,1,1,8,14,4,0,0,3,4,47,51,0,1,1,1,1,1,8,1,1,1,0,0,0,4,0,0,0,0,"A_2020",1,1,1,0,0,0,1,1,1,1,1,1,1,1,0,0,0,0,1,8,4,0,0,2,FALSE,FALSE,FALSE,FALSE,14,FALSE,FALSE,FALSE,FALSE,FALSE,FALSE,FALSE,FALSE,33,FALSE,47,37,FALSE,51,FALSE,FALSE,TRUE,FALSE
100482,"A",2022,1,0,15,1,,,16,7,1,0,3,2,34,38,0,1,1,1,1,1,6,1,0,0,0,0,0,2,0,0,0,0,"A_2022",1,0,1,1,0,0,1,1,1,1,1,1,0,0,0,0,0,0,,,7,0,0,1,FALSE,FALSE,FALSE,TRUE,16,FALSE,FALSE,FALSE,FALSE,FALSE,FALSE,FALSE,FALSE,18,FALSE,34,22,FALSE,38,FALSE,FALSE,FALSE,FALSE
100483,"A",2020,1,0,14,1,,4,17,8,1,0,5,0,44,56,0,0,1,1,0,0,8,1,1,1,0,0,0,3,0,1,0,0,"A_2020",1,0,1,1,0,0,0,1,1,0,0,1,1,1,0,0,1,0,,4,8,0,0,3,FALSE,FALSE,FALSE,FALSE,17,FALSE,FALSE,FALSE,FALSE,FALSE,FALSE,FALSE,FALSE,27,FALSE,44,39,FALSE,56,FALSE,FALSE,FALSE,FALSE
100484,"A",2022,0,1,12,1,2,,13,8,1,0,11,3,47,46,0,0,0,0,0,1,6,1,0,0,0,0,0,2,0,0,0,0,"A_2022",0,1,1,1,0,0,0,0,0,0,1,1,0,0,0,0,0,0,2,,8,0,0,1,FALSE,FALSE,FALSE,TRUE,13,FALSE,FALSE,FALSE,FALSE,FALSE,FALSE,FALSE,FALSE,34,FALSE,47,33,FALSE,46,FALSE,FALSE,FALSE,FALSE
100485,"A",2020,0,0,13,1,2,,15,4,0,0,9,9,45,39,0,0,1,0,0,0,5,0,0,0,0,0,0,1,0,0,0,0,"A_2020",0,0,1,0,0,0,0,1,0,0,0,0,0,0,0,0,0,0,2,,4,0,0,2,FALSE,FALSE,FALSE,FALSE,15,FALSE,FALSE,FALSE,FALSE,FALSE,FALSE,FALSE,FALSE,30,FALSE,45,24,FALSE,39,FALSE,FALSE,FALSE,FALSE
100486,"A",2020,1,1,15,1,2,,17,4,0,0,4,5,42,44,0,1,1,1,1,1,8,1,1,1,0,0,0,4,0,0,0,0,"A_2020",1,1,1,0,0,0,1,1,1,1,1,1,1,1,0,0,0,0,2,,4,0,0,2,FALSE,FALSE,FALSE,FALSE,17,FALSE,FALSE,FALSE,FALSE,FALSE,FALSE,FALSE,FALSE,25,FALSE,42,27,FALSE,44,FALSE,FALSE,TRUE,FALSE
100487,"A",2020,1,1,14,1,2,,16,4,0,0,5,,43,,,0,,,0,0,5,0,0,0,,0,0,0,0,0,1,40,"A_2020",1,1,1,0,0,,0,,,0,0,0,0,0,0,0,0,1,2,,4,,0,2,FALSE,FALSE,FALSE,FALSE,16,FALSE,FALSE,FALSE,FALSE,FALSE,FALSE,FALSE,FALSE,27,FALSE,43,,FALSE,,FALSE,FALSE,FALSE,FALSE
100488,"A",2020,0,0,15,1,3,11,17,3,0,0,5,,59,,,0,1,0,0,0,6,1,0,0,0,0,0,1,0,0,1,40,"A_2020",0,0,1,0,0,,0,1,0,0,0,1,0,0,0,0,0,1,3,11,3,0,0,2,FALSE,FALSE,FALSE,FALSE,17,FALSE,FALSE,FALSE,FALSE,FALSE,FALSE,FALSE,FALSE,42,FALSE,59,,FALSE,,FALSE,FALSE,FALSE,FALSE
100489,"A",2020,1,0,11,1,,,14,4,0,0,11,8,35,34,0,0,1,1,0,1,8,1,1,1,0,0,0,4,0,0,0,0,"A_2020",1,0,1,0,0,0,0,1,1,0,1,1,1,1,0,0,0,0,,,4,0,0,3,FALSE,FALSE,FALSE,FALSE,14,FALSE,FALSE,FALSE,FALSE,FALSE,FALSE,FALSE,FALSE,21,FALSE,35,20,FALSE,34,FALSE,FALSE,FALSE,FALSE
100490,"A",2020,1,0,14,1,2,7,15,4,0,0,5,3,34,41,0,1,1,1,1,1,8,1,1,1,0,0,0,4,0,0,0,0,"A_2020",1,0,1,0,0,0,1,1,1,1,1,1,1,1,0,0,0,0,2,7,4,0,0,1,FALSE,FALSE,FALSE,TRUE,15,FALSE,FALSE,FALSE,FALSE,FALSE,FALSE,FALSE,FALSE,19,FALSE,34,26,FALSE,41,FALSE,FALSE,TRUE,FALSE
100491,"A",2022,1,0,12,1,2,,13,7,1,0,6,5,31,35,0,1,1,1,1,1,6,1,0,0,0,0,0,2,0,0,0,0,"A_2022",1,0,1,1,0,0,1,1,1,1,1,1,0,0,0,0,0,0,2,,7,0,0,1,FALSE,FALSE,FALSE,TRUE,13,FALSE,FALSE,FALSE,FALSE,FALSE,FALSE,FALSE,FALSE,18,FALSE,31,22,FALSE,35,FALSE,FALSE,FALSE,FALSE
100492,"A",2020,1,0,11,1,2,17,14,7,1,0,11,8,37,37,0,1,1,1,1,1,8,1,1,1,0,0,0,4,0,0,0,0,"A_2020",1,0,1,1,0,0,1,1,1,1,1,1,1,1,0,0,0,0,2,17,7,0,0,3,FALSE,FALSE,FALSE,FALSE,14,FALSE,FALSE,FALSE,FALSE,FALSE,FALSE,FALSE,FALSE,23,FALSE,37,23,FALSE,37,FALSE,FALSE,FALSE,FALSE
100493,"A",2020,1,1,13,1,2,18,16,8,1,0,10,5,42,47,0,1,1,1,1,1,8,1,1,1,0,0,0,4,0,0,0,0,"A_2020",1,1,1,1,0,0,1,1,1,1,1,1,1,1,0,0,0,0,2,18,8,0,0,3,FALSE,FALSE,FALSE,FALSE,16,FALSE,FALSE,FALSE,FALSE,FALSE,FALSE,FALSE,FALSE,26,FALSE,42,31,FALSE,47,FALSE,FALSE,FALSE,FALSE
100494,"B",2018,0,0,12,1,,,18,6,1,1,3,,32,,,0,0,0,0,0,7,1,1,0,0,0,0,3,1,1,1,12,"B_2018",0,0,1,1,1,,0,0,0,0,0,1,1,0,0,1,1,1,,,6,0,0,6,FALSE,FALSE,FALSE,TRUE,18,FALSE,FALSE,FALSE,FALSE,FALSE,FALSE,FALSE,FALSE,14,FALSE,32,,FALSE,,FALSE,FALSE,FALSE,FALSE
100495,"B",2018,0,1,13,0,,,18,6,1,1,5,,35,,,0,0,0,0,0,7,1,1,0,0,0,0,2,0,0,1,40,"B_2018",0,1,0,1,1,,0,0,0,0,0,1,1,0,0,0,0,1,,,6,0,0,5,FALSE,FALSE,FALSE,TRUE,18,FALSE,FALSE,FALSE,FALSE,FALSE,FALSE,FALSE,FALSE,17,FALSE,35,,FALSE,,FALSE,FALSE,FALSE,FALSE
100496,"B",2018,1,1,13,1,,,,7,1,1,,,,,,,,,,,5,,,,,,,,,,,,"B_2018",1,1,1,1,1,,,,,,,,,,,,,,,,7,,,,TRUE,FALSE,FALSE,FALSE,,FALSE,FALSE,FALSE,FALSE,FALSE,FALSE,FALSE,FALSE,,FALSE,,,FALSE,,FALSE,FALSE,FALSE,FALSE
100497,"A",2020,1,0,11,1,2,,13,3,0,0,5,5,43,40,0,0,1,1,1,1,8,1,1,1,0,1,1,4,0,0,0,0,"A_2020",1,0,1,0,0,0,0,1,1,1,1,1,1,1,1,0,0,0,2,,3,0,1,2,FALSE,FALSE,FALSE,FALSE,13,FALSE,FALSE,FALSE,FALSE,FALSE,FALSE,FALSE,FALSE,30,FALSE,43,27,FALSE,40,FALSE,FALSE,TRUE,FALSE
100498,"A",2020,1,0,14,1,2,17,16,7,1,0,6,6,33,36,0,1,1,1,1,1,8,1,1,1,0,0,0,4,0,0,0,0,"A_2020",1,0,1,1,0,0,1,1,1,1,1,1,1,1,0,0,0,0,2,17,7,0,0,2,FALSE,FALSE,FALSE,FALSE,16,FALSE,FALSE,FALSE,FALSE,FALSE,FALSE,FALSE,FALSE,17,FALSE,33,20,FALSE,36,FALSE,FALSE,TRUE,FALSE
100499,"A",2020,0,1,12,1,1,19,15,7,1,0,3,3,52,53,1,0,1,1,1,1,8,1,1,1,0,0,0,4,0,0,0,0,"A_2020",0,1,1,1,0,1,0,1,1,1,1,1,1,1,0,0,0,0,1,19,7,0,0,3,FALSE,FALSE,FALSE,FALSE,15,FALSE,FALSE,FALSE,FALSE,FALSE,FALSE,FALSE,FALSE,37,FALSE,52,38,FALSE,53,FALSE,FALSE,FALSE,FALSE
100500,"A",2022,1,0,14,1,2,,16,7,1,0,5,5,56,56,0,0,1,0,1,1,9,1,1,1,0,0,0,5,0,0,0,0,"A_2022",1,0,1,1,0,0,0,1,0,1,1,1,1,1,0,0,0,0,2,,7,0,0,2,FALSE,FALSE,FALSE,FALSE,16,FALSE,FALSE,FALSE,FALSE,FALSE,FALSE,FALSE,FALSE,40,FALSE,56,40,FALSE,56,FALSE,TRUE,TRUE,FALSE
100501,"A",2020,1,0,12,1,2,19,15,6,0,0,5,,33,,,1,1,1,1,1,6,1,0,0,1,1,1,3,0,0,0,0,"A_2020",1,0,1,0,0,,1,1,1,1,1,1,0,0,1,0,0,0,2,19,6,1,1,3,FALSE,FALSE,FALSE,FALSE,15,FALSE,FALSE,FALSE,FALSE,FALSE,FALSE,FALSE,FALSE,18,FALSE,33,,FALSE,,FALSE,FALSE,FALSE,FALSE
100502,"A",2020,1,0,11,1,2,,14,8,1,0,6,0,39,36,0,1,1,1,1,1,8,1,1,1,0,0,0,4,0,0,0,0,"A_2020",1,0,1,1,0,0,1,1,1,1,1,1,1,1,0,0,0,0,2,,8,0,0,3,FALSE,FALSE,FALSE,FALSE,14,FALSE,FALSE,FALSE,FALSE,FALSE,FALSE,FALSE,FALSE,25,FALSE,39,22,FALSE,36,FALSE,FALSE,FALSE,FALSE
100503,"A",2020,1,1,12,1,2,19,15,3,0,0,8,10,36,38,0,0,1,1,0,1,7,1,1,0,0,0,0,4,0,0,0,0,"A_2020",1,1,1,0,0,0,0,1,1,0,1,1,1,0,0,0,0,0,2,19,3,0,0,3,FALSE,FALSE,FALSE,FALSE,15,FALSE,FALSE,FALSE,FALSE,FALSE,FALSE,FALSE,FALSE,21,FALSE,36,23,FALSE,38,FALSE,FALSE,FALSE,FALSE
100504,"A",2020,0,1,14,1,,,16,4,0,0,9,9,50,47,1,0,1,1,0,1,7,1,1,0,0,0,0,4,0,0,1,7,"A_2020",0,1,1,0,0,1,0,1,1,0,1,1,1,0,0,0,0,1,,,4,0,0,2,FALSE,FALSE,FALSE,FALSE,16,FALSE,FALSE,FALSE,FALSE,FALSE,FALSE,FALSE,FALSE,34,FALSE,50,31,FALSE,47,FALSE,FALSE,TRUE,FALSE
100505,"A",2020,1,1,15,1,2,5,18,6,0,0,,,65,,,0,1,0,0,0,5,0,0,0,0,0,0,1,0,0,1,40,"A_2020",1,1,1,0,0,,0,1,0,0,0,0,0,0,0,0,0,1,2,5,6,0,0,3,FALSE,FALSE,FALSE,FALSE,18,FALSE,FALSE,FALSE,FALSE,FALSE,FALSE,FALSE,FALSE,47,FALSE,65,,FALSE,,FALSE,FALSE,FALSE,FALSE
100506,"A",2022,0,1,11,1,2,,13,6,1,0,5,5,39,43,0,0,1,1,1,1,7,1,1,0,0,0,0,2,0,0,0,0,"A_2022",0,1,1,1,0,0,0,1,1,1,1,1,1,0,0,0,0,0,2,,6,0,0,2,FALSE,FALSE,FALSE,FALSE,13,FALSE,FALSE,FALSE,FALSE,FALSE,FALSE,FALSE,FALSE,26,FALSE,39,30,FALSE,43,FALSE,FALSE,FALSE,FALSE
100507,"A",2020,1,0,14,1,1,17,16,3,0,0,5,11,40,52,0,1,1,1,1,1,8,1,1,1,0,0,0,4,0,0,0,0,"A_2020",1,0,1,0,0,0,1,1,1,1,1,1,1,1,0,0,0,0,1,17,3,0,0,2,FALSE,FALSE,FALSE,FALSE,16,FALSE,FALSE,FALSE,FALSE,FALSE,FALSE,FALSE,FALSE,24,FALSE,40,36,FALSE,52,FALSE,FALSE,TRUE,FALSE
100508,"A",2020,1,0,10,1,2,10,12,4,0,0,11,11,39,47,0,1,1,1,1,1,8,1,1,1,0,0,0,4,0,0,0,0,"A_2020",1,0,1,0,0,0,1,1,1,1,1,1,1,1,0,0,0,0,2,10,4,0,0,2,FALSE,FALSE,FALSE,FALSE,12,FALSE,FALSE,FALSE,FALSE,FALSE,FALSE,FALSE,FALSE,27,FALSE,39,35,FALSE,47,FALSE,FALSE,TRUE,FALSE
100509,"A",2020,1,1,14,1,1,19,17,8,1,0,8,9,38,37,0,0,1,0,0,0,6,1,0,0,0,0,0,1,0,0,0,0,"A_2020",1,1,1,1,0,0,0,1,0,0,0,1,0,0,0,0,0,0,1,19,8,0,0,3,FALSE,FALSE,FALSE,FALSE,17,FALSE,FALSE,FALSE,FALSE,FALSE,FALSE,FALSE,FALSE,21,FALSE,38,20,FALSE,37,FALSE,FALSE,FALSE,FALSE
100510,"A",2020,0,1,16,1,1,,17,4,0,0,3,9,40,42,,0,1,0,0,0,6,1,0,0,0,0,0,1,0,0,1,40,"A_2020",0,1,1,0,0,,0,1,0,0,0,1,0,0,0,0,0,1,1,,4,0,0,1,FALSE,FALSE,FALSE,TRUE,17,FALSE,FALSE,FALSE,FALSE,FALSE,FALSE,FALSE,FALSE,23,FALSE,40,25,FALSE,42,FALSE,FALSE,FALSE,FALSE
100511,"B",2018,0,0,13,0,1,,16,6,1,1,11,11,28,37,0,0,1,1,1,1,8,1,1,1,1,1,1,6,0,0,0,0,"B_2018",0,0,0,1,1,0,0,1,1,1,1,1,1,1,1,0,0,0,1,,6,1,1,3,FALSE,FALSE,FALSE,FALSE,16,FALSE,FALSE,FALSE,FALSE,FALSE,FALSE,FALSE,FALSE,12,FALSE,28,21,FALSE,37,FALSE,TRUE,TRUE,FALSE
100512,"A",2020,1,0,13,1,2,17,15,4,0,0,5,9,33,43,0,0,1,0,0,1,5,0,0,0,1,1,1,3,0,0,0,0,"A_2020",1,0,1,0,0,0,0,1,0,0,1,0,0,0,1,0,0,0,2,17,4,1,1,2,FALSE,FALSE,FALSE,FALSE,15,FALSE,FALSE,FALSE,FALSE,FALSE,FALSE,FALSE,FALSE,18,FALSE,33,28,FALSE,43,FALSE,FALSE,FALSE,FALSE
100513,"A",2020,0,1,13,1,,17,,8,1,0,,,,,,,,,,,5,,,,,,,,,,,,"A_2020",0,1,1,1,0,,,,,,,,,,,,,,,17,8,,,,TRUE,FALSE,FALSE,FALSE,,FALSE,FALSE,FALSE,FALSE,FALSE,FALSE,FALSE,FALSE,,FALSE,,,FALSE,,FALSE,FALSE,FALSE,FALSE
100514,"A",2020,1,0,12,1,,19,14,3,0,0,5,2,47,47,0,1,1,1,1,1,8,1,1,1,0,0,0,4,0,0,0,0,"A_2020",1,0,1,0,0,0,1,1,1,1,1,1,1,1,0,0,0,0,,19,3,0,0,2,FALSE,FALSE,FALSE,FALSE,14,FALSE,FALSE,FALSE,FALSE,FALSE,FALSE,FALSE,FALSE,33,FALSE,47,33,FALSE,47,FALSE,FALSE,TRUE,FALSE
100515,"A",2020,1,1,12,1,2,,14,4,0,0,8,8,35,35,0,1,1,1,1,1,8,1,1,1,0,0,0,4,0,0,0,0,"A_2020",1,1,1,0,0,0,1,1,1,1,1,1,1,1,0,0,0,0,2,,4,0,0,2,FALSE,FALSE,FALSE,FALSE,14,FALSE,FALSE,FALSE,FALSE,FALSE,FALSE,FALSE,FALSE,21,FALSE,35,21,FALSE,35,FALSE,FALSE,TRUE,FALSE
100516,"A",2020,0,1,13,1,2,5,16,7,1,0,6,2,40,49,0,0,1,1,1,1,8,1,1,1,0,0,0,4,0,0,0,0,"A_2020",0,1,1,1,0,0,0,1,1,1,1,1,1,1,0,0,0,0,2,5,7,0,0,3,FALSE,FALSE,FALSE,FALSE,16,FALSE,FALSE,FALSE,FALSE,FALSE,FALSE,FALSE,FALSE,24,FALSE,40,33,FALSE,49,FALSE,FALSE,FALSE,FALSE
100517,"A",2020,0,1,12,1,2,17,14,4,0,0,5,,53,,,0,1,1,1,1,8,1,1,1,0,0,0,4,0,0,0,0,"A_2020",0,1,1,0,0,,0,1,1,1,1,1,1,1,0,0,0,0,2,17,4,0,0,2,FALSE,FALSE,FALSE,FALSE,14,FALSE,FALSE,FALSE,FALSE,FALSE,FALSE,FALSE,FALSE,39,FALSE,53,,FALSE,,FALSE,FALSE,TRUE,FALSE
100518,"B",2018,1,1,11,1,2,,15,7,1,1,8,11,47,50,0,0,0,0,0,0,7,1,1,0,0,0,0,3,0,0,1,0,"B_2018",1,1,1,1,1,0,0,0,0,0,0,1,1,0,0,0,0,1,2,,7,0,0,4,FALSE,FALSE,FALSE,FALSE,15,FALSE,FALSE,FALSE,FALSE,FALSE,FALSE,FALSE,FALSE,32,FALSE,47,35,FALSE,50,FALSE,FALSE,FALSE,FALSE
100519,"A",2020,1,0,12,1,2,6,14,4,0,0,8,,35,37,1,1,1,1,1,1,8,1,1,1,0,0,0,4,0,0,0,0,"A_2020",1,0,1,0,0,1,1,1,1,1,1,1,1,1,0,0,0,0,2,6,4,0,0,2,FALSE,FALSE,FALSE,FALSE,14,FALSE,FALSE,FALSE,FALSE,FALSE,FALSE,FALSE,FALSE,21,FALSE,35,23,FALSE,37,FALSE,FALSE,TRUE,FALSE
100520,"A",2020,1,1,12,1,2,4,14,7,1,0,0,2,55,54,1,0,1,1,0,1,7,1,1,0,0,1,1,4,0,0,0,0,"A_2020",1,1,1,1,0,1,0,1,1,0,1,1,1,0,1,0,0,0,2,4,7,0,1,2,FALSE,FALSE,FALSE,FALSE,14,FALSE,FALSE,FALSE,FALSE,FALSE,FALSE,FALSE,FALSE,41,FALSE,55,40,FALSE,54,FALSE,FALSE,TRUE,FALSE
100521,"A",2022,1,1,12,1,3,,12,7,1,0,,,,,,0,0,0,0,1,6,1,0,0,0,0,0,2,0,0,0,0,"A_2022",1,1,1,1,0,,0,0,0,0,1,1,0,0,0,0,0,0,3,,7,0,0,0,FALSE,FALSE,TRUE,TRUE,12,FALSE,FALSE,FALSE,FALSE,FALSE,FALSE,FALSE,FALSE,,FALSE,,,FALSE,,FALSE,FALSE,TRUE,FALSE
100522,"A",2022,0,1,13,1,,,14,4,1,0,5,5,38,41,1,0,1,0,0,1,7,1,1,0,0,0,0,2,0,0,0,0,"A_2022",0,1,1,1,0,1,0,1,0,0,1,1,1,0,0,0,0,0,,,4,0,0,1,FALSE,FALSE,FALSE,TRUE,14,FALSE,FALSE,FALSE,FALSE,FALSE,FALSE,FALSE,FALSE,24,FALSE,38,27,FALSE,41,FALSE,FALSE,FALSE,FALSE
100523,"A",2020,0,0,12,1,,11,14,3,0,0,,,,,0,0,1,1,1,1,8,1,1,1,0,0,0,4,0,0,0,0,"A_2020",0,0,1,0,0,0,0,1,1,1,1,1,1,1,0,0,0,0,,11,3,0,0,2,FALSE,FALSE,FALSE,FALSE,14,FALSE,FALSE,FALSE,FALSE,FALSE,FALSE,FALSE,FALSE,,FALSE,,,FALSE,,FALSE,FALSE,TRUE,FALSE
100524,"A",2022,1,1,13,1,2,,13,7,1,0,5,1,40,49,0,0,0,0,0,1,5,0,0,0,1,1,1,2,0,0,1,20,"A_2022",1,1,1,1,0,0,0,0,0,0,1,0,0,0,1,0,0,1,2,,7,1,1,0,FALSE,FALSE,TRUE,TRUE,13,FALSE,FALSE,FALSE,FALSE,FALSE,FALSE,FALSE,FALSE,27,FALSE,40,36,FALSE,49,FALSE,FALSE,TRUE,FALSE
100525,"A",2020,0,1,11,1,2,8,14,3,0,0,6,1,40,65,0,0,1,0,0,1,7,1,1,0,1,1,1,4,0,0,0,0,"A_2020",0,1,1,0,0,0,0,1,0,0,1,1,1,0,1,0,0,0,2,8,3,1,1,3,FALSE,FALSE,FALSE,FALSE,14,FALSE,FALSE,FALSE,FALSE,FALSE,FALSE,FALSE,FALSE,26,FALSE,40,51,FALSE,65,FALSE,FALSE,FALSE,FALSE
100526,"A",2020,0,1,12,1,2,11,15,3,0,0,11,11,32,39,0,0,1,1,1,1,8,1,1,1,0,0,0,4,0,0,0,0,"A_2020",0,1,1,0,0,0,0,1,1,1,1,1,1,1,0,0,0,0,2,11,3,0,0,3,FALSE,FALSE,FALSE,FALSE,15,FALSE,FALSE,FALSE,FALSE,FALSE,FALSE,FALSE,FALSE,17,FALSE,32,24,FALSE,39,FALSE,FALSE,FALSE,FALSE
100527,"A",2020,0,0,12,1,2,5,14,4,0,0,5,5,37,40,0,0,1,1,0,0,7,1,1,0,0,0,0,3,0,0,0,0,"A_2020",0,0,1,0,0,0,0,1,1,0,0,1,1,0,0,0,0,0,2,5,4,0,0,2,FALSE,FALSE,FALSE,FALSE,14,FALSE,FALSE,FALSE,FALSE,FALSE,FALSE,FALSE,FALSE,23,FALSE,37,26,FALSE,40,FALSE,FALSE,FALSE,FALSE
100528,"A",2020,0,0,13,1,2,,16,8,1,0,5,2,48,58,0,0,1,1,1,1,8,1,1,1,0,0,0,4,0,0,0,0,"A_2020",0,0,1,1,0,0,0,1,1,1,1,1,1,1,0,0,0,0,2,,8,0,0,3,FALSE,FALSE,FALSE,FALSE,16,FALSE,FALSE,FALSE,FALSE,FALSE,FALSE,FALSE,FALSE,32,FALSE,48,42,FALSE,58,FALSE,FALSE,FALSE,FALSE
100529,"A",2020,0,1,12,1,1,19,15,7,1,0,5,5,40,32,0,0,1,0,0,0,5,0,0,0,2,1,2,3,0,0,0,0,"A_2020",0,1,1,1,0,0,0,1,0,0,0,0,0,0,1,0,0,0,1,19,7,2,2,3,FALSE,FALSE,FALSE,FALSE,15,FALSE,FALSE,FALSE,FALSE,FALSE,FALSE,FALSE,FALSE,25,FALSE,40,17,FALSE,32,FALSE,FALSE,FALSE,FALSE
100530,"A",2020,0,1,12,1,1,10,15,6,0,0,9,11,30,55,0,0,1,0,0,0,6,1,0,0,0,0,0,1,0,0,0,0,"A_2020",0,1,1,0,0,0,0,1,0,0,0,1,0,0,0,0,0,0,1,10,6,0,0,3,FALSE,FALSE,FALSE,FALSE,15,FALSE,FALSE,FALSE,FALSE,FALSE,FALSE,FALSE,FALSE,15,FALSE,30,40,FALSE,55,FALSE,FALSE,FALSE,FALSE
100531,"A",2020,1,1,12,1,3,16,14,4,0,0,5,11,37,36,0,1,1,1,1,1,8,1,1,1,0,0,0,4,0,0,0,0,"A_2020",1,1,1,0,0,0,1,1,1,1,1,1,1,1,0,0,0,0,3,16,4,0,0,2,FALSE,FALSE,FALSE,FALSE,14,FALSE,FALSE,FALSE,FALSE,FALSE,FALSE,FALSE,FALSE,23,FALSE,37,22,FALSE,36,FALSE,FALSE,TRUE,FALSE
100532,"B",2018,1,1,11,1,2,,16,7,1,1,5,,62,,,0,1,0,0,1,8,1,1,1,1,1,1,6,0,0,0,0,"B_2018",1,1,1,1,1,,0,1,0,0,1,1,1,1,1,0,0,0,2,,7,1,1,5,FALSE,FALSE,FALSE,TRUE,16,FALSE,FALSE,FALSE,FALSE,FALSE,FALSE,FALSE,FALSE,46,FALSE,62,,FALSE,,FALSE,TRUE,FALSE,FALSE
100533,"A",2020,0,0,12,1,2,5,14,4,0,0,5,5,39,,,0,1,1,0,1,7,1,1,0,0,1,1,4,0,0,1,40,"A_2020",0,0,1,0,0,,0,1,1,0,1,1,1,0,1,0,0,1,2,5,4,0,1,2,FALSE,FALSE,FALSE,FALSE,14,FALSE,FALSE,FALSE,FALSE,FALSE,FALSE,FALSE,FALSE,25,FALSE,39,,FALSE,,FALSE,FALSE,TRUE,FALSE
100534,"A",2022,0,1,11,1,,,12,7,1,0,11,,36,,,0,1,1,1,1,6,1,0,0,0,0,0,2,0,0,0,0,"A_2022",0,1,1,1,0,,0,1,1,1,1,1,0,0,0,0,0,0,,,7,0,0,1,FALSE,FALSE,FALSE,TRUE,12,FALSE,FALSE,FALSE,FALSE,FALSE,FALSE,FALSE,FALSE,24,FALSE,36,,FALSE,,FALSE,FALSE,FALSE,FALSE
100535,"A",2020,1,1,13,1,2,,15,3,0,0,10,5,45,56,0,1,1,1,1,1,8,1,1,1,0,0,0,4,0,0,0,0,"A_2020",1,1,1,0,0,0,1,1,1,1,1,1,1,1,0,0,0,0,2,,3,0,0,2,FALSE,FALSE,FALSE,FALSE,15,FALSE,FALSE,FALSE,FALSE,FALSE,FALSE,FALSE,FALSE,30,FALSE,45,41,FALSE,56,FALSE,FALSE,TRUE,FALSE
100536,"A",2020,1,1,13,1,,17,15,7,1,0,11,,35,,,0,1,1,1,1,8,1,1,1,0,0,0,4,0,0,1,40,"A_2020",1,1,1,1,0,,0,1,1,1,1,1,1,1,0,0,0,1,,17,7,0,0,2,FALSE,FALSE,FALSE,FALSE,15,FALSE,FALSE,FALSE,FALSE,FALSE,FALSE,FALSE,FALSE,20,FALSE,35,,FALSE,,FALSE,FALSE,TRUE,FALSE
100537,"A",2020,1,1,11,1,1,19,14,4,1,0,7,4,31,31,0,0,1,1,0,0,9,1,1,1,0,0,0,4,0,0,0,0,"A_2020",1,1,1,1,0,0,0,1,1,0,0,1,1,1,0,0,0,0,1,19,4,0,0,3,FALSE,FALSE,FALSE,FALSE,14,FALSE,FALSE,FALSE,FALSE,FALSE,FALSE,FALSE,FALSE,17,FALSE,31,17,FALSE,31,FALSE,FALSE,FALSE,FALSE
100538,"A",2022,0,0,12,1,2,,13,7,1,0,11,,39,,,0,1,0,1,1,4,0,0,0,0,0,0,2,0,0,0,0,"A_2022",0,0,1,1,0,,0,1,0,1,1,0,0,0,0,0,0,0,2,,7,0,0,1,FALSE,FALSE,FALSE,TRUE,13,FALSE,TRUE,FALSE,FALSE,FALSE,FALSE,FALSE,FALSE,26,FALSE,39,,FALSE,,FALSE,FALSE,FALSE,FALSE
100539,"A",2020,0,1,12,1,3,15,14,3,0,0,10,,45,44,,0,1,0,1,1,7,1,1,0,1,1,1,3,0,0,0,0,"A_2020",0,1,1,0,0,,0,1,0,1,1,1,1,0,1,0,0,0,3,15,3,1,1,2,FALSE,FALSE,FALSE,FALSE,14,FALSE,FALSE,FALSE,FALSE,FALSE,FALSE,FALSE,FALSE,31,FALSE,45,30,FALSE,44,FALSE,FALSE,FALSE,FALSE
100540,"A",2022,0,1,12,1,2,,13,8,1,0,3,3,34,43,0,0,1,1,1,1,6,1,0,0,0,0,0,2,0,0,0,0,"A_2022",0,1,1,1,0,0,0,1,1,1,1,1,0,0,0,0,0,0,2,,8,0,0,1,FALSE,FALSE,FALSE,TRUE,13,FALSE,FALSE,FALSE,FALSE,FALSE,FALSE,FALSE,FALSE,21,FALSE,34,30,FALSE,43,FALSE,FALSE,FALSE,FALSE
100541,"A",2020,0,0,13,1,,,15,4,0,0,11,,38,38,,0,1,1,1,1,6,1,0,0,0,1,1,4,0,0,0,0,"A_2020",0,0,1,0,0,,0,1,1,1,1,1,0,0,1,0,0,0,,,4,0,1,2,FALSE,FALSE,FALSE,FALSE,15,FALSE,FALSE,FALSE,FALSE,FALSE,FALSE,FALSE,FALSE,23,FALSE,38,23,FALSE,38,FALSE,FALSE,TRUE,FALSE
100542,"A",2022,0,0,11,1,1,,12,7,1,0,7,3,28,39,,0,1,1,1,1,6,1,0,0,0,0,0,2,0,0,0,0,"A_2022",0,0,1,1,0,,0,1,1,1,1,1,0,0,0,0,0,0,1,,7,0,0,1,FALSE,FALSE,FALSE,TRUE,12,FALSE,FALSE,FALSE,FALSE,FALSE,FALSE,FALSE,FALSE,16,FALSE,28,27,FALSE,39,FALSE,FALSE,FALSE,FALSE
100543,"A",2020,0,1,14,1,2,5,16,7,1,0,,,,,,0,1,0,0,1,7,1,1,0,0,1,1,4,0,0,0,0,"A_2020",0,1,1,1,0,,0,1,0,0,1,1,1,0,1,0,0,0,2,5,7,0,1,2,FALSE,FALSE,FALSE,FALSE,16,FALSE,FALSE,FALSE,FALSE,FALSE,FALSE,FALSE,FALSE,,FALSE,,,FALSE,,FALSE,FALSE,TRUE,FALSE
100544,"A",2020,0,1,13,1,1,5,15,7,1,0,3,2,34,39,1,0,1,1,1,1,9,1,1,1,0,0,0,5,0,0,0,0,"A_2020",0,1,1,1,0,1,0,1,1,1,1,1,1,1,0,0,0,0,1,5,7,0,0,2,FALSE,FALSE,FALSE,FALSE,15,FALSE,FALSE,FALSE,FALSE,FALSE,FALSE,FALSE,FALSE,19,FALSE,34,24,FALSE,39,FALSE,TRUE,TRUE,FALSE
100545,"A",2020,1,0,10,1,,4,13,3,0,0,10,5,40,37,0,0,1,1,1,1,8,1,1,1,0,0,0,4,0,0,0,0,"A_2020",1,0,1,0,0,0,0,1,1,1,1,1,1,1,0,0,0,0,,4,3,0,0,3,FALSE,FALSE,FALSE,FALSE,13,FALSE,FALSE,FALSE,FALSE,FALSE,FALSE,FALSE,FALSE,27,FALSE,40,24,FALSE,37,FALSE,FALSE,FALSE,FALSE
100546,"A",2020,0,1,15,1,1,,18,8,1,0,5,5,42,38,0,0,1,1,0,0,8,1,1,1,0,0,0,4,0,0,1,40,"A_2020",0,1,1,1,0,0,0,1,1,0,0,1,1,1,0,0,0,1,1,,8,0,0,3,FALSE,FALSE,FALSE,FALSE,18,FALSE,FALSE,FALSE,FALSE,FALSE,FALSE,FALSE,FALSE,24,FALSE,42,20,FALSE,38,FALSE,FALSE,FALSE,FALSE
100547,"A",2020,0,1,12,1,2,17,14,3,0,0,11,11,35,36,0,0,1,1,1,1,7,1,1,0,0,1,1,4,0,0,0,0,"A_2020",0,1,1,0,0,0,0,1,1,1,1,1,1,0,1,0,0,0,2,17,3,0,1,2,FALSE,FALSE,FALSE,FALSE,14,FALSE,FALSE,FALSE,FALSE,FALSE,FALSE,FALSE,FALSE,21,FALSE,35,22,FALSE,36,FALSE,FALSE,TRUE,FALSE
100548,"A",2020,1,1,13,1,,,15,3,0,0,2,,35,,,0,0,0,0,1,7,1,1,0,0,1,1,4,0,0,0,0,"A_2020",1,1,1,0,0,,0,0,0,0,1,1,1,0,1,0,0,0,,,3,0,1,2,FALSE,FALSE,FALSE,FALSE,15,FALSE,FALSE,FALSE,FALSE,FALSE,FALSE,FALSE,FALSE,20,FALSE,35,,FALSE,,FALSE,FALSE,TRUE,FALSE
100549,"A",2022,0,1,11,1,2,,12,8,1,0,9,11,35,39,1,0,1,1,1,1,6,1,0,0,0,0,0,2,0,0,0,0,"A_2022",0,1,1,1,0,1,0,1,1,1,1,1,0,0,0,0,0,0,2,,8,0,0,1,FALSE,FALSE,FALSE,TRUE,12,FALSE,FALSE,FALSE,FALSE,FALSE,FALSE,FALSE,FALSE,23,FALSE,35,27,FALSE,39,FALSE,FALSE,FALSE,FALSE
100550,"A",2020,1,0,11,1,,12,13,2,0,1,10,5,33,40,,1,1,1,1,1,8,1,1,1,0,0,0,4,0,0,0,0,"A_2020",1,0,1,0,1,,1,1,1,1,1,1,1,1,0,0,0,0,,12,2,0,0,2,FALSE,FALSE,FALSE,FALSE,13,FALSE,FALSE,FALSE,FALSE,FALSE,FALSE,FALSE,FALSE,20,FALSE,33,27,FALSE,40,FALSE,FALSE,TRUE,FALSE
100551,"A",2020,1,0,12,1,2,19,14,3,0,0,3,2,36,46,0,1,1,1,1,1,8,1,1,1,0,0,0,4,0,0,0,0,"A_2020",1,0,1,0,0,0,1,1,1,1,1,1,1,1,0,0,0,0,2,19,3,0,0,2,FALSE,FALSE,FALSE,FALSE,14,FALSE,FALSE,FALSE,FALSE,FALSE,FALSE,FALSE,FALSE,22,FALSE,36,32,FALSE,46,FALSE,FALSE,TRUE,FALSE
100552,"A",2020,1,0,11,1,2,19,13,3,0,0,5,6,37,54,0,1,1,1,1,1,8,1,1,1,0,0,0,4,0,0,0,0,"A_2020",1,0,1,0,0,0,1,1,1,1,1,1,1,1,0,0,0,0,2,19,3,0,0,2,FALSE,FALSE,FALSE,FALSE,13,FALSE,FALSE,FALSE,FALSE,FALSE,FALSE,FALSE,FALSE,24,FALSE,37,41,FALSE,54,FALSE,FALSE,TRUE,FALSE
100553,"A",2020,0,0,12,1,2,17,15,7,1,0,5,5,40,50,0,0,1,1,1,1,8,1,1,1,0,0,0,4,0,0,0,0,"A_2020",0,0,1,1,0,0,0,1,1,1,1,1,1,1,0,0,0,0,2,17,7,0,0,3,FALSE,FALSE,FALSE,FALSE,15,FALSE,FALSE,FALSE,FALSE,FALSE,FALSE,FALSE,FALSE,25,FALSE,40,35,FALSE,50,FALSE,FALSE,FALSE,FALSE
100554,"A",2020,0,1,11,1,2,6,13,6,0,0,,,,,,0,1,1,1,1,8,1,1,1,0,0,0,4,0,0,0,0,"A_2020",0,1,1,0,0,,0,1,1,1,1,1,1,1,0,0,0,0,2,6,6,0,0,2,FALSE,FALSE,FALSE,FALSE,13,FALSE,FALSE,FALSE,FALSE,FALSE,FALSE,FALSE,FALSE,,FALSE,,,FALSE,,FALSE,FALSE,TRUE,FALSE
100555,"A",2022,1,1,11,1,,,12,8,1,0,11,9,38,42,0,0,0,0,0,0,6,1,0,0,0,0,0,1,0,0,1,40,"A_2022",1,1,1,1,0,0,0,0,0,0,0,1,0,0,0,0,0,1,,,8,0,0,1,FALSE,FALSE,FALSE,TRUE,12,FALSE,FALSE,FALSE,FALSE,FALSE,FALSE,FALSE,FALSE,26,FALSE,38,30,FALSE,42,FALSE,FALSE,FALSE,FALSE
100556,"A",2020,0,0,12,1,3,11,14,5,0,0,5,1,45,45,0,0,1,1,1,1,8,1,1,1,0,0,0,4,0,0,0,0,"A_2020",0,0,1,0,0,0,0,1,1,1,1,1,1,1,0,0,0,0,3,11,5,0,0,2,FALSE,FALSE,FALSE,FALSE,14,FALSE,FALSE,FALSE,FALSE,FALSE,FALSE,FALSE,FALSE,31,FALSE,45,31,FALSE,45,FALSE,FALSE,TRUE,FALSE
100557,"A",2022,1,0,15,1,2,,16,7,1,0,8,2,40,49,0,1,1,1,1,1,6,1,0,0,0,0,0,2,0,0,0,0,"A_2022",1,0,1,1,0,0,1,1,1,1,1,1,0,0,0,0,0,0,2,,7,0,0,1,FALSE,FALSE,FALSE,TRUE,16,FALSE,FALSE,FALSE,FALSE,FALSE,FALSE,FALSE,FALSE,24,FALSE,40,33,FALSE,49,FALSE,FALSE,FALSE,FALSE
100558,"A",2020,0,0,14,1,2,19,16,3,0,0,0,1,47,50,0,0,,,0,0,5,0,0,0,,0,0,0,1,1,0,0,"A_2020",0,0,1,0,0,0,0,,,0,0,0,0,0,0,1,1,0,2,19,3,,0,2,FALSE,FALSE,FALSE,FALSE,16,FALSE,FALSE,FALSE,FALSE,FALSE,FALSE,FALSE,FALSE,31,FALSE,47,34,FALSE,50,FALSE,FALSE,FALSE,FALSE
100559,"A",2020,1,1,12,1,3,,14,3,0,0,5,,40,,,1,1,1,1,1,8,1,1,1,0,0,0,4,0,0,1,28,"A_2020",1,1,1,0,0,,1,1,1,1,1,1,1,1,0,0,0,1,3,,3,0,0,2,FALSE,FALSE,FALSE,FALSE,14,FALSE,FALSE,FALSE,FALSE,FALSE,FALSE,FALSE,FALSE,26,FALSE,40,,FALSE,,FALSE,FALSE,TRUE,FALSE
100560,"A",2020,1,1,13,1,,6,16,4,0,0,11,7,38,38,0,0,1,1,0,0,7,1,1,0,0,0,0,2,0,0,0,0,"A_2020",1,1,1,0,0,0,0,1,1,0,0,1,1,0,0,0,0,0,,6,4,0,0,3,FALSE,FALSE,FALSE,FALSE,16,FALSE,FALSE,FALSE,FALSE,FALSE,FALSE,FALSE,FALSE,22,FALSE,38,22,FALSE,38,FALSE,FALSE,FALSE,FALSE
100561,"A",2022,1,1,11,1,2,,11,7,1,0,5,11,35,35,0,1,1,1,1,1,6,1,0,0,0,0,0,2,0,0,0,0,"A_2022",1,1,1,1,0,0,1,1,1,1,1,1,0,0,0,0,0,0,2,,7,0,0,0,FALSE,FALSE,TRUE,TRUE,11,FALSE,FALSE,FALSE,FALSE,FALSE,FALSE,FALSE,FALSE,24,FALSE,35,24,FALSE,35,FALSE,FALSE,TRUE,FALSE
100562,"A",2022,1,1,12,1,2,,13,3,1,0,8,7,52,44,0,1,1,1,1,1,7,1,1,0,0,0,0,2,0,0,0,0,"A_2022",1,1,1,1,0,0,1,1,1,1,1,1,1,0,0,0,0,0,2,,3,0,0,1,FALSE,FALSE,FALSE,TRUE,13,FALSE,FALSE,FALSE,FALSE,FALSE,FALSE,FALSE,FALSE,39,FALSE,52,31,FALSE,44,FALSE,FALSE,FALSE,FALSE
100563,"A",2022,0,0,11,1,,,,7,1,0,,,,,,,,,,,5,,,,,,,,,,,,"A_2022",0,0,1,1,0,,,,,,,,,,,,,,,,7,,,,TRUE,FALSE,FALSE,FALSE,,FALSE,FALSE,FALSE,FALSE,FALSE,FALSE,FALSE,FALSE,,FALSE,,,FALSE,,FALSE,FALSE,FALSE,FALSE
100564,"B",2018,1,1,12,1,2,,16,5,1,0,9,11,43,43,0,1,1,1,1,1,9,1,1,1,0,0,0,6,0,0,1,40,"B_2018",1,1,1,1,0,0,1,1,1,1,1,1,1,1,0,0,0,1,2,,5,0,0,4,FALSE,FALSE,FALSE,FALSE,16,FALSE,FALSE,FALSE,FALSE,FALSE,FALSE,FALSE,FALSE,27,FALSE,43,27,FALSE,43,FALSE,TRUE,TRUE,FALSE
100565,"A",2022,0,1,15,1,3,,16,8,1,0,,,45,64,0,0,0,0,0,1,6,1,0,0,0,0,0,2,0,0,0,0,"A_2022",0,1,1,1,0,0,0,0,0,0,1,1,0,0,0,0,0,0,3,,8,0,0,1,FALSE,FALSE,FALSE,TRUE,16,FALSE,FALSE,FALSE,FALSE,FALSE,FALSE,FALSE,FALSE,29,FALSE,45,48,FALSE,64,FALSE,FALSE,FALSE,FALSE
100566,"A",2020,0,1,12,1,2,19,15,3,0,0,11,8,35,49,0,0,1,1,0,1,8,1,1,1,0,0,0,4,0,0,0,0,"A_2020",0,1,1,0,0,0,0,1,1,0,1,1,1,1,0,0,0,0,2,19,3,0,0,3,FALSE,FALSE,FALSE,FALSE,15,FALSE,FALSE,FALSE,FALSE,FALSE,FALSE,FALSE,FALSE,20,FALSE,35,34,FALSE,49,FALSE,FALSE,FALSE,FALSE
100567,"B",2018,1,0,13,1,,,18,6,1,1,,,58,60,0,0,1,1,1,1,9,1,1,1,0,0,0,6,0,0,0,0,"B_2018",1,0,1,1,1,0,0,1,1,1,1,1,1,1,0,0,0,0,,,6,0,0,5,FALSE,FALSE,FALSE,TRUE,18,FALSE,FALSE,FALSE,FALSE,FALSE,FALSE,FALSE,FALSE,40,FALSE,58,42,FALSE,60,FALSE,TRUE,FALSE,FALSE
100568,"A",2022,0,1,,1,,,15,9,1,0,,7,,36,0,0,1,0,0,0,6,1,0,0,0,0,0,1,0,0,0,0,"A_2022",0,1,1,1,0,0,0,1,0,0,0,1,0,0,0,0,0,0,,,9,0,0,,TRUE,FALSE,FALSE,FALSE,15,FALSE,FALSE,FALSE,FALSE,FALSE,FALSE,FALSE,FALSE,,FALSE,,21,FALSE,36,FALSE,FALSE,FALSE,FALSE
100569,"A",2022,1,0,12,1,3,,13,8,1,0,9,8,35,38,,0,1,0,0,1,6,1,0,0,0,0,0,2,0,0,0,0,"A_2022",1,0,1,1,0,,0,1,0,0,1,1,0,0,0,0,0,0,3,,8,0,0,1,FALSE,FALSE,FALSE,TRUE,13,FALSE,FALSE,FALSE,FALSE,FALSE,FALSE,FALSE,FALSE,22,FALSE,35,25,FALSE,38,FALSE,FALSE,FALSE,FALSE
100570,"A",2020,1,0,16,1,,6,20,5,1,0,5,5,44,45,0,0,1,1,0,0,7,1,1,0,0,0,0,2,1,1,0,0,"A_2020",1,0,1,1,0,0,0,1,1,0,0,1,1,0,0,1,1,0,,6,5,0,0,4,FALSE,FALSE,FALSE,FALSE,20,FALSE,FALSE,FALSE,FALSE,FALSE,FALSE,FALSE,FALSE,24,FALSE,44,25,FALSE,45,FALSE,FALSE,FALSE,FALSE
100571,"A",2020,0,1,12,1,2,,14,4,0,0,7,9,43,48,0,0,1,1,1,1,8,1,1,1,0,0,0,4,0,0,0,0,"A_2020",0,1,1,0,0,0,0,1,1,1,1,1,1,1,0,0,0,0,2,,4,0,0,2,FALSE,FALSE,FALSE,FALSE,14,FALSE,FALSE,FALSE,FALSE,FALSE,FALSE,FALSE,FALSE,29,FALSE,43,34,FALSE,48,FALSE,FALSE,TRUE,FALSE
100572,"A",2020,1,1,14,1,2,17,16,4,0,0,2,0,35,42,0,0,1,1,0,0,7,1,1,0,0,0,0,3,0,0,1,40,"A_2020",1,1,1,0,0,0,0,1,1,0,0,1,1,0,0,0,0,1,2,17,4,0,0,2,FALSE,FALSE,FALSE,FALSE,16,FALSE,FALSE,FALSE,FALSE,FALSE,FALSE,FALSE,FALSE,19,FALSE,35,26,FALSE,42,FALSE,FALSE,FALSE,FALSE
100573,"A",2020,0,1,13,1,,19,16,3,0,0,5,,37,,,0,1,1,0,1,7,1,1,0,0,0,0,3,0,0,1,40,"A_2020",0,1,1,0,0,,0,1,1,0,1,1,1,0,0,0,0,1,,19,3,0,0,3,FALSE,FALSE,FALSE,FALSE,16,FALSE,FALSE,FALSE,FALSE,FALSE,FALSE,FALSE,FALSE,21,FALSE,37,,FALSE,,FALSE,FALSE,FALSE,FALSE
100574,"A",2022,1,0,13,1,3,,14,7,1,0,11,11,53,47,1,1,1,1,1,1,6,1,0,0,0,0,0,2,0,0,0,0,"A_2022",1,0,1,1,0,1,1,1,1,1,1,1,0,0,0,0,0,0,3,,7,0,0,1,FALSE,FALSE,FALSE,TRUE,14,FALSE,FALSE,FALSE,FALSE,FALSE,FALSE,FALSE,FALSE,39,FALSE,53,33,FALSE,47,FALSE,FALSE,FALSE,FALSE
100575,"A",2020,1,0,12,1,,5,14,3,0,0,5,5,42,42,0,1,1,1,1,1,8,1,1,1,0,0,0,4,0,0,0,0,"A_2020",1,0,1,0,0,0,1,1,1,1,1,1,1,1,0,0,0,0,,5,3,0,0,2,FALSE,FALSE,FALSE,FALSE,14,FALSE,FALSE,FALSE,FALSE,FALSE,FALSE,FALSE,FALSE,28,FALSE,42,28,FALSE,42,FALSE,FALSE,TRUE,FALSE
100576,"A",2022,0,0,12,1,2,,13,7,1,0,5,5,31,45,0,0,0,0,0,1,6,1,0,0,0,0,0,2,0,0,0,0,"A_2022",0,0,1,1,0,0,0,0,0,0,1,1,0,0,0,0,0,0,2,,7,0,0,1,FALSE,FALSE,FALSE,TRUE,13,FALSE,FALSE,FALSE,FALSE,FALSE,FALSE,FALSE,FALSE,18,FALSE,31,32,FALSE,45,FALSE,FALSE,FALSE,FALSE
100577,"B",2018,0,0,14,1,,,18,6,1,0,2,4,46,55,0,0,1,1,0,1,9,1,1,1,0,0,0,6,0,0,1,8,"B_2018",0,0,1,1,0,0,0,1,1,0,1,1,1,1,0,0,0,1,,,6,0,0,4,FALSE,FALSE,FALSE,FALSE,18,FALSE,FALSE,FALSE,FALSE,FALSE,FALSE,FALSE,FALSE,28,FALSE,46,37,FALSE,55,FALSE,TRUE,TRUE,FALSE
100578,"A",2020,1,1,13,1,2,19,15,8,1,0,5,6,35,39,0,1,1,1,1,1,8,1,1,1,0,0,0,4,0,0,0,0,"A_2020",1,1,1,1,0,0,1,1,1,1,1,1,1,1,0,0,0,0,2,19,8,0,0,2,FALSE,FALSE,FALSE,FALSE,15,FALSE,FALSE,FALSE,FALSE,FALSE,FALSE,FALSE,FALSE,20,FALSE,35,24,FALSE,39,FALSE,FALSE,TRUE,FALSE
100579,"A",2020,1,0,13,1,2,4,15,4,0,0,3,,33,,,0,1,1,0,1,8,1,1,1,0,0,0,4,0,0,0,0,"A_2020",1,0,1,0,0,,0,1,1,0,1,1,1,1,0,0,0,0,2,4,4,0,0,2,FALSE,FALSE,FALSE,FALSE,15,FALSE,FALSE,FALSE,FALSE,FALSE,FALSE,FALSE,FALSE,18,FALSE,33,,FALSE,,FALSE,FALSE,TRUE,FALSE
100580,"A",2020,0,0,11,1,2,,14,3,0,0,,,49,,,0,1,1,1,1,8,1,1,1,0,0,0,4,0,0,0,0,"A_2020",0,0,1,0,0,,0,1,1,1,1,1,1,1,0,0,0,0,2,,3,0,0,3,FALSE,FALSE,FALSE,FALSE,14,FALSE,FALSE,FALSE,FALSE,FALSE,FALSE,FALSE,FALSE,35,FALSE,49,,FALSE,,FALSE,FALSE,FALSE,FALSE
100581,"A",2020,0,1,14,1,,19,17,4,1,0,5,7,42,49,0,0,1,1,1,1,9,1,1,1,0,0,0,4,0,0,1,40,"A_2020",0,1,1,1,0,0,0,1,1,1,1,1,1,1,0,0,0,1,,19,4,0,0,3,FALSE,FALSE,FALSE,FALSE,17,FALSE,FALSE,FALSE,FALSE,FALSE,FALSE,FALSE,FALSE,25,FALSE,42,32,FALSE,49,FALSE,FALSE,FALSE,FALSE
100582,"A",2022,0,0,11,1,2,,12,7,1,0,9,,42,,,0,1,0,0,0,6,1,0,0,0,0,0,2,0,0,0,0,"A_2022",0,0,1,1,0,,0,1,0,0,0,1,0,0,0,0,0,0,2,,7,0,0,1,FALSE,FALSE,FALSE,TRUE,12,FALSE,FALSE,FALSE,FALSE,FALSE,FALSE,FALSE,FALSE,30,FALSE,42,,FALSE,,FALSE,FALSE,FALSE,FALSE
100583,"A",2020,1,1,12,1,,8,14,4,0,0,4,5,45,45,,1,1,1,1,1,8,1,1,1,0,0,0,4,0,0,0,0,"A_2020",1,1,1,0,0,,1,1,1,1,1,1,1,1,0,0,0,0,,8,4,0,0,2,FALSE,FALSE,FALSE,FALSE,14,FALSE,FALSE,FALSE,FALSE,FALSE,FALSE,FALSE,FALSE,31,FALSE,45,31,FALSE,45,FALSE,FALSE,TRUE,FALSE
100584,"A",2022,1,1,13,1,,,14,8,1,0,5,,40,,,1,1,1,1,1,6,1,0,0,0,0,0,2,0,0,0,0,"A_2022",1,1,1,1,0,,1,1,1,1,1,1,0,0,0,0,0,0,,,8,0,0,1,FALSE,FALSE,FALSE,TRUE,14,FALSE,FALSE,FALSE,FALSE,FALSE,FALSE,FALSE,FALSE,26,FALSE,40,,FALSE,,FALSE,FALSE,FALSE,FALSE
100585,"A",2020,1,1,13,1,2,,15,4,0,0,,,35,44,,0,0,0,0,1,10,1,1,1,0,0,0,6,0,0,0,0,"A_2020",1,1,1,0,0,,0,0,0,0,1,1,1,1,0,0,0,0,2,,4,0,0,2,FALSE,FALSE,FALSE,FALSE,15,FALSE,FALSE,FALSE,FALSE,FALSE,FALSE,FALSE,FALSE,20,FALSE,35,29,FALSE,44,FALSE,TRUE,TRUE,FALSE
100586,"A",2020,1,1,12,1,1,19,14,4,0,0,7,6,42,42,0,1,1,1,1,1,8,1,1,1,0,0,0,4,0,0,0,0,"A_2020",1,1,1,0,0,0,1,1,1,1,1,1,1,1,0,0,0,0,1,19,4,0,0,2,FALSE,FALSE,FALSE,FALSE,14,FALSE,FALSE,FALSE,FALSE,FALSE,FALSE,FALSE,FALSE,28,FALSE,42,28,FALSE,42,FALSE,FALSE,TRUE,FALSE
100587,"A",2020,1,1,11,1,2,,14,4,1,0,5,5,48,40,0,0,1,1,1,1,6,1,0,0,0,1,1,3,0,0,0,0,"A_2020",1,1,1,1,0,0,0,1,1,1,1,1,0,0,1,0,0,0,2,,4,0,1,3,FALSE,FALSE,FALSE,FALSE,14,FALSE,FALSE,FALSE,FALSE,FALSE,FALSE,FALSE,FALSE,34,FALSE,48,26,FALSE,40,FALSE,FALSE,FALSE,FALSE
100588,"B",2018,1,1,12,0,,,17,5,1,1,,,41,,,0,1,1,1,1,9,1,1,1,0,0,0,6,0,0,1,16,"B_2018",1,1,0,1,1,,0,1,1,1,1,1,1,1,0,0,0,1,,,5,0,0,5,FALSE,FALSE,FALSE,TRUE,17,FALSE,FALSE,FALSE,FALSE,FALSE,FALSE,FALSE,FALSE,24,FALSE,41,,FALSE,,FALSE,TRUE,FALSE,FALSE
100589,"A",2020,0,1,13,1,2,,15,3,0,1,9,8,37,36,0,1,1,1,1,1,8,1,1,1,0,0,0,4,0,0,0,0,"A_2020",0,1,1,0,1,0,1,1,1,1,1,1,1,1,0,0,0,0,2,,3,0,0,2,FALSE,FALSE,FALSE,FALSE,15,FALSE,FALSE,FALSE,FALSE,FALSE,FALSE,FALSE,FALSE,22,FALSE,37,21,FALSE,36,FALSE,FALSE,TRUE,FALSE
100590,"A",2020,1,0,11,1,2,,13,3,0,0,7,2,31,36,0,1,1,1,1,1,8,1,1,1,0,0,0,4,0,0,0,0,"A_2020",1,0,1,0,0,0,1,1,1,1,1,1,1,1,0,0,0,0,2,,3,0,0,2,FALSE,FALSE,FALSE,FALSE,13,FALSE,FALSE,FALSE,FALSE,FALSE,FALSE,FALSE,FALSE,18,FALSE,31,23,FALSE,36,FALSE,FALSE,TRUE,FALSE
100591,"A",2020,0,1,11,1,3,,14,4,0,0,5,5,32,45,0,0,0,0,0,0,5,0,0,0,3,1,3,4,0,0,1,40,"A_2020",0,1,1,0,0,0,0,0,0,0,0,0,0,0,1,0,0,1,3,,4,3,3,3,FALSE,FALSE,FALSE,FALSE,14,FALSE,FALSE,FALSE,FALSE,FALSE,FALSE,FALSE,FALSE,18,FALSE,32,31,FALSE,45,FALSE,FALSE,FALSE,FALSE
100592,"A",2020,1,0,13,1,2,19,15,3,0,0,11,9,48,39,0,0,1,0,0,1,7,1,1,0,1,1,1,4,0,0,0,0,"A_2020",1,0,1,0,0,0,0,1,0,0,1,1,1,0,1,0,0,0,2,19,3,1,1,2,FALSE,FALSE,FALSE,FALSE,15,FALSE,FALSE,FALSE,FALSE,FALSE,FALSE,FALSE,FALSE,33,FALSE,48,24,FALSE,39,FALSE,FALSE,TRUE,FALSE
100593,"A",2020,1,0,14,1,,5,16,7,1,0,7,3,40,49,0,1,1,1,1,1,8,1,1,1,0,0,0,4,0,0,0,0,"A_2020",1,0,1,1,0,0,1,1,1,1,1,1,1,1,0,0,0,0,,5,7,0,0,2,FALSE,FALSE,FALSE,FALSE,16,FALSE,FALSE,FALSE,FALSE,FALSE,FALSE,FALSE,FALSE,24,FALSE,40,33,FALSE,49,FALSE,FALSE,TRUE,FALSE
100594,"A",2020,0,0,11,1,3,,13,2,0,1,9,11,35,35,0,0,1,1,1,1,8,1,1,1,0,0,0,4,0,0,0,0,"A_2020",0,0,1,0,1,0,0,1,1,1,1,1,1,1,0,0,0,0,3,,2,0,0,2,FALSE,FALSE,FALSE,FALSE,13,FALSE,FALSE,FALSE,FALSE,FALSE,FALSE,FALSE,FALSE,22,FALSE,35,22,FALSE,35,FALSE,FALSE,TRUE,FALSE
100595,"A",2020,1,1,14,1,2,,17,4,0,0,11,6,39,37,0,0,1,1,1,1,8,1,1,1,0,0,0,4,0,0,0,0,"A_2020",1,1,1,0,0,0,0,1,1,1,1,1,1,1,0,0,0,0,2,,4,0,0,3,FALSE,FALSE,FALSE,FALSE,17,FALSE,FALSE,FALSE,FALSE,FALSE,FALSE,FALSE,FALSE,22,FALSE,39,20,FALSE,37,FALSE,FALSE,FALSE,FALSE
100596,"B",2018,1,0,14,0,,,17,6,1,1,,,,44,0,0,1,1,1,1,9,1,1,1,0,0,0,6,0,0,0,0,"B_2018",1,0,0,1,1,0,0,1,1,1,1,1,1,1,0,0,0,0,,,6,0,0,3,FALSE,FALSE,FALSE,FALSE,17,FALSE,FALSE,FALSE,FALSE,FALSE,FALSE,FALSE,FALSE,,FALSE,,27,FALSE,44,FALSE,TRUE,TRUE,FALSE
100597,"A",2020,1,1,10,1,1,7,13,3,0,0,11,7,33,38,1,1,1,1,1,1,8,1,1,1,0,0,0,4,0,0,0,0,"A_2020",1,1,1,0,0,1,1,1,1,1,1,1,1,1,0,0,0,0,1,7,3,0,0,3,FALSE,FALSE,FALSE,FALSE,13,FALSE,FALSE,FALSE,FALSE,FALSE,FALSE,FALSE,FALSE,20,FALSE,33,25,FALSE,38,FALSE,FALSE,FALSE,FALSE
100598,"A",2020,0,0,13,1,2,,15,3,0,0,5,9,40,49,0,0,0,0,0,1,8,1,1,1,0,0,0,4,0,0,0,0,"A_2020",0,0,1,0,0,0,0,0,0,0,1,1,1,1,0,0,0,0,2,,3,0,0,2,FALSE,FALSE,FALSE,FALSE,15,FALSE,FALSE,FALSE,FALSE,FALSE,FALSE,FALSE,FALSE,25,FALSE,40,34,FALSE,49,FALSE,FALSE,TRUE,FALSE
100599,"A",2020,0,1,14,1,3,17,16,5,0,0,6,6,34,38,0,0,1,1,1,1,8,1,1,1,0,0,0,4,0,0,0,0,"A_2020",0,1,1,0,0,0,0,1,1,1,1,1,1,1,0,0,0,0,3,17,5,0,0,2,FALSE,FALSE,FALSE,FALSE,16,FALSE,FALSE,FALSE,FALSE,FALSE,FALSE,FALSE,FALSE,18,FALSE,34,22,FALSE,38,FALSE,FALSE,TRUE,FALSE
100600,"A",2020,1,0,,1,2,5,14,3,0,0,7,5,33,48,0,1,1,1,1,1,8,1,1,1,0,0,0,4,0,0,0,0,"A_2020",1,0,1,0,0,0,1,1,1,1,1,1,1,1,0,0,0,0,2,5,3,0,0,,TRUE,FALSE,FALSE,FALSE,14,FALSE,FALSE,FALSE,FALSE,FALSE,FALSE,FALSE,FALSE,19,FALSE,33,34,FALSE,48,FALSE,FALSE,FALSE,FALSE
100601,"A",2022,1,1,11,1,2,,12,7,1,0,11,10,35,37,0,1,1,1,1,1,6,1,0,0,0,0,0,2,0,0,0,0,"A_2022",1,1,1,1,0,0,1,1,1,1,1,1,0,0,0,0,0,0,2,,7,0,0,1,FALSE,FALSE,FALSE,TRUE,12,FALSE,FALSE,FALSE,FALSE,FALSE,FALSE,FALSE,FALSE,23,FALSE,35,25,FALSE,37,FALSE,FALSE,FALSE,FALSE
100602,"A",2020,0,1,12,1,1,17,14,3,0,0,4,4,35,37,0,0,1,1,1,1,8,1,1,1,0,0,0,4,0,0,0,0,"A_2020",0,1,1,0,0,0,0,1,1,1,1,1,1,1,0,0,0,0,1,17,3,0,0,2,FALSE,FALSE,FALSE,FALSE,14,FALSE,FALSE,FALSE,FALSE,FALSE,FALSE,FALSE,FALSE,21,FALSE,35,23,FALSE,37,FALSE,FALSE,TRUE,FALSE
100603,"A",2022,1,0,11,1,,,12,7,1,0,5,5,37,38,0,1,0,0,0,1,6,1,0,0,0,0,0,2,0,0,0,0,"A_2022",1,0,1,1,0,0,1,0,0,0,1,1,0,0,0,0,0,0,,,7,0,0,1,FALSE,FALSE,FALSE,TRUE,12,FALSE,FALSE,FALSE,FALSE,FALSE,FALSE,FALSE,FALSE,25,FALSE,37,26,FALSE,38,FALSE,FALSE,FALSE,FALSE
100604,"A",2022,0,1,11,1,3,,13,7,1,0,7,6,35,38,1,0,1,1,1,1,6,1,0,0,0,0,0,2,0,0,0,0,"A_2022",0,1,1,1,0,1,0,1,1,1,1,1,0,0,0,0,0,0,3,,7,0,0,2,FALSE,FALSE,FALSE,FALSE,13,FALSE,FALSE,FALSE,FALSE,FALSE,FALSE,FALSE,FALSE,22,FALSE,35,25,FALSE,38,FALSE,FALSE,FALSE,FALSE
100605,"A",2020,0,0,11,1,3,18,13,4,0,0,9,11,45,48,0,0,1,0,0,1,8,1,1,1,0,0,0,4,0,0,0,0,"A_2020",0,0,1,0,0,0,0,1,0,0,1,1,1,1,0,0,0,0,3,18,4,0,0,2,FALSE,FALSE,FALSE,FALSE,13,FALSE,FALSE,FALSE,FALSE,FALSE,FALSE,FALSE,FALSE,32,FALSE,45,35,FALSE,48,FALSE,FALSE,TRUE,FALSE
100606,"B",2018,1,1,11,0,,,15,7,1,1,8,,30,50,,0,0,0,,,11,0,0,0,0,0,0,6,0,0,0,0,"B_2018",1,1,0,1,1,,0,0,0,,,0,0,0,0,0,0,0,,,7,0,0,4,FALSE,FALSE,FALSE,FALSE,15,TRUE,FALSE,FALSE,TRUE,TRUE,TRUE,FALSE,FALSE,15,FALSE,30,35,FALSE,50,FALSE,TRUE,TRUE,TRUE
100607,"A",2020,0,1,13,1,2,7,15,6,0,0,6,8,45,52,0,0,1,1,0,1,7,1,1,0,2,1,2,5,0,0,0,0,"A_2020",0,1,1,0,0,0,0,1,1,0,1,1,1,0,1,0,0,0,2,7,6,2,2,2,FALSE,FALSE,FALSE,FALSE,15,FALSE,FALSE,FALSE,FALSE,FALSE,FALSE,FALSE,FALSE,30,FALSE,45,37,FALSE,52,FALSE,TRUE,TRUE,FALSE
100608,"A",2020,0,1,12,1,2,7,15,4,0,0,11,9,33,39,0,0,1,1,1,1,8,1,1,1,0,0,0,4,0,0,0,0,"A_2020",0,1,1,0,0,0,0,1,1,1,1,1,1,1,0,0,0,0,2,7,4,0,0,3,FALSE,FALSE,FALSE,FALSE,15,FALSE,FALSE,FALSE,FALSE,FALSE,FALSE,FALSE,FALSE,18,FALSE,33,24,FALSE,39,FALSE,FALSE,FALSE,FALSE
100609,"A",2020,0,1,13,1,,,16,5,0,0,11,11,35,42,1,0,1,1,0,1,8,1,1,1,0,0,0,4,0,0,0,0,"A_2020",0,1,1,0,0,1,0,1,1,0,1,1,1,1,0,0,0,0,,,5,0,0,3,FALSE,FALSE,FALSE,FALSE,16,FALSE,FALSE,FALSE,FALSE,FALSE,FALSE,FALSE,FALSE,19,FALSE,35,26,FALSE,42,FALSE,FALSE,FALSE,FALSE
100610,"A",2020,1,1,14,1,3,,16,3,0,1,,,,,,0,1,0,0,0,6,1,0,0,0,0,0,1,0,0,1,8,"A_2020",1,1,1,0,1,,0,1,0,0,0,1,0,0,0,0,0,1,3,,3,0,0,2,FALSE,FALSE,FALSE,FALSE,16,FALSE,FALSE,FALSE,FALSE,FALSE,FALSE,FALSE,FALSE,,FALSE,,,FALSE,,FALSE,FALSE,FALSE,FALSE
100611,"A",2022,1,0,12,1,,,13,7,1,0,5,,38,,,1,1,1,1,1,6,1,0,0,0,0,0,2,0,0,0,0,"A_2022",1,0,1,1,0,,1,1,1,1,1,1,0,0,0,0,0,0,,,7,0,0,1,FALSE,FALSE,FALSE,TRUE,13,FALSE,FALSE,FALSE,FALSE,FALSE,FALSE,FALSE,FALSE,25,FALSE,38,,FALSE,,FALSE,FALSE,FALSE,FALSE
100612,"A",2020,1,0,13,1,2,,15,4,0,0,2,5,42,43,0,1,1,1,1,1,8,1,1,1,0,0,0,4,0,0,0,0,"A_2020",1,0,1,0,0,0,1,1,1,1,1,1,1,1,0,0,0,0,2,,4,0,0,2,FALSE,FALSE,FALSE,FALSE,15,FALSE,FALSE,FALSE,FALSE,FALSE,FALSE,FALSE,FALSE,27,FALSE,42,28,FALSE,43,FALSE,FALSE,TRUE,FALSE
100613,"A",2022,1,0,12,1,,,13,8,1,0,11,11,31,32,0,1,1,1,1,1,6,1,0,0,0,0,0,2,0,0,0,0,"A_2022",1,0,1,1,0,0,1,1,1,1,1,1,0,0,0,0,0,0,,,8,0,0,1,FALSE,FALSE,FALSE,TRUE,13,FALSE,FALSE,FALSE,FALSE,FALSE,FALSE,FALSE,FALSE,18,FALSE,31,19,FALSE,32,FALSE,FALSE,FALSE,FALSE
100614,"A",2022,0,1,14,1,2,,15,8,1,0,2,5,26,36,0,0,1,0,0,1,6,1,0,0,1,1,1,3,0,0,1,40,"A_2022",0,1,1,1,0,0,0,1,0,0,1,1,0,0,1,0,0,1,2,,8,1,1,1,FALSE,FALSE,FALSE,TRUE,15,FALSE,FALSE,FALSE,FALSE,FALSE,FALSE,FALSE,FALSE,11,FALSE,26,21,FALSE,36,FALSE,FALSE,TRUE,FALSE
100615,"A",2022,0,0,12,1,,,14,4,1,0,5,5,50,60,0,0,1,1,0,1,7,1,1,0,0,0,0,2,0,0,0,0,"A_2022",0,0,1,1,0,0,0,1,1,0,1,1,1,0,0,0,0,0,,,4,0,0,2,FALSE,FALSE,FALSE,FALSE,14,FALSE,FALSE,FALSE,FALSE,FALSE,FALSE,FALSE,FALSE,36,FALSE,50,46,FALSE,60,FALSE,FALSE,FALSE,FALSE
100616,"A",2020,1,1,14,1,2,,16,3,0,0,4,5,39,40,1,1,1,1,1,1,8,1,1,1,0,0,0,4,0,0,0,0,"A_2020",1,1,1,0,0,1,1,1,1,1,1,1,1,1,0,0,0,0,2,,3,0,0,2,FALSE,FALSE,FALSE,FALSE,16,FALSE,FALSE,FALSE,FALSE,FALSE,FALSE,FALSE,FALSE,23,FALSE,39,24,FALSE,40,FALSE,FALSE,TRUE,FALSE
100617,"A",2020,0,0,12,1,1,19,14,8,1,0,6,5,34,35,1,1,1,1,1,1,8,1,1,1,0,0,0,4,0,0,0,0,"A_2020",0,0,1,1,0,1,1,1,1,1,1,1,1,1,0,0,0,0,1,19,8,0,0,2,FALSE,FALSE,FALSE,FALSE,14,FALSE,FALSE,FALSE,FALSE,FALSE,FALSE,FALSE,FALSE,20,FALSE,34,21,FALSE,35,FALSE,FALSE,TRUE,FALSE
100618,"A",2020,0,1,12,1,2,19,14,3,0,0,5,9,34,43,1,0,1,1,1,1,8,1,1,1,0,0,0,4,0,0,0,0,"A_2020",0,1,1,0,0,1,0,1,1,1,1,1,1,1,0,0,0,0,2,19,3,0,0,2,FALSE,FALSE,FALSE,FALSE,14,FALSE,FALSE,FALSE,FALSE,FALSE,FALSE,FALSE,FALSE,20,FALSE,34,29,FALSE,43,FALSE,FALSE,TRUE,FALSE
100619,"A",2020,0,0,12,1,2,10,14,7,1,0,5,7,46,45,0,0,1,0,0,1,7,1,1,0,0,1,1,4,0,0,0,0,"A_2020",0,0,1,1,0,0,0,1,0,0,1,1,1,0,1,0,0,0,2,10,7,0,1,2,FALSE,FALSE,FALSE,FALSE,14,FALSE,FALSE,FALSE,FALSE,FALSE,FALSE,FALSE,FALSE,32,FALSE,46,31,FALSE,45,FALSE,FALSE,TRUE,FALSE
100620,"A",2020,0,1,13,1,,17,16,11,1,0,5,,58,70,,0,1,1,0,1,8,1,1,1,0,0,0,4,0,0,1,16,"A_2020",0,1,1,1,0,,0,1,1,0,1,1,1,1,0,0,0,1,,17,11,0,0,3,FALSE,FALSE,FALSE,FALSE,16,FALSE,FALSE,FALSE,FALSE,FALSE,FALSE,FALSE,FALSE,42,FALSE,58,54,FALSE,70,FALSE,FALSE,FALSE,FALSE
100621,"A",2020,1,1,13,1,,12,16,3,0,0,5,5,40,45,,0,1,1,0,0,7,1,1,0,0,0,0,2,0,0,1,40,"A_2020",1,1,1,0,0,,0,1,1,0,0,1,1,0,0,0,0,1,,12,3,0,0,3,FALSE,FALSE,FALSE,FALSE,16,FALSE,FALSE,FALSE,FALSE,FALSE,FALSE,FALSE,FALSE,24,FALSE,40,29,FALSE,45,FALSE,FALSE,FALSE,FALSE
100622,"A",2020,1,1,14,1,1,5,17,3,0,0,8,5,45,47,0,0,1,0,0,1,8,1,1,1,1,1,1,4,0,0,1,18,"A_2020",1,1,1,0,0,0,0,1,0,0,1,1,1,1,1,0,0,1,1,5,3,1,1,3,FALSE,FALSE,FALSE,FALSE,17,FALSE,FALSE,FALSE,FALSE,FALSE,FALSE,FALSE,FALSE,28,FALSE,45,30,FALSE,47,FALSE,FALSE,FALSE,FALSE
100623,"A",2020,1,1,12,1,2,6,15,3,0,0,6,5,33,40,0,0,1,1,0,0,7,1,1,0,0,0,0,3,0,0,0,0,"A_2020",1,1,1,0,0,0,0,1,1,0,0,1,1,0,0,0,0,0,2,6,3,0,0,3,FALSE,FALSE,FALSE,FALSE,15,FALSE,FALSE,FALSE,FALSE,FALSE,FALSE,FALSE,FALSE,18,FALSE,33,25,FALSE,40,FALSE,FALSE,FALSE,FALSE
100624,"A",2020,1,0,12,1,2,,14,8,1,0,3,4,53,55,0,1,1,1,1,1,8,1,1,1,0,0,0,4,0,0,0,0,"A_2020",1,0,1,1,0,0,1,1,1,1,1,1,1,1,0,0,0,0,2,,8,0,0,2,FALSE,FALSE,FALSE,FALSE,14,FALSE,FALSE,FALSE,FALSE,FALSE,FALSE,FALSE,FALSE,39,FALSE,53,41,FALSE,55,FALSE,FALSE,TRUE,FALSE
100625,"A",2022,0,1,11,1,2,,13,5,1,0,4,5,37,40,0,0,1,1,0,1,7,1,1,0,0,0,0,2,0,0,0,0,"A_2022",0,1,1,1,0,0,0,1,1,0,1,1,1,0,0,0,0,0,2,,5,0,0,2,FALSE,FALSE,FALSE,FALSE,13,FALSE,FALSE,FALSE,FALSE,FALSE,FALSE,FALSE,FALSE,24,FALSE,37,27,FALSE,40,FALSE,FALSE,FALSE,FALSE
100626,"A",2022,1,1,14,1,2,,14,10,1,0,2,,30,,,1,1,1,1,1,6,1,0,0,0,0,0,3,0,0,0,0,"A_2022",1,1,1,1,0,,1,1,1,1,1,1,0,0,0,0,0,0,2,,10,0,0,0,FALSE,FALSE,TRUE,TRUE,14,FALSE,FALSE,FALSE,FALSE,FALSE,FALSE,FALSE,FALSE,16,FALSE,30,,FALSE,,FALSE,FALSE,TRUE,FALSE
100627,"A",2020,0,0,12,1,3,,14,3,0,0,11,11,34,37,1,1,1,1,1,1,8,1,1,1,0,0,0,4,0,0,0,0,"A_2020",0,0,1,0,0,1,1,1,1,1,1,1,1,1,0,0,0,0,3,,3,0,0,2,FALSE,FALSE,FALSE,FALSE,14,FALSE,FALSE,FALSE,FALSE,FALSE,FALSE,FALSE,FALSE,20,FALSE,34,23,FALSE,37,FALSE,FALSE,TRUE,FALSE
100628,"A",2022,1,1,14,1,3,,11,7,1,0,11,11,40,52,1,1,1,1,1,1,6,1,0,0,0,0,0,2,0,0,0,0,"A_2022",1,1,1,1,0,1,1,1,1,1,1,1,0,0,0,0,0,0,3,,7,0,0,-3,FALSE,TRUE,FALSE,TRUE,,FALSE,FALSE,FALSE,FALSE,FALSE,FALSE,FALSE,FALSE,29,FALSE,40,41,FALSE,52,FALSE,FALSE,TRUE,FALSE
100629,"A",2020,0,1,14,1,2,,17,12,1,0,5,,60,,,0,1,1,1,1,9,1,1,1,0,0,0,4,0,0,1,0,"A_2020",0,1,1,1,0,,0,1,1,1,1,1,1,1,0,0,0,1,2,,12,0,0,3,FALSE,FALSE,FALSE,FALSE,17,FALSE,FALSE,FALSE,FALSE,FALSE,FALSE,FALSE,FALSE,43,FALSE,60,,FALSE,,FALSE,FALSE,FALSE,FALSE
100630,"A",2020,0,1,,1,2,6,17,4,0,0,5,2,50,60,1,0,1,0,0,0,6,1,0,0,1,1,1,2,0,0,1,0,"A_2020",0,1,1,0,0,1,0,1,0,0,0,1,0,0,1,0,0,1,2,6,4,1,1,,TRUE,FALSE,FALSE,FALSE,17,FALSE,FALSE,FALSE,FALSE,FALSE,FALSE,FALSE,FALSE,33,FALSE,50,43,FALSE,60,FALSE,FALSE,FALSE,FALSE
100631,"A",2020,0,1,11,1,2,,14,12,1,0,9,6,38,39,0,0,1,1,1,1,8,1,1,1,0,0,0,4,0,0,0,0,"A_2020",0,1,1,1,0,0,0,1,1,1,1,1,1,1,0,0,0,0,2,,12,0,0,3,FALSE,FALSE,FALSE,FALSE,14,FALSE,FALSE,FALSE,FALSE,FALSE,FALSE,FALSE,FALSE,24,FALSE,38,25,FALSE,39,FALSE,FALSE,FALSE,FALSE
100632,"A",2020,1,0,13,1,2,19,15,4,0,0,2,5,40,57,0,0,1,1,1,1,8,1,1,1,0,0,0,4,0,0,0,0,"A_2020",1,0,1,0,0,0,0,1,1,1,1,1,1,1,0,0,0,0,2,19,4,0,0,2,FALSE,FALSE,FALSE,FALSE,15,FALSE,FALSE,FALSE,FALSE,FALSE,FALSE,FALSE,FALSE,25,FALSE,40,42,FALSE,57,FALSE,FALSE,TRUE,FALSE
100633,"A",2020,0,0,12,1,2,,14,3,0,1,,,,,,0,1,1,1,1,8,1,1,1,0,0,0,4,0,0,0,0,"A_2020",0,0,1,0,1,,0,1,1,1,1,1,1,1,0,0,0,0,2,,3,0,0,2,FALSE,FALSE,FALSE,FALSE,14,FALSE,FALSE,FALSE,FALSE,FALSE,FALSE,FALSE,FALSE,,FALSE,,,FALSE,,FALSE,FALSE,TRUE,FALSE
100634,"A",2020,0,0,12,1,2,19,14,3,0,0,5,5,33,38,0,0,1,0,0,1,6,1,0,0,2,1,2,4,0,0,1,25,"A_2020",0,0,1,0,0,0,0,1,0,0,1,1,0,0,1,0,0,1,2,19,3,2,2,2,FALSE,FALSE,FALSE,FALSE,14,FALSE,FALSE,FALSE,FALSE,FALSE,FALSE,FALSE,FALSE,19,FALSE,33,24,FALSE,38,FALSE,FALSE,TRUE,FALSE
100635,"A",2020,1,1,12,1,2,8,16,3,1,0,1,5,45,50,0,1,1,1,1,1,9,1,1,1,0,0,0,4,0,0,0,0,"A_2020",1,1,1,1,0,0,1,1,1,1,1,1,1,1,0,0,0,0,2,8,3,0,0,4,FALSE,FALSE,FALSE,FALSE,16,FALSE,FALSE,FALSE,FALSE,FALSE,FALSE,FALSE,FALSE,29,FALSE,45,34,FALSE,50,FALSE,FALSE,FALSE,FALSE
100636,"A",2020,0,1,12,1,2,4,15,5,0,0,5,5,35,40,0,0,1,1,0,1,8,1,1,1,0,0,0,4,0,0,0,0,"A_2020",0,1,1,0,0,0,0,1,1,0,1,1,1,1,0,0,0,0,2,4,5,0,0,3,FALSE,FALSE,FALSE,FALSE,15,FALSE,FALSE,FALSE,FALSE,FALSE,FALSE,FALSE,FALSE,20,FALSE,35,25,FALSE,40,FALSE,FALSE,FALSE,FALSE
100637,"A",2020,1,1,13,1,1,19,16,6,0,0,,,48,51,0,0,1,0,0,0,6,1,0,0,0,0,0,1,0,0,0,0,"A_2020",1,1,1,0,0,0,0,1,0,0,0,1,0,0,0,0,0,0,1,19,6,0,0,3,FALSE,FALSE,FALSE,FALSE,16,FALSE,FALSE,FALSE,FALSE,FALSE,FALSE,FALSE,FALSE,32,FALSE,48,35,FALSE,51,FALSE,FALSE,FALSE,FALSE
100638,"A",2020,0,1,14,1,3,16,16,3,0,0,4,,37,,,0,0,0,0,1,9,1,1,1,1,1,1,6,0,0,0,0,"A_2020",0,1,1,0,0,,0,0,0,0,1,1,1,1,1,0,0,0,3,16,3,1,1,2,FALSE,FALSE,FALSE,FALSE,16,FALSE,FALSE,FALSE,FALSE,FALSE,FALSE,FALSE,FALSE,21,FALSE,37,,FALSE,,FALSE,TRUE,TRUE,FALSE
100639,"B",2018,1,1,,1,,,19,6,1,1,4,,49,,,0,0,0,0,1,9,1,1,1,0,0,0,6,0,1,1,40,"B_2018",1,1,1,1,1,,0,0,0,0,1,1,1,1,0,0,1,1,,,6,0,0,,TRUE,FALSE,FALSE,FALSE,19,FALSE,FALSE,FALSE,FALSE,FALSE,FALSE,FALSE,FALSE,30,FALSE,49,,FALSE,,FALSE,TRUE,FALSE,FALSE
100640,"A",2020,0,1,11,1,,,14,8,1,0,5,2,35,45,0,0,1,1,1,1,7,1,1,0,0,0,0,3,0,0,0,0,"A_2020",0,1,1,1,0,0,0,1,1,1,1,1,1,0,0,0,0,0,,,8,0,0,3,FALSE,FALSE,FALSE,FALSE,14,FALSE,FALSE,FALSE,FALSE,FALSE,FALSE,FALSE,FALSE,21,FALSE,35,31,FALSE,45,FALSE,FALSE,FALSE,FALSE
100641,"A",2020,1,1,,1,2,7,13,3,0,0,5,5,32,42,0,1,1,1,1,1,8,1,1,1,0,0,0,4,0,0,0,0,"A_2020",1,1,1,0,0,0,1,1,1,1,1,1,1,1,0,0,0,0,2,7,3,0,0,,TRUE,FALSE,FALSE,FALSE,13,FALSE,FALSE,FALSE,FALSE,FALSE,FALSE,FALSE,FALSE,19,FALSE,32,29,FALSE,42,FALSE,FALSE,FALSE,FALSE
100642,"A",2020,1,1,14,1,2,19,16,3,0,0,2,2,45,70,0,1,1,1,1,1,8,1,1,1,0,0,0,4,0,0,0,0,"A_2020",1,1,1,0,0,0,1,1,1,1,1,1,1,1,0,0,0,0,2,19,3,0,0,2,FALSE,FALSE,FALSE,FALSE,16,FALSE,FALSE,FALSE,FALSE,FALSE,FALSE,FALSE,FALSE,29,FALSE,45,54,FALSE,70,FALSE,FALSE,TRUE,FALSE
100643,"A",2020,0,0,12,1,3,,15,4,0,0,11,5,36,39,,0,1,1,1,1,8,1,1,1,0,0,0,4,0,0,0,0,"A_2020",0,0,1,0,0,,0,1,1,1,1,1,1,1,0,0,0,0,3,,4,0,0,3,FALSE,FALSE,FALSE,FALSE,15,FALSE,FALSE,FALSE,FALSE,FALSE,FALSE,FALSE,FALSE,21,FALSE,36,24,FALSE,39,FALSE,FALSE,FALSE,FALSE
100644,"A",2020,0,0,,1,1,,16,4,0,0,5,3,41,52,,1,1,0,0,1,6,1,0,0,1,1,1,3,0,0,0,0,"A_2020",0,0,1,0,0,,1,1,0,0,1,1,0,0,1,0,0,0,1,,4,1,1,,TRUE,FALSE,FALSE,FALSE,16,FALSE,FALSE,FALSE,FALSE,FALSE,FALSE,FALSE,FALSE,25,FALSE,41,36,FALSE,52,FALSE,FALSE,FALSE,FALSE
100645,"A",2020,0,1,13,1,2,19,15,5,0,0,5,7,34,37,0,1,1,1,1,1,8,1,1,1,0,0,0,4,0,0,0,0,"A_2020",0,1,1,0,0,0,1,1,1,1,1,1,1,1,0,0,0,0,2,19,5,0,0,2,FALSE,FALSE,FALSE,FALSE,15,FALSE,FALSE,FALSE,FALSE,FALSE,FALSE,FALSE,FALSE,19,FALSE,34,22,FALSE,37,FALSE,FALSE,TRUE,FALSE
100646,"A",2020,1,1,12,1,3,11,15,4,1,0,3,,49,,,1,1,1,1,1,9,1,1,1,0,0,0,4,0,0,0,0,"A_2020",1,1,1,1,0,,1,1,1,1,1,1,1,1,0,0,0,0,3,11,4,0,0,3,FALSE,FALSE,FALSE,FALSE,15,FALSE,FALSE,FALSE,FALSE,FALSE,FALSE,FALSE,FALSE,34,FALSE,49,,FALSE,,FALSE,FALSE,FALSE,FALSE
100647,"A",2020,0,0,13,1,2,,15,3,0,0,2,5,47,48,0,0,0,0,1,1,6,1,0,0,0,0,0,3,0,1,0,0,"A_2020",0,0,1,0,0,0,0,0,0,1,1,1,0,0,0,0,1,0,2,,3,0,0,2,FALSE,FALSE,FALSE,FALSE,15,FALSE,FALSE,FALSE,FALSE,FALSE,FALSE,FALSE,FALSE,32,FALSE,47,33,FALSE,48,FALSE,FALSE,FALSE,FALSE
100648,"A",2020,0,0,11,1,1,19,14,3,0,0,1,5,42,42,0,0,1,1,1,1,8,1,1,1,0,0,0,4,0,0,0,0,"A_2020",0,0,1,0,0,0,0,1,1,1,1,1,1,1,0,0,0,0,1,19,3,0,0,3,FALSE,FALSE,FALSE,FALSE,14,FALSE,FALSE,FALSE,FALSE,FALSE,FALSE,FALSE,FALSE,28,FALSE,42,28,FALSE,42,FALSE,FALSE,FALSE,FALSE
100649,"B",2018,1,0,11,1,2,,15,7,1,0,5,,42,,,1,1,1,1,1,9,1,1,1,0,0,0,6,0,0,0,0,"B_2018",1,0,1,1,0,,1,1,1,1,1,1,1,1,0,0,0,0,2,,7,0,0,4,FALSE,FALSE,FALSE,FALSE,15,FALSE,FALSE,FALSE,FALSE,FALSE,FALSE,FALSE,FALSE,27,FALSE,42,,FALSE,,FALSE,TRUE,TRUE,FALSE
100650,"A",2020,0,1,14,1,2,,16,3,0,0,5,,39,36,,0,1,1,0,1,8,1,1,1,0,0,0,4,0,0,0,0,"A_2020",0,1,1,0,0,,0,1,1,0,1,1,1,1,0,0,0,0,2,,3,0,0,2,FALSE,FALSE,FALSE,FALSE,16,FALSE,FALSE,FALSE,FALSE,FALSE,FALSE,FALSE,FALSE,23,FALSE,39,20,FALSE,36,FALSE,FALSE,TRUE,FALSE
100651,"A",2022,0,1,12,1,1,,12,7,1,0,,,42,50,,0,1,1,1,1,6,1,0,0,0,0,0,2,0,0,0,0,"A_2022",0,1,1,1,0,,0,1,1,1,1,1,0,0,0,0,0,0,1,,7,0,0,0,FALSE,FALSE,TRUE,TRUE,12,FALSE,FALSE,FALSE,FALSE,FALSE,FALSE,FALSE,FALSE,30,FALSE,42,38,FALSE,50,FALSE,FALSE,TRUE,FALSE
100652,"A",2020,1,0,12,1,,4,15,7,1,0,,8,,45,0,1,1,1,1,1,8,1,1,1,0,0,0,4,0,0,0,0,"A_2020",1,0,1,1,0,0,1,1,1,1,1,1,1,1,0,0,0,0,,4,7,0,0,3,FALSE,FALSE,FALSE,FALSE,15,FALSE,FALSE,FALSE,FALSE,FALSE,FALSE,FALSE,FALSE,,FALSE,,30,FALSE,45,FALSE,FALSE,FALSE,FALSE
100653,"A",2020,0,1,12,1,,5,15,3,0,0,5,,37,42,0,0,1,0,0,0,6,1,0,0,2,1,2,3,0,0,1,40,"A_2020",0,1,1,0,0,0,0,1,0,0,0,1,0,0,1,0,0,1,,5,3,2,2,3,FALSE,FALSE,FALSE,FALSE,15,FALSE,FALSE,FALSE,FALSE,FALSE,FALSE,FALSE,FALSE,22,FALSE,37,27,FALSE,42,FALSE,FALSE,FALSE,FALSE
100654,"A",2022,1,1,11,1,3,,11,7,1,0,8,9,37,35,0,0,1,1,1,1,6,1,0,0,0,0,0,2,0,0,0,0,"A_2022",1,1,1,1,0,0,0,1,1,1,1,1,0,0,0,0,0,0,3,,7,0,0,0,FALSE,FALSE,TRUE,TRUE,11,FALSE,FALSE,FALSE,FALSE,FALSE,FALSE,FALSE,FALSE,26,FALSE,37,24,FALSE,35,FALSE,FALSE,TRUE,FALSE
100655,"B",2018,1,1,13,0,1,,18,6,1,1,3,3,55,69,0,0,1,1,0,1,9,1,1,1,0,0,0,6,0,0,0,0,"B_2018",1,1,0,1,1,0,0,1,1,0,1,1,1,1,0,0,0,0,1,,6,0,0,5,FALSE,FALSE,FALSE,TRUE,18,FALSE,FALSE,FALSE,FALSE,FALSE,FALSE,FALSE,FALSE,37,FALSE,55,51,FALSE,69,FALSE,TRUE,FALSE,FALSE
100656,"A",2020,1,0,13,1,,19,15,1,1,0,3,5,45,39,0,0,1,0,0,0,6,1,0,0,1,1,1,3,0,0,0,0,"A_2020",1,0,1,1,0,0,0,1,0,0,0,1,0,0,1,0,0,0,,19,1,1,1,2,FALSE,FALSE,FALSE,FALSE,15,FALSE,FALSE,FALSE,FALSE,FALSE,FALSE,FALSE,FALSE,30,FALSE,45,24,FALSE,39,FALSE,FALSE,FALSE,FALSE
100657,"A",2022,1,0,12,1,1,,13,7,1,0,5,7,34,45,0,1,1,1,1,1,6,1,0,0,0,0,0,2,0,0,0,0,"A_2022",1,0,1,1,0,0,1,1,1,1,1,1,0,0,0,0,0,0,1,,7,0,0,1,FALSE,FALSE,FALSE,TRUE,13,FALSE,FALSE,FALSE,FALSE,FALSE,FALSE,FALSE,FALSE,21,FALSE,34,32,FALSE,45,FALSE,FALSE,FALSE,FALSE
100658,"A",2020,1,1,14,1,1,16,17,11,1,0,3,3,51,61,0,1,1,1,1,1,8,1,1,1,0,0,0,4,0,0,0,0,"A_2020",1,1,1,1,0,0,1,1,1,1,1,1,1,1,0,0,0,0,1,16,11,0,0,3,FALSE,FALSE,FALSE,FALSE,17,FALSE,FALSE,FALSE,FALSE,FALSE,FALSE,FALSE,FALSE,34,FALSE,51,44,FALSE,61,FALSE,FALSE,FALSE,FALSE
100659,"A",2020,1,0,13,1,,19,16,4,0,0,6,,32,1,,1,1,1,1,1,8,1,1,1,0,0,0,4,0,0,0,0,"A_2020",1,0,1,0,0,,1,1,1,1,1,1,1,1,0,0,0,0,,19,4,0,0,3,FALSE,FALSE,FALSE,FALSE,16,FALSE,FALSE,FALSE,FALSE,FALSE,FALSE,FALSE,FALSE,16,FALSE,32,-15,FALSE,,FALSE,FALSE,FALSE,FALSE
100660,"A",2020,0,0,12,1,2,19,14,4,0,0,5,5,42,34,0,0,1,1,0,1,7,1,1,0,0,0,0,4,0,0,0,0,"A_2020",0,0,1,0,0,0,0,1,1,0,1,1,1,0,0,0,0,0,2,19,4,0,0,2,FALSE,FALSE,FALSE,FALSE,14,FALSE,FALSE,FALSE,FALSE,FALSE,FALSE,FALSE,FALSE,28,FALSE,42,20,FALSE,34,FALSE,FALSE,TRUE,FALSE
100661,"A",2020,1,1,12,1,2,7,14,3,0,0,7,4,34,51,0,1,1,1,1,1,8,1,1,1,0,0,0,4,0,0,0,0,"A_2020",1,1,1,0,0,0,1,1,1,1,1,1,1,1,0,0,0,0,2,7,3,0,0,2,FALSE,FALSE,FALSE,FALSE,14,FALSE,FALSE,FALSE,FALSE,FALSE,FALSE,FALSE,FALSE,20,FALSE,34,37,FALSE,51,FALSE,FALSE,TRUE,FALSE
100662,"A",2020,1,1,12,1,2,17,14,3,0,0,5,5,42,40,0,1,1,1,1,1,8,1,1,1,0,0,0,4,0,0,1,8,"A_2020",1,1,1,0,0,0,1,1,1,1,1,1,1,1,0,0,0,1,2,17,3,0,0,2,FALSE,FALSE,FALSE,FALSE,14,FALSE,FALSE,FALSE,FALSE,FALSE,FALSE,FALSE,FALSE,28,FALSE,42,26,FALSE,40,FALSE,FALSE,TRUE,FALSE
100663,"A",2020,1,1,12,1,2,7,15,8,1,0,5,7,44,43,0,1,1,1,1,1,8,1,1,1,0,0,0,4,0,0,0,0,"A_2020",1,1,1,1,0,0,1,1,1,1,1,1,1,1,0,0,0,0,2,7,8,0,0,3,FALSE,FALSE,FALSE,FALSE,15,FALSE,FALSE,FALSE,FALSE,FALSE,FALSE,FALSE,FALSE,29,FALSE,44,28,FALSE,43,FALSE,FALSE,FALSE,FALSE
100664,"A",2022,1,0,13,1,,,14,8,1,0,5,7,40,46,0,1,1,1,1,1,6,1,0,0,0,0,0,2,0,0,0,0,"A_2022",1,0,1,1,0,0,1,1,1,1,1,1,0,0,0,0,0,0,,,8,0,0,1,FALSE,FALSE,FALSE,TRUE,14,FALSE,FALSE,FALSE,FALSE,FALSE,FALSE,FALSE,FALSE,26,FALSE,40,32,FALSE,46,FALSE,FALSE,FALSE,FALSE
100665,"A",2020,1,1,12,1,2,6,14,4,0,0,11,5,37,45,0,1,1,1,1,1,8,1,1,1,0,0,0,4,0,0,0,0,"A_2020",1,1,1,0,0,0,1,1,1,1,1,1,1,1,0,0,0,0,2,6,4,0,0,2,FALSE,FALSE,FALSE,FALSE,14,FALSE,FALSE,FALSE,FALSE,FALSE,FALSE,FALSE,FALSE,23,FALSE,37,31,FALSE,45,FALSE,FALSE,TRUE,FALSE
100666,"B",2018,0,0,14,0,1,,18,7,1,1,2,3,38,37,,0,1,1,0,0,8,1,1,1,0,0,0,3,0,0,0,0,"B_2018",0,0,0,1,1,,0,1,1,0,0,1,1,1,0,0,0,0,1,,7,0,0,4,FALSE,FALSE,FALSE,FALSE,18,FALSE,FALSE,FALSE,FALSE,FALSE,FALSE,FALSE,FALSE,20,FALSE,38,19,FALSE,37,FALSE,FALSE,FALSE,FALSE
100667,"A",2020,1,1,11,1,,19,14,8,1,0,5,5,46,39,0,0,1,1,1,1,8,1,1,1,0,0,0,4,0,0,0,0,"A_2020",1,1,1,1,0,0,0,1,1,1,1,1,1,1,0,0,0,0,,19,8,0,0,3,FALSE,FALSE,FALSE,FALSE,14,FALSE,FALSE,FALSE,FALSE,FALSE,FALSE,FALSE,FALSE,32,FALSE,46,25,FALSE,39,FALSE,FALSE,FALSE,FALSE
100668,"A",2020,0,1,15,1,2,17,17,3,0,0,2,,37,,,0,1,1,1,1,6,1,0,0,0,0,0,3,0,0,1,40,"A_2020",0,1,1,0,0,,0,1,1,1,1,1,0,0,0,0,0,1,2,17,3,0,0,2,FALSE,FALSE,FALSE,FALSE,17,FALSE,FALSE,FALSE,FALSE,FALSE,FALSE,FALSE,FALSE,20,FALSE,37,,FALSE,,FALSE,FALSE,FALSE,FALSE
100669,"B",2018,1,0,11,1,2,,16,7,1,1,1,0,46,41,0,0,1,1,0,0,9,1,1,1,0,0,0,5,0,0,0,0,"B_2018",1,0,1,1,1,0,0,1,1,0,0,1,1,1,0,0,0,0,2,,7,0,0,5,FALSE,FALSE,FALSE,TRUE,16,FALSE,FALSE,FALSE,FALSE,FALSE,FALSE,FALSE,FALSE,30,FALSE,46,25,FALSE,41,FALSE,TRUE,FALSE,FALSE
100670,"A",2020,1,0,11,1,3,17,14,6,0,0,4,,31,,,1,1,1,1,1,8,1,1,1,0,0,0,4,0,0,0,0,"A_2020",1,0,1,0,0,,1,1,1,1,1,1,1,1,0,0,0,0,3,17,6,0,0,3,FALSE,FALSE,FALSE,FALSE,14,FALSE,FALSE,FALSE,FALSE,FALSE,FALSE,FALSE,FALSE,17,FALSE,31,,FALSE,,FALSE,FALSE,FALSE,FALSE
100671,"A",2020,1,1,13,1,2,5,15,4,0,0,5,5,50,51,0,1,1,1,1,1,8,1,1,1,0,0,0,4,0,0,0,0,"A_2020",1,1,1,0,0,0,1,1,1,1,1,1,1,1,0,0,0,0,2,5,4,0,0,2,FALSE,FALSE,FALSE,FALSE,15,FALSE,FALSE,FALSE,FALSE,FALSE,FALSE,FALSE,FALSE,35,FALSE,50,36,FALSE,51,FALSE,FALSE,TRUE,FALSE
100672,"A",2020,1,0,14,1,2,6,16,3,0,0,5,5,38,53,0,1,1,1,1,1,8,1,1,1,0,0,0,4,0,0,0,0,"A_2020",1,0,1,0,0,0,1,1,1,1,1,1,1,1,0,0,0,0,2,6,3,0,0,2,FALSE,FALSE,FALSE,FALSE,16,FALSE,FALSE,FALSE,FALSE,FALSE,FALSE,FALSE,FALSE,22,FALSE,38,37,FALSE,53,FALSE,FALSE,TRUE,FALSE
100673,"A",2022,1,1,10,1,,,11,8,1,0,11,8,33,34,0,1,1,1,1,1,6,1,0,0,0,0,0,2,0,0,0,0,"A_2022",1,1,1,1,0,0,1,1,1,1,1,1,0,0,0,0,0,0,,,8,0,0,1,FALSE,FALSE,FALSE,TRUE,11,FALSE,FALSE,FALSE,FALSE,FALSE,FALSE,FALSE,FALSE,22,FALSE,33,23,FALSE,34,FALSE,FALSE,FALSE,FALSE
100674,"A",2020,0,1,12,1,1,5,14,3,0,0,5,5,45,45,0,0,1,1,0,1,8,1,1,1,0,0,0,4,0,0,0,0,"A_2020",0,1,1,0,0,0,0,1,1,0,1,1,1,1,0,0,0,0,1,5,3,0,0,2,FALSE,FALSE,FALSE,FALSE,14,FALSE,FALSE,FALSE,FALSE,FALSE,FALSE,FALSE,FALSE,31,FALSE,45,31,FALSE,45,FALSE,FALSE,TRUE,FALSE
100675,"B",2018,0,0,11,0,2,,16,7,1,1,,11,,34,0,0,1,1,0,1,9,1,1,1,0,0,0,6,0,0,0,0,"B_2018",0,0,0,1,1,0,0,1,1,0,1,1,1,1,0,0,0,0,2,,7,0,0,5,FALSE,FALSE,FALSE,TRUE,16,FALSE,FALSE,FALSE,FALSE,FALSE,FALSE,FALSE,FALSE,,FALSE,,18,FALSE,34,FALSE,TRUE,FALSE,FALSE
100676,"A",2020,0,1,14,1,2,5,17,3,0,0,5,11,48,38,0,0,,,0,0,5,0,0,0,,0,0,0,0,0,1,40,"A_2020",0,1,1,0,0,0,0,,,0,0,0,0,0,0,0,0,1,2,5,3,,0,3,FALSE,FALSE,FALSE,FALSE,17,FALSE,FALSE,FALSE,FALSE,FALSE,FALSE,FALSE,FALSE,31,FALSE,48,21,FALSE,38,FALSE,FALSE,FALSE,FALSE
100677,"A",2022,1,1,13,1,,,14,7,1,0,5,5,32,36,,0,1,0,0,0,5,0,0,0,0,0,0,1,0,0,1,35,"A_2022",1,1,1,1,0,,0,1,0,0,0,0,0,0,0,0,0,1,,,7,0,0,1,FALSE,FALSE,FALSE,TRUE,14,FALSE,FALSE,FALSE,FALSE,FALSE,FALSE,FALSE,FALSE,18,FALSE,32,22,FALSE,36,FALSE,FALSE,FALSE,FALSE
100678,"A",2020,0,1,14,1,2,17,17,7,1,0,7,4,56,51,0,0,0,0,0,0,6,1,0,0,1,1,1,2,0,0,1,6,"A_2020",0,1,1,1,0,0,0,0,0,0,0,1,0,0,1,0,0,1,2,17,7,1,1,3,FALSE,FALSE,FALSE,FALSE,17,FALSE,FALSE,FALSE,FALSE,FALSE,FALSE,FALSE,FALSE,39,FALSE,56,34,FALSE,51,FALSE,FALSE,FALSE,FALSE
100679,"A",2020,1,1,11,1,2,5,13,6,0,0,6,,51,,,1,1,1,1,1,8,1,1,1,0,0,0,4,0,0,0,0,"A_2020",1,1,1,0,0,,1,1,1,1,1,1,1,1,0,0,0,0,2,5,6,0,0,2,FALSE,FALSE,FALSE,FALSE,13,FALSE,FALSE,FALSE,FALSE,FALSE,FALSE,FALSE,FALSE,38,FALSE,51,,FALSE,,FALSE,FALSE,TRUE,FALSE
100680,"A",2020,0,0,11,1,3,12,14,1,1,0,5,11,53,48,0,0,1,1,1,1,8,1,1,1,0,0,0,4,0,0,0,0,"A_2020",0,0,1,1,0,0,0,1,1,1,1,1,1,1,0,0,0,0,3,12,1,0,0,3,FALSE,FALSE,FALSE,FALSE,14,FALSE,FALSE,FALSE,FALSE,FALSE,FALSE,FALSE,FALSE,39,FALSE,53,34,FALSE,48,FALSE,FALSE,FALSE,FALSE
100681,"A",2020,1,1,12,1,1,19,15,4,0,0,8,5,40,38,0,0,0,0,0,1,7,1,1,0,0,0,0,3,0,0,0,0,"A_2020",1,1,1,0,0,0,0,0,0,0,1,1,1,0,0,0,0,0,1,19,4,0,0,3,FALSE,FALSE,FALSE,FALSE,15,FALSE,FALSE,FALSE,FALSE,FALSE,FALSE,FALSE,FALSE,25,FALSE,40,23,FALSE,38,FALSE,FALSE,FALSE,FALSE
100682,"A",2022,1,0,14,1,2,,15,7,1,0,5,9,39,38,0,0,1,0,0,0,6,1,0,0,0,0,0,1,0,0,1,35,"A_2022",1,0,1,1,0,0,0,1,0,0,0,1,0,0,0,0,0,1,2,,7,0,0,1,FALSE,FALSE,FALSE,TRUE,15,FALSE,FALSE,FALSE,FALSE,FALSE,FALSE,FALSE,FALSE,24,FALSE,39,23,FALSE,38,FALSE,FALSE,FALSE,FALSE
100683,"A",2020,1,1,12,1,1,19,14,3,0,0,5,11,38,40,0,1,1,1,1,1,8,1,1,1,0,0,0,4,0,0,0,0,"A_2020",1,1,1,0,0,0,1,1,1,1,1,1,1,1,0,0,0,0,1,19,3,0,0,2,FALSE,FALSE,FALSE,FALSE,14,FALSE,FALSE,FALSE,FALSE,FALSE,FALSE,FALSE,FALSE,24,FALSE,38,26,FALSE,40,FALSE,FALSE,TRUE,FALSE
100684,"B",2018,0,0,12,0,2,,16,6,1,0,5,5,42,52,0,0,1,1,1,1,9,1,1,1,0,0,0,6,0,0,0,0,"B_2018",0,0,0,1,0,0,0,1,1,1,1,1,1,1,0,0,0,0,2,,6,0,0,4,FALSE,FALSE,FALSE,FALSE,16,FALSE,FALSE,FALSE,FALSE,FALSE,FALSE,FALSE,FALSE,26,FALSE,42,36,FALSE,52,FALSE,TRUE,TRUE,FALSE
100685,"A",2020,1,1,12,1,2,18,14,4,0,0,3,5,43,41,0,1,1,1,1,1,8,1,1,1,0,0,0,4,0,0,0,0,"A_2020",1,1,1,0,0,0,1,1,1,1,1,1,1,1,0,0,0,0,2,18,4,0,0,2,FALSE,FALSE,FALSE,FALSE,14,FALSE,FALSE,FALSE,FALSE,FALSE,FALSE,FALSE,FALSE,29,FALSE,43,27,FALSE,41,FALSE,FALSE,TRUE,FALSE
100686,"A",2020,1,0,12,1,3,,14,3,0,0,5,6,37,48,0,0,1,1,0,1,7,1,1,0,0,0,0,4,0,0,0,0,"A_2020",1,0,1,0,0,0,0,1,1,0,1,1,1,0,0,0,0,0,3,,3,0,0,2,FALSE,FALSE,FALSE,FALSE,14,FALSE,FALSE,FALSE,FALSE,FALSE,FALSE,FALSE,FALSE,23,FALSE,37,34,FALSE,48,FALSE,FALSE,TRUE,FALSE
100687,"A",2022,1,0,11,1,1,,12,4,1,0,11,9,34,43,0,1,1,1,1,1,7,1,1,0,0,0,0,2,0,0,0,0,"A_2022",1,0,1,1,0,0,1,1,1,1,1,1,1,0,0,0,0,0,1,,4,0,0,1,FALSE,FALSE,FALSE,TRUE,12,FALSE,FALSE,FALSE,FALSE,FALSE,FALSE,FALSE,FALSE,22,FALSE,34,31,FALSE,43,FALSE,FALSE,FALSE,FALSE
100688,"A",2020,0,1,12,1,,5,15,5,0,0,5,,42,,,0,1,0,0,1,8,1,1,1,0,0,0,4,0,0,1,8,"A_2020",0,1,1,0,0,,0,1,0,0,1,1,1,1,0,0,0,1,,5,5,0,0,3,FALSE,FALSE,FALSE,FALSE,15,FALSE,FALSE,FALSE,FALSE,FALSE,FALSE,FALSE,FALSE,27,FALSE,42,,FALSE,,FALSE,FALSE,FALSE,FALSE
100689,"A",2022,1,0,12,1,2,,12,8,1,0,8,11,27,30,0,1,1,1,1,1,6,1,0,0,0,0,0,2,0,0,0,0,"A_2022",1,0,1,1,0,0,1,1,1,1,1,1,0,0,0,0,0,0,2,,8,0,0,0,FALSE,FALSE,TRUE,TRUE,12,FALSE,FALSE,FALSE,FALSE,FALSE,FALSE,FALSE,FALSE,15,FALSE,27,18,FALSE,30,FALSE,FALSE,TRUE,FALSE
100690,"B",2018,0,0,12,1,,,16,6,1,1,6,,39,,,0,0,0,0,1,9,1,1,1,0,0,0,6,1,1,1,8,"B_2018",0,0,1,1,1,,0,0,0,0,1,1,1,1,0,1,1,1,,,6,0,0,4,FALSE,FALSE,FALSE,FALSE,16,FALSE,FALSE,FALSE,FALSE,FALSE,FALSE,FALSE,FALSE,23,FALSE,39,,FALSE,,FALSE,TRUE,TRUE,FALSE
100691,"A",2020,1,1,14,1,2,16,17,3,0,1,,0,,42,0,0,1,1,0,0,8,1,1,1,0,0,0,3,0,0,0,0,"A_2020",1,1,1,0,1,0,0,1,1,0,0,1,1,1,0,0,0,0,2,16,3,0,0,3,FALSE,FALSE,FALSE,FALSE,17,FALSE,FALSE,FALSE,FALSE,FALSE,FALSE,FALSE,FALSE,,FALSE,,25,FALSE,42,FALSE,FALSE,FALSE,FALSE
100692,"A",2020,1,1,15,1,2,19,18,6,0,0,2,2,58,54,0,0,1,1,0,1,8,1,1,1,0,0,0,4,0,0,0,0,"A_2020",1,1,1,0,0,0,0,1,1,0,1,1,1,1,0,0,0,0,2,19,6,0,0,3,FALSE,FALSE,FALSE,FALSE,18,FALSE,FALSE,FALSE,FALSE,FALSE,FALSE,FALSE,FALSE,40,FALSE,58,36,FALSE,54,FALSE,FALSE,FALSE,FALSE
100693,"A",2020,0,0,13,1,2,17,16,3,0,0,3,,54,,,0,1,0,0,0,6,1,0,0,0,0,0,1,0,0,1,40,"A_2020",0,0,1,0,0,,0,1,0,0,0,1,0,0,0,0,0,1,2,17,3,0,0,3,FALSE,FALSE,FALSE,FALSE,16,FALSE,FALSE,FALSE,FALSE,FALSE,FALSE,FALSE,FALSE,38,FALSE,54,,FALSE,,FALSE,FALSE,FALSE,FALSE
100694,"A",2020,0,1,12,1,2,7,15,5,0,0,5,5,53,49,0,0,1,1,1,1,8,1,1,1,0,0,0,4,0,0,0,0,"A_2020",0,1,1,0,0,0,0,1,1,1,1,1,1,1,0,0,0,0,2,7,5,0,0,3,FALSE,FALSE,FALSE,FALSE,15,FALSE,FALSE,FALSE,FALSE,FALSE,FALSE,FALSE,FALSE,38,FALSE,53,34,FALSE,49,FALSE,FALSE,FALSE,FALSE
100695,"A",2020,1,1,15,1,2,5,17,7,1,0,5,3,37,48,0,0,1,0,0,0,6,1,0,0,1,1,1,2,0,0,0,0,"A_2020",1,1,1,1,0,0,0,1,0,0,0,1,0,0,1,0,0,0,2,5,7,1,1,2,FALSE,FALSE,FALSE,FALSE,17,FALSE,FALSE,FALSE,FALSE,FALSE,FALSE,FALSE,FALSE,20,FALSE,37,31,FALSE,48,FALSE,FALSE,FALSE,FALSE
100696,"A",2020,1,1,12,1,2,11,15,9,1,1,5,,35,,,0,1,1,0,1,7,1,1,0,0,1,1,4,0,0,1,36,"A_2020",1,1,1,1,1,,0,1,1,0,1,1,1,0,1,0,0,1,2,11,9,0,1,3,FALSE,FALSE,FALSE,FALSE,15,FALSE,FALSE,FALSE,FALSE,FALSE,FALSE,FALSE,FALSE,20,FALSE,35,,FALSE,,FALSE,FALSE,FALSE,FALSE
100697,"A",2020,1,1,12,1,,19,14,3,0,0,7,5,33,45,0,1,1,1,1,1,8,1,1,1,0,0,0,4,0,0,1,0,"A_2020",1,1,1,0,0,0,1,1,1,1,1,1,1,1,0,0,0,1,,19,3,0,0,2,FALSE,FALSE,FALSE,FALSE,14,FALSE,FALSE,FALSE,FALSE,FALSE,FALSE,FALSE,FALSE,19,FALSE,33,31,FALSE,45,FALSE,FALSE,TRUE,FALSE
100698,"A",2020,0,0,,1,2,5,16,4,0,0,5,5,32,42,0,0,1,1,1,1,5,0,0,0,1,1,1,4,0,0,0,0,"A_2020",0,0,1,0,0,0,0,1,1,1,1,0,0,0,1,0,0,0,2,5,4,1,1,,TRUE,FALSE,FALSE,FALSE,16,FALSE,FALSE,FALSE,FALSE,FALSE,FALSE,FALSE,FALSE,16,FALSE,32,26,FALSE,42,FALSE,FALSE,FALSE,FALSE
100699,"A",2020,0,0,12,1,,5,14,3,0,0,,,37,,0,0,1,1,1,1,8,1,1,1,0,0,0,4,0,0,0,0,"A_2020",0,0,1,0,0,0,0,1,1,1,1,1,1,1,0,0,0,0,,5,3,0,0,2,FALSE,FALSE,FALSE,FALSE,14,FALSE,FALSE,FALSE,FALSE,FALSE,FALSE,FALSE,FALSE,23,FALSE,37,,FALSE,,FALSE,FALSE,TRUE,FALSE
100700,"A",2020,1,0,13,1,2,17,15,4,0,0,,,45,45,0,1,1,1,1,1,8,1,1,1,0,0,0,4,0,0,0,0,"A_2020",1,0,1,0,0,0,1,1,1,1,1,1,1,1,0,0,0,0,2,17,4,0,0,2,FALSE,FALSE,FALSE,FALSE,15,FALSE,FALSE,FALSE,FALSE,FALSE,FALSE,FALSE,FALSE,30,FALSE,45,30,FALSE,45,FALSE,FALSE,TRUE,FALSE
100701,"A",2020,0,0,14,1,3,6,16,4,0,0,,,40,45,,0,1,1,0,0,8,1,1,1,0,0,0,3,0,1,1,16,"A_2020",0,0,1,0,0,,0,1,1,0,0,1,1,1,0,0,1,1,3,6,4,0,0,2,FALSE,FALSE,FALSE,FALSE,16,FALSE,FALSE,FALSE,FALSE,FALSE,FALSE,FALSE,FALSE,24,FALSE,40,29,FALSE,45,FALSE,FALSE,FALSE,FALSE
100702,"A",2022,1,1,12,1,,,13,7,1,0,11,,36,40,0,1,1,1,1,1,7,1,1,0,0,0,0,3,0,0,0,0,"A_2022",1,1,1,1,0,0,1,1,1,1,1,1,1,0,0,0,0,0,,,7,0,0,1,FALSE,FALSE,FALSE,TRUE,13,FALSE,FALSE,FALSE,FALSE,FALSE,FALSE,FALSE,FALSE,23,FALSE,36,27,FALSE,40,FALSE,FALSE,TRUE,FALSE
100703,"A",2020,1,1,13,1,2,19,15,4,0,0,3,7,42,,0,1,1,1,1,1,8,1,1,1,0,0,0,4,0,0,0,0,"A_2020",1,1,1,0,0,0,1,1,1,1,1,1,1,1,0,0,0,0,2,19,4,0,0,2,FALSE,FALSE,FALSE,FALSE,15,FALSE,FALSE,FALSE,FALSE,FALSE,FALSE,FALSE,FALSE,27,FALSE,42,,FALSE,,FALSE,FALSE,TRUE,FALSE
100704,"A",2020,1,0,13,1,2,,15,3,0,1,5,6,45,48,1,0,1,1,0,0,11,0,0,0,2,1,2,3,0,0,0,0,"A_2020",1,0,1,0,1,1,0,1,1,0,0,0,0,0,1,0,0,0,2,,3,2,2,2,FALSE,FALSE,FALSE,FALSE,15,TRUE,FALSE,TRUE,TRUE,TRUE,TRUE,FALSE,FALSE,30,FALSE,45,33,FALSE,48,FALSE,FALSE,FALSE,TRUE
100705,"A",2020,1,0,12,1,2,11,15,3,0,1,4,3,45,52,0,0,1,1,1,1,7,1,1,0,0,1,1,4,0,0,0,0,"A_2020",1,0,1,0,1,0,0,1,1,1,1,1,1,0,1,0,0,0,2,11,3,0,1,3,FALSE,FALSE,FALSE,FALSE,15,FALSE,FALSE,FALSE,FALSE,FALSE,FALSE,FALSE,FALSE,30,FALSE,45,37,FALSE,52,FALSE,FALSE,FALSE,FALSE
100706,"A",2020,1,1,14,1,2,11,17,1,0,0,9,3,40,42,0,0,1,1,0,1,10,1,1,1,0,0,0,6,0,0,1,40,"A_2020",1,1,1,0,0,0,0,1,1,0,1,1,1,1,0,0,0,1,2,11,1,0,0,3,FALSE,FALSE,FALSE,FALSE,17,FALSE,FALSE,FALSE,FALSE,FALSE,FALSE,FALSE,FALSE,23,FALSE,40,25,FALSE,42,FALSE,TRUE,TRUE,FALSE
100707,"A",2020,1,0,,1,2,19,14,3,0,0,0,0,35,49,0,1,1,1,1,1,8,1,1,1,0,0,0,4,0,0,0,0,"A_2020",1,0,1,0,0,0,1,1,1,1,1,1,1,1,0,0,0,0,2,19,3,0,0,,TRUE,FALSE,FALSE,FALSE,14,FALSE,FALSE,FALSE,FALSE,FALSE,FALSE,FALSE,FALSE,21,FALSE,35,35,FALSE,49,FALSE,FALSE,FALSE,FALSE
100708,"A",2020,1,0,13,1,2,18,16,8,1,0,5,5,55,47,0,1,1,1,1,1,8,1,1,1,0,0,0,4,0,0,0,0,"A_2020",1,0,1,1,0,0,1,1,1,1,1,1,1,1,0,0,0,0,2,18,8,0,0,3,FALSE,FALSE,FALSE,FALSE,16,FALSE,FALSE,FALSE,FALSE,FALSE,FALSE,FALSE,FALSE,39,FALSE,55,31,FALSE,47,FALSE,FALSE,FALSE,FALSE
100709,"B",2018,0,1,14,0,,,19,7,1,1,5,,40,37,0,0,0,0,0,0,11,0,0,0,0,0,0,6,0,0,0,0,"B_2018",0,1,0,1,1,0,0,0,0,0,0,0,0,0,0,0,0,0,,,7,0,0,5,FALSE,FALSE,FALSE,TRUE,19,TRUE,FALSE,FALSE,TRUE,TRUE,TRUE,FALSE,FALSE,21,FALSE,40,18,FALSE,37,FALSE,TRUE,FALSE,TRUE
100710,"A",2020,0,0,12,1,3,12,14,7,1,0,9,,38,40,,0,1,0,0,1,8,1,1,1,0,0,0,4,0,0,0,0,"A_2020",0,0,1,1,0,,0,1,0,0,1,1,1,1,0,0,0,0,3,12,7,0,0,2,FALSE,FALSE,FALSE,FALSE,14,FALSE,FALSE,FALSE,FALSE,FALSE,FALSE,FALSE,FALSE,24,FALSE,38,26,FALSE,40,FALSE,FALSE,TRUE,FALSE
100711,"A",2020,1,0,14,1,2,5,15,8,1,0,5,5,38,42,0,1,1,1,1,1,8,1,1,1,0,0,0,4,0,0,0,0,"A_2020",1,0,1,1,0,0,1,1,1,1,1,1,1,1,0,0,0,0,2,5,8,0,0,1,FALSE,FALSE,FALSE,TRUE,15,FALSE,FALSE,FALSE,FALSE,FALSE,FALSE,FALSE,FALSE,23,FALSE,38,27,FALSE,42,FALSE,FALSE,TRUE,FALSE
100712,"A",2020,1,0,13,1,1,,15,3,0,0,11,5,42,52,0,1,0,1,1,1,8,1,1,1,1,1,1,5,0,0,0,0,"A_2020",1,0,1,0,0,0,1,0,1,1,1,1,1,1,1,0,0,0,1,,3,1,1,2,FALSE,FALSE,FALSE,FALSE,15,FALSE,FALSE,FALSE,FALSE,FALSE,FALSE,FALSE,FALSE,27,FALSE,42,37,FALSE,52,FALSE,TRUE,TRUE,FALSE
100713,"A",2022,0,1,,1,3,,12,8,1,0,8,8,39,39,1,0,1,1,1,1,6,1,0,0,0,0,0,2,0,0,0,0,"A_2022",0,1,1,1,0,1,0,1,1,1,1,1,0,0,0,0,0,0,3,,8,0,0,,TRUE,FALSE,FALSE,FALSE,12,FALSE,FALSE,FALSE,FALSE,FALSE,FALSE,FALSE,FALSE,27,FALSE,39,27,FALSE,39,FALSE,FALSE,FALSE,FALSE
100714,"A",2020,0,1,14,1,3,,16,3,0,0,6,,,,0,0,1,1,1,1,8,1,1,1,0,0,0,4,0,0,0,0,"A_2020",0,1,1,0,0,0,0,1,1,1,1,1,1,1,0,0,0,0,3,,3,0,0,2,FALSE,FALSE,FALSE,FALSE,16,FALSE,FALSE,FALSE,FALSE,FALSE,FALSE,FALSE,FALSE,,FALSE,,,FALSE,,FALSE,FALSE,TRUE,FALSE
100715,"A",2020,1,0,11,1,2,6,13,3,0,0,6,8,42,36,0,0,1,1,0,1,7,1,1,0,0,0,0,4,0,0,0,0,"A_2020",1,0,1,0,0,0,0,1,1,0,1,1,1,0,0,0,0,0,2,6,3,0,0,2,FALSE,FALSE,FALSE,FALSE,13,FALSE,FALSE,FALSE,FALSE,FALSE,FALSE,FALSE,FALSE,29,FALSE,42,23,FALSE,36,FALSE,FALSE,TRUE,FALSE
100716,"A",2020,0,1,12,1,3,,14,3,0,0,8,5,37,40,1,0,1,1,0,1,8,1,1,1,0,0,0,4,0,0,1,5,"A_2020",0,1,1,0,0,1,0,1,1,0,1,1,1,1,0,0,0,1,3,,3,0,0,2,FALSE,FALSE,FALSE,FALSE,14,FALSE,FALSE,FALSE,FALSE,FALSE,FALSE,FALSE,FALSE,23,FALSE,37,26,FALSE,40,FALSE,FALSE,TRUE,FALSE
100717,"B",2018,1,0,12,1,2,,16,6,1,0,6,,36,,,1,1,1,1,1,9,1,1,1,0,0,0,6,0,0,0,0,"B_2018",1,0,1,1,0,,1,1,1,1,1,1,1,1,0,0,0,0,2,,6,0,0,4,FALSE,FALSE,FALSE,FALSE,16,FALSE,FALSE,FALSE,FALSE,FALSE,FALSE,FALSE,FALSE,20,FALSE,36,,FALSE,,FALSE,TRUE,TRUE,FALSE
100718,"A",2020,0,1,11,1,3,10,14,8,1,0,11,11,42,42,0,0,1,1,1,1,8,1,1,1,0,0,0,4,0,0,0,0,"A_2020",0,1,1,1,0,0,0,1,1,1,1,1,1,1,0,0,0,0,3,10,8,0,0,3,FALSE,FALSE,FALSE,FALSE,14,FALSE,FALSE,FALSE,FALSE,FALSE,FALSE,FALSE,FALSE,28,FALSE,42,28,FALSE,42,FALSE,FALSE,FALSE,FALSE
100719,"A",2020,0,1,12,1,2,17,14,4,0,0,6,1,38,40,0,0,1,1,1,1,6,1,0,0,1,1,1,4,0,0,0,0,"A_2020",0,1,1,0,0,0,0,1,1,1,1,1,0,0,1,0,0,0,2,17,4,1,1,2,FALSE,FALSE,FALSE,FALSE,14,FALSE,FALSE,FALSE,FALSE,FALSE,FALSE,FALSE,FALSE,24,FALSE,38,26,FALSE,40,FALSE,FALSE,TRUE,FALSE
100720,"B",2018,0,1,11,1,1,,15,6,1,1,2,5,34,38,0,0,1,1,1,1,9,1,1,1,0,0,0,6,0,0,0,0,"B_2018",0,1,1,1,1,0,0,1,1,1,1,1,1,1,0,0,0,0,1,,6,0,0,4,FALSE,FALSE,FALSE,FALSE,15,FALSE,FALSE,FALSE,FALSE,FALSE,FALSE,FALSE,FALSE,19,FALSE,34,23,FALSE,38,FALSE,TRUE,TRUE,FALSE
100721,"A",2020,0,1,15,1,3,19,17,8,1,0,8,5,36,34,0,0,1,1,1,1,8,1,1,1,0,0,0,4,0,0,0,0,"A_2020",0,1,1,1,0,0,0,1,1,1,1,1,1,1,0,0,0,0,3,19,8,0,0,2,FALSE,FALSE,FALSE,FALSE,17,FALSE,FALSE,FALSE,FALSE,FALSE,FALSE,FALSE,FALSE,19,FALSE,36,17,FALSE,34,FALSE,FALSE,TRUE,FALSE
100722,"A",2020,1,0,12,1,3,17,14,4,0,0,,5,48,39,0,1,1,1,1,1,8,1,1,1,0,0,0,4,0,0,0,0,"A_2020",1,0,1,0,0,0,1,1,1,1,1,1,1,1,0,0,0,0,3,17,4,0,0,2,FALSE,FALSE,FALSE,FALSE,14,FALSE,FALSE,FALSE,FALSE,FALSE,FALSE,FALSE,FALSE,34,FALSE,48,25,FALSE,39,FALSE,FALSE,TRUE,FALSE
100723,"A",2020,1,1,14,1,,19,16,3,0,0,3,5,48,36,0,0,1,1,0,0,7,1,1,0,0,0,0,3,0,0,0,0,"A_2020",1,1,1,0,0,0,0,1,1,0,0,1,1,0,0,0,0,0,,19,3,0,0,2,FALSE,FALSE,FALSE,FALSE,16,FALSE,FALSE,FALSE,FALSE,FALSE,FALSE,FALSE,FALSE,32,FALSE,48,20,FALSE,36,FALSE,FALSE,FALSE,FALSE
100724,"A",2020,0,1,12,1,2,19,14,4,0,0,11,11,41,41,0,1,1,1,1,1,8,1,1,1,0,0,0,4,0,0,0,0,"A_2020",0,1,1,0,0,0,1,1,1,1,1,1,1,1,0,0,0,0,2,19,4,0,0,2,FALSE,FALSE,FALSE,FALSE,14,FALSE,FALSE,FALSE,FALSE,FALSE,FALSE,FALSE,FALSE,27,FALSE,41,27,FALSE,41,FALSE,FALSE,TRUE,FALSE
100725,"A",2020,0,1,12,1,2,,14,3,0,0,11,6,33,37,0,0,1,1,1,1,8,1,1,1,0,0,0,4,0,0,0,0,"A_2020",0,1,1,0,0,0,0,1,1,1,1,1,1,1,0,0,0,0,2,,3,0,0,2,FALSE,FALSE,FALSE,FALSE,14,FALSE,FALSE,FALSE,FALSE,FALSE,FALSE,FALSE,FALSE,19,FALSE,33,23,FALSE,37,FALSE,FALSE,TRUE,FALSE
100726,"A",2020,1,1,10,1,2,19,12,3,0,0,5,5,42,40,0,1,1,1,1,1,8,1,1,1,0,0,0,4,0,0,0,0,"A_2020",1,1,1,0,0,0,1,1,1,1,1,1,1,1,0,0,0,0,2,19,3,0,0,2,FALSE,FALSE,FALSE,FALSE,12,FALSE,FALSE,FALSE,FALSE,FALSE,FALSE,FALSE,FALSE,30,FALSE,42,28,FALSE,40,FALSE,FALSE,TRUE,FALSE
100727,"A",2020,0,1,10,1,2,19,13,3,0,0,11,5,36,45,0,0,0,0,0,1,8,1,1,1,0,0,0,4,0,0,0,0,"A_2020",0,1,1,0,0,0,0,0,0,0,1,1,1,1,0,0,0,0,2,19,3,0,0,3,FALSE,FALSE,FALSE,FALSE,13,FALSE,FALSE,FALSE,FALSE,FALSE,FALSE,FALSE,FALSE,23,FALSE,36,32,FALSE,45,FALSE,FALSE,FALSE,FALSE
100728,"A",2020,0,0,12,1,,17,15,4,0,0,,,60,70,0,0,1,1,1,1,8,1,1,1,0,0,0,4,0,0,0,0,"A_2020",0,0,1,0,0,0,0,1,1,1,1,1,1,1,0,0,0,0,,17,4,0,0,3,FALSE,FALSE,FALSE,FALSE,15,FALSE,FALSE,FALSE,FALSE,FALSE,FALSE,FALSE,FALSE,45,FALSE,60,55,FALSE,70,FALSE,FALSE,FALSE,FALSE
100729,"A",2020,0,0,11,1,,12,14,7,1,0,10,11,32,38,0,0,1,1,1,1,8,1,1,1,0,0,0,4,0,0,0,0,"A_2020",0,0,1,1,0,0,0,1,1,1,1,1,1,1,0,0,0,0,,12,7,0,0,3,FALSE,FALSE,FALSE,FALSE,14,FALSE,FALSE,FALSE,FALSE,FALSE,FALSE,FALSE,FALSE,18,FALSE,32,24,FALSE,38,FALSE,FALSE,FALSE,FALSE
100730,"A",2020,0,1,,1,3,18,14,4,1,0,9,2,42,46,,0,0,0,1,1,7,1,1,0,0,1,1,4,0,0,0,0,"A_2020",0,1,1,1,0,,0,0,0,1,1,1,1,0,1,0,0,0,3,18,4,0,1,,TRUE,FALSE,FALSE,FALSE,14,FALSE,FALSE,FALSE,FALSE,FALSE,FALSE,FALSE,FALSE,28,FALSE,42,32,FALSE,46,FALSE,FALSE,FALSE,FALSE
100731,"A",2020,1,0,12,1,,18,15,8,1,0,5,5,48,46,0,0,1,1,0,0,6,1,0,0,0,1,1,3,0,0,0,0,"A_2020",1,0,1,1,0,0,0,1,1,0,0,1,0,0,1,0,0,0,,18,8,0,1,3,FALSE,FALSE,FALSE,FALSE,15,FALSE,FALSE,FALSE,FALSE,FALSE,FALSE,FALSE,FALSE,33,FALSE,48,31,FALSE,46,FALSE,FALSE,FALSE,FALSE
100732,"B",2018,1,0,16,0,1,,20,7,1,1,2,,58,,,0,1,1,0,0,7,1,1,0,0,0,0,2,0,0,1,0,"B_2018",1,0,0,1,1,,0,1,1,0,0,1,1,0,0,0,0,1,1,,7,0,0,4,FALSE,FALSE,FALSE,FALSE,20,FALSE,FALSE,FALSE,FALSE,FALSE,FALSE,FALSE,FALSE,38,FALSE,58,,FALSE,,FALSE,FALSE,FALSE,FALSE
100733,"A",2020,1,0,14,1,,,16,8,1,0,5,,36,,,0,1,0,0,1,6,1,0,0,0,0,0,3,0,0,0,0,"A_2020",1,0,1,1,0,,0,1,0,0,1,1,0,0,0,0,0,0,,,8,0,0,2,FALSE,FALSE,FALSE,FALSE,16,FALSE,FALSE,FALSE,FALSE,FALSE,FALSE,FALSE,FALSE,20,FALSE,36,,FALSE,,FALSE,FALSE,FALSE,FALSE
100734,"A",2022,1,0,15,1,2,,16,7,1,0,5,,37,,,1,1,1,,1,6,0,0,0,0,0,0,2,0,0,0,0,"A_2022",1,0,1,1,0,,1,1,1,,1,0,0,0,0,0,0,0,2,,7,0,0,1,FALSE,FALSE,FALSE,TRUE,16,TRUE,FALSE,FALSE,TRUE,FALSE,FALSE,FALSE,FALSE,21,FALSE,37,,FALSE,,FALSE,FALSE,FALSE,TRUE
100735,"A",2020,0,0,,1,2,19,17,6,0,0,3,5,37,42,0,0,1,1,0,0,6,1,0,0,0,0,0,2,0,0,0,0,"A_2020",0,0,1,0,0,0,0,1,1,0,0,1,0,0,0,0,0,0,2,19,6,0,0,,TRUE,FALSE,FALSE,FALSE,17,FALSE,FALSE,FALSE,FALSE,FALSE,FALSE,FALSE,FALSE,20,FALSE,37,25,FALSE,42,FALSE,FALSE,FALSE,FALSE
100736,"A",2020,1,0,15,1,,19,18,8,1,0,7,,38,,,0,1,1,0,0,11,0,0,0,0,0,0,3,0,0,0,0,"A_2020",1,0,1,1,0,,0,1,1,0,0,0,0,0,0,0,0,0,,19,8,0,0,3,FALSE,FALSE,FALSE,FALSE,18,TRUE,FALSE,TRUE,TRUE,TRUE,TRUE,FALSE,FALSE,20,FALSE,38,,FALSE,,FALSE,FALSE,FALSE,TRUE
100737,"A",2020,1,0,13,1,2,12,16,7,1,0,11,,44,,,1,1,1,1,1,8,1,1,1,0,0,0,4,0,0,0,0,"A_2020",1,0,1,1,0,,1,1,1,1,1,1,1,1,0,0,0,0,2,12,7,0,0,3,FALSE,FALSE,FALSE,FALSE,16,FALSE,FALSE,FALSE,FALSE,FALSE,FALSE,FALSE,FALSE,28,FALSE,44,,FALSE,,FALSE,FALSE,FALSE,FALSE
100738,"A",2022,0,0,11,1,1,,12,8,1,0,8,8,49,42,0,0,1,1,1,1,6,1,0,0,0,0,0,2,0,0,0,0,"A_2022",0,0,1,1,0,0,0,1,1,1,1,1,0,0,0,0,0,0,1,,8,0,0,1,FALSE,FALSE,FALSE,TRUE,12,FALSE,FALSE,FALSE,FALSE,FALSE,FALSE,FALSE,FALSE,37,FALSE,49,30,FALSE,42,FALSE,FALSE,FALSE,FALSE
100739,"A",2020,0,1,,1,1,19,14,3,0,0,5,3,42,43,0,0,1,0,0,1,7,1,1,0,1,1,1,4,0,0,1,0,"A_2020",0,1,1,0,0,0,0,1,0,0,1,1,1,0,1,0,0,1,1,19,3,1,1,,TRUE,FALSE,FALSE,FALSE,14,FALSE,FALSE,FALSE,FALSE,FALSE,FALSE,FALSE,FALSE,28,FALSE,42,29,FALSE,43,FALSE,FALSE,FALSE,FALSE
100740,"A",2020,1,0,12,1,2,19,14,3,0,0,8,6,41,43,1,1,1,1,1,1,8,1,1,1,0,0,0,4,0,0,0,0,"A_2020",1,0,1,0,0,1,1,1,1,1,1,1,1,1,0,0,0,0,2,19,3,0,0,2,FALSE,FALSE,FALSE,FALSE,14,FALSE,FALSE,FALSE,FALSE,FALSE,FALSE,FALSE,FALSE,27,FALSE,41,29,FALSE,43,FALSE,FALSE,TRUE,FALSE
100741,"A",2020,0,0,14,1,2,19,17,3,0,0,3,2,54,48,0,0,1,0,0,1,8,1,1,1,0,0,0,4,0,0,0,0,"A_2020",0,0,1,0,0,0,0,1,0,0,1,1,1,1,0,0,0,0,2,19,3,0,0,3,FALSE,FALSE,FALSE,FALSE,17,FALSE,FALSE,FALSE,FALSE,FALSE,FALSE,FALSE,FALSE,37,FALSE,54,31,FALSE,48,FALSE,FALSE,FALSE,FALSE
100742,"A",2020,0,0,14,1,,,17,5,1,0,1,5,40,45,0,0,1,1,1,1,9,1,1,1,0,0,0,4,0,1,0,0,"A_2020",0,0,1,1,0,0,0,1,1,1,1,1,1,1,0,0,1,0,,,5,0,0,3,FALSE,FALSE,FALSE,FALSE,17,FALSE,FALSE,FALSE,FALSE,FALSE,FALSE,FALSE,FALSE,23,FALSE,40,28,FALSE,45,FALSE,FALSE,FALSE,FALSE
100743,"A",2020,1,0,11,1,2,4,14,7,1,0,3,3,52,58,0,0,1,1,1,1,7,1,1,0,1,1,1,4,0,0,0,0,"A_2020",1,0,1,1,0,0,0,1,1,1,1,1,1,0,1,0,0,0,2,4,7,1,1,3,FALSE,FALSE,FALSE,FALSE,14,FALSE,FALSE,FALSE,FALSE,FALSE,FALSE,FALSE,FALSE,38,FALSE,52,44,FALSE,58,FALSE,FALSE,FALSE,FALSE
100744,"A",2020,1,1,11,1,2,12,14,7,1,0,3,2,45,48,0,1,1,1,1,1,8,1,1,1,0,0,0,4,0,0,0,0,"A_2020",1,1,1,1,0,0,1,1,1,1,1,1,1,1,0,0,0,0,2,12,7,0,0,3,FALSE,FALSE,FALSE,FALSE,14,FALSE,FALSE,FALSE,FALSE,FALSE,FALSE,FALSE,FALSE,31,FALSE,45,34,FALSE,48,FALSE,FALSE,FALSE,FALSE
100745,"A",2020,0,1,12,1,2,19,14,4,0,0,5,5,44,46,0,0,1,1,1,1,8,1,1,1,0,0,0,4,0,0,0,0,"A_2020",0,1,1,0,0,0,0,1,1,1,1,1,1,1,0,0,0,0,2,19,4,0,0,2,FALSE,FALSE,FALSE,FALSE,14,FALSE,FALSE,FALSE,FALSE,FALSE,FALSE,FALSE,FALSE,30,FALSE,44,32,FALSE,46,FALSE,FALSE,TRUE,FALSE
100746,"A",2020,1,0,11,1,2,15,14,3,0,0,8,11,42,40,1,1,1,0,1,1,8,1,1,1,0,0,0,2,0,0,0,0,"A_2020",1,0,1,0,0,1,1,1,0,1,1,1,1,1,0,0,0,0,2,15,3,0,0,3,FALSE,FALSE,FALSE,FALSE,14,FALSE,FALSE,TRUE,FALSE,FALSE,FALSE,FALSE,FALSE,28,FALSE,42,26,FALSE,40,FALSE,FALSE,FALSE,FALSE
100747,"A",2020,1,0,14,1,2,5,17,4,0,0,5,,48,,,1,1,1,1,1,8,1,1,1,0,0,0,4,0,0,0,0,"A_2020",1,0,1,0,0,,1,1,1,1,1,1,1,1,0,0,0,0,2,5,4,0,0,3,FALSE,FALSE,FALSE,FALSE,17,FALSE,FALSE,FALSE,FALSE,FALSE,FALSE,FALSE,FALSE,31,FALSE,48,,FALSE,,FALSE,FALSE,FALSE,FALSE
100748,"A",2020,0,0,16,1,2,5,18,7,1,0,5,11,42,58,0,0,1,1,1,1,8,1,1,1,0,1,1,4,0,0,0,0,"A_2020",0,0,1,1,0,0,0,1,1,1,1,1,1,1,1,0,0,0,2,5,7,0,1,2,FALSE,FALSE,FALSE,FALSE,18,FALSE,FALSE,FALSE,FALSE,FALSE,FALSE,FALSE,FALSE,24,FALSE,42,40,FALSE,58,FALSE,FALSE,TRUE,FALSE
100749,"A",2020,1,1,11,1,2,5,13,4,0,0,8,5,31,38,0,1,1,1,1,1,8,1,1,1,0,0,0,4,0,0,1,15,"A_2020",1,1,1,0,0,0,1,1,1,1,1,1,1,1,0,0,0,1,2,5,4,0,0,2,FALSE,FALSE,FALSE,FALSE,13,FALSE,FALSE,FALSE,FALSE,FALSE,FALSE,FALSE,FALSE,18,FALSE,31,25,FALSE,38,FALSE,FALSE,TRUE,FALSE
100750,"A",2020,1,0,12,1,2,5,14,2,0,0,5,3,42,38,0,0,1,0,0,1,7,1,1,0,1,1,1,4,0,0,0,0,"A_2020",1,0,1,0,0,0,0,1,0,0,1,1,1,0,1,0,0,0,2,5,2,1,1,2,FALSE,FALSE,FALSE,FALSE,14,FALSE,FALSE,FALSE,FALSE,FALSE,FALSE,FALSE,FALSE,28,FALSE,42,24,FALSE,38,FALSE,FALSE,TRUE,FALSE
100751,"A",2020,0,1,11,1,2,6,13,2,0,0,11,11,39,40,0,0,1,1,1,1,8,1,1,1,0,0,0,4,0,0,0,0,"A_2020",0,1,1,0,0,0,0,1,1,1,1,1,1,1,0,0,0,0,2,6,2,0,0,2,FALSE,FALSE,FALSE,FALSE,13,FALSE,FALSE,FALSE,FALSE,FALSE,FALSE,FALSE,FALSE,26,FALSE,39,27,FALSE,40,FALSE,FALSE,TRUE,FALSE
100752,"A",2020,1,0,11,1,,18,13,8,1,0,5,7,45,43,0,0,1,1,0,0,8,1,1,1,0,0,0,3,0,0,1,30,"A_2020",1,0,1,1,0,0,0,1,1,0,0,1,1,1,0,0,0,1,,18,8,0,0,2,FALSE,FALSE,FALSE,FALSE,13,FALSE,FALSE,FALSE,FALSE,FALSE,FALSE,FALSE,FALSE,32,FALSE,45,30,FALSE,43,FALSE,FALSE,FALSE,FALSE
100753,"A",2020,1,1,13,1,,11,15,3,0,1,6,2,40,48,0,1,1,1,1,1,8,1,1,1,0,0,0,4,0,0,0,0,"A_2020",1,1,1,0,1,0,1,1,1,1,1,1,1,1,0,0,0,0,,11,3,0,0,2,FALSE,FALSE,FALSE,FALSE,15,FALSE,FALSE,FALSE,FALSE,FALSE,FALSE,FALSE,FALSE,25,FALSE,40,33,FALSE,48,FALSE,FALSE,TRUE,FALSE
100754,"A",2020,1,0,11,1,2,,13,4,0,0,7,5,33,36,0,0,1,1,1,1,7,1,1,0,1,1,1,4,0,0,0,0,"A_2020",1,0,1,0,0,0,0,1,1,1,1,1,1,0,1,0,0,0,2,,4,1,1,2,FALSE,FALSE,FALSE,FALSE,13,FALSE,FALSE,FALSE,FALSE,FALSE,FALSE,FALSE,FALSE,20,FALSE,33,23,FALSE,36,FALSE,FALSE,TRUE,FALSE
100755,"A",2020,1,1,13,1,3,,15,3,0,0,6,5,43,48,0,1,1,1,1,1,8,1,1,1,0,0,0,4,0,0,0,0,"A_2020",1,1,1,0,0,0,1,1,1,1,1,1,1,1,0,0,0,0,3,,3,0,0,2,FALSE,FALSE,FALSE,FALSE,15,FALSE,FALSE,FALSE,FALSE,FALSE,FALSE,FALSE,FALSE,28,FALSE,43,33,FALSE,48,FALSE,FALSE,TRUE,FALSE
100756,"A",2020,1,1,10,1,2,19,13,3,0,0,10,,38,,,0,1,1,1,1,7,1,1,0,1,1,1,4,0,0,0,0,"A_2020",1,1,1,0,0,,0,1,1,1,1,1,1,0,1,0,0,0,2,19,3,1,1,3,FALSE,FALSE,FALSE,FALSE,13,FALSE,FALSE,FALSE,FALSE,FALSE,FALSE,FALSE,FALSE,25,FALSE,38,,FALSE,,FALSE,FALSE,FALSE,FALSE
100757,"A",2020,1,1,12,1,2,,15,4,0,0,11,7,34,39,1,1,1,1,1,1,8,1,1,1,0,0,0,4,0,0,0,0,"A_2020",1,1,1,0,0,1,1,1,1,1,1,1,1,1,0,0,0,0,2,,4,0,0,3,FALSE,FALSE,FALSE,FALSE,15,FALSE,FALSE,FALSE,FALSE,FALSE,FALSE,FALSE,FALSE,19,FALSE,34,24,FALSE,39,FALSE,FALSE,FALSE,FALSE
100758,"B",2018,0,1,12,0,2,,16,6,1,0,5,5,52,46,0,0,1,1,1,1,9,1,1,1,0,0,0,6,0,0,1,16,"B_2018",0,1,0,1,0,0,0,1,1,1,1,1,1,1,0,0,0,1,2,,6,0,0,4,FALSE,FALSE,FALSE,FALSE,16,FALSE,FALSE,FALSE,FALSE,FALSE,FALSE,FALSE,FALSE,36,FALSE,52,30,FALSE,46,FALSE,TRUE,TRUE,FALSE
100759,"A",2020,0,1,12,1,2,,15,5,0,0,6,5,35,39,0,0,,,,1,8,1,1,1,,0,0,1,0,0,0,0,"A_2020",0,1,1,0,0,0,0,,,,1,1,1,1,0,0,0,0,2,,5,,0,3,FALSE,FALSE,FALSE,FALSE,15,FALSE,FALSE,TRUE,FALSE,FALSE,FALSE,FALSE,FALSE,20,FALSE,35,24,FALSE,39,FALSE,FALSE,FALSE,FALSE
100760,"A",2020,0,0,,1,3,,17,3,0,1,,,,,,0,1,0,0,1,7,1,1,0,0,0,0,3,0,0,0,0,"A_2020",0,0,1,0,1,,0,1,0,0,1,1,1,0,0,0,0,0,3,,3,0,0,,TRUE,FALSE,FALSE,FALSE,17,FALSE,FALSE,FALSE,FALSE,FALSE,FALSE,FALSE,FALSE,,FALSE,,,FALSE,,FALSE,FALSE,FALSE,FALSE
100761,"B",2018,1,1,12,1,2,,17,7,1,1,6,8,37,50,0,0,1,1,1,1,7,1,1,0,1,1,2,6,0,0,0,0,"B_2018",1,1,1,1,1,0,0,1,1,1,1,1,1,0,1,0,0,0,2,,7,1,2,5,FALSE,FALSE,FALSE,TRUE,17,FALSE,FALSE,FALSE,FALSE,FALSE,FALSE,FALSE,FALSE,20,FALSE,37,33,FALSE,50,FALSE,TRUE,FALSE,FALSE
100762,"A",2020,1,0,,1,2,15,14,4,0,0,5,5,49,58,,0,1,0,1,1,7,1,1,0,0,0,0,3,0,0,0,0,"A_2020",1,0,1,0,0,,0,1,0,1,1,1,1,0,0,0,0,0,2,15,4,0,0,,TRUE,FALSE,FALSE,FALSE,14,FALSE,FALSE,FALSE,FALSE,FALSE,FALSE,FALSE,FALSE,35,FALSE,49,44,FALSE,58,FALSE,FALSE,FALSE,FALSE
100763,"B",2018,0,1,13,1,,,17,6,1,1,3,,45,,,0,0,0,0,1,9,1,1,1,0,0,0,6,0,0,0,0,"B_2018",0,1,1,1,1,,0,0,0,0,1,1,1,1,0,0,0,0,,,6,0,0,4,FALSE,FALSE,FALSE,FALSE,17,FALSE,FALSE,FALSE,FALSE,FALSE,FALSE,FALSE,FALSE,28,FALSE,45,,FALSE,,FALSE,TRUE,TRUE,FALSE
100764,"A",2020,1,0,11,1,3,,13,3,0,0,9,11,34,38,0,1,1,1,1,1,8,1,1,1,0,0,0,4,0,0,0,0,"A_2020",1,0,1,0,0,0,1,1,1,1,1,1,1,1,0,0,0,0,3,,3,0,0,2,FALSE,FALSE,FALSE,FALSE,13,FALSE,FALSE,FALSE,FALSE,FALSE,FALSE,FALSE,FALSE,21,FALSE,34,25,FALSE,38,FALSE,FALSE,TRUE,FALSE
100765,"A",2022,0,1,11,1,2,,11,7,1,0,11,5,30,34,0,0,1,0,0,1,6,1,0,0,0,0,0,2,0,0,0,0,"A_2022",0,1,1,1,0,0,0,1,0,0,1,1,0,0,0,0,0,0,2,,7,0,0,0,FALSE,FALSE,TRUE,TRUE,11,FALSE,FALSE,FALSE,FALSE,FALSE,FALSE,FALSE,FALSE,19,FALSE,30,23,FALSE,34,FALSE,FALSE,TRUE,FALSE
100766,"A",2020,0,1,12,1,2,5,14,3,0,0,3,5,40,51,0,0,1,1,1,1,8,1,1,1,0,0,0,4,0,0,1,0,"A_2020",0,1,1,0,0,0,0,1,1,1,1,1,1,1,0,0,0,1,2,5,3,0,0,2,FALSE,FALSE,FALSE,FALSE,14,FALSE,FALSE,FALSE,FALSE,FALSE,FALSE,FALSE,FALSE,26,FALSE,40,37,FALSE,51,FALSE,FALSE,TRUE,FALSE
100767,"A",2020,0,1,12,1,1,5,15,4,0,0,11,5,34,40,,0,1,1,1,1,8,1,1,1,0,0,0,4,0,0,0,4,"A_2020",0,1,1,0,0,,0,1,1,1,1,1,1,1,0,0,0,0,1,5,4,0,0,3,FALSE,FALSE,FALSE,FALSE,15,FALSE,FALSE,FALSE,FALSE,FALSE,FALSE,FALSE,FALSE,19,FALSE,34,25,FALSE,40,TRUE,FALSE,FALSE,FALSE
100768,"A",2020,0,0,12,1,3,17,16,5,1,0,8,,40,,,0,0,0,1,1,8,1,1,1,0,1,1,4,0,0,0,0,"A_2020",0,0,1,1,0,,0,0,0,1,1,1,1,1,1,0,0,0,3,17,5,0,1,4,FALSE,FALSE,FALSE,FALSE,16,FALSE,FALSE,FALSE,FALSE,FALSE,FALSE,FALSE,FALSE,24,FALSE,40,,FALSE,,FALSE,FALSE,FALSE,FALSE
100769,"A",2020,0,1,14,1,2,19,17,4,0,0,5,9,34,34,0,0,1,1,0,0,11,0,0,0,0,0,0,3,0,0,1,40,"A_2020",0,1,1,0,0,0,0,1,1,0,0,0,0,0,0,0,0,1,2,19,4,0,0,3,FALSE,FALSE,FALSE,FALSE,17,TRUE,FALSE,TRUE,TRUE,TRUE,TRUE,FALSE,FALSE,17,FALSE,34,17,FALSE,34,FALSE,FALSE,FALSE,TRUE
100770,"A",2020,1,1,14,1,2,19,16,3,0,0,5,5,53,65,0,1,1,1,1,1,8,1,1,1,0,0,0,4,0,0,1,10,"A_2020",1,1,1,0,0,0,1,1,1,1,1,1,1,1,0,0,0,1,2,19,3,0,0,2,FALSE,FALSE,FALSE,FALSE,16,FALSE,FALSE,FALSE,FALSE,FALSE,FALSE,FALSE,FALSE,37,FALSE,53,49,FALSE,65,FALSE,FALSE,TRUE,FALSE
100771,"A",2020,1,0,15,1,,19,18,3,0,0,,,38,,,0,1,1,0,0,8,1,1,1,0,0,0,3,0,0,0,0,"A_2020",1,0,1,0,0,,0,1,1,0,0,1,1,1,0,0,0,0,,19,3,0,0,3,FALSE,FALSE,FALSE,FALSE,18,FALSE,FALSE,FALSE,FALSE,FALSE,FALSE,FALSE,FALSE,20,FALSE,38,,FALSE,,FALSE,FALSE,FALSE,FALSE
100772,"A",2022,0,1,11,1,2,,13,7,1,0,0,3,52,51,0,0,1,0,0,1,6,1,0,0,0,0,0,2,0,0,0,0,"A_2022",0,1,1,1,0,0,0,1,0,0,1,1,0,0,0,0,0,0,2,,7,0,0,2,FALSE,FALSE,FALSE,FALSE,13,FALSE,FALSE,FALSE,FALSE,FALSE,FALSE,FALSE,FALSE,39,FALSE,52,38,FALSE,51,FALSE,FALSE,FALSE,FALSE
100773,"B",2018,0,1,12,0,2,,17,7,1,1,,,,,,0,0,1,1,1,9,1,1,1,1,1,1,6,0,0,0,0,"B_2018",0,1,0,1,1,,0,0,1,1,1,1,1,1,1,0,0,0,2,,7,1,1,5,FALSE,FALSE,FALSE,TRUE,17,FALSE,FALSE,FALSE,FALSE,FALSE,FALSE,FALSE,FALSE,,FALSE,,,FALSE,,FALSE,TRUE,FALSE,FALSE
100774,"A",2020,1,0,12,1,1,19,14,8,1,0,2,2,32,41,,1,1,1,1,1,8,1,1,1,0,0,0,4,0,0,0,0,"A_2020",1,0,1,1,0,,1,1,1,1,1,1,1,1,0,0,0,0,1,19,8,0,0,2,FALSE,FALSE,FALSE,FALSE,14,FALSE,FALSE,FALSE,FALSE,FALSE,FALSE,FALSE,FALSE,18,FALSE,32,27,FALSE,41,FALSE,FALSE,TRUE,FALSE
100775,"A",2020,0,0,12,1,2,11,14,3,0,1,11,2,36,36,0,0,1,1,1,1,8,1,1,1,0,0,0,4,0,0,0,0,"A_2020",0,0,1,0,1,0,0,1,1,1,1,1,1,1,0,0,0,0,2,11,3,0,0,2,FALSE,FALSE,FALSE,FALSE,14,FALSE,FALSE,FALSE,FALSE,FALSE,FALSE,FALSE,FALSE,22,FALSE,36,22,FALSE,36,FALSE,FALSE,TRUE,FALSE
100776,"A",2022,1,1,11,1,1,,12,7,1,0,3,11,52,46,0,1,1,1,1,1,6,1,0,0,0,0,0,2,0,0,0,0,"A_2022",1,1,1,1,0,0,1,1,1,1,1,1,0,0,0,0,0,0,1,,7,0,0,1,FALSE,FALSE,FALSE,TRUE,12,FALSE,FALSE,FALSE,FALSE,FALSE,FALSE,FALSE,FALSE,40,FALSE,52,34,FALSE,46,FALSE,FALSE,FALSE,FALSE
100777,"A",2020,1,0,13,1,2,,15,3,0,0,3,2,43,52,0,1,1,1,1,1,8,1,1,1,0,0,0,4,0,0,0,0,"A_2020",1,0,1,0,0,0,1,1,1,1,1,1,1,1,0,0,0,0,2,,3,0,0,2,FALSE,FALSE,FALSE,FALSE,15,FALSE,FALSE,FALSE,FALSE,FALSE,FALSE,FALSE,FALSE,28,FALSE,43,37,FALSE,52,FALSE,FALSE,TRUE,FALSE
100778,"A",2020,0,1,11,1,2,,14,3,0,0,5,3,43,45,0,0,1,1,0,1,8,1,1,1,0,0,0,4,0,0,0,0,"A_2020",0,1,1,0,0,0,0,1,1,0,1,1,1,1,0,0,0,0,2,,3,0,0,3,FALSE,FALSE,FALSE,FALSE,14,FALSE,FALSE,FALSE,FALSE,FALSE,FALSE,FALSE,FALSE,29,FALSE,43,31,FALSE,45,FALSE,FALSE,FALSE,FALSE
100779,"A",2022,0,0,13,1,,,13,7,1,0,5,7,35,47,0,0,1,1,1,1,6,1,0,0,0,0,0,2,0,0,0,0,"A_2022",0,0,1,1,0,0,0,1,1,1,1,1,0,0,0,0,0,0,,,7,0,0,0,FALSE,FALSE,TRUE,TRUE,13,FALSE,FALSE,FALSE,FALSE,FALSE,FALSE,FALSE,FALSE,22,FALSE,35,34,FALSE,47,FALSE,FALSE,TRUE,FALSE
100780,"A",2020,0,1,12,1,,19,14,3,0,0,9,11,42,56,0,1,1,1,1,1,8,1,1,1,0,0,0,4,0,0,1,40,"A_2020",0,1,1,0,0,0,1,1,1,1,1,1,1,1,0,0,0,1,,19,3,0,0,2,FALSE,FALSE,FALSE,FALSE,14,FALSE,FALSE,FALSE,FALSE,FALSE,FALSE,FALSE,FALSE,28,FALSE,42,42,FALSE,56,FALSE,FALSE,TRUE,FALSE
100781,"A",2020,1,0,12,1,2,8,15,8,1,0,5,5,40,50,0,1,1,1,1,1,8,1,1,1,0,0,0,4,0,0,0,0,"A_2020",1,0,1,1,0,0,1,1,1,1,1,1,1,1,0,0,0,0,2,8,8,0,0,3,FALSE,FALSE,FALSE,FALSE,15,FALSE,FALSE,FALSE,FALSE,FALSE,FALSE,FALSE,FALSE,25,FALSE,40,35,FALSE,50,FALSE,FALSE,FALSE,FALSE
100782,"A",2020,1,0,12,1,2,7,14,2,0,0,1,,42,,,1,1,1,1,1,8,1,1,1,0,0,0,4,0,0,1,6,"A_2020",1,0,1,0,0,,1,1,1,1,1,1,1,1,0,0,0,1,2,7,2,0,0,2,FALSE,FALSE,FALSE,FALSE,14,FALSE,FALSE,FALSE,FALSE,FALSE,FALSE,FALSE,FALSE,28,FALSE,42,,FALSE,,FALSE,FALSE,TRUE,FALSE
100783,"A",2022,1,1,11,1,2,,12,7,1,0,5,5,40,48,1,1,1,1,1,1,6,1,0,0,0,0,0,2,0,0,0,0,"A_2022",1,1,1,1,0,1,1,1,1,1,1,1,0,0,0,0,0,0,2,,7,0,0,1,FALSE,FALSE,FALSE,TRUE,12,FALSE,FALSE,FALSE,FALSE,FALSE,FALSE,FALSE,FALSE,28,FALSE,40,36,FALSE,48,FALSE,FALSE,FALSE,FALSE
100784,"A",2022,1,0,12,1,2,,12,7,1,0,7,11,42,56,0,1,1,1,1,1,6,1,0,0,0,0,0,2,0,0,0,0,"A_2022",1,0,1,1,0,0,1,1,1,1,1,1,0,0,0,0,0,0,2,,7,0,0,0,FALSE,FALSE,TRUE,TRUE,12,FALSE,FALSE,FALSE,FALSE,FALSE,FALSE,FALSE,FALSE,30,FALSE,42,44,FALSE,56,FALSE,FALSE,TRUE,FALSE
100785,"A",2020,0,0,13,1,1,17,15,4,0,0,5,2,38,49,0,0,1,0,0,1,8,1,1,1,0,0,0,4,0,0,0,0,"A_2020",0,0,1,0,0,0,0,1,0,0,1,1,1,1,0,0,0,0,1,17,4,0,0,2,FALSE,FALSE,FALSE,FALSE,15,FALSE,FALSE,FALSE,FALSE,FALSE,FALSE,FALSE,FALSE,23,FALSE,38,34,FALSE,49,FALSE,FALSE,TRUE,FALSE
100786,"A",2020,1,0,12,1,3,16,14,3,0,0,11,,42,,,0,1,1,1,1,8,1,1,1,0,0,0,4,0,0,0,0,"A_2020",1,0,1,0,0,,0,1,1,1,1,1,1,1,0,0,0,0,3,16,3,0,0,2,FALSE,FALSE,FALSE,FALSE,14,FALSE,FALSE,FALSE,FALSE,FALSE,FALSE,FALSE,FALSE,28,FALSE,42,,FALSE,,FALSE,FALSE,TRUE,FALSE
100787,"A",2020,1,1,13,1,2,12,15,3,0,0,9,7,37,47,0,0,1,1,1,1,8,1,1,1,0,0,0,4,0,0,0,0,"A_2020",1,1,1,0,0,0,0,1,1,1,1,1,1,1,0,0,0,0,2,12,3,0,0,2,FALSE,FALSE,FALSE,FALSE,15,FALSE,FALSE,FALSE,FALSE,FALSE,FALSE,FALSE,FALSE,22,FALSE,37,32,FALSE,47,FALSE,FALSE,TRUE,FALSE
100788,"A",2020,0,0,11,1,2,19,13,5,0,0,8,11,37,38,0,0,1,1,0,1,8,1,1,1,0,0,0,4,0,0,0,0,"A_2020",0,0,1,0,0,0,0,1,1,0,1,1,1,1,0,0,0,0,2,19,5,0,0,2,FALSE,FALSE,FALSE,FALSE,13,FALSE,FALSE,FALSE,FALSE,FALSE,FALSE,FALSE,FALSE,24,FALSE,37,25,FALSE,38,FALSE,FALSE,TRUE,FALSE
100789,"B",2018,0,1,14,1,1,,19,7,1,1,5,3,43,41,0,0,0,0,0,0,5,0,0,0,1,1,1,2,0,0,1,40,"B_2018",0,1,1,1,1,0,0,0,0,0,0,0,0,0,1,0,0,1,1,,7,1,1,5,FALSE,FALSE,FALSE,TRUE,19,FALSE,FALSE,FALSE,FALSE,FALSE,FALSE,FALSE,FALSE,24,FALSE,43,22,FALSE,41,FALSE,FALSE,FALSE,FALSE
100790,"A",2020,0,1,12,1,2,19,14,8,1,0,5,9,39,39,0,0,1,0,1,1,6,1,0,0,0,1,1,3,0,0,0,0,"A_2020",0,1,1,1,0,0,0,1,0,1,1,1,0,0,1,0,0,0,2,19,8,0,1,2,FALSE,FALSE,FALSE,FALSE,14,FALSE,FALSE,FALSE,FALSE,FALSE,FALSE,FALSE,FALSE,25,FALSE,39,25,FALSE,39,FALSE,FALSE,FALSE,FALSE
100791,"A",2020,0,0,11,1,1,,14,8,1,0,9,9,38,39,0,0,1,1,1,1,8,1,1,1,0,0,0,4,0,0,0,0,"A_2020",0,0,1,1,0,0,0,1,1,1,1,1,1,1,0,0,0,0,1,,8,0,0,3,FALSE,FALSE,FALSE,FALSE,14,FALSE,FALSE,FALSE,FALSE,FALSE,FALSE,FALSE,FALSE,24,FALSE,38,25,FALSE,39,FALSE,FALSE,FALSE,FALSE
100792,"A",2020,1,1,15,1,1,,18,3,0,0,0,5,58,54,0,0,1,1,0,0,6,1,0,0,0,0,0,2,0,0,1,40,"A_2020",1,1,1,0,0,0,0,1,1,0,0,1,0,0,0,0,0,1,1,,3,0,0,3,FALSE,FALSE,FALSE,FALSE,18,FALSE,FALSE,FALSE,FALSE,FALSE,FALSE,FALSE,FALSE,40,FALSE,58,36,FALSE,54,FALSE,FALSE,FALSE,FALSE
100793,"A",2020,1,0,12,1,3,,14,4,0,0,,3,38,,0,0,1,1,1,1,8,1,1,1,0,0,0,4,0,0,0,0,"A_2020",1,0,1,0,0,0,0,1,1,1,1,1,1,1,0,0,0,0,3,,4,0,0,2,FALSE,FALSE,FALSE,FALSE,14,FALSE,FALSE,FALSE,FALSE,FALSE,FALSE,FALSE,FALSE,24,FALSE,38,,FALSE,,FALSE,FALSE,TRUE,FALSE
100794,"A",2020,1,1,14,1,2,15,16,3,0,0,8,,47,,,0,1,0,0,0,6,1,0,0,0,0,0,1,0,0,0,0,"A_2020",1,1,1,0,0,,0,1,0,0,0,1,0,0,0,0,0,0,2,15,3,0,0,2,FALSE,FALSE,FALSE,FALSE,16,FALSE,FALSE,FALSE,FALSE,FALSE,FALSE,FALSE,FALSE,31,FALSE,47,,FALSE,,FALSE,FALSE,FALSE,FALSE
100795,"A",2020,1,0,11,1,,,13,3,0,0,2,2,35,36,0,1,1,1,1,1,8,1,1,1,0,0,0,4,0,0,0,0,"A_2020",1,0,1,0,0,0,1,1,1,1,1,1,1,1,0,0,0,0,,,3,0,0,2,FALSE,FALSE,FALSE,FALSE,13,FALSE,FALSE,FALSE,FALSE,FALSE,FALSE,FALSE,FALSE,22,FALSE,35,23,FALSE,36,FALSE,FALSE,TRUE,FALSE
100796,"A",2022,0,1,13,1,3,,13,7,1,0,5,3,35,38,0,0,1,1,1,1,6,1,0,0,0,0,0,2,0,0,0,0,"A_2022",0,1,1,1,0,0,0,1,1,1,1,1,0,0,0,0,0,0,3,,7,0,0,0,FALSE,FALSE,TRUE,TRUE,13,FALSE,FALSE,FALSE,FALSE,FALSE,FALSE,FALSE,FALSE,22,FALSE,35,25,FALSE,38,FALSE,FALSE,TRUE,FALSE
100797,"A",2020,0,0,12,1,2,19,15,3,0,0,2,,51,,,0,1,1,1,1,8,1,1,1,0,0,0,4,0,0,1,10,"A_2020",0,0,1,0,0,,0,1,1,1,1,1,1,1,0,0,0,1,2,19,3,0,0,3,FALSE,FALSE,FALSE,FALSE,15,FALSE,FALSE,FALSE,FALSE,FALSE,FALSE,FALSE,FALSE,36,FALSE,51,,FALSE,,FALSE,FALSE,FALSE,FALSE
100798,"A",2020,0,1,12,1,,17,14,4,0,0,3,,44,43,,0,1,1,1,1,8,1,1,1,0,0,0,4,0,0,0,0,"A_2020",0,1,1,0,0,,0,1,1,1,1,1,1,1,0,0,0,0,,17,4,0,0,2,FALSE,FALSE,FALSE,FALSE,14,FALSE,FALSE,FALSE,FALSE,FALSE,FALSE,FALSE,FALSE,30,FALSE,44,29,FALSE,43,FALSE,FALSE,TRUE,FALSE
100799,"B",2018,1,0,12,0,3,,17,6,1,1,5,5,35,43,0,0,1,1,0,0,8,1,1,1,0,0,0,3,1,1,0,0,"B_2018",1,0,0,1,1,0,0,1,1,0,0,1,1,1,0,1,1,0,3,,6,0,0,5,FALSE,FALSE,FALSE,TRUE,17,FALSE,FALSE,FALSE,FALSE,FALSE,FALSE,FALSE,FALSE,18,FALSE,35,26,FALSE,43,FALSE,FALSE,FALSE,FALSE
100800,"A",2020,0,0,12,1,1,19,14,4,0,0,4,,39,,,0,1,1,1,1,8,1,1,1,0,0,0,4,0,0,0,0,"A_2020",0,0,1,0,0,,0,1,1,1,1,1,1,1,0,0,0,0,1,19,4,0,0,2,FALSE,FALSE,FALSE,FALSE,14,FALSE,FALSE,FALSE,FALSE,FALSE,FALSE,FALSE,FALSE,25,FALSE,39,,FALSE,,FALSE,FALSE,TRUE,FALSE
100801,"B",2018,0,0,15,1,,,19,6,1,1,2,3,50,56,0,0,0,0,0,1,9,1,1,1,0,0,0,6,0,0,0,0,"B_2018",0,0,1,1,1,0,0,0,0,0,1,1,1,1,0,0,0,0,,,6,0,0,4,FALSE,FALSE,FALSE,FALSE,19,FALSE,FALSE,FALSE,FALSE,FALSE,FALSE,FALSE,FALSE,31,FALSE,50,37,FALSE,56,FALSE,TRUE,TRUE,FALSE
100802,"A",2022,1,0,12,1,3,,12,7,1,0,11,9,43,42,0,0,1,1,1,1,6,1,0,0,1,1,1,2,0,0,0,0,"A_2022",1,0,1,1,0,0,0,1,1,1,1,1,0,0,1,0,0,0,3,,7,1,1,0,FALSE,FALSE,TRUE,TRUE,12,FALSE,FALSE,FALSE,FALSE,FALSE,FALSE,FALSE,FALSE,31,FALSE,43,30,FALSE,42,FALSE,FALSE,TRUE,FALSE
100803,"B",2018,0,0,12,0,2,,16,7,1,1,5,6,34,46,0,0,0,0,0,1,9,1,1,1,0,0,0,6,0,0,0,0,"B_2018",0,0,0,1,1,0,0,0,0,0,1,1,1,1,0,0,0,0,2,,7,0,0,4,FALSE,FALSE,FALSE,FALSE,16,FALSE,FALSE,FALSE,FALSE,FALSE,FALSE,FALSE,FALSE,18,FALSE,34,30,FALSE,46,FALSE,TRUE,TRUE,FALSE
100804,"A",2020,1,0,12,1,3,7,14,2,0,0,5,5,38,38,0,0,0,0,0,1,8,1,1,1,0,0,0,4,0,0,1,28,"A_2020",1,0,1,0,0,0,0,0,0,0,1,1,1,1,0,0,0,1,3,7,2,0,0,2,FALSE,FALSE,FALSE,FALSE,14,FALSE,FALSE,FALSE,FALSE,FALSE,FALSE,FALSE,FALSE,24,FALSE,38,24,FALSE,38,FALSE,FALSE,TRUE,FALSE
100805,"A",2020,1,0,13,1,2,15,16,6,0,0,6,11,39,44,,1,1,1,1,1,8,1,1,1,0,0,0,4,0,0,0,0,"A_2020",1,0,1,0,0,,1,1,1,1,1,1,1,1,0,0,0,0,2,15,6,0,0,3,FALSE,FALSE,FALSE,FALSE,16,FALSE,FALSE,FALSE,FALSE,FALSE,FALSE,FALSE,FALSE,23,FALSE,39,28,FALSE,44,FALSE,FALSE,FALSE,FALSE
100806,"A",2020,0,1,12,1,1,5,14,3,0,0,5,5,,46,0,0,1,1,1,1,8,1,1,1,0,0,0,4,0,0,0,0,"A_2020",0,1,1,0,0,0,0,1,1,1,1,1,1,1,0,0,0,0,1,5,3,0,0,2,FALSE,FALSE,FALSE,FALSE,14,FALSE,FALSE,FALSE,FALSE,FALSE,FALSE,FALSE,FALSE,,FALSE,,32,FALSE,46,FALSE,FALSE,TRUE,FALSE
100807,"A",2020,0,1,15,1,,17,17,3,0,0,,,,,,0,,,,,5,0,0,0,,0,0,0,,,0,0,"A_2020",0,1,1,0,0,,0,,,,,0,0,0,0,,,0,,17,3,,0,2,FALSE,FALSE,FALSE,FALSE,17,FALSE,FALSE,FALSE,FALSE,FALSE,FALSE,FALSE,FALSE,,FALSE,,,FALSE,,FALSE,FALSE,FALSE,FALSE
100808,"A",2020,0,0,15,1,2,19,17,5,0,0,8,2,36,41,0,0,1,1,1,1,6,1,0,0,0,0,0,2,0,0,0,0,"A_2020",0,0,1,0,0,0,0,1,1,1,1,1,0,0,0,0,0,0,2,19,5,0,0,2,FALSE,FALSE,FALSE,FALSE,17,FALSE,FALSE,FALSE,FALSE,FALSE,FALSE,FALSE,FALSE,19,FALSE,36,24,FALSE,41,FALSE,FALSE,FALSE,FALSE
100809,"A",2020,1,0,11,1,2,18,14,4,1,0,3,8,39,39,0,0,1,1,1,1,9,1,1,1,0,0,0,4,0,0,0,0,"A_2020",1,0,1,1,0,0,0,1,1,1,1,1,1,1,0,0,0,0,2,18,4,0,0,3,FALSE,FALSE,FALSE,FALSE,14,FALSE,FALSE,FALSE,FALSE,FALSE,FALSE,FALSE,FALSE,25,FALSE,39,25,FALSE,39,FALSE,FALSE,FALSE,FALSE
100810,"A",2020,0,0,15,1,,19,18,5,1,0,,3,,43,0,0,1,0,0,0,9,1,1,1,0,0,0,3,0,0,0,0,"A_2020",0,0,1,1,0,0,0,1,0,0,0,1,1,1,0,0,0,0,,19,5,0,0,3,FALSE,FALSE,FALSE,FALSE,18,FALSE,FALSE,TRUE,FALSE,FALSE,FALSE,FALSE,FALSE,,FALSE,,25,FALSE,43,FALSE,FALSE,FALSE,FALSE
100811,"A",2020,0,0,10,1,2,19,12,2,0,0,9,8,30,36,0,0,1,1,0,1,7,1,1,0,0,1,1,4,0,0,0,0,"A_2020",0,0,1,0,0,0,0,1,1,0,1,1,1,0,1,0,0,0,2,19,2,0,1,2,FALSE,FALSE,FALSE,FALSE,12,FALSE,FALSE,FALSE,FALSE,FALSE,FALSE,FALSE,FALSE,18,FALSE,30,24,FALSE,36,FALSE,FALSE,TRUE,FALSE
100812,"A",2020,1,1,12,1,,8,14,8,1,0,11,,50,49,,0,1,1,1,1,7,1,1,0,1,1,1,4,0,0,0,0,"A_2020",1,1,1,1,0,,0,1,1,1,1,1,1,0,1,0,0,0,,8,8,1,1,2,FALSE,FALSE,FALSE,FALSE,14,FALSE,FALSE,FALSE,FALSE,FALSE,FALSE,FALSE,FALSE,36,FALSE,50,35,FALSE,49,FALSE,FALSE,TRUE,FALSE
100813,"A",2022,1,0,11,1,3,,12,7,1,0,,,,,,0,1,0,0,1,6,1,0,0,0,0,0,2,0,0,0,0,"A_2022",1,0,1,1,0,,0,1,0,0,1,1,0,0,0,0,0,0,3,,7,0,0,1,FALSE,FALSE,FALSE,TRUE,12,FALSE,FALSE,FALSE,FALSE,FALSE,FALSE,FALSE,FALSE,,FALSE,,,FALSE,,FALSE,FALSE,FALSE,FALSE
100814,"A",2020,0,0,13,1,2,,15,4,0,0,2,2,52,53,0,0,1,1,1,1,8,1,1,1,1,1,1,5,0,0,0,0,"A_2020",0,0,1,0,0,0,0,1,1,1,1,1,1,1,1,0,0,0,2,,4,1,1,2,FALSE,FALSE,FALSE,FALSE,15,FALSE,FALSE,FALSE,FALSE,FALSE,FALSE,FALSE,FALSE,37,FALSE,52,38,FALSE,53,FALSE,TRUE,TRUE,FALSE
100815,"A",2020,1,0,12,1,2,5,14,4,0,0,9,5,37,42,,1,1,1,1,1,8,1,1,1,0,0,0,4,0,0,0,0,"A_2020",1,0,1,0,0,,1,1,1,1,1,1,1,1,0,0,0,0,2,5,4,0,0,2,FALSE,FALSE,FALSE,FALSE,14,FALSE,FALSE,FALSE,FALSE,FALSE,FALSE,FALSE,FALSE,23,FALSE,37,28,FALSE,42,FALSE,FALSE,TRUE,FALSE
100816,"A",2022,1,1,12,1,2,,12,7,1,0,5,7,38,38,1,1,1,1,1,1,6,1,0,0,0,0,0,2,0,0,0,0,"A_2022",1,1,1,1,0,1,1,1,1,1,1,1,0,0,0,0,0,0,2,,7,0,0,0,FALSE,FALSE,TRUE,TRUE,12,FALSE,FALSE,FALSE,FALSE,FALSE,FALSE,FALSE,FALSE,26,FALSE,38,26,FALSE,38,FALSE,FALSE,TRUE,FALSE
100817,"A",2020,0,0,12,1,1,17,14,3,0,0,0,0,56,56,0,0,1,1,1,1,8,1,1,1,0,0,0,4,0,0,0,0,"A_2020",0,0,1,0,0,0,0,1,1,1,1,1,1,1,0,0,0,0,1,17,3,0,0,2,FALSE,FALSE,FALSE,FALSE,14,FALSE,FALSE,FALSE,FALSE,FALSE,FALSE,FALSE,FALSE,42,FALSE,56,42,FALSE,56,FALSE,FALSE,TRUE,FALSE
100818,"A",2020,1,0,12,1,3,11,14,3,0,1,5,,37,,,1,1,1,1,1,8,1,1,1,0,0,0,4,0,0,1,8,"A_2020",1,0,1,0,1,,1,1,1,1,1,1,1,1,0,0,0,1,3,11,3,0,0,2,FALSE,FALSE,FALSE,FALSE,14,FALSE,FALSE,FALSE,FALSE,FALSE,FALSE,FALSE,FALSE,23,FALSE,37,,FALSE,,FALSE,FALSE,TRUE,FALSE
100819,"A",2020,1,0,12,1,1,16,14,4,0,0,5,8,47,47,0,1,1,1,1,1,8,1,1,1,0,0,0,4,0,0,0,0,"A_2020",1,0,1,0,0,0,1,1,1,1,1,1,1,1,0,0,0,0,1,16,4,0,0,2,FALSE,FALSE,FALSE,FALSE,14,FALSE,FALSE,FALSE,FALSE,FALSE,FALSE,FALSE,FALSE,33,FALSE,47,33,FALSE,47,FALSE,FALSE,TRUE,FALSE
100820,"A",2020,1,1,12,1,1,5,14,3,0,0,4,5,42,46,0,1,1,1,1,1,8,1,1,1,0,0,0,4,0,0,0,0,"A_2020",1,1,1,0,0,0,1,1,1,1,1,1,1,1,0,0,0,0,1,5,3,0,0,2,FALSE,FALSE,FALSE,FALSE,14,FALSE,FALSE,FALSE,FALSE,FALSE,FALSE,FALSE,FALSE,28,FALSE,42,32,FALSE,46,FALSE,FALSE,TRUE,FALSE
100821,"A",2022,0,1,12,1,3,,12,7,1,0,10,5,37,39,1,0,1,0,0,1,6,1,0,0,0,0,0,2,0,0,0,0,"A_2022",0,1,1,1,0,1,0,1,0,0,1,1,0,0,0,0,0,0,3,,7,0,0,0,FALSE,FALSE,TRUE,TRUE,12,FALSE,FALSE,FALSE,FALSE,FALSE,FALSE,FALSE,FALSE,25,FALSE,37,27,FALSE,39,FALSE,FALSE,TRUE,FALSE
100822,"A",2020,0,1,15,1,2,,17,3,0,0,5,6,42,41,0,0,1,0,0,0,7,1,1,0,0,0,0,2,1,1,1,40,"A_2020",0,1,1,0,0,0,0,1,0,0,0,1,1,0,0,1,1,1,2,,3,0,0,2,FALSE,FALSE,FALSE,FALSE,17,FALSE,FALSE,FALSE,FALSE,FALSE,FALSE,FALSE,FALSE,25,FALSE,42,24,FALSE,41,FALSE,FALSE,FALSE,FALSE
100823,"B",2018,1,0,11,0,2,,18,6,1,0,,,,47,,0,0,0,0,0,8,0,0,0,0,0,0,3,0,0,1,40,"B_2018",1,0,0,1,0,,0,0,0,0,0,0,0,0,0,0,0,1,2,,6,0,0,7,FALSE,FALSE,FALSE,TRUE,18,TRUE,FALSE,FALSE,TRUE,TRUE,TRUE,FALSE,FALSE,,FALSE,,29,FALSE,47,FALSE,FALSE,FALSE,TRUE
100824,"A",2020,0,1,12,1,3,,15,4,0,0,9,11,45,42,0,0,1,1,0,1,8,1,1,1,0,0,0,4,0,0,0,0,"A_2020",0,1,1,0,0,0,0,1,1,0,1,1,1,1,0,0,0,0,3,,4,0,0,3,FALSE,FALSE,FALSE,FALSE,15,FALSE,FALSE,FALSE,FALSE,FALSE,FALSE,FALSE,FALSE,30,FALSE,45,27,FALSE,42,FALSE,FALSE,FALSE,FALSE
100825,"B",2018,1,1,13,1,2,,17,6,1,1,4,,46,,,0,0,0,0,0,7,1,1,0,0,0,0,2,0,0,1,40,"B_2018",1,1,1,1,1,,0,0,0,0,0,1,1,0,0,0,0,1,2,,6,0,0,4,FALSE,FALSE,FALSE,FALSE,17,FALSE,FALSE,FALSE,FALSE,FALSE,FALSE,FALSE,FALSE,29,FALSE,46,,FALSE,,FALSE,FALSE,FALSE,FALSE
100826,"A",2020,0,1,13,1,,5,15,4,0,0,,,33,,,0,1,1,0,1,7,1,1,0,0,0,0,3,0,0,0,0,"A_2020",0,1,1,0,0,,0,1,1,0,1,1,1,0,0,0,0,0,,5,4,0,0,2,FALSE,FALSE,FALSE,FALSE,15,FALSE,FALSE,FALSE,FALSE,FALSE,FALSE,FALSE,FALSE,18,FALSE,33,,FALSE,,FALSE,FALSE,FALSE,FALSE
100827,"B",2018,1,0,12,1,2,,17,6,1,1,0,2,50,50,0,0,1,1,1,1,8,1,1,1,0,1,1,6,0,0,0,0,"B_2018",1,0,1,1,1,0,0,1,1,1,1,1,1,1,1,0,0,0,2,,6,0,1,5,FALSE,FALSE,FALSE,TRUE,17,FALSE,FALSE,FALSE,FALSE,FALSE,FALSE,FALSE,FALSE,33,FALSE,50,33,FALSE,50,FALSE,TRUE,FALSE,FALSE
100828,"A",2020,0,0,14,1,2,5,16,6,0,0,2,4,48,46,0,0,1,1,1,1,8,1,1,1,0,0,0,4,0,0,0,0,"A_2020",0,0,1,0,0,0,0,1,1,1,1,1,1,1,0,0,0,0,2,5,6,0,0,2,FALSE,FALSE,FALSE,FALSE,16,FALSE,FALSE,FALSE,FALSE,FALSE,FALSE,FALSE,FALSE,32,FALSE,48,30,FALSE,46,FALSE,FALSE,TRUE,FALSE
100829,"A",2022,0,0,11,1,2,,12,4,1,0,9,5,40,53,0,0,1,1,1,1,7,1,1,0,0,0,0,2,0,0,0,0,"A_2022",0,0,1,1,0,0,0,1,1,1,1,1,1,0,0,0,0,0,2,,4,0,0,1,FALSE,FALSE,FALSE,TRUE,12,FALSE,FALSE,FALSE,FALSE,FALSE,FALSE,FALSE,FALSE,28,FALSE,40,41,FALSE,53,FALSE,FALSE,FALSE,FALSE
100830,"A",2022,1,0,11,1,,,11,7,1,0,5,5,43,45,0,1,1,1,1,1,6,1,0,0,0,0,0,2,0,0,0,0,"A_2022",1,0,1,1,0,0,1,1,1,1,1,1,0,0,0,0,0,0,,,7,0,0,0,FALSE,FALSE,TRUE,TRUE,11,FALSE,FALSE,FALSE,FALSE,FALSE,FALSE,FALSE,FALSE,32,FALSE,43,34,FALSE,45,FALSE,FALSE,TRUE,FALSE
100831,"A",2020,1,1,11,1,,10,14,5,0,0,5,,38,,,1,0,0,1,1,8,0,0,0,0,0,0,4,0,0,0,0,"A_2020",1,1,1,0,0,,1,0,0,1,1,0,0,0,0,0,0,0,,10,5,0,0,3,FALSE,FALSE,FALSE,FALSE,14,TRUE,FALSE,FALSE,TRUE,TRUE,TRUE,FALSE,FALSE,24,FALSE,38,,FALSE,,FALSE,FALSE,FALSE,TRUE
100832,"A",2020,0,0,11,1,1,10,13,5,0,1,5,,54,44,,1,1,1,1,1,8,1,1,1,0,0,0,4,0,0,0,0,"A_2020",0,0,1,0,1,,1,1,1,1,1,1,1,1,0,0,0,0,1,10,5,0,0,2,FALSE,FALSE,FALSE,FALSE,13,FALSE,FALSE,FALSE,FALSE,FALSE,FALSE,FALSE,FALSE,41,FALSE,54,31,FALSE,44,FALSE,FALSE,TRUE,FALSE
100833,"A",2022,1,1,12,1,2,,12,7,1,0,5,5,37,37,1,0,1,1,1,1,6,1,0,0,0,0,0,2,0,0,0,0,"A_2022",1,1,1,1,0,1,0,1,1,1,1,1,0,0,0,0,0,0,2,,7,0,0,0,FALSE,FALSE,TRUE,TRUE,12,FALSE,FALSE,FALSE,FALSE,FALSE,FALSE,FALSE,FALSE,25,FALSE,37,25,FALSE,37,FALSE,FALSE,TRUE,FALSE
100834,"A",2020,0,0,12,1,2,,14,2,0,0,5,8,47,40,0,0,1,1,0,0,7,1,1,0,0,0,0,3,1,0,0,0,"A_2020",0,0,1,0,0,0,0,1,1,0,0,1,1,0,0,1,0,0,2,,2,0,0,2,FALSE,FALSE,FALSE,FALSE,14,FALSE,FALSE,FALSE,FALSE,FALSE,FALSE,FALSE,FALSE,33,FALSE,47,26,FALSE,40,FALSE,FALSE,FALSE,FALSE
100835,"A",2020,1,1,13,1,2,,16,7,1,0,7,5,41,44,0,1,1,1,1,1,8,1,1,1,0,0,0,4,0,0,0,0,"A_2020",1,1,1,1,0,0,1,1,1,1,1,1,1,1,0,0,0,0,2,,7,0,0,3,FALSE,FALSE,FALSE,FALSE,16,FALSE,FALSE,FALSE,FALSE,FALSE,FALSE,FALSE,FALSE,25,FALSE,41,28,FALSE,44,FALSE,FALSE,FALSE,FALSE
100836,"A",2022,1,1,15,1,2,,16,9,1,0,2,9,46,43,0,0,1,1,1,1,6,1,0,0,0,0,0,3,0,0,0,0,"A_2022",1,1,1,1,0,0,0,1,1,1,1,1,0,0,0,0,0,0,2,,9,0,0,1,FALSE,FALSE,FALSE,TRUE,16,FALSE,FALSE,FALSE,FALSE,FALSE,FALSE,FALSE,FALSE,30,FALSE,46,27,FALSE,43,FALSE,FALSE,TRUE,FALSE
100837,"A",2022,0,1,13,1,1,,14,10,1,0,5,,47,,,0,0,0,0,1,6,1,0,0,0,0,0,2,0,0,0,0,"A_2022",0,1,1,1,0,,0,0,0,0,1,1,0,0,0,0,0,0,1,,10,0,0,1,FALSE,FALSE,FALSE,TRUE,14,FALSE,FALSE,FALSE,FALSE,FALSE,FALSE,FALSE,FALSE,33,FALSE,47,,FALSE,,FALSE,FALSE,FALSE,FALSE
100838,"A",2022,0,1,15,1,2,,15,11,1,0,5,,64,,,0,1,1,1,1,6,1,0,0,0,0,0,2,0,0,1,0,"A_2022",0,1,1,1,0,,0,1,1,1,1,1,0,0,0,0,0,1,2,,11,0,0,0,FALSE,FALSE,TRUE,TRUE,15,FALSE,FALSE,FALSE,FALSE,FALSE,FALSE,FALSE,FALSE,49,FALSE,64,,FALSE,,FALSE,FALSE,TRUE,FALSE
100839,"A",2020,0,1,13,1,3,9,16,3,0,0,5,7,45,47,0,0,1,1,1,1,8,1,1,1,0,0,0,4,0,0,0,0,"A_2020",0,1,1,0,0,0,0,1,1,1,1,1,1,1,0,0,0,0,3,9,3,0,0,3,FALSE,FALSE,FALSE,FALSE,16,FALSE,FALSE,FALSE,FALSE,FALSE,FALSE,FALSE,FALSE,29,FALSE,45,31,FALSE,47,FALSE,FALSE,FALSE,FALSE
100840,"A",2020,1,0,,1,2,,15,3,0,1,8,5,15,37,0,0,1,1,1,1,8,1,1,1,0,0,0,4,0,0,0,0,"A_2020",1,0,1,0,1,0,0,1,1,1,1,1,1,1,0,0,0,0,2,,3,0,0,,TRUE,FALSE,FALSE,FALSE,15,FALSE,FALSE,FALSE,FALSE,FALSE,FALSE,FALSE,FALSE,0,FALSE,,22,FALSE,37,FALSE,FALSE,FALSE,FALSE
100841,"B",2018,0,1,11,1,2,,16,6,1,0,0,5,32,34,,0,1,0,1,1,7,1,1,0,0,1,1,5,0,0,0,0,"B_2018",0,1,1,1,0,,0,1,0,1,1,1,1,0,1,0,0,0,2,,6,0,1,5,FALSE,FALSE,FALSE,TRUE,16,FALSE,FALSE,FALSE,FALSE,FALSE,FALSE,FALSE,FALSE,16,FALSE,32,18,FALSE,34,FALSE,TRUE,FALSE,FALSE
100842,"A",2020,1,0,14,1,2,17,16,3,0,0,2,3,43,43,0,1,1,1,1,1,8,1,1,1,0,0,0,4,0,0,1,15,"A_2020",1,0,1,0,0,0,1,1,1,1,1,1,1,1,0,0,0,1,2,17,3,0,0,2,FALSE,FALSE,FALSE,FALSE,16,FALSE,FALSE,FALSE,FALSE,FALSE,FALSE,FALSE,FALSE,27,FALSE,43,27,FALSE,43,FALSE,FALSE,TRUE,FALSE
100843,"A",2020,0,0,13,1,2,11,16,2,0,1,5,5,47,47,0,0,1,1,1,1,8,1,1,1,0,0,0,4,0,0,0,0,"A_2020",0,0,1,0,1,0,0,1,1,1,1,1,1,1,0,0,0,0,2,11,2,0,0,3,FALSE,FALSE,FALSE,FALSE,16,FALSE,FALSE,FALSE,FALSE,FALSE,FALSE,FALSE,FALSE,31,FALSE,47,31,FALSE,47,FALSE,FALSE,FALSE,FALSE
100844,"A",2020,1,1,11,1,2,5,14,4,0,0,3,5,37,52,0,1,1,1,1,1,8,1,1,1,0,0,0,4,0,0,0,0,"A_2020",1,1,1,0,0,0,1,1,1,1,1,1,1,1,0,0,0,0,2,5,4,0,0,3,FALSE,FALSE,FALSE,FALSE,14,FALSE,FALSE,FALSE,FALSE,FALSE,FALSE,FALSE,FALSE,23,FALSE,37,38,FALSE,52,FALSE,FALSE,FALSE,FALSE
100845,"A",2020,1,1,11,1,2,7,14,3,0,0,6,,40,,,1,1,1,1,1,8,1,1,1,0,0,0,4,0,0,0,0,"A_2020",1,1,1,0,0,,1,1,1,1,1,1,1,1,0,0,0,0,2,7,3,0,0,3,FALSE,FALSE,FALSE,FALSE,14,FALSE,FALSE,FALSE,FALSE,FALSE,FALSE,FALSE,FALSE,26,FALSE,40,,FALSE,,FALSE,FALSE,FALSE,FALSE
100846,"A",2022,1,0,13,1,2,,14,7,1,0,9,5,42,42,0,0,1,1,1,1,6,1,0,0,0,0,0,2,0,0,0,0,"A_2022",1,0,1,1,0,0,0,1,1,1,1,1,0,0,0,0,0,0,2,,7,0,0,1,FALSE,FALSE,FALSE,TRUE,14,FALSE,FALSE,FALSE,FALSE,FALSE,FALSE,FALSE,FALSE,28,FALSE,42,28,FALSE,42,FALSE,FALSE,FALSE,FALSE
100847,"B",2018,1,1,13,0,,,17,6,1,1,,,,,,0,1,0,0,1,7,1,1,0,0,0,0,4,0,0,0,0,"B_2018",1,1,0,1,1,,0,1,0,0,1,1,1,0,0,0,0,0,,,6,0,0,4,FALSE,FALSE,FALSE,FALSE,17,FALSE,FALSE,FALSE,FALSE,FALSE,FALSE,FALSE,FALSE,,FALSE,,,FALSE,,FALSE,FALSE,FALSE,FALSE
100848,"A",2020,0,1,12,1,2,17,14,6,0,0,7,7,40,44,0,0,1,1,1,1,8,1,1,1,0,0,0,4,0,0,0,0,"A_2020",0,1,1,0,0,0,0,1,1,1,1,1,1,1,0,0,0,0,2,17,6,0,0,2,FALSE,FALSE,FALSE,FALSE,14,FALSE,FALSE,FALSE,FALSE,FALSE,FALSE,FALSE,FALSE,26,FALSE,40,30,FALSE,44,FALSE,FALSE,TRUE,FALSE
100849,"A",2022,0,0,12,1,3,,10,7,1,0,8,3,30,31,0,0,0,0,0,1,6,1,0,0,0,0,0,2,0,0,0,0,"A_2022",0,0,1,1,0,0,0,0,0,0,1,1,0,0,0,0,0,0,3,,7,0,0,-2,FALSE,TRUE,FALSE,TRUE,,FALSE,FALSE,FALSE,FALSE,FALSE,FALSE,FALSE,FALSE,20,FALSE,30,21,FALSE,31,FALSE,FALSE,TRUE,FALSE
100850,"B",2018,1,0,11,1,2,,16,7,1,1,5,,34,37,0,1,1,1,1,1,9,1,1,1,0,0,0,6,0,0,0,0,"B_2018",1,0,1,1,1,0,1,1,1,1,1,1,1,1,0,0,0,0,2,,7,0,0,5,FALSE,FALSE,FALSE,TRUE,16,FALSE,FALSE,FALSE,FALSE,FALSE,FALSE,FALSE,FALSE,18,FALSE,34,21,FALSE,37,FALSE,TRUE,FALSE,FALSE
100851,"A",2020,1,1,13,1,1,17,15,4,0,0,6,5,38,39,0,0,1,1,0,0,8,1,1,1,0,0,0,3,0,0,1,3,"A_2020",1,1,1,0,0,0,0,1,1,0,0,1,1,1,0,0,0,1,1,17,4,0,0,2,FALSE,FALSE,FALSE,FALSE,15,FALSE,FALSE,FALSE,FALSE,FALSE,FALSE,FALSE,FALSE,23,FALSE,38,24,FALSE,39,FALSE,FALSE,FALSE,FALSE
100852,"A",2020,1,0,13,1,1,17,15,3,0,0,9,,53,55,,1,1,1,1,1,8,1,1,1,0,0,0,3,0,0,0,0,"A_2020",1,0,1,0,0,,1,1,1,1,1,1,1,1,0,0,0,0,1,17,3,0,0,2,FALSE,FALSE,FALSE,FALSE,15,FALSE,FALSE,FALSE,FALSE,FALSE,FALSE,FALSE,FALSE,38,FALSE,53,40,FALSE,55,FALSE,FALSE,FALSE,FALSE
100853,"A",2020,1,1,14,1,,5,16,3,0,0,0,,48,53,,1,1,1,1,1,8,1,1,1,0,0,0,4,0,0,1,40,"A_2020",1,1,1,0,0,,1,1,1,1,1,1,1,1,0,0,0,1,,5,3,0,0,2,FALSE,FALSE,FALSE,FALSE,16,FALSE,FALSE,FALSE,FALSE,FALSE,FALSE,FALSE,FALSE,32,FALSE,48,37,FALSE,53,FALSE,FALSE,TRUE,FALSE
100854,"A",2020,1,0,11,1,1,19,14,4,1,0,8,5,41,44,0,0,1,1,1,1,9,1,1,1,0,0,0,4,0,0,0,0,"A_2020",1,0,1,1,0,0,0,1,1,1,1,1,1,1,0,0,0,0,1,19,4,0,0,3,FALSE,FALSE,FALSE,FALSE,14,FALSE,FALSE,FALSE,FALSE,FALSE,FALSE,FALSE,FALSE,27,FALSE,41,30,FALSE,44,FALSE,FALSE,FALSE,FALSE
100855,"A",2020,0,1,14,1,2,5,16,3,0,0,5,3,35,37,0,0,1,1,1,1,6,1,0,0,0,1,1,4,0,0,0,0,"A_2020",0,1,1,0,0,0,0,1,1,1,1,1,0,0,1,0,0,0,2,5,3,0,1,2,FALSE,FALSE,FALSE,FALSE,16,FALSE,FALSE,FALSE,FALSE,FALSE,FALSE,FALSE,FALSE,19,FALSE,35,21,FALSE,37,FALSE,FALSE,TRUE,FALSE
100856,"A",2020,0,0,12,1,2,19,14,3,0,0,8,11,44,44,0,0,0,0,0,1,8,1,1,1,0,0,0,4,0,0,0,0,"A_2020",0,0,1,0,0,0,0,0,0,0,1,1,1,1,0,0,0,0,2,19,3,0,0,2,FALSE,FALSE,FALSE,FALSE,14,FALSE,FALSE,FALSE,FALSE,FALSE,FALSE,FALSE,FALSE,30,FALSE,44,30,FALSE,44,FALSE,FALSE,TRUE,FALSE
100857,"A",2020,0,0,12,1,1,,15,4,0,0,6,1,39,50,0,0,1,1,1,1,8,1,1,1,0,0,0,4,0,0,0,0,"A_2020",0,0,1,0,0,0,0,1,1,1,1,1,1,1,0,0,0,0,1,,4,0,0,3,FALSE,FALSE,FALSE,FALSE,15,FALSE,FALSE,FALSE,FALSE,FALSE,FALSE,FALSE,FALSE,24,FALSE,39,35,FALSE,50,FALSE,FALSE,FALSE,FALSE
100858,"A",2020,1,1,14,1,2,17,16,8,1,0,,,,,,1,1,1,1,1,8,1,1,1,0,0,0,4,0,0,0,0,"A_2020",1,1,1,1,0,,1,1,1,1,1,1,1,1,0,0,0,0,2,17,8,0,0,2,FALSE,FALSE,FALSE,FALSE,16,FALSE,FALSE,FALSE,FALSE,FALSE,FALSE,FALSE,FALSE,,FALSE,,,FALSE,,FALSE,FALSE,TRUE,FALSE
100859,"A",2020,0,1,11,1,2,7,14,8,1,0,3,5,40,40,0,0,0,0,0,1,8,1,1,1,0,0,0,4,0,0,0,0,"A_2020",0,1,1,1,0,0,0,0,0,0,1,1,1,1,0,0,0,0,2,7,8,0,0,3,FALSE,FALSE,FALSE,FALSE,14,FALSE,FALSE,FALSE,FALSE,FALSE,FALSE,FALSE,FALSE,26,FALSE,40,26,FALSE,40,FALSE,FALSE,FALSE,FALSE
100860,"B",2018,0,0,14,1,,,18,6,1,1,,,38,,,0,0,0,0,0,7,1,1,0,0,0,0,3,1,1,0,0,"B_2018",0,0,1,1,1,,0,0,0,0,0,1,1,0,0,1,1,0,,,6,0,0,4,FALSE,FALSE,FALSE,FALSE,18,FALSE,FALSE,FALSE,FALSE,FALSE,FALSE,FALSE,FALSE,20,FALSE,38,,FALSE,,FALSE,FALSE,FALSE,FALSE
100861,"A",2020,0,0,11,1,2,,13,3,0,0,10,8,37,41,0,0,1,1,1,1,8,1,1,1,0,0,0,4,0,0,0,0,"A_2020",0,0,1,0,0,0,0,1,1,1,1,1,1,1,0,0,0,0,2,,3,0,0,2,FALSE,FALSE,FALSE,FALSE,13,FALSE,FALSE,FALSE,FALSE,FALSE,FALSE,FALSE,FALSE,24,FALSE,37,28,FALSE,41,FALSE,FALSE,TRUE,FALSE
100862,"A",2020,0,1,14,1,2,7,17,7,1,0,5,7,35,36,0,0,0,0,0,1,8,1,1,1,0,0,0,4,0,0,0,0,"A_2020",0,1,1,1,0,0,0,0,0,0,1,1,1,1,0,0,0,0,2,7,7,0,0,3,FALSE,FALSE,FALSE,FALSE,17,FALSE,FALSE,FALSE,FALSE,FALSE,FALSE,FALSE,FALSE,18,FALSE,35,19,FALSE,36,FALSE,FALSE,FALSE,FALSE
100863,"A",2022,0,1,13,1,1,,13,7,1,0,6,,29,,,0,1,0,0,1,5,0,0,0,1,1,1,2,0,0,0,0,"A_2022",0,1,1,1,0,,0,1,0,0,1,0,0,0,1,0,0,0,1,,7,1,1,0,FALSE,FALSE,TRUE,TRUE,13,FALSE,FALSE,FALSE,FALSE,FALSE,FALSE,FALSE,FALSE,16,FALSE,29,,FALSE,,FALSE,FALSE,TRUE,FALSE
100864,"A",2020,1,1,12,1,2,17,14,8,1,0,7,9,48,57,0,0,1,1,0,1,8,1,1,1,0,0,0,4,0,0,0,0,"A_2020",1,1,1,1,0,0,0,1,1,0,1,1,1,1,0,0,0,0,2,17,8,0,0,2,FALSE,FALSE,FALSE,FALSE,14,FALSE,FALSE,FALSE,FALSE,FALSE,FALSE,FALSE,FALSE,34,FALSE,48,43,FALSE,57,FALSE,FALSE,TRUE,FALSE
100865,"A",2020,1,0,10,1,2,4,13,3,0,0,5,9,39,41,0,1,1,1,1,1,8,1,1,1,0,0,0,4,0,0,0,0,"A_2020",1,0,1,0,0,0,1,1,1,1,1,1,1,1,0,0,0,0,2,4,3,0,0,3,FALSE,FALSE,FALSE,FALSE,13,FALSE,FALSE,FALSE,FALSE,FALSE,FALSE,FALSE,FALSE,26,FALSE,39,28,FALSE,41,FALSE,FALSE,FALSE,FALSE
100866,"A",2020,0,1,12,1,2,10,15,12,1,0,7,7,42,42,,0,0,0,0,0,6,1,0,0,1,1,1,2,0,0,0,0,"A_2020",0,1,1,1,0,,0,0,0,0,0,1,0,0,1,0,0,0,2,10,12,1,1,3,FALSE,FALSE,FALSE,FALSE,15,FALSE,FALSE,FALSE,FALSE,FALSE,FALSE,FALSE,FALSE,27,FALSE,42,27,FALSE,42,FALSE,FALSE,FALSE,FALSE
100867,"A",2022,0,0,13,1,2,,13,8,1,0,5,5,34,34,0,0,1,1,1,1,7,1,1,0,0,0,0,3,0,0,0,0,"A_2022",0,0,1,1,0,0,0,1,1,1,1,1,1,0,0,0,0,0,2,,8,0,0,0,FALSE,FALSE,TRUE,TRUE,13,FALSE,FALSE,FALSE,FALSE,FALSE,FALSE,FALSE,FALSE,21,FALSE,34,21,FALSE,34,FALSE,FALSE,TRUE,FALSE
100868,"A",2020,1,0,16,1,1,,18,3,0,0,3,6,43,47,0,0,1,1,0,0,8,1,1,1,0,0,0,3,0,0,0,0,"A_2020",1,0,1,0,0,0,0,1,1,0,0,1,1,1,0,0,0,0,1,,3,0,0,2,FALSE,FALSE,FALSE,FALSE,18,FALSE,FALSE,FALSE,FALSE,FALSE,FALSE,FALSE,FALSE,25,FALSE,43,29,FALSE,47,FALSE,FALSE,FALSE,FALSE
100869,"A",2020,1,1,11,1,2,19,13,3,0,0,3,2,36,46,0,1,1,1,1,1,8,1,1,1,0,0,0,4,0,0,0,0,"A_2020",1,1,1,0,0,0,1,1,1,1,1,1,1,1,0,0,0,0,2,19,3,0,0,2,FALSE,FALSE,FALSE,FALSE,13,FALSE,FALSE,FALSE,FALSE,FALSE,FALSE,FALSE,FALSE,23,FALSE,36,33,FALSE,46,FALSE,FALSE,TRUE,FALSE
100870,"A",2022,1,0,12,1,1,,12,7,1,0,5,5,60,37,0,0,1,1,1,1,6,1,0,0,0,0,0,2,0,0,0,0,"A_2022",1,0,1,1,0,0,0,1,1,1,1,1,0,0,0,0,0,0,1,,7,0,0,0,FALSE,FALSE,TRUE,TRUE,12,FALSE,FALSE,FALSE,FALSE,FALSE,FALSE,FALSE,FALSE,48,FALSE,60,25,FALSE,37,FALSE,FALSE,TRUE,FALSE
100871,"A",2020,0,1,12,1,2,7,15,8,1,0,9,,35,,,0,1,1,1,1,8,1,1,1,0,0,0,4,0,0,0,0,"A_2020",0,1,1,1,0,,0,1,1,1,1,1,1,1,0,0,0,0,2,7,8,0,0,3,FALSE,FALSE,FALSE,FALSE,15,FALSE,FALSE,FALSE,FALSE,FALSE,FALSE,FALSE,FALSE,20,FALSE,35,,FALSE,,FALSE,FALSE,FALSE,FALSE
100872,"B",2018,0,0,12,1,1,,17,6,1,1,5,2,48,52,0,0,1,1,1,1,9,1,1,1,0,0,0,6,0,0,0,0,"B_2018",0,0,1,1,1,0,0,1,1,1,1,1,1,1,0,0,0,0,1,,6,0,0,5,FALSE,FALSE,FALSE,TRUE,17,FALSE,FALSE,FALSE,FALSE,FALSE,FALSE,FALSE,FALSE,31,FALSE,48,35,FALSE,52,FALSE,TRUE,FALSE,FALSE
100873,"A",2020,1,1,12,1,2,11,14,3,0,0,8,11,34,39,0,0,1,1,1,1,7,1,1,0,0,1,1,4,0,0,0,0,"A_2020",1,1,1,0,0,0,0,1,1,1,1,1,1,0,1,0,0,0,2,11,3,0,1,2,FALSE,FALSE,FALSE,FALSE,14,FALSE,FALSE,FALSE,FALSE,FALSE,FALSE,FALSE,FALSE,20,FALSE,34,25,FALSE,39,FALSE,FALSE,TRUE,FALSE
100874,"A",2020,1,0,12,1,1,17,14,4,0,0,5,5,37,38,0,0,1,1,0,1,9,1,1,1,0,0,0,4,0,0,0,0,"A_2020",1,0,1,0,0,0,0,1,1,0,1,1,1,1,0,0,0,0,1,17,4,0,0,2,FALSE,FALSE,FALSE,FALSE,14,FALSE,FALSE,FALSE,FALSE,FALSE,FALSE,FALSE,FALSE,23,FALSE,37,24,FALSE,38,FALSE,FALSE,TRUE,FALSE
100875,"A",2020,1,0,,1,,5,18,4,1,0,3,3,40,62,0,0,1,1,0,0,7,1,1,0,0,0,0,2,1,1,0,0,"A_2020",1,0,1,1,0,0,0,1,1,0,0,1,1,0,0,1,1,0,,5,4,0,0,,TRUE,FALSE,FALSE,FALSE,18,FALSE,FALSE,FALSE,FALSE,FALSE,FALSE,FALSE,FALSE,22,FALSE,40,44,FALSE,62,FALSE,FALSE,FALSE,FALSE
100876,"A",2020,0,1,13,1,,19,16,3,0,0,5,5,40,41,0,0,1,1,0,0,8,1,1,1,0,0,0,3,0,0,0,0,"A_2020",0,1,1,0,0,0,0,1,1,0,0,1,1,1,0,0,0,0,,19,3,0,0,3,FALSE,FALSE,FALSE,FALSE,16,FALSE,FALSE,FALSE,FALSE,FALSE,FALSE,FALSE,FALSE,24,FALSE,40,25,FALSE,41,FALSE,FALSE,FALSE,FALSE
100877,"A",2020,0,0,12,1,,17,15,9,1,1,6,,38,,,0,1,1,1,1,8,1,1,1,0,0,0,4,0,0,0,0,"A_2020",0,0,1,1,1,,0,1,1,1,1,1,1,1,0,0,0,0,,17,9,0,0,3,FALSE,FALSE,FALSE,FALSE,15,FALSE,FALSE,FALSE,FALSE,FALSE,FALSE,FALSE,FALSE,23,FALSE,38,,FALSE,,FALSE,FALSE,FALSE,FALSE
100878,"A",2020,1,1,15,1,3,17,18,5,1,0,11,7,39,38,0,0,1,1,1,1,9,1,1,1,1,1,1,5,0,0,0,0,"A_2020",1,1,1,1,0,0,0,1,1,1,1,1,1,1,1,0,0,0,3,17,5,1,1,3,FALSE,FALSE,FALSE,FALSE,18,FALSE,FALSE,FALSE,FALSE,FALSE,FALSE,FALSE,FALSE,21,FALSE,39,20,FALSE,38,FALSE,TRUE,TRUE,FALSE
100879,"A",2020,1,0,14,1,,11,16,1,0,1,5,5,38,39,0,1,1,1,1,1,8,1,1,1,0,0,0,4,0,0,1,16,"A_2020",1,0,1,0,1,0,1,1,1,1,1,1,1,1,0,0,0,1,,11,1,0,0,2,FALSE,FALSE,FALSE,FALSE,16,FALSE,FALSE,FALSE,FALSE,FALSE,FALSE,FALSE,FALSE,22,FALSE,38,23,FALSE,39,FALSE,FALSE,TRUE,FALSE
100880,"A",2020,0,0,15,1,2,,17,3,0,0,5,5,45,50,0,0,1,1,1,1,8,1,1,1,0,0,0,4,0,0,0,0,"A_2020",0,0,1,0,0,0,0,1,1,1,1,1,1,1,0,0,0,0,2,,3,0,0,2,FALSE,FALSE,FALSE,FALSE,17,FALSE,FALSE,FALSE,FALSE,FALSE,FALSE,FALSE,FALSE,28,FALSE,45,33,FALSE,50,FALSE,FALSE,TRUE,FALSE
100881,"B",2018,1,0,11,1,2,,15,5,1,0,6,3,41,47,1,1,1,1,1,1,9,1,1,1,0,0,0,6,0,0,0,0,"B_2018",1,0,1,1,0,1,1,1,1,1,1,1,1,1,0,0,0,0,2,,5,0,0,4,FALSE,FALSE,FALSE,FALSE,15,FALSE,FALSE,FALSE,FALSE,FALSE,FALSE,FALSE,FALSE,26,FALSE,41,32,FALSE,47,FALSE,TRUE,TRUE,FALSE
100882,"A",2020,0,1,14,1,1,19,17,3,0,0,3,7,38,45,0,0,1,1,0,1,8,1,1,1,0,0,0,4,0,0,1,28,"A_2020",0,1,1,0,0,0,0,1,1,0,1,1,1,1,0,0,0,1,1,19,3,0,0,3,FALSE,FALSE,FALSE,FALSE,17,FALSE,FALSE,FALSE,FALSE,FALSE,FALSE,FALSE,FALSE,21,FALSE,38,28,FALSE,45,FALSE,FALSE,FALSE,FALSE
100883,"A",2020,1,1,13,1,,19,15,4,0,0,5,,43,44,,1,1,1,1,1,8,1,1,1,0,0,0,4,0,0,0,0,"A_2020",1,1,1,0,0,,1,1,1,1,1,1,1,1,0,0,0,0,,19,4,0,0,2,FALSE,FALSE,FALSE,FALSE,15,FALSE,FALSE,FALSE,FALSE,FALSE,FALSE,FALSE,FALSE,28,FALSE,43,29,FALSE,44,FALSE,FALSE,TRUE,FALSE
100884,"A",2020,1,0,13,1,1,19,16,8,1,0,5,5,39,47,0,0,1,1,0,0,7,1,1,0,0,1,1,3,0,0,0,0,"A_2020",1,0,1,1,0,0,0,1,1,0,0,1,1,0,1,0,0,0,1,19,8,0,1,3,FALSE,FALSE,FALSE,FALSE,16,FALSE,FALSE,FALSE,FALSE,FALSE,FALSE,FALSE,FALSE,23,FALSE,39,31,FALSE,47,FALSE,FALSE,FALSE,FALSE
100885,"A",2020,1,0,13,1,2,19,15,4,0,0,,,36,38,0,0,1,1,0,1,7,1,1,0,0,1,1,4,0,0,0,0,"A_2020",1,0,1,0,0,0,0,1,1,0,1,1,1,0,1,0,0,0,2,19,4,0,1,2,FALSE,FALSE,FALSE,FALSE,15,FALSE,FALSE,FALSE,FALSE,FALSE,FALSE,FALSE,FALSE,21,FALSE,36,23,FALSE,38,FALSE,FALSE,TRUE,FALSE
100886,"A",2020,1,1,13,1,2,19,15,6,0,0,2,,49,,,1,1,1,1,1,8,1,1,1,0,0,0,4,0,0,0,0,"A_2020",1,1,1,0,0,,1,1,1,1,1,1,1,1,0,0,0,0,2,19,6,0,0,2,FALSE,FALSE,FALSE,FALSE,15,FALSE,FALSE,FALSE,FALSE,FALSE,FALSE,FALSE,FALSE,34,FALSE,49,,FALSE,,FALSE,FALSE,TRUE,FALSE
100887,"A",2020,1,0,12,1,1,,14,8,1,0,5,3,35,39,0,1,0,0,0,1,8,1,1,1,0,0,0,4,0,0,0,0,"A_2020",1,0,1,1,0,0,1,0,0,0,1,1,1,1,0,0,0,0,1,,8,0,0,2,FALSE,FALSE,FALSE,FALSE,14,FALSE,FALSE,FALSE,FALSE,FALSE,FALSE,FALSE,FALSE,21,FALSE,35,25,FALSE,39,FALSE,FALSE,TRUE,FALSE
100888,"A",2020,0,0,14,1,1,5,16,8,0,0,1,3,41,50,0,0,1,1,1,1,8,1,1,1,1,1,1,5,0,0,1,25,"A_2020",0,0,1,0,0,0,0,1,1,1,1,1,1,1,1,0,0,1,1,5,8,1,1,2,FALSE,FALSE,FALSE,FALSE,16,FALSE,FALSE,FALSE,FALSE,FALSE,FALSE,FALSE,FALSE,25,FALSE,41,34,FALSE,50,FALSE,TRUE,TRUE,FALSE
100889,"A",2022,1,1,12,1,2,,16,8,1,0,7,7,33,35,0,1,1,1,1,1,6,1,0,0,0,0,0,2,0,0,0,0,"A_2022",1,1,1,1,0,0,1,1,1,1,1,1,0,0,0,0,0,0,2,,8,0,0,4,FALSE,FALSE,FALSE,FALSE,16,FALSE,FALSE,FALSE,FALSE,FALSE,FALSE,FALSE,FALSE,17,FALSE,33,19,FALSE,35,FALSE,FALSE,FALSE,FALSE
100890,"A",2020,0,0,15,1,3,17,17,3,0,0,5,,,,,0,1,1,1,1,8,1,1,1,0,0,0,4,0,0,0,0,"A_2020",0,0,1,0,0,,0,1,1,1,1,1,1,1,0,0,0,0,3,17,3,0,0,2,FALSE,FALSE,FALSE,FALSE,17,FALSE,FALSE,FALSE,FALSE,FALSE,FALSE,FALSE,FALSE,,FALSE,,,FALSE,,FALSE,FALSE,TRUE,FALSE
100891,"A",2022,0,1,12,1,2,,13,3,1,0,8,5,36,38,0,0,1,1,0,1,7,1,1,0,0,0,0,2,0,0,0,0,"A_2022",0,1,1,1,0,0,0,1,1,0,1,1,1,0,0,0,0,0,2,,3,0,0,1,FALSE,FALSE,FALSE,TRUE,13,FALSE,FALSE,FALSE,FALSE,FALSE,FALSE,FALSE,FALSE,23,FALSE,36,25,FALSE,38,FALSE,FALSE,FALSE,FALSE
100892,"A",2022,1,0,11,1,,,11,8,1,0,8,11,36,37,0,1,1,1,1,1,6,1,0,0,0,0,0,2,0,0,0,0,"A_2022",1,0,1,1,0,0,1,1,1,1,1,1,0,0,0,0,0,0,,,8,0,0,0,FALSE,FALSE,TRUE,TRUE,11,FALSE,FALSE,FALSE,FALSE,FALSE,FALSE,FALSE,FALSE,25,FALSE,36,26,FALSE,37,FALSE,FALSE,TRUE,FALSE
100893,"A",2020,0,1,11,1,2,,14,7,1,0,11,5,33,39,0,0,1,0,0,1,7,1,1,0,1,1,1,4,0,0,1,4,"A_2020",0,1,1,1,0,0,0,1,0,0,1,1,1,0,1,0,0,1,2,,7,1,1,3,FALSE,FALSE,FALSE,FALSE,14,FALSE,FALSE,FALSE,FALSE,FALSE,FALSE,FALSE,FALSE,19,FALSE,33,25,FALSE,39,FALSE,FALSE,FALSE,FALSE
100894,"A",2020,1,0,12,1,,11,14,1,0,1,3,,39,,,1,1,1,1,1,8,1,1,1,0,0,0,4,0,0,0,0,"A_2020",1,0,1,0,1,,1,1,1,1,1,1,1,1,0,0,0,0,,11,1,0,0,2,FALSE,FALSE,FALSE,FALSE,14,FALSE,FALSE,FALSE,FALSE,FALSE,FALSE,FALSE,FALSE,25,FALSE,39,,FALSE,,FALSE,FALSE,TRUE,FALSE
100895,"A",2020,1,1,12,1,2,4,14,3,0,1,1,,42,44,0,1,1,1,1,1,8,1,1,1,0,0,0,4,0,0,0,0,"A_2020",1,1,1,0,1,0,1,1,1,1,1,1,1,1,0,0,0,0,2,4,3,0,0,2,FALSE,FALSE,FALSE,FALSE,14,FALSE,FALSE,FALSE,FALSE,FALSE,FALSE,FALSE,FALSE,28,FALSE,42,30,FALSE,44,FALSE,FALSE,TRUE,FALSE
100896,"A",2020,0,0,13,1,2,19,15,7,1,0,7,7,35,41,0,0,1,1,1,1,9,1,1,1,0,1,1,6,0,0,0,0,"A_2020",0,0,1,1,0,0,0,1,1,1,1,1,1,1,1,0,0,0,2,19,7,0,1,2,FALSE,FALSE,FALSE,FALSE,15,FALSE,FALSE,FALSE,FALSE,FALSE,FALSE,FALSE,FALSE,20,FALSE,35,26,FALSE,41,FALSE,TRUE,TRUE,FALSE
100897,"A",2020,1,0,12,1,2,4,14,3,0,0,2,1,45,50,0,1,1,1,1,1,8,1,1,1,0,0,0,4,0,0,0,0,"A_2020",1,0,1,0,0,0,1,1,1,1,1,1,1,1,0,0,0,0,2,4,3,0,0,2,FALSE,FALSE,FALSE,FALSE,14,FALSE,FALSE,FALSE,FALSE,FALSE,FALSE,FALSE,FALSE,31,FALSE,45,36,FALSE,50,FALSE,FALSE,TRUE,FALSE
100898,"A",2020,1,1,12,1,2,19,14,3,0,0,1,,60,68,,1,1,1,1,1,8,1,1,1,0,0,0,4,0,0,0,0,"A_2020",1,1,1,0,0,,1,1,1,1,1,1,1,1,0,0,0,0,2,19,3,0,0,2,FALSE,FALSE,FALSE,FALSE,14,FALSE,FALSE,FALSE,FALSE,FALSE,FALSE,FALSE,FALSE,46,FALSE,60,54,FALSE,68,FALSE,FALSE,TRUE,FALSE
100899,"B",2018,1,0,11,1,2,,14,6,1,1,,11,,40,0,0,1,1,0,1,9,1,1,1,0,0,0,5,0,0,0,0,"B_2018",1,0,1,1,1,0,0,1,1,0,1,1,1,1,0,0,0,0,2,,6,0,0,3,FALSE,FALSE,FALSE,FALSE,14,FALSE,FALSE,FALSE,FALSE,FALSE,FALSE,FALSE,FALSE,,FALSE,,26,FALSE,40,FALSE,TRUE,TRUE,FALSE
100900,"A",2022,0,0,14,1,2,,14,7,1,0,6,5,38,39,0,0,0,1,1,1,6,1,0,0,1,1,1,3,0,0,0,0,"A_2022",0,0,1,1,0,0,0,0,1,1,1,1,0,0,1,0,0,0,2,,7,1,1,0,FALSE,FALSE,TRUE,TRUE,14,FALSE,FALSE,FALSE,FALSE,FALSE,FALSE,FALSE,FALSE,24,FALSE,38,25,FALSE,39,FALSE,FALSE,TRUE,FALSE
100901,"A",2020,1,0,12,1,2,19,15,4,0,0,5,,40,,,1,1,1,1,1,8,1,1,1,0,0,0,4,0,0,0,0,"A_2020",1,0,1,0,0,,1,1,1,1,1,1,1,1,0,0,0,0,2,19,4,0,0,3,FALSE,FALSE,FALSE,FALSE,15,FALSE,FALSE,FALSE,FALSE,FALSE,FALSE,FALSE,FALSE,25,FALSE,40,,FALSE,,FALSE,FALSE,FALSE,FALSE
100902,"A",2020,0,0,11,1,2,6,14,3,0,0,8,9,40,38,1,0,1,1,1,1,8,1,1,1,0,0,0,4,0,0,0,0,"A_2020",0,0,1,0,0,1,0,1,1,1,1,1,1,1,0,0,0,0,2,6,3,0,0,3,FALSE,FALSE,FALSE,FALSE,14,FALSE,FALSE,FALSE,FALSE,FALSE,FALSE,FALSE,FALSE,26,FALSE,40,24,FALSE,38,FALSE,FALSE,FALSE,FALSE
100903,"A",2020,0,0,12,1,1,5,14,4,0,0,5,,34,,,0,1,1,0,0,8,1,1,1,0,0,0,3,0,1,0,0,"A_2020",0,0,1,0,0,,0,1,1,0,0,1,1,1,0,0,1,0,1,5,4,0,0,2,FALSE,FALSE,FALSE,FALSE,14,FALSE,FALSE,FALSE,FALSE,FALSE,FALSE,FALSE,FALSE,20,FALSE,34,,FALSE,,FALSE,FALSE,FALSE,FALSE
100904,"B",2018,1,0,11,0,2,,16,7,1,1,7,11,42,42,0,1,1,1,1,1,9,1,1,1,0,0,0,6,0,0,0,0,"B_2018",1,0,0,1,1,0,1,1,1,1,1,1,1,1,0,0,0,0,2,,7,0,0,5,FALSE,FALSE,FALSE,TRUE,16,FALSE,FALSE,FALSE,FALSE,FALSE,FALSE,FALSE,FALSE,26,FALSE,42,26,FALSE,42,FALSE,TRUE,FALSE,FALSE
100905,"A",2020,0,0,13,1,2,4,15,3,0,0,11,,34,,,0,1,1,1,1,8,1,1,1,0,0,0,4,0,0,0,0,"A_2020",0,0,1,0,0,,0,1,1,1,1,1,1,1,0,0,0,0,2,4,3,0,0,2,FALSE,FALSE,FALSE,FALSE,15,FALSE,FALSE,FALSE,FALSE,FALSE,FALSE,FALSE,FALSE,19,FALSE,34,,FALSE,,FALSE,FALSE,TRUE,FALSE
100906,"A",2020,1,0,14,1,2,19,16,3,0,0,5,6,42,48,0,1,1,1,1,1,8,1,1,1,1,1,1,5,0,0,0,0,"A_2020",1,0,1,0,0,0,1,1,1,1,1,1,1,1,1,0,0,0,2,19,3,1,1,2,FALSE,FALSE,FALSE,FALSE,16,FALSE,FALSE,FALSE,FALSE,FALSE,FALSE,FALSE,FALSE,26,FALSE,42,32,FALSE,48,FALSE,TRUE,TRUE,FALSE
100907,"A",2020,0,0,11,1,2,19,13,3,0,0,5,9,40,44,0,0,1,1,1,1,8,1,1,1,0,0,0,4,0,0,0,0,"A_2020",0,0,1,0,0,0,0,1,1,1,1,1,1,1,0,0,0,0,2,19,3,0,0,2,FALSE,FALSE,FALSE,FALSE,13,FALSE,FALSE,FALSE,FALSE,FALSE,FALSE,FALSE,FALSE,27,FALSE,40,31,FALSE,44,FALSE,FALSE,TRUE,FALSE
100908,"A",2022,0,1,13,1,2,,14,7,1,0,1,3,59,56,0,0,1,1,1,1,6,1,0,0,0,0,0,2,0,0,1,5,"A_2022",0,1,1,1,0,0,0,1,1,1,1,1,0,0,0,0,0,1,2,,7,0,0,1,FALSE,FALSE,FALSE,TRUE,14,FALSE,FALSE,FALSE,FALSE,FALSE,FALSE,FALSE,FALSE,45,FALSE,59,42,FALSE,56,FALSE,FALSE,FALSE,FALSE
100909,"A",2022,0,0,11,1,2,,12,7,1,0,5,5,37,47,0,0,0,0,0,1,6,1,0,0,0,0,0,2,0,0,0,0,"A_2022",0,0,1,1,0,0,0,0,0,0,1,1,0,0,0,0,0,0,2,,7,0,0,1,FALSE,FALSE,FALSE,TRUE,12,FALSE,FALSE,FALSE,FALSE,FALSE,FALSE,FALSE,FALSE,25,FALSE,37,35,FALSE,47,FALSE,FALSE,FALSE,FALSE
100910,"A",2022,1,1,17,1,3,,13,7,1,0,10,,36,,,0,0,1,1,1,6,1,0,0,1,1,1,3,0,0,0,0,"A_2022",1,1,1,1,0,,0,0,1,1,1,1,0,0,1,0,0,0,3,,7,1,1,-4,FALSE,TRUE,FALSE,TRUE,,FALSE,FALSE,FALSE,FALSE,FALSE,FALSE,FALSE,FALSE,23,FALSE,36,,FALSE,,FALSE,FALSE,TRUE,FALSE
100911,"A",2022,0,1,14,1,,,15,7,1,0,3,3,37,36,0,0,1,1,1,1,7,1,1,0,0,0,0,3,0,0,0,0,"A_2022",0,1,1,1,0,0,0,1,1,1,1,1,1,0,0,0,0,0,,,7,0,0,1,FALSE,FALSE,FALSE,TRUE,15,FALSE,FALSE,FALSE,FALSE,FALSE,FALSE,FALSE,FALSE,22,FALSE,37,21,FALSE,36,FALSE,FALSE,TRUE,FALSE
100912,"A",2022,1,1,11,1,3,,12,7,1,0,11,11,43,44,0,1,1,1,1,1,6,1,0,0,0,0,0,2,0,0,0,0,"A_2022",1,1,1,1,0,0,1,1,1,1,1,1,0,0,0,0,0,0,3,,7,0,0,1,FALSE,FALSE,FALSE,TRUE,12,FALSE,FALSE,FALSE,FALSE,FALSE,FALSE,FALSE,FALSE,31,FALSE,43,32,FALSE,44,FALSE,FALSE,FALSE,FALSE
100913,"A",2020,1,1,11,1,2,8,14,4,0,0,7,5,42,38,0,1,1,1,1,1,8,1,1,1,0,0,0,4,0,0,0,0,"A_2020",1,1,1,0,0,0,1,1,1,1,1,1,1,1,0,0,0,0,2,8,4,0,0,3,FALSE,FALSE,FALSE,FALSE,14,FALSE,FALSE,FALSE,FALSE,FALSE,FALSE,FALSE,FALSE,28,FALSE,42,24,FALSE,38,FALSE,FALSE,FALSE,FALSE
100914,"B",2018,1,0,11,0,2,,16,7,1,1,5,5,49,56,0,1,1,1,1,1,9,1,1,1,0,0,0,6,0,0,0,0,"B_2018",1,0,0,1,1,0,1,1,1,1,1,1,1,1,0,0,0,0,2,,7,0,0,5,FALSE,FALSE,FALSE,TRUE,16,FALSE,FALSE,FALSE,FALSE,FALSE,FALSE,FALSE,FALSE,33,FALSE,49,40,FALSE,56,FALSE,TRUE,FALSE,FALSE
100915,"A",2022,1,1,13,1,2,,14,7,1,0,8,7,50,50,0,1,1,1,1,1,6,1,0,0,0,0,0,2,0,0,0,0,"A_2022",1,1,1,1,0,0,1,1,1,1,1,1,0,0,0,0,0,0,2,,7,0,0,1,FALSE,FALSE,FALSE,TRUE,14,FALSE,FALSE,FALSE,FALSE,FALSE,FALSE,FALSE,FALSE,36,FALSE,50,36,FALSE,50,FALSE,FALSE,FALSE,FALSE
100916,"A",2020,1,1,11,1,3,17,14,4,0,0,7,5,40,56,1,1,1,1,1,1,8,1,1,1,0,0,0,4,0,0,0,0,"A_2020",1,1,1,0,0,1,1,1,1,1,1,1,1,1,0,0,0,0,3,17,4,0,0,3,FALSE,FALSE,FALSE,FALSE,14,FALSE,FALSE,FALSE,FALSE,FALSE,FALSE,FALSE,FALSE,26,FALSE,40,42,FALSE,56,FALSE,FALSE,FALSE,FALSE
100917,"A",2020,1,1,14,1,3,17,16,4,0,0,5,5,39,39,0,0,1,1,0,1,7,1,1,0,0,0,0,4,0,0,0,0,"A_2020",1,1,1,0,0,0,0,1,1,0,1,1,1,0,0,0,0,0,3,17,4,0,0,2,FALSE,FALSE,FALSE,FALSE,16,FALSE,FALSE,FALSE,FALSE,FALSE,FALSE,FALSE,FALSE,23,FALSE,39,23,FALSE,39,FALSE,FALSE,TRUE,FALSE
100918,"A",2020,0,0,12,1,2,17,14,4,0,0,8,,37,,,0,1,1,1,1,8,1,1,1,1,1,1,5,0,0,0,0,"A_2020",0,0,1,0,0,,0,1,1,1,1,1,1,1,1,0,0,0,2,17,4,1,1,2,FALSE,FALSE,FALSE,FALSE,14,FALSE,FALSE,FALSE,FALSE,FALSE,FALSE,FALSE,FALSE,23,FALSE,37,,FALSE,,FALSE,TRUE,TRUE,FALSE
100919,"A",2020,0,0,,1,3,12,14,3,0,0,5,10,40,47,0,0,1,1,1,1,8,1,1,1,0,0,0,4,0,0,0,0,"A_2020",0,0,1,0,0,0,0,1,1,1,1,1,1,1,0,0,0,0,3,12,3,0,0,,TRUE,FALSE,FALSE,FALSE,14,FALSE,FALSE,FALSE,FALSE,FALSE,FALSE,FALSE,FALSE,26,FALSE,40,33,FALSE,47,FALSE,FALSE,FALSE,FALSE
100920,"A",2020,1,1,15,1,1,12,17,6,0,0,10,6,39,39,0,0,1,1,0,0,6,1,0,0,0,0,0,2,0,0,0,0,"A_2020",1,1,1,0,0,0,0,1,1,0,0,1,0,0,0,0,0,0,1,12,6,0,0,2,FALSE,FALSE,FALSE,FALSE,17,FALSE,FALSE,FALSE,FALSE,FALSE,FALSE,FALSE,FALSE,22,FALSE,39,22,FALSE,39,FALSE,FALSE,FALSE,FALSE
100921,"A",2020,1,0,12,1,2,11,14,7,1,0,5,,37,,,1,1,1,1,1,8,1,1,1,0,0,0,4,0,0,0,0,"A_2020",1,0,1,1,0,,1,1,1,1,1,1,1,1,0,0,0,0,2,11,7,0,0,2,FALSE,FALSE,FALSE,FALSE,14,FALSE,FALSE,FALSE,FALSE,FALSE,FALSE,FALSE,FALSE,23,FALSE,37,,FALSE,,FALSE,FALSE,TRUE,FALSE
100922,"A",2020,0,1,15,1,2,19,18,4,0,0,5,5,49,53,0,0,1,1,1,1,8,1,1,1,0,0,0,4,0,0,0,0,"A_2020",0,1,1,0,0,0,0,1,1,1,1,1,1,1,0,0,0,0,2,19,4,0,0,3,FALSE,FALSE,FALSE,FALSE,18,FALSE,FALSE,FALSE,FALSE,FALSE,FALSE,FALSE,FALSE,31,FALSE,49,35,FALSE,53,FALSE,FALSE,FALSE,FALSE
100923,"A",2022,1,0,11,1,2,,12,7,1,0,6,,31,,,1,1,1,1,1,6,1,0,0,0,0,0,2,0,0,0,0,"A_2022",1,0,1,1,0,,1,1,1,1,1,1,0,0,0,0,0,0,2,,7,0,0,1,FALSE,FALSE,FALSE,TRUE,12,FALSE,FALSE,FALSE,FALSE,FALSE,FALSE,FALSE,FALSE,19,FALSE,31,,FALSE,,FALSE,FALSE,FALSE,FALSE
100924,"A",2020,1,1,11,1,2,19,14,3,0,0,7,,50,50,,0,1,0,0,1,8,1,1,1,0,0,0,4,0,0,0,0,"A_2020",1,1,1,0,0,,0,1,0,0,1,1,1,1,0,0,0,0,2,19,3,0,0,3,FALSE,FALSE,FALSE,FALSE,14,FALSE,FALSE,FALSE,FALSE,FALSE,FALSE,FALSE,FALSE,36,FALSE,50,36,FALSE,50,FALSE,FALSE,FALSE,FALSE
100925,"A",2020,1,0,12,1,3,8,14,4,0,0,,,49,46,,0,1,0,0,1,8,1,1,1,0,0,0,4,0,0,0,0,"A_2020",1,0,1,0,0,,0,1,0,0,1,1,1,1,0,0,0,0,3,8,4,0,0,2,FALSE,FALSE,FALSE,FALSE,14,FALSE,FALSE,FALSE,FALSE,FALSE,FALSE,FALSE,FALSE,35,FALSE,49,32,FALSE,46,FALSE,FALSE,TRUE,FALSE
100926,"A",2020,1,0,13,1,2,11,15,3,0,1,3,1,39,41,0,1,1,1,1,1,8,1,1,1,0,0,0,4,0,0,0,0,"A_2020",1,0,1,0,1,0,1,1,1,1,1,1,1,1,0,0,0,0,2,11,3,0,0,2,FALSE,FALSE,FALSE,FALSE,15,FALSE,FALSE,FALSE,FALSE,FALSE,FALSE,FALSE,FALSE,24,FALSE,39,26,FALSE,41,FALSE,FALSE,TRUE,FALSE
100927,"A",2022,1,1,11,1,2,,12,8,1,0,9,11,34,39,0,1,1,1,1,1,6,1,0,0,0,0,0,2,0,0,0,0,"A_2022",1,1,1,1,0,0,1,1,1,1,1,1,0,0,0,0,0,0,2,,8,0,0,1,FALSE,FALSE,FALSE,TRUE,12,FALSE,FALSE,FALSE,FALSE,FALSE,FALSE,FALSE,FALSE,22,FALSE,34,27,FALSE,39,FALSE,FALSE,FALSE,FALSE
100928,"A",2020,0,0,13,1,4,19,15,3,0,0,,,40,,,0,1,1,0,1,8,1,1,1,0,0,0,4,0,0,0,0,"A_2020",0,0,1,0,0,,0,1,1,0,1,1,1,1,0,0,0,0,4,19,3,0,0,2,FALSE,FALSE,FALSE,FALSE,15,FALSE,FALSE,FALSE,FALSE,FALSE,FALSE,FALSE,FALSE,25,FALSE,40,,FALSE,,FALSE,FALSE,TRUE,FALSE
100929,"A",2020,0,1,13,1,,5,15,3,0,0,,,,,,0,1,1,1,1,8,1,1,1,0,0,0,4,0,0,0,0,"A_2020",0,1,1,0,0,,0,1,1,1,1,1,1,1,0,0,0,0,,5,3,0,0,2,FALSE,FALSE,FALSE,FALSE,15,FALSE,FALSE,FALSE,FALSE,FALSE,FALSE,FALSE,FALSE,,FALSE,,,FALSE,,FALSE,FALSE,TRUE,FALSE
100930,"A",2020,0,0,12,1,2,12,14,3,0,0,5,5,33,42,0,0,1,1,1,1,8,1,1,1,0,0,0,4,0,0,0,0,"A_2020",0,0,1,0,0,0,0,1,1,1,1,1,1,1,0,0,0,0,2,12,3,0,0,2,FALSE,FALSE,FALSE,FALSE,14,FALSE,FALSE,FALSE,FALSE,FALSE,FALSE,FALSE,FALSE,19,FALSE,33,28,FALSE,42,FALSE,FALSE,TRUE,FALSE
100931,"A",2020,1,0,13,1,,17,16,2,0,0,5,6,39,42,0,0,1,0,0,0,6,1,0,0,0,0,0,1,0,0,1,0,"A_2020",1,0,1,0,0,0,0,1,0,0,0,1,0,0,0,0,0,1,,17,2,0,0,3,FALSE,FALSE,FALSE,FALSE,16,FALSE,FALSE,FALSE,FALSE,FALSE,FALSE,FALSE,FALSE,23,FALSE,39,26,FALSE,42,FALSE,FALSE,FALSE,FALSE
100932,"A",2020,0,1,13,1,2,17,15,3,0,0,5,2,30,39,0,0,1,1,1,1,8,1,1,1,0,0,0,4,0,0,0,0,"A_2020",0,1,1,0,0,0,0,1,1,1,1,1,1,1,0,0,0,0,2,17,3,0,0,2,FALSE,FALSE,FALSE,FALSE,15,FALSE,FALSE,FALSE,FALSE,FALSE,FALSE,FALSE,FALSE,15,FALSE,30,24,FALSE,39,FALSE,FALSE,TRUE,FALSE
100933,"A",2020,1,1,11,1,3,12,13,2,0,0,11,10,31,34,1,1,1,1,1,1,8,1,1,1,0,0,0,4,0,0,0,0,"A_2020",1,1,1,0,0,1,1,1,1,1,1,1,1,1,0,0,0,0,3,12,2,0,0,2,FALSE,FALSE,FALSE,FALSE,13,FALSE,FALSE,FALSE,FALSE,FALSE,FALSE,FALSE,FALSE,18,FALSE,31,21,FALSE,34,FALSE,FALSE,TRUE,FALSE
100934,"B",2018,1,0,11,0,2,,16,7,1,1,5,5,,,0,1,1,1,1,1,9,1,1,1,0,0,0,6,0,0,0,0,"B_2018",1,0,0,1,1,0,1,1,1,1,1,1,1,1,0,0,0,0,2,,7,0,0,5,FALSE,FALSE,FALSE,TRUE,16,FALSE,FALSE,FALSE,FALSE,FALSE,FALSE,FALSE,FALSE,,FALSE,,,FALSE,,FALSE,TRUE,FALSE,FALSE
100935,"A",2020,1,1,11,1,2,19,14,3,0,0,3,5,39,37,0,1,1,1,1,1,7,1,1,0,1,1,1,4,0,0,0,0,"A_2020",1,1,1,0,0,0,1,1,1,1,1,1,1,0,1,0,0,0,2,19,3,1,1,3,FALSE,FALSE,FALSE,FALSE,14,FALSE,FALSE,FALSE,FALSE,FALSE,FALSE,FALSE,FALSE,25,FALSE,39,23,FALSE,37,FALSE,FALSE,FALSE,FALSE
100936,"A",2020,1,0,13,1,,19,15,3,0,0,,,38,,,0,1,1,0,0,8,1,1,1,0,0,0,3,0,0,0,0,"A_2020",1,0,1,0,0,,0,1,1,0,0,1,1,1,0,0,0,0,,19,3,0,0,2,FALSE,FALSE,FALSE,FALSE,15,FALSE,FALSE,FALSE,FALSE,FALSE,FALSE,FALSE,FALSE,23,FALSE,38,,FALSE,,FALSE,FALSE,FALSE,FALSE
100937,"A",2020,0,0,14,1,2,,16,7,1,0,3,4,45,61,0,0,1,0,0,0,5,0,0,0,0,0,0,1,0,1,0,0,"A_2020",0,0,1,1,0,0,0,1,0,0,0,0,0,0,0,0,1,0,2,,7,0,0,2,FALSE,FALSE,FALSE,FALSE,16,FALSE,FALSE,FALSE,FALSE,FALSE,FALSE,FALSE,FALSE,29,FALSE,45,45,FALSE,61,FALSE,FALSE,FALSE,FALSE
100938,"A",2020,0,1,12,1,3,11,15,8,1,0,,,,,,0,,,0,0,8,1,1,1,,0,0,0,0,0,0,0,"A_2020",0,1,1,1,0,,0,,,0,0,1,1,1,0,0,0,0,3,11,8,,0,3,FALSE,FALSE,FALSE,FALSE,15,FALSE,FALSE,TRUE,FALSE,FALSE,FALSE,FALSE,FALSE,,FALSE,,,FALSE,,FALSE,FALSE,FALSE,FALSE
100939,"A",2020,0,1,11,1,2,,14,4,0,0,,,46,56,0,0,1,1,1,1,8,1,1,1,0,0,0,4,0,0,0,0,"A_2020",0,1,1,0,0,0,0,1,1,1,1,1,1,1,0,0,0,0,2,,4,0,0,3,FALSE,FALSE,FALSE,FALSE,14,FALSE,FALSE,FALSE,FALSE,FALSE,FALSE,FALSE,FALSE,32,FALSE,46,42,FALSE,56,FALSE,FALSE,FALSE,FALSE
100940,"A",2020,1,0,12,1,2,11,14,3,0,0,0,2,47,49,0,1,1,1,1,1,8,1,1,1,0,0,0,4,0,0,0,0,"A_2020",1,0,1,0,0,0,1,1,1,1,1,1,1,1,0,0,0,0,2,11,3,0,0,2,FALSE,FALSE,FALSE,FALSE,14,FALSE,FALSE,FALSE,FALSE,FALSE,FALSE,FALSE,FALSE,33,FALSE,47,35,FALSE,49,FALSE,FALSE,TRUE,FALSE
100941,"A",2022,1,0,11,1,2,,12,11,1,0,8,8,37,43,0,1,1,1,1,1,6,1,0,0,0,0,0,3,0,0,0,0,"A_2022",1,0,1,1,0,0,1,1,1,1,1,1,0,0,0,0,0,0,2,,11,0,0,1,FALSE,FALSE,FALSE,TRUE,12,FALSE,FALSE,FALSE,FALSE,FALSE,FALSE,FALSE,FALSE,25,FALSE,37,31,FALSE,43,FALSE,FALSE,TRUE,FALSE
100942,"A",2020,0,0,12,1,2,7,14,5,0,0,6,9,31,40,1,0,0,0,1,1,8,1,1,1,0,0,0,4,0,0,0,0,"A_2020",0,0,1,0,0,1,0,0,0,1,1,1,1,1,0,0,0,0,2,7,5,0,0,2,FALSE,FALSE,FALSE,FALSE,14,FALSE,FALSE,FALSE,FALSE,FALSE,FALSE,FALSE,FALSE,17,FALSE,31,26,FALSE,40,FALSE,FALSE,TRUE,FALSE
100943,"B",2018,1,1,12,1,,,17,6,1,1,,,,,,0,1,1,1,1,9,1,1,1,0,0,0,6,0,0,0,0,"B_2018",1,1,1,1,1,,0,1,1,1,1,1,1,1,0,0,0,0,,,6,0,0,5,FALSE,FALSE,FALSE,TRUE,17,FALSE,FALSE,FALSE,FALSE,FALSE,FALSE,FALSE,FALSE,,FALSE,,,FALSE,,FALSE,TRUE,FALSE,FALSE
100944,"B",2018,1,0,15,0,1,,20,7,1,1,5,5,48,49,0,1,1,1,1,1,9,1,1,1,0,0,0,6,0,0,0,0,"B_2018",1,0,0,1,1,0,1,1,1,1,1,1,1,1,0,0,0,0,1,,7,0,0,5,FALSE,FALSE,FALSE,TRUE,20,FALSE,FALSE,FALSE,FALSE,FALSE,FALSE,FALSE,FALSE,28,FALSE,48,29,FALSE,49,FALSE,TRUE,FALSE,FALSE
100945,"A",2022,0,1,16,1,1,,16,7,1,0,5,5,46,54,0,0,1,0,0,1,6,1,0,0,1,1,1,3,0,0,0,0,"A_2022",0,1,1,1,0,0,0,1,0,0,1,1,0,0,1,0,0,0,1,,7,1,1,0,FALSE,FALSE,TRUE,TRUE,16,FALSE,FALSE,FALSE,FALSE,FALSE,FALSE,FALSE,FALSE,30,FALSE,46,38,FALSE,54,FALSE,FALSE,TRUE,FALSE
100946,"A",2020,1,0,14,1,2,10,17,5,1,0,5,1,46,52,0,0,1,1,0,0,7,1,1,0,0,0,0,3,0,1,0,0,"A_2020",1,0,1,1,0,0,0,1,1,0,0,1,1,0,0,0,1,0,2,10,5,0,0,3,FALSE,FALSE,FALSE,FALSE,17,FALSE,FALSE,FALSE,FALSE,FALSE,FALSE,FALSE,FALSE,29,FALSE,46,35,FALSE,52,FALSE,FALSE,FALSE,FALSE
100947,"A",2020,1,0,12,1,2,,15,3,0,0,3,0,43,41,0,1,1,1,1,1,6,1,0,0,1,1,1,3,0,0,0,0,"A_2020",1,0,1,0,0,0,1,1,1,1,1,1,0,0,1,0,0,0,2,,3,1,1,3,FALSE,FALSE,FALSE,FALSE,15,FALSE,FALSE,FALSE,FALSE,FALSE,FALSE,FALSE,FALSE,28,FALSE,43,26,FALSE,41,FALSE,FALSE,FALSE,FALSE
100948,"A",2020,0,1,,1,2,17,14,6,0,0,6,3,35,49,1,0,1,0,0,0,5,0,0,0,0,0,0,1,0,0,0,0,"A_2020",0,1,1,0,0,1,0,1,0,0,0,0,0,0,0,0,0,0,2,17,6,0,0,,TRUE,FALSE,FALSE,FALSE,14,FALSE,FALSE,FALSE,FALSE,FALSE,FALSE,FALSE,FALSE,21,FALSE,35,35,FALSE,49,FALSE,FALSE,FALSE,FALSE
100949,"A",2020,1,0,12,1,2,5,15,8,1,0,,,,,,1,1,1,1,1,8,1,1,1,0,0,0,4,0,0,0,0,"A_2020",1,0,1,1,0,,1,1,1,1,1,1,1,1,0,0,0,0,2,5,8,0,0,3,FALSE,FALSE,FALSE,FALSE,15,FALSE,FALSE,FALSE,FALSE,FALSE,FALSE,FALSE,FALSE,,FALSE,,,FALSE,,FALSE,FALSE,FALSE,FALSE
100950,"B",2018,1,1,12,1,2,,16,6,1,1,7,10,46,45,0,1,1,1,1,1,9,1,1,1,0,0,0,6,0,0,0,0,"B_2018",1,1,1,1,1,0,1,1,1,1,1,1,1,1,0,0,0,0,2,,6,0,0,4,FALSE,FALSE,FALSE,FALSE,16,FALSE,FALSE,FALSE,FALSE,FALSE,FALSE,FALSE,FALSE,30,FALSE,46,29,FALSE,45,FALSE,TRUE,TRUE,FALSE
100951,"A",2022,0,0,11,1,,,11,8,1,0,,,,,,0,,,0,1,6,1,0,0,,0,0,1,,,0,0,"A_2022",0,0,1,1,0,,0,,,0,1,1,0,0,0,,,0,,,8,,0,0,FALSE,FALSE,TRUE,TRUE,11,FALSE,FALSE,FALSE,FALSE,FALSE,FALSE,FALSE,FALSE,,FALSE,,,FALSE,,FALSE,FALSE,FALSE,FALSE
100952,"A",2020,1,1,12,1,1,6,14,3,0,0,,6,,40,0,0,0,0,0,1,8,1,1,1,0,0,0,4,0,0,0,0,"A_2020",1,1,1,0,0,0,0,0,0,0,1,1,1,1,0,0,0,0,1,6,3,0,0,2,FALSE,FALSE,FALSE,FALSE,14,FALSE,FALSE,FALSE,FALSE,FALSE,FALSE,FALSE,FALSE,,FALSE,,26,FALSE,40,FALSE,FALSE,TRUE,FALSE
100953,"A",2020,0,0,13,1,2,12,15,5,0,0,8,9,41,40,0,0,1,1,1,1,7,1,1,0,1,1,1,4,0,0,0,0,"A_2020",0,0,1,0,0,0,0,1,1,1,1,1,1,0,1,0,0,0,2,12,5,1,1,2,FALSE,FALSE,FALSE,FALSE,15,FALSE,FALSE,FALSE,FALSE,FALSE,FALSE,FALSE,FALSE,26,FALSE,41,25,FALSE,40,FALSE,FALSE,TRUE,FALSE
100954,"A",2022,1,0,11,1,2,,11,7,1,0,7,9,39,40,0,1,1,1,1,1,6,1,0,0,0,0,0,2,0,0,0,0,"A_2022",1,0,1,1,0,0,1,1,1,1,1,1,0,0,0,0,0,0,2,,7,0,0,0,FALSE,FALSE,TRUE,TRUE,11,FALSE,FALSE,FALSE,FALSE,FALSE,FALSE,FALSE,FALSE,28,FALSE,39,29,FALSE,40,FALSE,FALSE,TRUE,FALSE
100955,"A",2020,0,0,13,1,2,,16,8,1,0,7,,42,,,0,1,1,0,0,8,1,1,1,0,0,0,3,0,0,0,0,"A_2020",0,0,1,1,0,,0,1,1,0,0,1,1,1,0,0,0,0,2,,8,0,0,3,FALSE,FALSE,FALSE,FALSE,16,FALSE,FALSE,FALSE,FALSE,FALSE,FALSE,FALSE,FALSE,26,FALSE,42,,FALSE,,FALSE,FALSE,FALSE,FALSE
100956,"A",2022,1,0,11,1,,,12,7,1,0,5,5,39,40,,1,1,1,1,1,6,1,0,0,0,0,0,2,0,0,0,0,"A_2022",1,0,1,1,0,,1,1,1,1,1,1,0,0,0,0,0,0,,,7,0,0,1,FALSE,FALSE,FALSE,TRUE,12,FALSE,FALSE,FALSE,FALSE,FALSE,FALSE,FALSE,FALSE,27,FALSE,39,28,FALSE,40,FALSE,FALSE,FALSE,FALSE
100957,"A",2020,1,0,12,1,2,,14,3,0,0,8,4,42,45,0,1,1,1,1,1,8,1,1,1,0,0,0,4,0,0,1,3,"A_2020",1,0,1,0,0,0,1,1,1,1,1,1,1,1,0,0,0,1,2,,3,0,0,2,FALSE,FALSE,FALSE,FALSE,14,FALSE,FALSE,FALSE,FALSE,FALSE,FALSE,FALSE,FALSE,28,FALSE,42,31,FALSE,45,FALSE,FALSE,TRUE,FALSE
100958,"A",2020,0,1,12,1,2,17,14,3,0,0,,11,,37,0,0,1,1,1,1,7,1,1,0,1,1,1,4,0,0,0,0,"A_2020",0,1,1,0,0,0,0,1,1,1,1,1,1,0,1,0,0,0,2,17,3,1,1,2,FALSE,FALSE,FALSE,FALSE,14,FALSE,FALSE,FALSE,FALSE,FALSE,FALSE,FALSE,FALSE,,FALSE,,23,FALSE,37,FALSE,FALSE,TRUE,FALSE
100959,"A",2020,0,1,12,1,2,,15,7,1,0,3,11,45,47,0,0,1,1,1,1,8,1,1,1,0,0,0,4,0,0,0,0,"A_2020",0,1,1,1,0,0,0,1,1,1,1,1,1,1,0,0,0,0,2,,7,0,0,3,FALSE,FALSE,FALSE,FALSE,15,FALSE,FALSE,FALSE,FALSE,FALSE,FALSE,FALSE,FALSE,30,FALSE,45,32,FALSE,47,FALSE,FALSE,FALSE,FALSE
100960,"A",2020,1,0,11,1,2,19,13,4,0,0,7,6,39,39,1,1,1,1,1,1,8,1,1,1,0,0,0,4,0,0,0,0,"A_2020",1,0,1,0,0,1,1,1,1,1,1,1,1,1,0,0,0,0,2,19,4,0,0,2,FALSE,FALSE,FALSE,FALSE,13,FALSE,FALSE,FALSE,FALSE,FALSE,FALSE,FALSE,FALSE,26,FALSE,39,26,FALSE,39,FALSE,FALSE,TRUE,FALSE
100961,"A",2020,0,1,13,1,2,11,16,9,1,0,2,,37,,,0,1,0,0,0,6,1,0,0,0,0,0,1,0,0,1,40,"A_2020",0,1,1,1,0,,0,1,0,0,0,1,0,0,0,0,0,1,2,11,9,0,0,3,FALSE,FALSE,FALSE,FALSE,16,FALSE,FALSE,FALSE,FALSE,FALSE,FALSE,FALSE,FALSE,21,FALSE,37,,FALSE,,FALSE,FALSE,FALSE,FALSE
100962,"A",2022,1,0,10,1,3,,11,7,1,0,8,11,32,41,0,1,1,1,1,1,6,1,0,0,0,0,0,2,0,0,0,0,"A_2022",1,0,1,1,0,0,1,1,1,1,1,1,0,0,0,0,0,0,3,,7,0,0,1,FALSE,FALSE,FALSE,TRUE,11,FALSE,FALSE,FALSE,FALSE,FALSE,FALSE,FALSE,FALSE,21,FALSE,32,30,FALSE,41,FALSE,FALSE,FALSE,FALSE
100963,"A",2020,0,1,13,1,2,11,15,4,0,0,10,6,37,45,0,0,1,1,1,1,8,1,1,1,0,0,0,4,0,0,0,0,"A_2020",0,1,1,0,0,0,0,1,1,1,1,1,1,1,0,0,0,0,2,11,4,0,0,2,FALSE,FALSE,FALSE,FALSE,15,FALSE,FALSE,FALSE,FALSE,FALSE,FALSE,FALSE,FALSE,22,FALSE,37,30,FALSE,45,FALSE,FALSE,TRUE,FALSE
100964,"A",2020,1,1,11,1,1,19,14,3,0,0,5,5,52,54,0,1,1,1,1,1,8,1,1,1,0,0,0,4,0,0,1,30,"A_2020",1,1,1,0,0,0,1,1,1,1,1,1,1,1,0,0,0,1,1,19,3,0,0,3,FALSE,FALSE,FALSE,FALSE,14,FALSE,FALSE,FALSE,FALSE,FALSE,FALSE,FALSE,FALSE,38,FALSE,52,40,FALSE,54,FALSE,FALSE,FALSE,FALSE
100965,"B",2018,1,1,12,0,,,16,6,1,0,,,,,,1,1,1,1,1,9,1,1,1,0,0,0,6,0,0,0,0,"B_2018",1,1,0,1,0,,1,1,1,1,1,1,1,1,0,0,0,0,,,6,0,0,4,FALSE,FALSE,FALSE,FALSE,16,FALSE,FALSE,FALSE,FALSE,FALSE,FALSE,FALSE,FALSE,,FALSE,,,FALSE,,FALSE,TRUE,TRUE,FALSE
100966,"A",2020,0,1,13,1,2,5,16,3,0,0,,,50,72,,0,1,1,1,1,8,1,1,1,1,1,1,4,0,0,1,4,"A_2020",0,1,1,0,0,,0,1,1,1,1,1,1,1,1,0,0,1,2,5,3,1,1,3,FALSE,FALSE,FALSE,FALSE,16,FALSE,FALSE,FALSE,FALSE,FALSE,FALSE,FALSE,FALSE,34,FALSE,50,56,FALSE,72,FALSE,FALSE,FALSE,FALSE
100967,"B",2018,1,1,13,1,2,,17,6,1,1,5,5,57,66,0,0,1,1,1,1,9,1,1,1,0,0,0,6,0,0,0,0,"B_2018",1,1,1,1,1,0,0,1,1,1,1,1,1,1,0,0,0,0,2,,6,0,0,4,FALSE,FALSE,FALSE,FALSE,17,FALSE,FALSE,FALSE,FALSE,FALSE,FALSE,FALSE,FALSE,40,FALSE,57,49,FALSE,66,FALSE,TRUE,TRUE,FALSE
100968,"A",2020,1,1,14,1,3,8,17,1,1,0,,5,,46,0,0,1,1,0,0,9,1,1,1,0,0,0,4,0,0,0,0,"A_2020",1,1,1,1,0,0,0,1,1,0,0,1,1,1,0,0,0,0,3,8,1,0,0,3,FALSE,FALSE,FALSE,FALSE,17,FALSE,FALSE,FALSE,FALSE,FALSE,FALSE,FALSE,FALSE,,FALSE,,29,FALSE,46,FALSE,FALSE,FALSE,FALSE
100969,"B",2018,1,0,14,1,,,18,6,1,1,3,,38,,,0,0,0,0,0,7,1,1,0,0,0,0,3,0,1,0,0,"B_2018",1,0,1,1,1,,0,0,0,0,0,1,1,0,0,0,1,0,,,6,0,0,4,FALSE,FALSE,FALSE,FALSE,18,FALSE,FALSE,FALSE,FALSE,FALSE,FALSE,FALSE,FALSE,20,FALSE,38,,FALSE,,FALSE,FALSE,FALSE,FALSE
100970,"A",2020,0,0,13,1,,11,15,1,0,1,2,3,42,56,0,0,1,0,0,1,8,1,1,1,0,0,0,4,0,0,1,30,"A_2020",0,0,1,0,1,0,0,1,0,0,1,1,1,1,0,0,0,1,,11,1,0,0,2,FALSE,FALSE,FALSE,FALSE,15,FALSE,FALSE,FALSE,FALSE,FALSE,FALSE,FALSE,FALSE,27,FALSE,42,41,FALSE,56,FALSE,FALSE,TRUE,FALSE
100971,"A",2020,1,1,14,1,3,8,16,3,0,0,9,5,36,45,0,1,1,1,1,1,8,1,1,1,0,0,0,4,0,0,0,0,"A_2020",1,1,1,0,0,0,1,1,1,1,1,1,1,1,0,0,0,0,3,8,3,0,0,2,FALSE,FALSE,FALSE,FALSE,16,FALSE,FALSE,FALSE,FALSE,FALSE,FALSE,FALSE,FALSE,20,FALSE,36,29,FALSE,45,FALSE,FALSE,TRUE,FALSE
100972,"A",2020,1,0,13,1,2,8,15,3,0,0,4,1,40,66,1,0,1,0,1,1,6,1,0,0,1,1,1,4,0,0,0,0,"A_2020",1,0,1,0,0,1,0,1,0,1,1,1,0,0,1,0,0,0,2,8,3,1,1,2,FALSE,FALSE,FALSE,FALSE,15,FALSE,FALSE,FALSE,FALSE,FALSE,FALSE,FALSE,FALSE,25,FALSE,40,51,FALSE,66,FALSE,FALSE,TRUE,FALSE
100973,"A",2020,0,1,12,1,2,8,14,7,1,0,5,6,35,35,0,0,1,1,1,1,7,1,1,0,0,1,1,4,0,0,0,0,"A_2020",0,1,1,1,0,0,0,1,1,1,1,1,1,0,1,0,0,0,2,8,7,0,1,2,FALSE,FALSE,FALSE,FALSE,14,FALSE,FALSE,FALSE,FALSE,FALSE,FALSE,FALSE,FALSE,21,FALSE,35,21,FALSE,35,FALSE,FALSE,TRUE,FALSE
100974,"A",2020,1,0,13,1,2,5,15,3,0,0,5,3,36,56,0,1,0,1,1,1,8,1,1,1,1,1,1,5,0,0,0,0,"A_2020",1,0,1,0,0,0,1,0,1,1,1,1,1,1,1,0,0,0,2,5,3,1,1,2,FALSE,FALSE,FALSE,FALSE,15,FALSE,FALSE,FALSE,FALSE,FALSE,FALSE,FALSE,FALSE,21,FALSE,36,41,FALSE,56,FALSE,TRUE,TRUE,FALSE
100975,"A",2020,1,1,,1,1,5,16,3,0,0,,2,37,40,0,1,1,1,1,1,8,1,1,1,0,0,0,4,0,0,0,0,"A_2020",1,1,1,0,0,0,1,1,1,1,1,1,1,1,0,0,0,0,1,5,3,0,0,,TRUE,FALSE,FALSE,FALSE,16,FALSE,FALSE,FALSE,FALSE,FALSE,FALSE,FALSE,FALSE,21,FALSE,37,24,FALSE,40,FALSE,FALSE,FALSE,FALSE
100976,"B",2018,0,0,12,0,,,16,6,1,1,11,11,,,0,0,0,0,0,1,9,1,1,1,0,0,0,6,0,0,0,0,"B_2018",0,0,0,1,1,0,0,0,0,0,1,1,1,1,0,0,0,0,,,6,0,0,4,FALSE,FALSE,FALSE,FALSE,16,FALSE,FALSE,FALSE,FALSE,FALSE,FALSE,FALSE,FALSE,,FALSE,,,FALSE,,FALSE,TRUE,TRUE,FALSE
100977,"A",2020,0,1,12,1,1,4,14,3,0,0,5,,31,,,0,0,0,0,1,7,1,1,0,1,1,1,4,0,0,0,0,"A_2020",0,1,1,0,0,,0,0,0,0,1,1,1,0,1,0,0,0,1,4,3,1,1,2,FALSE,FALSE,FALSE,FALSE,14,FALSE,FALSE,FALSE,FALSE,FALSE,FALSE,FALSE,FALSE,17,FALSE,31,,FALSE,,FALSE,FALSE,TRUE,FALSE
100978,"A",2020,0,1,12,1,,,14,5,0,0,8,5,35,48,0,0,1,1,1,1,8,1,1,1,0,0,0,4,0,0,0,0,"A_2020",0,1,1,0,0,0,0,1,1,1,1,1,1,1,0,0,0,0,,,5,0,0,2,FALSE,FALSE,FALSE,FALSE,14,FALSE,FALSE,FALSE,FALSE,FALSE,FALSE,FALSE,FALSE,21,FALSE,35,34,FALSE,48,FALSE,FALSE,TRUE,FALSE
100979,"A",2020,0,1,11,1,2,5,14,5,0,0,7,11,52,46,1,0,1,1,1,1,8,1,1,1,0,0,0,4,0,0,0,0,"A_2020",0,1,1,0,0,1,0,1,1,1,1,1,1,1,0,0,0,0,2,5,5,0,0,3,FALSE,FALSE,FALSE,FALSE,14,FALSE,FALSE,FALSE,FALSE,FALSE,FALSE,FALSE,FALSE,38,FALSE,52,32,FALSE,46,FALSE,FALSE,FALSE,FALSE
100980,"A",2022,0,1,15,1,2,,15,7,1,0,8,,38,,,0,1,0,1,1,5,0,0,0,1,1,1,2,0,0,1,12,"A_2022",0,1,1,1,0,,0,1,0,1,1,0,0,0,1,0,0,1,2,,7,1,1,0,FALSE,FALSE,TRUE,TRUE,15,FALSE,FALSE,FALSE,FALSE,FALSE,FALSE,FALSE,FALSE,23,FALSE,38,,FALSE,,FALSE,FALSE,TRUE,FALSE
100981,"A",2020,1,0,12,1,3,6,14,3,0,0,3,5,38,48,0,0,1,1,0,0,8,1,1,1,0,0,0,3,0,0,0,0,"A_2020",1,0,1,0,0,0,0,1,1,0,0,1,1,1,0,0,0,0,3,6,3,0,0,2,FALSE,FALSE,FALSE,FALSE,14,FALSE,FALSE,FALSE,FALSE,FALSE,FALSE,FALSE,FALSE,24,FALSE,38,34,FALSE,48,FALSE,FALSE,FALSE,FALSE
100982,"B",2018,0,1,,0,2,,18,6,1,1,2,,45,,,0,0,0,0,0,7,1,1,0,0,0,0,1,0,0,1,28,"B_2018",0,1,0,1,1,,0,0,0,0,0,1,1,0,0,0,0,1,2,,6,0,0,,TRUE,FALSE,FALSE,FALSE,18,FALSE,FALSE,TRUE,FALSE,FALSE,FALSE,FALSE,FALSE,27,FALSE,45,,FALSE,,FALSE,FALSE,FALSE,FALSE
100983,"B",2018,0,0,11,0,2,,16,6,1,0,9,8,38,42,0,0,1,1,0,1,9,1,1,1,0,0,0,6,0,0,0,0,"B_2018",0,0,0,1,0,0,0,1,1,0,1,1,1,1,0,0,0,0,2,,6,0,0,5,FALSE,FALSE,FALSE,TRUE,16,FALSE,FALSE,FALSE,FALSE,FALSE,FALSE,FALSE,FALSE,22,FALSE,38,26,FALSE,42,FALSE,TRUE,FALSE,FALSE
100984,"A",2020,1,1,16,1,1,17,18,3,0,0,2,,39,40,,1,1,1,1,1,8,1,1,1,0,0,0,4,0,0,0,0,"A_2020",1,1,1,0,0,,1,1,1,1,1,1,1,1,0,0,0,0,1,17,3,0,0,2,FALSE,FALSE,FALSE,FALSE,18,FALSE,FALSE,FALSE,FALSE,FALSE,FALSE,FALSE,FALSE,21,FALSE,39,22,FALSE,40,FALSE,FALSE,TRUE,FALSE
100985,"A",2020,1,1,12,1,2,5,14,3,0,0,4,3,39,54,0,0,1,0,0,1,8,1,1,1,0,0,0,4,0,0,0,0,"A_2020",1,1,1,0,0,0,0,1,0,0,1,1,1,1,0,0,0,0,2,5,3,0,0,2,FALSE,FALSE,FALSE,FALSE,14,FALSE,FALSE,FALSE,FALSE,FALSE,FALSE,FALSE,FALSE,25,FALSE,39,40,FALSE,54,FALSE,FALSE,TRUE,FALSE
100986,"A",2022,1,1,14,1,,,15,7,1,0,10,11,49,51,0,1,1,1,1,1,6,1,0,0,0,0,0,2,0,0,0,0,"A_2022",1,1,1,1,0,0,1,1,1,1,1,1,0,0,0,0,0,0,,,7,0,0,1,FALSE,FALSE,FALSE,TRUE,15,FALSE,FALSE,FALSE,FALSE,FALSE,FALSE,FALSE,FALSE,34,FALSE,49,36,FALSE,51,FALSE,FALSE,FALSE,FALSE
100987,"A",2020,1,1,13,1,2,19,16,8,1,0,3,6,32,32,0,1,1,1,1,1,8,1,1,1,0,0,0,4,0,0,1,0,"A_2020",1,1,1,1,0,0,1,1,1,1,1,1,1,1,0,0,0,1,2,19,8,0,0,3,FALSE,FALSE,FALSE,FALSE,16,FALSE,FALSE,FALSE,FALSE,FALSE,FALSE,FALSE,FALSE,16,FALSE,32,16,FALSE,32,FALSE,FALSE,FALSE,FALSE
100988,"A",2020,1,0,11,1,2,18,13,2,0,0,5,5,37,38,0,1,1,1,1,1,8,1,1,1,0,0,0,4,0,0,0,0,"A_2020",1,0,1,0,0,0,1,1,1,1,1,1,1,1,0,0,0,0,2,18,2,0,0,2,FALSE,FALSE,FALSE,FALSE,13,FALSE,FALSE,FALSE,FALSE,FALSE,FALSE,FALSE,FALSE,24,FALSE,37,25,FALSE,38,FALSE,FALSE,TRUE,FALSE
100989,"A",2020,0,1,,1,2,19,15,8,1,0,7,,45,44,,1,1,1,1,1,8,1,1,1,0,0,0,4,0,0,0,0,"A_2020",0,1,1,1,0,,1,1,1,1,1,1,1,1,0,0,0,0,2,19,8,0,0,,TRUE,FALSE,FALSE,FALSE,15,FALSE,FALSE,FALSE,FALSE,FALSE,FALSE,FALSE,FALSE,30,FALSE,45,29,FALSE,44,FALSE,FALSE,FALSE,FALSE
100990,"A",2020,0,1,12,1,2,18,15,2,0,1,5,7,36,36,1,0,1,0,0,1,6,1,0,0,2,1,2,4,0,0,0,0,"A_2020",0,1,1,0,1,1,0,1,0,0,1,1,0,0,1,0,0,0,2,18,2,2,2,3,FALSE,FALSE,FALSE,FALSE,15,FALSE,FALSE,FALSE,FALSE,FALSE,FALSE,FALSE,FALSE,21,FALSE,36,21,FALSE,36,FALSE,FALSE,FALSE,FALSE
100991,"A",2020,0,0,14,1,2,,17,6,0,0,3,,35,,,0,1,0,0,0,6,1,0,0,0,0,0,1,0,1,0,0,"A_2020",0,0,1,0,0,,0,1,0,0,0,1,0,0,0,0,1,0,2,,6,0,0,3,FALSE,FALSE,FALSE,FALSE,17,FALSE,FALSE,FALSE,FALSE,FALSE,FALSE,FALSE,FALSE,18,FALSE,35,,FALSE,,FALSE,FALSE,FALSE,FALSE
100992,"A",2022,0,0,14,1,2,,14,8,1,0,9,,41,,,0,1,1,1,1,6,1,0,0,0,0,0,2,0,0,0,0,"A_2022",0,0,1,1,0,,0,1,1,1,1,1,0,0,0,0,0,0,2,,8,0,0,0,FALSE,FALSE,TRUE,TRUE,14,FALSE,FALSE,FALSE,FALSE,FALSE,FALSE,FALSE,FALSE,27,FALSE,41,,FALSE,,FALSE,FALSE,TRUE,FALSE
100993,"A",2022,1,1,12,1,3,,14,5,1,0,7,7,48,49,1,0,1,1,1,1,8,1,1,1,0,0,0,3,0,0,0,0,"A_2022",1,1,1,1,0,1,0,1,1,1,1,1,1,1,0,0,0,0,3,,5,0,0,2,FALSE,FALSE,FALSE,FALSE,14,FALSE,FALSE,FALSE,FALSE,FALSE,FALSE,FALSE,FALSE,34,FALSE,48,35,FALSE,49,FALSE,FALSE,FALSE,FALSE
100994,"A",2020,0,1,14,1,1,17,16,3,0,0,8,,33,,,0,1,1,1,1,8,1,1,1,0,0,0,4,0,0,1,0,"A_2020",0,1,1,0,0,,0,1,1,1,1,1,1,1,0,0,0,1,1,17,3,0,0,2,FALSE,FALSE,FALSE,FALSE,16,FALSE,FALSE,FALSE,FALSE,FALSE,FALSE,FALSE,FALSE,17,FALSE,33,,FALSE,,FALSE,FALSE,TRUE,FALSE
100995,"A",2022,1,1,14,1,,,14,7,1,0,0,,33,,,0,0,1,1,1,6,1,0,0,2,1,2,4,0,0,1,40,"A_2022",1,1,1,1,0,,0,0,1,1,1,1,0,0,1,0,0,1,,,7,2,2,0,FALSE,FALSE,TRUE,TRUE,14,FALSE,FALSE,FALSE,FALSE,FALSE,FALSE,FALSE,FALSE,19,FALSE,33,,FALSE,,FALSE,FALSE,TRUE,FALSE
100996,"A",2022,0,1,15,1,,,15,7,1,0,5,2,32,47,0,0,1,1,1,1,6,1,0,0,0,0,0,2,0,0,0,0,"A_2022",0,1,1,1,0,0,0,1,1,1,1,1,0,0,0,0,0,0,,,7,0,0,0,FALSE,FALSE,TRUE,TRUE,15,FALSE,FALSE,FALSE,FALSE,FALSE,FALSE,FALSE,FALSE,17,FALSE,32,32,FALSE,47,FALSE,FALSE,TRUE,FALSE
100997,"A",2020,0,1,15,1,,,17,3,0,0,2,3,36,40,0,0,1,0,0,1,7,1,1,0,1,1,1,4,0,0,1,9,"A_2020",0,1,1,0,0,0,0,1,0,0,1,1,1,0,1,0,0,1,,,3,1,1,2,FALSE,FALSE,FALSE,FALSE,17,FALSE,FALSE,FALSE,FALSE,FALSE,FALSE,FALSE,FALSE,19,FALSE,36,23,FALSE,40,FALSE,FALSE,TRUE,FALSE
100998,"B",2018,0,0,14,0,2,,18,7,1,1,5,5,43,47,0,0,1,0,1,1,10,1,1,1,1,1,1,6,0,0,0,0,"B_2018",0,0,0,1,1,0,0,1,0,1,1,1,1,1,1,0,0,0,2,,7,1,1,4,FALSE,FALSE,FALSE,FALSE,18,FALSE,FALSE,FALSE,FALSE,FALSE,FALSE,FALSE,FALSE,25,FALSE,43,29,FALSE,47,FALSE,TRUE,TRUE,FALSE
100999,"A",2020,1,1,11,1,2,19,14,3,0,0,11,,34,,,1,1,1,1,1,8,1,1,1,0,0,0,4,0,0,0,0,"A_2020",1,1,1,0,0,,1,1,1,1,1,1,1,1,0,0,0,0,2,19,3,0,0,3,FALSE,FALSE,FALSE,FALSE,14,FALSE,FALSE,FALSE,FALSE,FALSE,FALSE,FALSE,FALSE,20,FALSE,34,,FALSE,,FALSE,FALSE,FALSE,FALSE
101000,"A",2020,0,1,15,1,2,5,18,4,0,0,7,11,46,52,0,0,0,1,0,0,7,1,1,0,0,0,0,3,0,0,1,40,"A_2020",0,1,1,0,0,0,0,0,1,0,0,1,1,0,0,0,0,1,2,5,4,0,0,3,FALSE,FALSE,FALSE,FALSE,18,FALSE,FALSE,FALSE,FALSE,FALSE,FALSE,FALSE,FALSE,28,FALSE,46,34,FALSE,52,FALSE,FALSE,FALSE,FALSE
101001,"A",2020,1,1,11,1,2,17,14,3,0,0,,,,,1,0,1,1,1,1,8,1,1,1,0,0,0,4,0,0,0,0,"A_2020",1,1,1,0,0,1,0,1,1,1,1,1,1,1,0,0,0,0,2,17,3,0,0,3,FALSE,FALSE,FALSE,FALSE,14,FALSE,FALSE,FALSE,FALSE,FALSE,FALSE,FALSE,FALSE,,FALSE,,,FALSE,,FALSE,FALSE,FALSE,FALSE
101002,"A",2022,0,1,13,1,2,,14,11,1,0,3,,41,,,0,1,0,0,0,6,1,0,0,0,0,0,1,0,0,0,0,"A_2022",0,1,1,1,0,,0,1,0,0,0,1,0,0,0,0,0,0,2,,11,0,0,1,FALSE,FALSE,FALSE,TRUE,14,FALSE,FALSE,FALSE,FALSE,FALSE,FALSE,FALSE,FALSE,27,FALSE,41,,FALSE,,FALSE,FALSE,FALSE,FALSE
101003,"A",2022,0,1,14,1,2,,13,8,1,0,6,6,33,30,0,0,1,1,1,1,6,1,0,0,0,0,0,2,0,0,0,0,"A_2022",0,1,1,1,0,0,0,1,1,1,1,1,0,0,0,0,0,0,2,,8,0,0,-1,FALSE,TRUE,FALSE,TRUE,,FALSE,FALSE,FALSE,FALSE,FALSE,FALSE,FALSE,FALSE,20,FALSE,33,17,FALSE,30,FALSE,FALSE,TRUE,FALSE
101004,"A",2020,0,1,11,1,3,11,13,2,0,1,5,1,40,50,0,0,1,1,1,1,8,1,1,1,0,0,0,4,0,0,0,0,"A_2020",0,1,1,0,1,0,0,1,1,1,1,1,1,1,0,0,0,0,3,11,2,0,0,2,FALSE,FALSE,FALSE,FALSE,13,FALSE,FALSE,FALSE,FALSE,FALSE,FALSE,FALSE,FALSE,27,FALSE,40,37,FALSE,50,FALSE,FALSE,TRUE,FALSE
101005,"A",2020,0,0,11,1,3,11,13,3,0,1,11,,37,32,0,0,1,1,1,1,8,1,1,1,0,0,0,4,0,0,0,0,"A_2020",0,0,1,0,1,0,0,1,1,1,1,1,1,1,0,0,0,0,3,11,3,0,0,2,FALSE,FALSE,FALSE,FALSE,13,FALSE,FALSE,FALSE,FALSE,FALSE,FALSE,FALSE,FALSE,24,FALSE,37,19,FALSE,32,FALSE,FALSE,TRUE,FALSE
101006,"A",2020,0,0,15,1,2,,17,6,0,0,4,0,44,52,0,0,1,1,1,1,8,1,1,1,0,0,0,4,0,0,0,0,"A_2020",0,0,1,0,0,0,0,1,1,1,1,1,1,1,0,0,0,0,2,,6,0,0,2,FALSE,FALSE,FALSE,FALSE,17,FALSE,FALSE,FALSE,FALSE,FALSE,FALSE,FALSE,FALSE,27,FALSE,44,35,FALSE,52,FALSE,FALSE,TRUE,FALSE
101007,"A",2022,1,0,11,1,2,,11,8,1,0,7,11,37,40,0,1,0,0,0,1,6,1,0,0,0,0,0,2,0,0,0,0,"A_2022",1,0,1,1,0,0,1,0,0,0,1,1,0,0,0,0,0,0,2,,8,0,0,0,FALSE,FALSE,TRUE,TRUE,11,FALSE,FALSE,FALSE,FALSE,FALSE,FALSE,FALSE,FALSE,26,FALSE,37,29,FALSE,40,FALSE,FALSE,TRUE,FALSE
101008,"B",2018,0,1,12,1,2,,17,7,1,1,5,4,38,42,0,0,1,1,1,1,9,1,1,1,1,1,1,5,0,0,0,0,"B_2018",0,1,1,1,1,0,0,1,1,1,1,1,1,1,1,0,0,0,2,,7,1,1,5,FALSE,FALSE,FALSE,TRUE,17,FALSE,FALSE,FALSE,FALSE,FALSE,FALSE,FALSE,FALSE,21,FALSE,38,25,FALSE,42,FALSE,TRUE,FALSE,FALSE
101009,"A",2020,0,0,14,1,2,,17,11,1,0,9,,33,,,0,0,0,0,0,7,1,1,0,1,1,1,2,0,0,0,0,"A_2020",0,0,1,1,0,,0,0,0,0,0,1,1,0,1,0,0,0,2,,11,1,1,3,FALSE,FALSE,FALSE,FALSE,17,FALSE,FALSE,FALSE,FALSE,FALSE,FALSE,FALSE,FALSE,16,FALSE,33,,FALSE,,FALSE,FALSE,FALSE,FALSE
101010,"B",2018,1,1,11,0,2,,15,6,1,0,10,10,39,45,0,0,1,1,1,1,9,1,1,1,0,0,0,6,0,0,1,40,"B_2018",1,1,0,1,0,0,0,1,1,1,1,1,1,1,0,0,0,1,2,,6,0,0,4,FALSE,FALSE,FALSE,FALSE,15,FALSE,FALSE,FALSE,FALSE,FALSE,FALSE,FALSE,FALSE,24,FALSE,39,30,FALSE,45,FALSE,TRUE,TRUE,FALSE
101011,"A",2022,1,1,11,1,2,,11,7,1,0,3,2,31,36,0,0,1,1,1,1,5,0,0,0,0,1,1,2,0,0,0,0,"A_2022",1,1,1,1,0,0,0,1,1,1,1,0,0,0,1,0,0,0,2,,7,0,1,0,FALSE,FALSE,TRUE,TRUE,11,FALSE,FALSE,FALSE,FALSE,FALSE,FALSE,FALSE,FALSE,20,FALSE,31,25,FALSE,36,FALSE,FALSE,TRUE,FALSE
101012,"A",2020,1,0,12,1,2,19,14,4,0,0,5,3,33,44,0,1,1,1,1,1,8,1,1,1,0,0,0,4,0,0,0,0,"A_2020",1,0,1,0,0,0,1,1,1,1,1,1,1,1,0,0,0,0,2,19,4,0,0,2,FALSE,FALSE,FALSE,FALSE,14,FALSE,FALSE,FALSE,FALSE,FALSE,FALSE,FALSE,FALSE,19,FALSE,33,30,FALSE,44,FALSE,FALSE,TRUE,FALSE
101013,"A",2020,0,0,12,1,2,,15,4,0,0,,5,,42,0,0,1,1,1,1,8,1,1,1,0,0,0,4,0,0,0,0,"A_2020",0,0,1,0,0,0,0,1,1,1,1,1,1,1,0,0,0,0,2,,4,0,0,3,FALSE,FALSE,FALSE,FALSE,15,FALSE,FALSE,FALSE,FALSE,FALSE,FALSE,FALSE,FALSE,,FALSE,,27,FALSE,42,FALSE,FALSE,FALSE,FALSE
101014,"A",2020,1,1,15,1,2,15,18,4,0,0,11,11,58,69,0,1,1,1,1,1,8,1,1,1,0,0,0,4,0,0,0,0,"A_2020",1,1,1,0,0,0,1,1,1,1,1,1,1,1,0,0,0,0,2,15,4,0,0,3,FALSE,FALSE,FALSE,FALSE,18,FALSE,FALSE,FALSE,FALSE,FALSE,FALSE,FALSE,FALSE,40,FALSE,58,51,FALSE,69,FALSE,FALSE,FALSE,FALSE
101015,"A",2020,0,1,12,1,2,19,14,3,0,0,5,5,46,45,0,0,1,1,0,0,7,1,1,0,0,0,0,2,0,0,1,0,"A_2020",0,1,1,0,0,0,0,1,1,0,0,1,1,0,0,0,0,1,2,19,3,0,0,2,FALSE,FALSE,FALSE,FALSE,14,FALSE,FALSE,FALSE,FALSE,FALSE,FALSE,FALSE,FALSE,32,FALSE,46,31,FALSE,45,FALSE,FALSE,FALSE,FALSE
101016,"A",2020,0,0,14,1,,,16,3,0,0,7,,44,,,0,1,0,0,0,5,0,0,0,0,0,0,1,0,0,0,0,"A_2020",0,0,1,0,0,,0,1,0,0,0,0,0,0,0,0,0,0,,,3,0,0,2,FALSE,FALSE,FALSE,FALSE,16,FALSE,FALSE,FALSE,FALSE,FALSE,FALSE,FALSE,FALSE,28,FALSE,44,,FALSE,,FALSE,FALSE,FALSE,FALSE
101017,"A",2020,0,0,12,1,2,19,15,1,1,0,8,5,39,40,0,0,0,0,0,1,7,1,1,0,0,0,0,4,0,0,0,0,"A_2020",0,0,1,1,0,0,0,0,0,0,1,1,1,0,0,0,0,0,2,19,1,0,0,3,FALSE,FALSE,FALSE,FALSE,15,FALSE,FALSE,FALSE,FALSE,FALSE,FALSE,FALSE,FALSE,24,FALSE,39,25,FALSE,40,FALSE,FALSE,FALSE,FALSE
101018,"A",2020,0,1,15,1,,11,,1,0,0,,,,,,,,,,,5,,,,,,,,,,,,"A_2020",0,1,1,0,0,,,,,,,,,,,,,,,11,1,,,,TRUE,FALSE,FALSE,FALSE,,FALSE,FALSE,FALSE,FALSE,FALSE,FALSE,FALSE,FALSE,,FALSE,,,FALSE,,FALSE,FALSE,FALSE,FALSE
101019,"A",2020,1,0,15,1,1,19,17,3,0,0,5,3,38,39,0,1,1,1,1,1,8,1,1,1,0,0,0,4,0,0,0,0,"A_2020",1,0,1,0,0,0,1,1,1,1,1,1,1,1,0,0,0,0,1,19,3,0,0,2,FALSE,FALSE,FALSE,FALSE,17,FALSE,FALSE,FALSE,FALSE,FALSE,FALSE,FALSE,FALSE,21,FALSE,38,22,FALSE,39,FALSE,FALSE,TRUE,FALSE
101020,"A",2020,0,0,,1,1,6,14,7,1,0,5,5,30,38,0,0,1,1,0,1,8,1,1,1,0,0,0,4,0,0,0,0,"A_2020",0,0,1,1,0,0,0,1,1,0,1,1,1,1,0,0,0,0,1,6,7,0,0,,TRUE,FALSE,FALSE,FALSE,14,FALSE,FALSE,FALSE,FALSE,FALSE,FALSE,FALSE,FALSE,16,FALSE,30,24,FALSE,38,FALSE,FALSE,FALSE,FALSE
101021,"A",2020,0,1,12,1,2,,15,8,1,0,5,6,38,46,,0,1,1,1,1,7,1,1,0,0,1,1,4,0,0,0,0,"A_2020",0,1,1,1,0,,0,1,1,1,1,1,1,0,1,0,0,0,2,,8,0,1,3,FALSE,FALSE,FALSE,FALSE,15,FALSE,FALSE,FALSE,FALSE,FALSE,FALSE,FALSE,FALSE,23,FALSE,38,31,FALSE,46,FALSE,FALSE,FALSE,FALSE
101022,"A",2022,0,0,13,1,,,14,8,1,0,,,,,,0,1,1,1,1,6,1,0,0,0,0,0,2,0,0,0,0,"A_2022",0,0,1,1,0,,0,1,1,1,1,1,0,0,0,0,0,0,,,8,0,0,1,FALSE,FALSE,FALSE,TRUE,14,FALSE,FALSE,FALSE,FALSE,FALSE,FALSE,FALSE,FALSE,,FALSE,,,FALSE,,FALSE,FALSE,FALSE,FALSE
101023,"A",2020,1,0,12,1,2,,14,3,0,0,6,5,46,46,0,0,1,1,0,0,7,1,1,0,0,0,0,2,0,0,0,0,"A_2020",1,0,1,0,0,0,0,1,1,0,0,1,1,0,0,0,0,0,2,,3,0,0,2,FALSE,FALSE,FALSE,FALSE,14,FALSE,FALSE,FALSE,FALSE,FALSE,FALSE,FALSE,FALSE,32,FALSE,46,32,FALSE,46,FALSE,FALSE,FALSE,FALSE
101024,"A",2020,0,1,13,1,2,,15,6,0,0,5,7,54,58,0,0,1,0,0,0,5,0,0,0,0,0,0,1,0,0,1,40,"A_2020",0,1,1,0,0,0,0,1,0,0,0,0,0,0,0,0,0,1,2,,6,0,0,2,FALSE,FALSE,FALSE,FALSE,15,FALSE,FALSE,FALSE,FALSE,FALSE,FALSE,FALSE,FALSE,39,FALSE,54,43,FALSE,58,FALSE,FALSE,FALSE,FALSE
101025,"A",2020,0,1,12,1,2,,14,3,0,0,9,,38,35,,0,1,1,1,1,8,1,1,1,0,0,0,4,0,0,0,0,"A_2020",0,1,1,0,0,,0,1,1,1,1,1,1,1,0,0,0,0,2,,3,0,0,2,FALSE,FALSE,FALSE,FALSE,14,FALSE,FALSE,FALSE,FALSE,FALSE,FALSE,FALSE,FALSE,24,FALSE,38,21,FALSE,35,FALSE,FALSE,TRUE,FALSE
101026,"A",2022,1,0,14,1,2,,13,7,1,0,5,5,30,32,0,1,1,1,1,1,6,1,0,0,0,0,0,2,0,0,0,0,"A_2022",1,0,1,1,0,0,1,1,1,1,1,1,0,0,0,0,0,0,2,,7,0,0,-1,FALSE,TRUE,FALSE,TRUE,,FALSE,FALSE,FALSE,FALSE,FALSE,FALSE,FALSE,FALSE,17,FALSE,30,19,FALSE,32,FALSE,FALSE,TRUE,FALSE
101027,"A",2020,1,0,11,1,,,14,4,0,0,8,9,36,40,0,0,1,1,1,1,7,1,1,0,1,1,1,4,0,0,0,0,"A_2020",1,0,1,0,0,0,0,1,1,1,1,1,1,0,1,0,0,0,,,4,1,1,3,FALSE,FALSE,FALSE,FALSE,14,FALSE,FALSE,FALSE,FALSE,FALSE,FALSE,FALSE,FALSE,22,FALSE,36,26,FALSE,40,FALSE,FALSE,FALSE,FALSE
101028,"A",2020,0,1,13,1,3,8,15,3,0,0,3,,37,,,0,1,1,0,1,8,1,1,1,0,0,0,4,0,0,0,0,"A_2020",0,1,1,0,0,,0,1,1,0,1,1,1,1,0,0,0,0,3,8,3,0,0,2,FALSE,FALSE,FALSE,FALSE,15,FALSE,FALSE,FALSE,FALSE,FALSE,FALSE,FALSE,FALSE,22,FALSE,37,,FALSE,,FALSE,FALSE,TRUE,FALSE
101029,"A",2020,1,0,12,1,2,17,14,3,0,0,9,5,37,39,0,1,1,1,1,1,8,1,1,1,0,0,0,4,0,0,0,0,"A_2020",1,0,1,0,0,0,1,1,1,1,1,1,1,1,0,0,0,0,2,17,3,0,0,2,FALSE,FALSE,FALSE,FALSE,14,FALSE,FALSE,FALSE,FALSE,FALSE,FALSE,FALSE,FALSE,23,FALSE,37,25,FALSE,39,FALSE,FALSE,TRUE,FALSE
101030,"B",2018,1,0,13,1,,,18,6,1,1,4,4,53,62,0,0,0,0,0,1,9,1,1,1,0,0,0,6,0,0,0,0,"B_2018",1,0,1,1,1,0,0,0,0,0,1,1,1,1,0,0,0,0,,,6,0,0,5,FALSE,FALSE,FALSE,TRUE,18,FALSE,FALSE,FALSE,FALSE,FALSE,FALSE,FALSE,FALSE,35,FALSE,53,44,FALSE,62,FALSE,TRUE,FALSE,FALSE
101031,"A",2022,0,0,14,1,2,,15,7,1,0,0,,45,,,0,0,0,0,1,6,1,0,0,0,0,0,2,0,0,0,0,"A_2022",0,0,1,1,0,,0,0,0,0,1,1,0,0,0,0,0,0,2,,7,0,0,1,FALSE,FALSE,FALSE,TRUE,15,FALSE,FALSE,FALSE,FALSE,FALSE,FALSE,FALSE,FALSE,30,FALSE,45,,FALSE,,FALSE,FALSE,FALSE,FALSE
101032,"A",2020,0,0,12,1,2,6,15,8,1,0,6,,30,,,0,1,0,0,1,8,1,1,1,0,0,0,4,0,0,0,0,"A_2020",0,0,1,1,0,,0,1,0,0,1,1,1,1,0,0,0,0,2,6,8,0,0,3,FALSE,FALSE,FALSE,FALSE,15,FALSE,FALSE,FALSE,FALSE,FALSE,FALSE,FALSE,FALSE,15,FALSE,30,,FALSE,,FALSE,FALSE,FALSE,FALSE
101033,"A",2020,1,1,11,1,2,6,13,3,0,0,7,8,43,45,0,1,1,1,1,1,8,1,1,1,0,0,0,4,0,0,0,0,"A_2020",1,1,1,0,0,0,1,1,1,1,1,1,1,1,0,0,0,0,2,6,3,0,0,2,FALSE,FALSE,FALSE,FALSE,13,FALSE,FALSE,FALSE,FALSE,FALSE,FALSE,FALSE,FALSE,30,FALSE,43,32,FALSE,45,FALSE,FALSE,TRUE,FALSE
101034,"A",2020,0,0,12,1,2,11,15,3,0,0,7,4,36,43,0,0,1,1,0,1,7,1,1,0,0,0,0,4,0,0,0,0,"A_2020",0,0,1,0,0,0,0,1,1,0,1,1,1,0,0,0,0,0,2,11,3,0,0,3,FALSE,FALSE,FALSE,FALSE,15,FALSE,FALSE,FALSE,FALSE,FALSE,FALSE,FALSE,FALSE,21,FALSE,36,28,FALSE,43,FALSE,FALSE,FALSE,FALSE
101035,"A",2020,0,1,,1,,17,14,5,0,0,11,8,37,36,0,0,0,0,0,1,7,1,1,0,1,1,1,4,0,0,1,40,"A_2020",0,1,1,0,0,0,0,0,0,0,1,1,1,0,1,0,0,1,,17,5,1,1,,TRUE,FALSE,FALSE,FALSE,14,FALSE,FALSE,FALSE,FALSE,FALSE,FALSE,FALSE,FALSE,23,FALSE,37,22,FALSE,36,FALSE,FALSE,FALSE,FALSE
101036,"A",2020,1,0,12,1,2,17,15,6,0,0,6,0,52,58,0,1,1,1,1,1,8,1,1,1,0,0,0,4,0,0,0,0,"A_2020",1,0,1,0,0,0,1,1,1,1,1,1,1,1,0,0,0,0,2,17,6,0,0,3,FALSE,FALSE,FALSE,FALSE,15,FALSE,FALSE,FALSE,FALSE,FALSE,FALSE,FALSE,FALSE,37,FALSE,52,43,FALSE,58,FALSE,FALSE,FALSE,FALSE
101037,"A",2020,1,1,12,1,2,,14,3,0,0,6,,38,,,0,1,0,0,0,7,1,1,0,0,0,0,2,0,0,1,40,"A_2020",1,1,1,0,0,,0,1,0,0,0,1,1,0,0,0,0,1,2,,3,0,0,2,FALSE,FALSE,FALSE,FALSE,14,FALSE,FALSE,FALSE,FALSE,FALSE,FALSE,FALSE,FALSE,24,FALSE,38,,FALSE,,FALSE,FALSE,FALSE,FALSE
101038,"A",2020,0,0,10,1,2,17,13,3,0,0,5,9,31,35,0,0,1,1,0,1,8,1,1,1,0,0,0,4,0,0,0,0,"A_2020",0,0,1,0,0,0,0,1,1,0,1,1,1,1,0,0,0,0,2,17,3,0,0,3,FALSE,FALSE,FALSE,FALSE,13,FALSE,FALSE,FALSE,FALSE,FALSE,FALSE,FALSE,FALSE,18,FALSE,31,22,FALSE,35,FALSE,FALSE,FALSE,FALSE
101039,"A",2020,0,1,13,1,3,16,15,2,0,1,3,5,44,55,0,0,1,0,0,1,8,1,1,1,0,0,0,4,0,0,1,0,"A_2020",0,1,1,0,1,0,0,1,0,0,1,1,1,1,0,0,0,1,3,16,2,0,0,2,FALSE,FALSE,FALSE,FALSE,15,FALSE,FALSE,FALSE,FALSE,FALSE,FALSE,FALSE,FALSE,29,FALSE,44,40,FALSE,55,FALSE,FALSE,TRUE,FALSE
101040,"A",2020,1,1,11,1,3,10,13,8,1,0,11,11,38,42,0,1,1,1,1,1,8,1,1,1,0,0,0,4,0,0,0,0,"A_2020",1,1,1,1,0,0,1,1,1,1,1,1,1,1,0,0,0,0,3,10,8,0,0,2,FALSE,FALSE,FALSE,FALSE,13,FALSE,FALSE,FALSE,FALSE,FALSE,FALSE,FALSE,FALSE,25,FALSE,38,29,FALSE,42,FALSE,FALSE,TRUE,FALSE
101041,"A",2020,1,0,12,1,,7,14,4,0,0,5,,47,,0,1,1,1,1,1,8,1,1,1,0,0,0,4,0,0,0,0,"A_2020",1,0,1,0,0,0,1,1,1,1,1,1,1,1,0,0,0,0,,7,4,0,0,2,FALSE,FALSE,FALSE,FALSE,14,FALSE,FALSE,FALSE,FALSE,FALSE,FALSE,FALSE,FALSE,33,FALSE,47,,FALSE,,FALSE,FALSE,TRUE,FALSE
101042,"A",2020,1,1,13,1,,,16,4,0,0,5,3,33,35,0,0,1,1,0,1,8,1,1,1,0,0,0,4,0,0,0,0,"A_2020",1,1,1,0,0,0,0,1,1,0,1,1,1,1,0,0,0,0,,,4,0,0,3,FALSE,FALSE,FALSE,FALSE,16,FALSE,FALSE,FALSE,FALSE,FALSE,FALSE,FALSE,FALSE,17,FALSE,33,19,FALSE,35,FALSE,FALSE,FALSE,FALSE
101043,"A",2020,1,1,14,1,2,17,16,3,0,0,5,,32,33,,0,1,1,1,1,8,1,1,1,0,0,0,4,0,0,0,0,"A_2020",1,1,1,0,0,,0,1,1,1,1,1,1,1,0,0,0,0,2,17,3,0,0,2,FALSE,FALSE,FALSE,FALSE,16,FALSE,FALSE,FALSE,FALSE,FALSE,FALSE,FALSE,FALSE,16,FALSE,32,17,FALSE,33,FALSE,FALSE,TRUE,FALSE
101044,"A",2020,0,1,12,1,2,4,14,8,1,0,3,5,40,52,0,0,1,1,1,1,8,1,1,1,0,0,0,4,0,0,0,0,"A_2020",0,1,1,1,0,0,0,1,1,1,1,1,1,1,0,0,0,0,2,4,8,0,0,2,FALSE,FALSE,FALSE,FALSE,14,FALSE,FALSE,FALSE,FALSE,FALSE,FALSE,FALSE,FALSE,26,FALSE,40,38,FALSE,52,FALSE,FALSE,TRUE,FALSE
101045,"A",2020,1,1,11,1,2,4,13,4,0,0,11,10,48,34,0,1,1,1,1,1,8,1,1,1,0,0,0,4,0,0,0,0,"A_2020",1,1,1,0,0,0,1,1,1,1,1,1,1,1,0,0,0,0,2,4,4,0,0,2,FALSE,FALSE,FALSE,FALSE,13,FALSE,FALSE,FALSE,FALSE,FALSE,FALSE,FALSE,FALSE,35,FALSE,48,21,FALSE,34,FALSE,FALSE,TRUE,FALSE
101046,"B",2018,1,1,12,0,,,16,7,1,0,,,,,,0,1,1,0,0,8,1,1,1,0,0,0,4,0,0,0,0,"B_2018",1,1,0,1,0,,0,1,1,0,0,1,1,1,0,0,0,0,,,7,0,0,4,FALSE,FALSE,FALSE,FALSE,16,FALSE,FALSE,FALSE,FALSE,FALSE,FALSE,FALSE,FALSE,,FALSE,,,FALSE,,FALSE,FALSE,FALSE,FALSE
101047,"A",2020,0,1,12,1,2,,15,5,0,0,9,11,35,19,0,0,1,1,1,1,8,1,1,1,0,0,0,4,0,0,0,0,"A_2020",0,1,1,0,0,0,0,1,1,1,1,1,1,1,0,0,0,0,2,,5,0,0,3,FALSE,FALSE,FALSE,FALSE,15,FALSE,FALSE,FALSE,FALSE,FALSE,FALSE,FALSE,FALSE,20,FALSE,35,4,FALSE,19,FALSE,FALSE,FALSE,FALSE
101048,"A",2022,1,0,11,1,2,,11,8,1,0,11,11,33,34,,1,1,1,1,1,6,1,0,0,0,0,0,2,0,0,0,0,"A_2022",1,0,1,1,0,,1,1,1,1,1,1,0,0,0,0,0,0,2,,8,0,0,0,FALSE,FALSE,TRUE,TRUE,11,FALSE,FALSE,FALSE,FALSE,FALSE,FALSE,FALSE,FALSE,22,FALSE,33,23,FALSE,34,FALSE,FALSE,TRUE,FALSE
101049,"A",2020,0,0,15,1,,7,17,3,0,0,,,42,50,0,0,1,1,0,0,7,1,1,0,0,0,0,3,0,1,1,40,"A_2020",0,0,1,0,0,0,0,1,1,0,0,1,1,0,0,0,1,1,,7,3,0,0,2,FALSE,FALSE,FALSE,FALSE,17,FALSE,FALSE,FALSE,FALSE,FALSE,FALSE,FALSE,FALSE,25,FALSE,42,33,FALSE,50,FALSE,FALSE,FALSE,FALSE
101050,"A",2020,0,0,12,1,2,11,15,5,0,0,8,,36,40,,0,1,1,1,1,8,1,1,1,0,0,0,4,0,0,0,0,"A_2020",0,0,1,0,0,,0,1,1,1,1,1,1,1,0,0,0,0,2,11,5,0,0,3,FALSE,FALSE,FALSE,FALSE,15,FALSE,FALSE,FALSE,FALSE,FALSE,FALSE,FALSE,FALSE,21,FALSE,36,25,FALSE,40,FALSE,FALSE,FALSE,FALSE
101051,"A",2020,1,1,11,1,,11,13,1,0,1,8,5,41,51,1,0,1,1,1,1,7,1,1,0,1,1,1,4,0,0,0,0,"A_2020",1,1,1,0,1,1,0,1,1,1,1,1,1,0,1,0,0,0,,11,1,1,1,2,FALSE,FALSE,FALSE,FALSE,13,FALSE,FALSE,FALSE,FALSE,FALSE,FALSE,FALSE,FALSE,28,FALSE,41,38,FALSE,51,FALSE,FALSE,TRUE,FALSE
101052,"A",2022,0,1,12,1,1,,12,7,1,1,11,11,30,36,0,0,1,0,0,1,6,1,0,0,0,0,0,2,0,0,0,0,"A_2022",0,1,1,1,1,0,0,1,0,0,1,1,0,0,0,0,0,0,1,,7,0,0,0,FALSE,FALSE,TRUE,TRUE,12,FALSE,FALSE,FALSE,FALSE,FALSE,FALSE,FALSE,FALSE,18,FALSE,30,24,FALSE,36,FALSE,FALSE,TRUE,FALSE
101053,"A",2020,0,0,14,1,,,16,1,0,1,7,3,33,40,0,0,1,0,0,0,6,1,0,0,0,0,0,1,1,1,1,24,"A_2020",0,0,1,0,1,0,0,1,0,0,0,1,0,0,0,1,1,1,,,1,0,0,2,FALSE,FALSE,FALSE,FALSE,16,FALSE,FALSE,FALSE,FALSE,FALSE,FALSE,FALSE,FALSE,17,FALSE,33,24,FALSE,40,FALSE,FALSE,FALSE,FALSE
101054,"A",2020,1,0,12,1,2,,14,4,0,0,8,,46,,,1,1,1,1,1,8,1,1,1,0,0,0,4,0,0,0,0,"A_2020",1,0,1,0,0,,1,1,1,1,1,1,1,1,0,0,0,0,2,,4,0,0,2,FALSE,FALSE,FALSE,FALSE,14,FALSE,FALSE,FALSE,FALSE,FALSE,FALSE,FALSE,FALSE,32,FALSE,46,,FALSE,,FALSE,FALSE,TRUE,FALSE
101055,"A",2020,0,1,15,1,2,5,17,3,0,0,3,6,40,43,0,0,0,0,1,1,9,1,1,1,0,1,1,6,0,0,1,8,"A_2020",0,1,1,0,0,0,0,0,0,1,1,1,1,1,1,0,0,1,2,5,3,0,1,2,FALSE,FALSE,FALSE,FALSE,17,FALSE,FALSE,FALSE,FALSE,FALSE,FALSE,FALSE,FALSE,23,FALSE,40,26,FALSE,43,FALSE,TRUE,TRUE,FALSE
101056,"A",2020,1,1,14,1,2,11,17,3,0,1,5,11,45,49,1,0,1,1,1,1,8,1,1,1,1,1,1,4,0,0,0,0,"A_2020",1,1,1,0,1,1,0,1,1,1,1,1,1,1,1,0,0,0,2,11,3,1,1,3,FALSE,FALSE,FALSE,FALSE,17,FALSE,FALSE,FALSE,FALSE,FALSE,FALSE,FALSE,FALSE,28,FALSE,45,32,FALSE,49,FALSE,FALSE,FALSE,FALSE
101057,"A",2020,1,0,15,1,2,8,17,3,0,0,11,,43,,,0,1,1,0,0,8,1,1,1,0,0,0,3,0,0,0,0,"A_2020",1,0,1,0,0,,0,1,1,0,0,1,1,1,0,0,0,0,2,8,3,0,0,2,FALSE,FALSE,FALSE,FALSE,17,FALSE,FALSE,FALSE,FALSE,FALSE,FALSE,FALSE,FALSE,26,FALSE,43,,FALSE,,FALSE,FALSE,FALSE,FALSE
101058,"A",2020,0,1,14,1,2,19,18,4,1,0,5,5,37,41,0,0,0,0,1,1,10,1,1,1,1,1,2,6,0,0,0,0,"A_2020",0,1,1,1,0,0,0,0,0,1,1,1,1,1,1,0,0,0,2,19,4,1,2,4,FALSE,FALSE,FALSE,FALSE,18,FALSE,FALSE,FALSE,FALSE,FALSE,FALSE,FALSE,FALSE,19,FALSE,37,23,FALSE,41,FALSE,TRUE,TRUE,FALSE
101059,"A",2020,1,1,11,1,2,5,14,6,1,0,11,11,38,40,1,1,1,1,1,1,9,1,1,1,0,0,0,4,0,0,0,0,"A_2020",1,1,1,1,0,1,1,1,1,1,1,1,1,1,0,0,0,0,2,5,6,0,0,3,FALSE,FALSE,FALSE,FALSE,14,FALSE,FALSE,FALSE,FALSE,FALSE,FALSE,FALSE,FALSE,24,FALSE,38,26,FALSE,40,FALSE,FALSE,FALSE,FALSE
101060,"A",2020,1,1,14,1,2,5,17,12,1,0,5,5,54,60,0,0,1,0,0,0,6,1,0,0,0,0,0,1,0,0,1,40,"A_2020",1,1,1,1,0,0,0,1,0,0,0,1,0,0,0,0,0,1,2,5,12,0,0,3,FALSE,FALSE,FALSE,FALSE,17,FALSE,FALSE,FALSE,FALSE,FALSE,FALSE,FALSE,FALSE,37,FALSE,54,43,FALSE,60,FALSE,FALSE,FALSE,FALSE
101061,"A",2022,1,0,11,1,2,,12,7,1,0,11,9,42,39,,0,1,1,1,1,6,1,0,0,0,0,0,2,0,0,0,0,"A_2022",1,0,1,1,0,,0,1,1,1,1,1,0,0,0,0,0,0,2,,7,0,0,1,FALSE,FALSE,FALSE,TRUE,12,FALSE,FALSE,FALSE,FALSE,FALSE,FALSE,FALSE,FALSE,30,FALSE,42,27,FALSE,39,FALSE,FALSE,FALSE,FALSE
101062,"A",2020,0,1,13,1,2,,16,4,0,0,0,,49,,,0,0,0,0,1,8,1,1,1,0,0,0,4,0,0,0,0,"A_2020",0,1,1,0,0,,0,0,0,0,1,1,1,1,0,0,0,0,2,,4,0,0,3,FALSE,FALSE,FALSE,FALSE,16,FALSE,FALSE,FALSE,FALSE,FALSE,FALSE,FALSE,FALSE,33,FALSE,49,,FALSE,,FALSE,FALSE,FALSE,FALSE
101063,"A",2020,1,1,11,1,1,5,13,4,0,0,5,7,47,56,0,1,1,1,1,1,8,1,1,1,0,0,0,4,0,0,0,0,"A_2020",1,1,1,0,0,0,1,1,1,1,1,1,1,1,0,0,0,0,1,5,4,0,0,2,FALSE,FALSE,FALSE,FALSE,13,FALSE,FALSE,FALSE,FALSE,FALSE,FALSE,FALSE,FALSE,34,FALSE,47,43,FALSE,56,FALSE,FALSE,TRUE,FALSE
101064,"A",2020,1,1,13,1,2,19,15,3,0,0,,,32,42,0,0,0,0,0,1,5,0,0,0,2,1,2,4,0,0,0,0,"A_2020",1,1,1,0,0,0,0,0,0,0,1,0,0,0,1,0,0,0,2,19,3,2,2,2,FALSE,FALSE,FALSE,FALSE,15,FALSE,FALSE,FALSE,FALSE,FALSE,FALSE,FALSE,FALSE,17,FALSE,32,27,FALSE,42,FALSE,FALSE,TRUE,FALSE
101065,"A",2022,1,1,11,1,2,,12,7,1,0,11,5,45,59,0,1,1,1,1,1,6,1,0,0,0,0,0,2,0,0,0,0,"A_2022",1,1,1,1,0,0,1,1,1,1,1,1,0,0,0,0,0,0,2,,7,0,0,1,FALSE,FALSE,FALSE,TRUE,12,FALSE,FALSE,FALSE,FALSE,FALSE,FALSE,FALSE,FALSE,33,FALSE,45,47,FALSE,59,FALSE,FALSE,FALSE,FALSE
101066,"A",2020,0,0,11,1,2,,14,4,0,0,6,8,30,43,1,0,1,1,1,1,8,1,1,1,0,0,0,4,0,0,0,0,"A_2020",0,0,1,0,0,1,0,1,1,1,1,1,1,1,0,0,0,0,2,,4,0,0,3,FALSE,FALSE,FALSE,FALSE,14,FALSE,FALSE,FALSE,FALSE,FALSE,FALSE,FALSE,FALSE,16,FALSE,30,29,FALSE,43,FALSE,FALSE,FALSE,FALSE
101067,"A",2020,1,1,12,1,2,,14,3,0,0,6,,39,,,1,1,1,1,1,8,1,1,1,0,0,0,4,0,0,0,0,"A_2020",1,1,1,0,0,,1,1,1,1,1,1,1,1,0,0,0,0,2,,3,0,0,2,FALSE,FALSE,FALSE,FALSE,14,FALSE,FALSE,FALSE,FALSE,FALSE,FALSE,FALSE,FALSE,25,FALSE,39,,FALSE,,FALSE,FALSE,TRUE,FALSE
101068,"A",2020,0,1,12,1,,5,15,1,1,0,4,5,32,39,0,0,1,1,1,1,9,1,1,1,0,0,0,4,0,0,0,0,"A_2020",0,1,1,1,0,0,0,1,1,1,1,1,1,1,0,0,0,0,,5,1,0,0,3,FALSE,FALSE,FALSE,FALSE,15,FALSE,FALSE,FALSE,FALSE,FALSE,FALSE,FALSE,FALSE,17,FALSE,32,24,FALSE,39,FALSE,FALSE,FALSE,FALSE
101069,"A",2020,0,1,11,1,3,10,14,4,0,0,11,8,36,36,0,0,1,0,1,1,7,1,1,0,1,1,1,4,0,0,0,0,"A_2020",0,1,1,0,0,0,0,1,0,1,1,1,1,0,1,0,0,0,3,10,4,1,1,3,FALSE,FALSE,FALSE,FALSE,14,FALSE,FALSE,FALSE,FALSE,FALSE,FALSE,FALSE,FALSE,22,FALSE,36,22,FALSE,36,FALSE,FALSE,FALSE,FALSE
101070,"A",2020,0,1,14,1,2,6,17,4,0,0,,,47,58,0,0,1,0,0,0,6,1,0,0,0,0,0,1,0,0,1,40,"A_2020",0,1,1,0,0,0,0,1,0,0,0,1,0,0,0,0,0,1,2,6,4,0,0,3,FALSE,FALSE,FALSE,FALSE,17,FALSE,FALSE,FALSE,FALSE,FALSE,FALSE,FALSE,FALSE,30,FALSE,47,41,FALSE,58,FALSE,FALSE,FALSE,FALSE
101071,"A",2020,1,0,11,1,2,18,13,3,0,0,9,5,35,39,0,1,1,1,1,1,8,1,1,1,0,0,0,4,0,0,0,0,"A_2020",1,0,1,0,0,0,1,1,1,1,1,1,1,1,0,0,0,0,2,18,3,0,0,2,FALSE,FALSE,FALSE,FALSE,13,FALSE,FALSE,FALSE,FALSE,FALSE,FALSE,FALSE,FALSE,22,FALSE,35,26,FALSE,39,FALSE,FALSE,TRUE,FALSE
101072,"A",2020,1,1,12,1,,19,15,7,1,0,1,3,37,37,0,0,1,1,0,1,7,1,1,0,0,0,0,3,0,0,0,0,"A_2020",1,1,1,1,0,0,0,1,1,0,1,1,1,0,0,0,0,0,,19,7,0,0,3,FALSE,FALSE,FALSE,FALSE,15,FALSE,FALSE,FALSE,FALSE,FALSE,FALSE,FALSE,FALSE,22,FALSE,37,22,FALSE,37,FALSE,FALSE,FALSE,FALSE
101073,"A",2020,1,1,,1,,7,14,3,0,0,5,8,37,37,0,1,1,1,1,1,8,1,1,1,0,0,0,4,0,0,0,0,"A_2020",1,1,1,0,0,0,1,1,1,1,1,1,1,1,0,0,0,0,,7,3,0,0,,TRUE,FALSE,FALSE,FALSE,14,FALSE,FALSE,FALSE,FALSE,FALSE,FALSE,FALSE,FALSE,23,FALSE,37,23,FALSE,37,FALSE,FALSE,FALSE,FALSE
101074,"A",2022,1,0,12,1,2,,13,7,1,0,8,6,38,48,0,1,1,1,1,1,6,1,0,0,0,0,0,2,0,0,0,0,"A_2022",1,0,1,1,0,0,1,1,1,1,1,1,0,0,0,0,0,0,2,,7,0,0,1,FALSE,FALSE,FALSE,TRUE,13,FALSE,FALSE,FALSE,FALSE,FALSE,FALSE,FALSE,FALSE,25,FALSE,38,35,FALSE,48,FALSE,FALSE,FALSE,FALSE
101075,"A",2020,0,1,11,1,2,11,13,2,0,1,11,11,33,37,1,0,1,1,1,1,7,1,1,0,1,1,1,4,0,0,0,0,"A_2020",0,1,1,0,1,1,0,1,1,1,1,1,1,0,1,0,0,0,2,11,2,1,1,2,FALSE,FALSE,FALSE,FALSE,13,FALSE,FALSE,FALSE,FALSE,FALSE,FALSE,FALSE,FALSE,20,FALSE,33,24,FALSE,37,FALSE,FALSE,TRUE,FALSE
101076,"A",2020,0,1,10,1,3,4,13,3,0,0,7,11,36,31,0,0,1,1,0,1,8,1,1,1,0,0,0,4,0,0,0,0,"A_2020",0,1,1,0,0,0,0,1,1,0,1,1,1,1,0,0,0,0,3,4,3,0,0,3,FALSE,FALSE,FALSE,FALSE,13,FALSE,FALSE,FALSE,FALSE,FALSE,FALSE,FALSE,FALSE,23,FALSE,36,18,FALSE,31,FALSE,FALSE,FALSE,FALSE
101077,"A",2020,0,1,15,1,,,18,6,0,0,5,11,38,34,0,0,1,1,1,1,8,1,1,1,2,1,2,6,0,0,0,0,"A_2020",0,1,1,0,0,0,0,1,1,1,1,1,1,1,1,0,0,0,,,6,2,2,3,FALSE,FALSE,FALSE,FALSE,18,FALSE,FALSE,FALSE,FALSE,FALSE,FALSE,FALSE,FALSE,20,FALSE,38,16,FALSE,34,FALSE,TRUE,TRUE,FALSE
101078,"A",2020,0,0,,1,,12,14,8,1,0,5,8,40,38,0,0,1,1,1,1,8,1,1,1,0,0,0,4,0,0,0,0,"A_2020",0,0,1,1,0,0,0,1,1,1,1,1,1,1,0,0,0,0,,12,8,0,0,,TRUE,FALSE,FALSE,FALSE,14,FALSE,FALSE,FALSE,FALSE,FALSE,FALSE,FALSE,FALSE,26,FALSE,40,24,FALSE,38,FALSE,FALSE,FALSE,FALSE
101079,"A",2020,0,0,11,1,3,,14,6,0,0,11,5,50,60,0,0,1,1,1,1,8,1,1,1,0,0,0,4,0,0,0,0,"A_2020",0,0,1,0,0,0,0,1,1,1,1,1,1,1,0,0,0,0,3,,6,0,0,3,FALSE,FALSE,FALSE,FALSE,14,FALSE,FALSE,FALSE,FALSE,FALSE,FALSE,FALSE,FALSE,36,FALSE,50,46,FALSE,60,FALSE,FALSE,FALSE,FALSE
101080,"B",2018,0,0,10,0,1,,15,6,1,1,,3,,41,0,0,1,1,1,1,9,1,1,1,0,0,0,6,0,0,0,0,"B_2018",0,0,0,1,1,0,0,1,1,1,1,1,1,1,0,0,0,0,1,,6,0,0,5,FALSE,FALSE,FALSE,TRUE,15,FALSE,FALSE,FALSE,FALSE,FALSE,FALSE,FALSE,FALSE,,FALSE,,26,FALSE,41,FALSE,TRUE,FALSE,FALSE
101081,"A",2020,0,0,12,1,2,18,14,8,1,0,5,5,37,44,0,0,1,1,1,1,8,1,1,1,0,0,0,4,0,0,0,0,"A_2020",0,0,1,1,0,0,0,1,1,1,1,1,1,1,0,0,0,0,2,18,8,0,0,2,FALSE,FALSE,FALSE,FALSE,14,FALSE,FALSE,FALSE,FALSE,FALSE,FALSE,FALSE,FALSE,23,FALSE,37,30,FALSE,44,FALSE,FALSE,TRUE,FALSE
101082,"A",2020,0,1,14,1,2,10,16,6,0,0,1,0,47,43,0,0,1,0,0,0,5,0,0,0,0,0,0,1,0,0,1,25,"A_2020",0,1,1,0,0,0,0,1,0,0,0,0,0,0,0,0,0,1,2,10,6,0,0,2,FALSE,FALSE,FALSE,FALSE,16,FALSE,FALSE,FALSE,FALSE,FALSE,FALSE,FALSE,FALSE,31,FALSE,47,27,FALSE,43,FALSE,FALSE,FALSE,FALSE
101083,"A",2020,0,0,12,1,2,,15,8,1,0,3,0,53,74,0,0,1,1,1,1,8,1,1,1,0,0,0,4,0,0,0,0,"A_2020",0,0,1,1,0,0,0,1,1,1,1,1,1,1,0,0,0,0,2,,8,0,0,3,FALSE,FALSE,FALSE,FALSE,15,FALSE,FALSE,FALSE,FALSE,FALSE,FALSE,FALSE,FALSE,38,FALSE,53,59,FALSE,74,FALSE,FALSE,FALSE,FALSE
101084,"A",2020,0,1,13,1,,7,15,5,0,0,6,3,47,67,,0,1,1,1,1,8,1,1,1,0,0,0,4,0,0,0,0,"A_2020",0,1,1,0,0,,0,1,1,1,1,1,1,1,0,0,0,0,,7,5,0,0,2,FALSE,FALSE,FALSE,FALSE,15,FALSE,FALSE,FALSE,FALSE,FALSE,FALSE,FALSE,FALSE,32,FALSE,47,52,FALSE,67,FALSE,FALSE,TRUE,FALSE
101085,"A",2020,0,1,12,1,2,19,14,4,0,0,5,5,46,52,0,0,1,0,0,1,8,1,1,1,0,0,0,4,0,0,0,0,"A_2020",0,1,1,0,0,0,0,1,0,0,1,1,1,1,0,0,0,0,2,19,4,0,0,2,FALSE,FALSE,FALSE,FALSE,14,FALSE,FALSE,FALSE,FALSE,FALSE,FALSE,FALSE,FALSE,32,FALSE,46,38,FALSE,52,FALSE,FALSE,TRUE,FALSE
101086,"A",2020,0,1,11,1,3,12,14,8,1,0,5,3,47,37,0,0,1,0,0,1,7,1,1,0,1,1,1,4,0,0,0,0,"A_2020",0,1,1,1,0,0,0,1,0,0,1,1,1,0,1,0,0,0,3,12,8,1,1,3,FALSE,FALSE,FALSE,FALSE,14,FALSE,FALSE,FALSE,FALSE,FALSE,FALSE,FALSE,FALSE,33,FALSE,47,23,FALSE,37,FALSE,FALSE,FALSE,FALSE
101087,"A",2020,0,0,,1,2,6,15,3,0,0,11,7,45,44,0,0,1,1,1,1,7,1,1,0,0,0,0,3,0,0,0,0,"A_2020",0,0,1,0,0,0,0,1,1,1,1,1,1,0,0,0,0,0,2,6,3,0,0,,TRUE,FALSE,FALSE,FALSE,15,FALSE,FALSE,FALSE,FALSE,FALSE,FALSE,FALSE,FALSE,30,FALSE,45,29,FALSE,44,FALSE,FALSE,FALSE,FALSE
101088,"A",2020,1,1,14,1,,19,16,3,0,0,,,32,34,0,1,1,1,1,1,8,1,1,1,0,0,0,4,0,0,1,20,"A_2020",1,1,1,0,0,0,1,1,1,1,1,1,1,1,0,0,0,1,,19,3,0,0,2,FALSE,FALSE,FALSE,FALSE,16,FALSE,FALSE,FALSE,FALSE,FALSE,FALSE,FALSE,FALSE,16,FALSE,32,18,FALSE,34,FALSE,FALSE,TRUE,FALSE
101089,"B",2018,1,1,13,0,1,,18,7,1,1,5,3,45,46,0,1,1,1,1,1,10,1,1,1,0,0,0,6,0,0,0,0,"B_2018",1,1,0,1,1,0,1,1,1,1,1,1,1,1,0,0,0,0,1,,7,0,0,5,FALSE,FALSE,FALSE,TRUE,18,FALSE,FALSE,FALSE,FALSE,FALSE,FALSE,FALSE,FALSE,27,FALSE,45,28,FALSE,46,FALSE,TRUE,FALSE,FALSE
101090,"A",2020,1,0,13,1,2,19,16,3,0,0,1,5,49,44,0,0,1,1,0,0,8,1,1,1,0,0,0,3,0,1,1,0,"A_2020",1,0,1,0,0,0,0,1,1,0,0,1,1,1,0,0,1,1,2,19,3,0,0,3,FALSE,FALSE,FALSE,FALSE,16,FALSE,FALSE,FALSE,FALSE,FALSE,FALSE,FALSE,FALSE,33,FALSE,49,28,FALSE,44,FALSE,FALSE,FALSE,FALSE
101091,"A",2020,0,0,12,1,2,,14,3,0,0,2,7,47,38,1,1,1,1,1,1,7,1,1,0,1,1,1,4,0,0,0,0,"A_2020",0,0,1,0,0,1,1,1,1,1,1,1,1,0,1,0,0,0,2,,3,1,1,2,FALSE,FALSE,FALSE,FALSE,14,FALSE,FALSE,FALSE,FALSE,FALSE,FALSE,FALSE,FALSE,33,FALSE,47,24,FALSE,38,FALSE,FALSE,TRUE,FALSE
101092,"A",2020,1,1,,1,3,18,12,11,1,0,7,8,35,38,0,0,1,0,0,0,6,1,0,0,0,0,0,1,0,0,0,0,"A_2020",1,1,1,1,0,0,0,1,0,0,0,1,0,0,0,0,0,0,3,18,11,0,0,,TRUE,FALSE,FALSE,FALSE,12,FALSE,FALSE,FALSE,FALSE,FALSE,FALSE,FALSE,FALSE,23,FALSE,35,26,FALSE,38,FALSE,FALSE,FALSE,FALSE
101093,"A",2020,1,0,13,1,2,19,15,3,0,0,5,5,38,65,0,0,1,1,0,1,8,1,1,1,0,0,0,4,0,0,0,0,"A_2020",1,0,1,0,0,0,0,1,1,0,1,1,1,1,0,0,0,0,2,19,3,0,0,2,FALSE,FALSE,FALSE,FALSE,15,FALSE,FALSE,FALSE,FALSE,FALSE,FALSE,FALSE,FALSE,23,FALSE,38,50,FALSE,65,FALSE,FALSE,TRUE,FALSE
101094,"A",2020,1,0,12,1,2,11,14,3,0,1,6,6,35,41,1,0,1,0,0,1,8,1,1,1,0,0,0,4,0,0,0,0,"A_2020",1,0,1,0,1,1,0,1,0,0,1,1,1,1,0,0,0,0,2,11,3,0,0,2,FALSE,FALSE,FALSE,FALSE,14,FALSE,FALSE,FALSE,FALSE,FALSE,FALSE,FALSE,FALSE,21,FALSE,35,27,FALSE,41,FALSE,FALSE,TRUE,FALSE
101095,"A",2022,1,0,12,1,1,,13,7,1,0,3,3,48,50,0,1,1,1,1,1,6,1,0,0,0,0,0,2,0,0,0,0,"A_2022",1,0,1,1,0,0,1,1,1,1,1,1,0,0,0,0,0,0,1,,7,0,0,1,FALSE,FALSE,FALSE,TRUE,13,FALSE,FALSE,FALSE,FALSE,FALSE,FALSE,FALSE,FALSE,35,FALSE,48,37,FALSE,50,FALSE,FALSE,FALSE,FALSE
101096,"A",2022,0,0,14,1,2,,15,8,1,0,6,,32,,,0,1,1,1,1,6,1,0,0,0,0,0,2,0,0,0,0,"A_2022",0,0,1,1,0,,0,1,1,1,1,1,0,0,0,0,0,0,2,,8,0,0,1,FALSE,FALSE,FALSE,TRUE,15,FALSE,FALSE,FALSE,FALSE,FALSE,FALSE,FALSE,FALSE,17,FALSE,32,,FALSE,,FALSE,FALSE,FALSE,FALSE
101097,"A",2020,1,0,13,1,2,17,16,3,0,0,5,,35,,,0,0,0,0,0,7,1,1,0,0,1,1,4,0,0,1,40,"A_2020",1,0,1,0,0,,0,0,0,0,0,1,1,0,1,0,0,1,2,17,3,0,1,3,FALSE,FALSE,FALSE,FALSE,16,FALSE,FALSE,FALSE,FALSE,FALSE,FALSE,FALSE,FALSE,19,FALSE,35,,FALSE,,FALSE,FALSE,FALSE,FALSE
101098,"A",2022,1,0,12,1,2,,12,7,1,0,8,5,36,39,0,1,1,1,1,1,6,1,0,0,0,0,0,2,0,0,0,0,"A_2022",1,0,1,1,0,0,1,1,1,1,1,1,0,0,0,0,0,0,2,,7,0,0,0,FALSE,FALSE,TRUE,TRUE,12,FALSE,FALSE,FALSE,FALSE,FALSE,FALSE,FALSE,FALSE,24,FALSE,36,27,FALSE,39,FALSE,FALSE,TRUE,FALSE
101099,"A",2022,0,1,11,1,2,,12,7,1,0,6,7,32,34,1,0,1,0,0,1,6,1,0,0,0,0,0,2,0,0,0,0,"A_2022",0,1,1,1,0,1,0,1,0,0,1,1,0,0,0,0,0,0,2,,7,0,0,1,FALSE,FALSE,FALSE,TRUE,12,FALSE,FALSE,FALSE,FALSE,FALSE,FALSE,FALSE,FALSE,20,FALSE,32,22,FALSE,34,FALSE,FALSE,FALSE,FALSE
101100,"A",2020,0,1,14,1,2,17,17,4,0,0,6,8,37,52,1,0,0,0,0,0,8,1,1,1,0,0,0,3,0,0,0,0,"A_2020",0,1,1,0,0,1,0,0,0,0,0,1,1,1,0,0,0,0,2,17,4,0,0,3,FALSE,FALSE,FALSE,FALSE,17,FALSE,FALSE,FALSE,FALSE,FALSE,FALSE,FALSE,FALSE,20,FALSE,37,35,FALSE,52,FALSE,FALSE,FALSE,FALSE
101101,"A",2020,1,0,12,1,2,,13,4,0,0,,,,,,1,1,1,1,1,8,1,1,1,0,0,0,4,0,0,0,0,"A_2020",1,0,1,0,0,,1,1,1,1,1,1,1,1,0,0,0,0,2,,4,0,0,1,FALSE,FALSE,FALSE,TRUE,13,FALSE,FALSE,FALSE,FALSE,FALSE,FALSE,FALSE,FALSE,,FALSE,,,FALSE,,FALSE,FALSE,TRUE,FALSE
101102,"A",2020,1,0,11,1,1,19,13,3,0,0,,,36,50,0,0,1,1,1,1,8,1,1,1,0,0,0,4,0,0,0,0,"A_2020",1,0,1,0,0,0,0,1,1,1,1,1,1,1,0,0,0,0,1,19,3,0,0,2,FALSE,FALSE,FALSE,FALSE,13,FALSE,FALSE,FALSE,FALSE,FALSE,FALSE,FALSE,FALSE,23,FALSE,36,37,FALSE,50,FALSE,FALSE,TRUE,FALSE
101103,"A",2020,0,0,13,1,2,,15,6,0,0,5,3,38,36,0,0,1,1,0,0,8,1,1,1,0,0,0,3,0,0,0,0,"A_2020",0,0,1,0,0,0,0,1,1,0,0,1,1,1,0,0,0,0,2,,6,0,0,2,FALSE,FALSE,FALSE,FALSE,15,FALSE,FALSE,FALSE,FALSE,FALSE,FALSE,FALSE,FALSE,23,FALSE,38,21,FALSE,36,FALSE,FALSE,FALSE,FALSE
101104,"A",2022,0,0,12,1,2,,13,9,1,0,6,1,38,39,0,1,1,1,1,1,6,1,0,0,0,0,0,2,0,0,0,0,"A_2022",0,0,1,1,0,0,1,1,1,1,1,1,0,0,0,0,0,0,2,,9,0,0,1,FALSE,FALSE,FALSE,TRUE,13,FALSE,FALSE,FALSE,FALSE,FALSE,FALSE,FALSE,FALSE,25,FALSE,38,26,FALSE,39,FALSE,FALSE,FALSE,FALSE
101105,"A",2020,0,0,11,1,2,14,15,5,0,0,5,5,50,55,0,0,1,1,1,1,8,1,1,1,0,0,0,4,0,0,0,0,"A_2020",0,0,1,0,0,0,0,1,1,1,1,1,1,1,0,0,0,0,2,14,5,0,0,4,FALSE,FALSE,FALSE,FALSE,15,FALSE,FALSE,FALSE,FALSE,FALSE,FALSE,FALSE,FALSE,35,FALSE,50,40,FALSE,55,FALSE,FALSE,FALSE,FALSE
101106,"A",2020,0,1,11,1,2,10,14,8,1,0,5,5,39,36,0,0,1,1,1,1,7,1,1,0,0,1,1,4,0,0,0,0,"A_2020",0,1,1,1,0,0,0,1,1,1,1,1,1,0,1,0,0,0,2,10,8,0,1,3,FALSE,FALSE,FALSE,FALSE,14,FALSE,FALSE,FALSE,FALSE,FALSE,FALSE,FALSE,FALSE,25,FALSE,39,22,FALSE,36,FALSE,FALSE,FALSE,FALSE
101107,"A",2020,0,0,11,1,2,5,13,3,0,0,5,8,53,47,0,0,1,1,1,1,8,1,1,1,0,0,0,4,0,0,0,0,"A_2020",0,0,1,0,0,0,0,1,1,1,1,1,1,1,0,0,0,0,2,5,3,0,0,2,FALSE,FALSE,FALSE,FALSE,13,FALSE,FALSE,FALSE,FALSE,FALSE,FALSE,FALSE,FALSE,40,FALSE,53,34,FALSE,47,FALSE,FALSE,TRUE,FALSE
101108,"A",2020,0,0,12,1,2,19,14,3,0,0,5,5,32,45,0,1,1,1,1,1,8,1,1,1,0,0,0,4,0,0,0,0,"A_2020",0,0,1,0,0,0,1,1,1,1,1,1,1,1,0,0,0,0,2,19,3,0,0,2,FALSE,FALSE,FALSE,FALSE,14,FALSE,FALSE,FALSE,FALSE,FALSE,FALSE,FALSE,FALSE,18,FALSE,32,31,FALSE,45,FALSE,FALSE,TRUE,FALSE
101109,"A",2020,1,1,16,1,3,10,18,2,0,1,3,6,40,42,0,1,1,1,1,1,8,1,1,1,0,0,0,4,0,0,0,0,"A_2020",1,1,1,0,1,0,1,1,1,1,1,1,1,1,0,0,0,0,3,10,2,0,0,2,FALSE,FALSE,FALSE,FALSE,18,FALSE,FALSE,FALSE,FALSE,FALSE,FALSE,FALSE,FALSE,22,FALSE,40,24,FALSE,42,FALSE,FALSE,TRUE,FALSE
101110,"A",2020,1,1,14,1,2,,16,8,1,0,10,,38,41,,0,1,1,0,0,7,1,1,0,0,0,0,2,0,0,1,40,"A_2020",1,1,1,1,0,,0,1,1,0,0,1,1,0,0,0,0,1,2,,8,0,0,2,FALSE,FALSE,FALSE,FALSE,16,FALSE,FALSE,FALSE,FALSE,FALSE,FALSE,FALSE,FALSE,22,FALSE,38,25,FALSE,41,FALSE,FALSE,FALSE,FALSE
101111,"A",2022,0,1,11,1,2,,13,11,1,0,5,5,33,34,0,0,1,0,0,1,5,0,0,0,1,1,1,2,0,0,0,0,"A_2022",0,1,1,1,0,0,0,1,0,0,1,0,0,0,1,0,0,0,2,,11,1,1,2,FALSE,FALSE,FALSE,FALSE,13,FALSE,FALSE,FALSE,FALSE,FALSE,FALSE,FALSE,FALSE,20,FALSE,33,21,FALSE,34,FALSE,FALSE,FALSE,FALSE
101112,"A",2020,1,0,11,1,1,19,13,3,0,0,8,11,38,38,1,1,1,1,1,1,8,1,1,1,0,0,0,4,0,0,0,0,"A_2020",1,0,1,0,0,1,1,1,1,1,1,1,1,1,0,0,0,0,1,19,3,0,0,2,FALSE,FALSE,FALSE,FALSE,13,FALSE,FALSE,FALSE,FALSE,FALSE,FALSE,FALSE,FALSE,25,FALSE,38,25,FALSE,38,FALSE,FALSE,TRUE,FALSE
101113,"A",2020,1,0,13,1,,8,15,3,0,0,5,,37,,,0,0,0,0,1,8,1,1,1,0,0,0,4,0,0,1,21,"A_2020",1,0,1,0,0,,0,0,0,0,1,1,1,1,0,0,0,1,,8,3,0,0,2,FALSE,FALSE,FALSE,FALSE,15,FALSE,FALSE,FALSE,FALSE,FALSE,FALSE,FALSE,FALSE,22,FALSE,37,,FALSE,,FALSE,FALSE,TRUE,FALSE
101114,"A",2020,0,1,12,1,,,14,3,0,0,,,42,40,0,0,0,0,0,1,7,1,1,0,1,1,1,4,0,0,0,0,"A_2020",0,1,1,0,0,0,0,0,0,0,1,1,1,0,1,0,0,0,,,3,1,1,2,FALSE,FALSE,FALSE,FALSE,14,FALSE,FALSE,FALSE,FALSE,FALSE,FALSE,FALSE,FALSE,28,FALSE,42,26,FALSE,40,FALSE,FALSE,TRUE,FALSE
101115,"A",2020,0,0,13,1,,5,15,3,0,0,3,4,39,40,0,0,1,1,1,1,7,1,1,0,1,1,1,4,0,0,0,0,"A_2020",0,0,1,0,0,0,0,1,1,1,1,1,1,0,1,0,0,0,,5,3,1,1,2,FALSE,FALSE,FALSE,FALSE,15,FALSE,FALSE,FALSE,FALSE,FALSE,FALSE,FALSE,FALSE,24,FALSE,39,25,FALSE,40,FALSE,FALSE,TRUE,FALSE
101116,"A",2020,1,1,11,1,3,10,14,3,0,0,6,5,39,41,0,0,1,0,0,1,7,1,1,0,1,1,1,4,0,0,0,0,"A_2020",1,1,1,0,0,0,0,1,0,0,1,1,1,0,1,0,0,0,3,10,3,1,1,3,FALSE,FALSE,FALSE,FALSE,14,FALSE,FALSE,FALSE,FALSE,FALSE,FALSE,FALSE,FALSE,25,FALSE,39,27,FALSE,41,FALSE,FALSE,FALSE,FALSE
101117,"A",2020,0,1,11,1,2,,13,3,0,0,5,5,30,33,1,0,1,0,0,1,8,1,1,1,0,0,0,4,0,0,0,0,"A_2020",0,1,1,0,0,1,0,1,0,0,1,1,1,1,0,0,0,0,2,,3,0,0,2,FALSE,FALSE,FALSE,FALSE,13,FALSE,FALSE,FALSE,FALSE,FALSE,FALSE,FALSE,FALSE,17,FALSE,30,20,FALSE,33,FALSE,FALSE,TRUE,FALSE
101118,"B",2018,1,1,11,0,2,,15,6,1,1,8,10,37,45,0,1,1,1,1,1,9,1,1,1,0,0,0,6,0,0,1,10,"B_2018",1,1,0,1,1,0,1,1,1,1,1,1,1,1,0,0,0,1,2,,6,0,0,4,FALSE,FALSE,FALSE,FALSE,15,FALSE,FALSE,FALSE,FALSE,FALSE,FALSE,FALSE,FALSE,22,FALSE,37,30,FALSE,45,FALSE,TRUE,TRUE,FALSE
101119,"A",2020,0,0,15,1,2,,17,3,0,0,2,,54,,,0,1,1,1,1,8,1,1,1,0,0,0,4,0,0,0,0,"A_2020",0,0,1,0,0,,0,1,1,1,1,1,1,1,0,0,0,0,2,,3,0,0,2,FALSE,FALSE,FALSE,FALSE,17,FALSE,FALSE,FALSE,FALSE,FALSE,FALSE,FALSE,FALSE,37,FALSE,54,,FALSE,,FALSE,FALSE,TRUE,FALSE
101120,"A",2020,0,1,12,1,3,12,15,3,0,0,7,6,37,38,0,0,1,1,1,1,8,1,1,1,0,0,0,4,0,0,0,0,"A_2020",0,1,1,0,0,0,0,1,1,1,1,1,1,1,0,0,0,0,3,12,3,0,0,3,FALSE,FALSE,FALSE,FALSE,15,FALSE,FALSE,FALSE,FALSE,FALSE,FALSE,FALSE,FALSE,22,FALSE,37,23,FALSE,38,FALSE,FALSE,FALSE,FALSE
101121,"B",2018,0,0,12,0,2,,16,7,1,1,5,,43,,,0,1,1,1,1,8,1,1,1,0,0,0,5,0,0,0,0,"B_2018",0,0,0,1,1,,0,1,1,1,1,1,1,1,0,0,0,0,2,,7,0,0,4,FALSE,FALSE,FALSE,FALSE,16,FALSE,FALSE,FALSE,FALSE,FALSE,FALSE,FALSE,FALSE,27,FALSE,43,,FALSE,,FALSE,TRUE,FALSE,FALSE
101122,"A",2020,1,1,13,1,2,11,15,4,0,0,2,5,36,40,0,1,1,1,1,1,8,1,1,1,0,0,0,4,0,0,0,0,"A_2020",1,1,1,0,0,0,1,1,1,1,1,1,1,1,0,0,0,0,2,11,4,0,0,2,FALSE,FALSE,FALSE,FALSE,15,FALSE,FALSE,FALSE,FALSE,FALSE,FALSE,FALSE,FALSE,21,FALSE,36,25,FALSE,40,FALSE,FALSE,TRUE,FALSE
101123,"A",2020,0,0,12,1,,,15,6,0,0,5,5,33,34,0,0,1,1,1,1,8,1,1,1,0,0,0,4,0,0,0,0,"A_2020",0,0,1,0,0,0,0,1,1,1,1,1,1,1,0,0,0,0,,,6,0,0,3,FALSE,FALSE,FALSE,FALSE,15,FALSE,FALSE,FALSE,FALSE,FALSE,FALSE,FALSE,FALSE,18,FALSE,33,19,FALSE,34,FALSE,FALSE,FALSE,FALSE
101124,"A",2020,0,1,,1,1,19,17,7,1,0,,2,,42,0,0,1,1,0,0,7,1,1,0,0,0,0,2,0,0,1,40,"A_2020",0,1,1,1,0,0,0,1,1,0,0,1,1,0,0,0,0,1,1,19,7,0,0,,TRUE,FALSE,FALSE,FALSE,17,FALSE,FALSE,FALSE,FALSE,FALSE,FALSE,FALSE,FALSE,,FALSE,,25,FALSE,42,FALSE,FALSE,FALSE,FALSE
101125,"A",2020,0,0,13,1,,19,18,3,0,0,5,3,36,50,0,0,1,1,1,1,8,1,1,1,0,0,0,4,0,0,0,0,"A_2020",0,0,1,0,0,0,0,1,1,1,1,1,1,1,0,0,0,0,,19,3,0,0,5,FALSE,FALSE,FALSE,TRUE,18,FALSE,FALSE,FALSE,FALSE,FALSE,FALSE,FALSE,FALSE,18,FALSE,36,32,FALSE,50,FALSE,FALSE,FALSE,FALSE
101126,"A",2020,1,1,13,1,2,19,14,4,0,0,5,7,46,54,0,1,1,1,1,1,8,1,1,1,0,0,0,4,0,0,0,0,"A_2020",1,1,1,0,0,0,1,1,1,1,1,1,1,1,0,0,0,0,2,19,4,0,0,1,FALSE,FALSE,FALSE,TRUE,14,FALSE,FALSE,FALSE,FALSE,FALSE,FALSE,FALSE,FALSE,32,FALSE,46,40,FALSE,54,FALSE,FALSE,TRUE,FALSE
101127,"A",2020,0,0,14,1,2,,16,7,1,0,6,5,46,48,0,0,1,1,1,1,6,1,0,0,1,1,1,3,0,0,1,0,"A_2020",0,0,1,1,0,0,0,1,1,1,1,1,0,0,1,0,0,1,2,,7,1,1,2,FALSE,FALSE,FALSE,FALSE,16,FALSE,FALSE,FALSE,FALSE,FALSE,FALSE,FALSE,FALSE,30,FALSE,46,32,FALSE,48,FALSE,FALSE,FALSE,FALSE
101128,"A",2020,1,0,12,1,3,12,15,6,0,0,8,5,45,53,0,0,1,1,0,1,8,1,1,1,0,0,0,4,0,0,0,0,"A_2020",1,0,1,0,0,0,0,1,1,0,1,1,1,1,0,0,0,0,3,12,6,0,0,3,FALSE,FALSE,FALSE,FALSE,15,FALSE,FALSE,FALSE,FALSE,FALSE,FALSE,FALSE,FALSE,30,FALSE,45,38,FALSE,53,FALSE,FALSE,FALSE,FALSE
101129,"A",2020,1,0,12,1,2,7,15,7,1,0,5,5,35,37,0,1,1,1,1,1,8,1,1,1,0,0,0,4,0,0,0,0,"A_2020",1,0,1,1,0,0,1,1,1,1,1,1,1,1,0,0,0,0,2,7,7,0,0,3,FALSE,FALSE,FALSE,FALSE,15,FALSE,FALSE,FALSE,FALSE,FALSE,FALSE,FALSE,FALSE,20,FALSE,35,22,FALSE,37,FALSE,FALSE,FALSE,FALSE
101130,"A",2020,0,1,11,1,2,11,13,5,0,0,9,5,38,46,0,0,1,0,0,1,6,1,0,0,1,1,1,4,0,0,0,0,"A_2020",0,1,1,0,0,0,0,1,0,0,1,1,0,0,1,0,0,0,2,11,5,1,1,2,FALSE,FALSE,FALSE,FALSE,13,FALSE,FALSE,FALSE,FALSE,FALSE,FALSE,FALSE,FALSE,25,FALSE,38,33,FALSE,46,FALSE,FALSE,TRUE,FALSE
101131,"A",2020,0,0,14,1,2,,17,4,1,0,6,5,47,50,0,0,1,1,0,1,9,1,1,1,0,0,0,4,0,0,0,0,"A_2020",0,0,1,1,0,0,0,1,1,0,1,1,1,1,0,0,0,0,2,,4,0,0,3,FALSE,FALSE,FALSE,FALSE,17,FALSE,FALSE,FALSE,FALSE,FALSE,FALSE,FALSE,FALSE,30,FALSE,47,33,FALSE,50,FALSE,FALSE,FALSE,FALSE
101132,"A",2020,1,0,14,1,1,5,17,3,0,0,3,,35,,,0,1,0,0,0,6,1,0,0,0,0,0,1,0,1,0,0,"A_2020",1,0,1,0,0,,0,1,0,0,0,1,0,0,0,0,1,0,1,5,3,0,0,3,FALSE,FALSE,FALSE,FALSE,17,FALSE,FALSE,FALSE,FALSE,FALSE,FALSE,FALSE,FALSE,18,FALSE,35,,FALSE,,FALSE,FALSE,FALSE,FALSE
101133,"A",2020,0,0,12,1,2,,14,3,0,0,9,5,43,51,0,0,0,0,0,1,8,1,1,1,1,1,1,5,0,0,0,0,"A_2020",0,0,1,0,0,0,0,0,0,0,1,1,1,1,1,0,0,0,2,,3,1,1,2,FALSE,FALSE,FALSE,FALSE,14,FALSE,FALSE,FALSE,FALSE,FALSE,FALSE,FALSE,FALSE,29,FALSE,43,37,FALSE,51,FALSE,TRUE,TRUE,FALSE
101134,"B",2018,0,0,10,0,2,,14,6,1,1,5,11,38,45,0,0,1,1,1,1,9,1,1,1,0,0,0,6,0,0,0,0,"B_2018",0,0,0,1,1,0,0,1,1,1,1,1,1,1,0,0,0,0,2,,6,0,0,4,FALSE,FALSE,FALSE,FALSE,14,FALSE,FALSE,FALSE,FALSE,FALSE,FALSE,FALSE,FALSE,24,FALSE,38,31,FALSE,45,FALSE,TRUE,TRUE,FALSE
101135,"B",2018,1,0,11,0,3,,16,6,1,0,,,43,49,0,1,1,1,1,1,9,1,1,1,0,0,0,6,0,0,1,16,"B_2018",1,0,0,1,0,0,1,1,1,1,1,1,1,1,0,0,0,1,3,,6,0,0,5,FALSE,FALSE,FALSE,TRUE,16,FALSE,FALSE,FALSE,FALSE,FALSE,FALSE,FALSE,FALSE,27,FALSE,43,33,FALSE,49,FALSE,TRUE,FALSE,FALSE
101136,"A",2022,0,1,12,1,2,,12,7,1,0,7,7,32,33,0,0,0,0,0,1,6,1,0,0,0,0,0,2,0,0,0,0,"A_2022",0,1,1,1,0,0,0,0,0,0,1,1,0,0,0,0,0,0,2,,7,0,0,0,FALSE,FALSE,TRUE,TRUE,12,FALSE,FALSE,FALSE,FALSE,FALSE,FALSE,FALSE,FALSE,20,FALSE,32,21,FALSE,33,FALSE,FALSE,TRUE,FALSE
101137,"A",2020,1,0,12,1,2,,14,8,1,0,11,,40,46,,0,0,0,0,1,7,1,1,0,0,1,1,4,0,0,0,0,"A_2020",1,0,1,1,0,,0,0,0,0,1,1,1,0,1,0,0,0,2,,8,0,1,2,FALSE,FALSE,FALSE,FALSE,14,FALSE,FALSE,FALSE,FALSE,FALSE,FALSE,FALSE,FALSE,26,FALSE,40,32,FALSE,46,FALSE,FALSE,TRUE,FALSE
101138,"A",2020,1,0,13,1,,,16,4,0,0,5,,34,,,0,1,1,0,1,8,1,1,1,0,0,0,4,0,0,1,8,"A_2020",1,0,1,0,0,,0,1,1,0,1,1,1,1,0,0,0,1,,,4,0,0,3,FALSE,FALSE,FALSE,FALSE,16,FALSE,FALSE,FALSE,FALSE,FALSE,FALSE,FALSE,FALSE,18,FALSE,34,,FALSE,,FALSE,FALSE,FALSE,FALSE
101139,"B",2018,0,0,16,0,2,,20,7,1,1,0,7,40,41,0,0,,,1,1,5,0,0,0,,0,0,1,0,0,0,0,"B_2018",0,0,0,1,1,0,0,,,1,1,0,0,0,0,0,0,0,2,,7,,0,4,FALSE,FALSE,FALSE,FALSE,20,FALSE,FALSE,FALSE,FALSE,FALSE,FALSE,FALSE,FALSE,20,FALSE,40,21,FALSE,41,FALSE,FALSE,FALSE,FALSE
101140,"B",2018,0,1,14,0,2,,18,7,1,1,4,5,44,39,0,0,1,1,1,1,9,1,1,1,0,0,0,6,0,0,0,0,"B_2018",0,1,0,1,1,0,0,1,1,1,1,1,1,1,0,0,0,0,2,,7,0,0,4,FALSE,FALSE,FALSE,FALSE,18,FALSE,FALSE,FALSE,FALSE,FALSE,FALSE,FALSE,FALSE,26,FALSE,44,21,FALSE,39,FALSE,TRUE,TRUE,FALSE
101141,"A",2022,1,0,12,1,,,14,7,1,0,5,,35,,,1,1,1,1,1,6,1,0,0,0,0,0,2,0,0,0,0,"A_2022",1,0,1,1,0,,1,1,1,1,1,1,0,0,0,0,0,0,,,7,0,0,2,FALSE,FALSE,FALSE,FALSE,14,FALSE,FALSE,FALSE,FALSE,FALSE,FALSE,FALSE,FALSE,21,FALSE,35,,FALSE,,FALSE,FALSE,FALSE,FALSE
101142,"A",2022,1,0,11,1,,,12,8,1,0,,,43,50,,1,1,1,1,1,6,1,0,0,0,0,0,2,0,0,0,0,"A_2022",1,0,1,1,0,,1,1,1,1,1,1,0,0,0,0,0,0,,,8,0,0,1,FALSE,FALSE,FALSE,TRUE,12,FALSE,FALSE,FALSE,FALSE,FALSE,FALSE,FALSE,FALSE,31,FALSE,43,38,FALSE,50,FALSE,FALSE,FALSE,FALSE
101143,"A",2020,1,1,12,1,2,4,14,8,1,0,5,8,40,42,0,1,1,1,1,1,8,1,1,1,0,0,0,4,0,0,0,0,"A_2020",1,1,1,1,0,0,1,1,1,1,1,1,1,1,0,0,0,0,2,4,8,0,0,2,FALSE,FALSE,FALSE,FALSE,14,FALSE,FALSE,FALSE,FALSE,FALSE,FALSE,FALSE,FALSE,26,FALSE,40,28,FALSE,42,FALSE,FALSE,TRUE,FALSE
101144,"B",2018,0,1,14,1,1,,19,6,1,1,2,3,54,58,0,0,0,0,0,1,9,1,1,1,0,0,0,6,0,0,0,0,"B_2018",0,1,1,1,1,0,0,0,0,0,1,1,1,1,0,0,0,0,1,,6,0,0,5,FALSE,FALSE,FALSE,TRUE,19,FALSE,FALSE,FALSE,FALSE,FALSE,FALSE,FALSE,FALSE,35,FALSE,54,39,FALSE,58,FALSE,TRUE,FALSE,FALSE
101145,"B",2018,1,1,15,0,1,,20,7,1,0,5,,45,,,0,1,1,0,0,7,1,1,0,0,0,0,2,0,0,0,0,"B_2018",1,1,0,1,0,,0,1,1,0,0,1,1,0,0,0,0,0,1,,7,0,0,5,FALSE,FALSE,FALSE,TRUE,20,FALSE,FALSE,FALSE,FALSE,FALSE,FALSE,FALSE,FALSE,25,FALSE,45,,FALSE,,FALSE,FALSE,FALSE,FALSE
101146,"A",2022,1,1,14,1,2,,15,7,1,0,3,4,37,41,0,1,1,1,1,1,6,1,0,0,0,0,0,2,0,0,0,0,"A_2022",1,1,1,1,0,0,1,1,1,1,1,1,0,0,0,0,0,0,2,,7,0,0,1,FALSE,FALSE,FALSE,TRUE,15,FALSE,FALSE,FALSE,FALSE,FALSE,FALSE,FALSE,FALSE,22,FALSE,37,26,FALSE,41,FALSE,FALSE,FALSE,FALSE
101147,"A",2022,0,0,16,1,2,,16,7,1,0,5,,33,,,0,1,0,0,0,6,1,0,0,0,0,0,1,0,0,1,8,"A_2022",0,0,1,1,0,,0,1,0,0,0,1,0,0,0,0,0,1,2,,7,0,0,0,FALSE,FALSE,TRUE,TRUE,16,FALSE,FALSE,FALSE,FALSE,FALSE,FALSE,FALSE,FALSE,17,FALSE,33,,FALSE,,FALSE,FALSE,FALSE,FALSE
101148,"A",2020,1,0,16,1,3,19,18,6,0,0,4,5,56,55,0,1,1,1,1,1,8,1,1,1,0,0,0,4,0,0,0,0,"A_2020",1,0,1,0,0,0,1,1,1,1,1,1,1,1,0,0,0,0,3,19,6,0,0,2,FALSE,FALSE,FALSE,FALSE,18,FALSE,FALSE,FALSE,FALSE,FALSE,FALSE,FALSE,FALSE,38,FALSE,56,37,FALSE,55,FALSE,FALSE,TRUE,FALSE
101149,"A",2020,0,1,12,1,2,5,15,7,1,0,5,5,42,42,0,0,1,1,1,1,7,1,1,0,0,1,1,4,0,0,0,0,"A_2020",0,1,1,1,0,0,0,1,1,1,1,1,1,0,1,0,0,0,2,5,7,0,1,3,FALSE,FALSE,FALSE,FALSE,15,FALSE,FALSE,FALSE,FALSE,FALSE,FALSE,FALSE,FALSE,27,FALSE,42,27,FALSE,42,FALSE,FALSE,FALSE,FALSE
101150,"A",2020,0,1,14,1,2,19,17,3,0,0,0,0,60,68,0,0,1,1,1,1,7,1,1,0,0,1,1,4,0,0,0,0,"A_2020",0,1,1,0,0,0,0,1,1,1,1,1,1,0,1,0,0,0,2,19,3,0,1,3,FALSE,FALSE,FALSE,FALSE,17,FALSE,FALSE,FALSE,FALSE,FALSE,FALSE,FALSE,FALSE,43,FALSE,60,51,FALSE,68,FALSE,FALSE,FALSE,FALSE
101151,"A",2020,0,0,15,1,,9,18,5,0,0,,6,,46,0,0,0,1,1,1,8,1,1,1,1,1,1,5,0,0,0,0,"A_2020",0,0,1,0,0,0,0,0,1,1,1,1,1,1,1,0,0,0,,9,5,1,1,3,FALSE,FALSE,FALSE,FALSE,18,FALSE,FALSE,FALSE,FALSE,FALSE,FALSE,FALSE,FALSE,,FALSE,,28,FALSE,46,FALSE,TRUE,TRUE,FALSE
101152,"B",2018,1,1,12,0,,,17,6,1,1,11,6,41,40,0,0,1,0,0,1,8,1,1,1,1,1,1,6,0,0,0,0,"B_2018",1,1,0,1,1,0,0,1,0,0,1,1,1,1,1,0,0,0,,,6,1,1,5,FALSE,FALSE,FALSE,TRUE,17,FALSE,FALSE,FALSE,FALSE,FALSE,FALSE,FALSE,FALSE,24,FALSE,41,23,FALSE,40,FALSE,TRUE,FALSE,FALSE
101153,"A",2020,1,1,12,1,2,18,14,8,1,0,5,11,40,44,0,1,1,1,1,1,8,1,1,1,0,0,0,4,0,0,0,0,"A_2020",1,1,1,1,0,0,1,1,1,1,1,1,1,1,0,0,0,0,2,18,8,0,0,2,FALSE,FALSE,FALSE,FALSE,14,FALSE,FALSE,FALSE,FALSE,FALSE,FALSE,FALSE,FALSE,26,FALSE,40,30,FALSE,44,FALSE,FALSE,TRUE,FALSE
101154,"A",2020,1,0,14,1,2,17,16,9,1,1,,,,,,1,1,1,1,1,8,1,1,1,0,0,0,4,0,0,1,9,"A_2020",1,0,1,1,1,,1,1,1,1,1,1,1,1,0,0,0,1,2,17,9,0,0,2,FALSE,FALSE,FALSE,FALSE,16,FALSE,FALSE,FALSE,FALSE,FALSE,FALSE,FALSE,FALSE,,FALSE,,,FALSE,,FALSE,FALSE,TRUE,FALSE
101155,"A",2020,0,0,13,1,2,19,15,3,0,0,4,3,38,40,0,0,1,1,1,1,8,1,1,1,0,0,0,4,0,0,0,0,"A_2020",0,0,1,0,0,0,0,1,1,1,1,1,1,1,0,0,0,0,2,19,3,0,0,2,FALSE,FALSE,FALSE,FALSE,15,FALSE,FALSE,FALSE,FALSE,FALSE,FALSE,FALSE,FALSE,23,FALSE,38,25,FALSE,40,FALSE,FALSE,TRUE,FALSE
101156,"A",2020,1,0,13,1,2,,15,3,0,0,5,3,37,40,1,1,1,1,1,1,8,1,1,1,0,0,0,4,0,0,0,0,"A_2020",1,0,1,0,0,1,1,1,1,1,1,1,1,1,0,0,0,0,2,,3,0,0,2,FALSE,FALSE,FALSE,FALSE,15,FALSE,FALSE,FALSE,FALSE,FALSE,FALSE,FALSE,FALSE,22,FALSE,37,25,FALSE,40,FALSE,FALSE,TRUE,FALSE
101157,"B",2018,1,0,12,1,,,17,6,1,1,,,48,57,0,0,0,0,0,1,8,1,1,1,0,1,1,6,0,0,0,0,"B_2018",1,0,1,1,1,0,0,0,0,0,1,1,1,1,1,0,0,0,,,6,0,1,5,FALSE,FALSE,FALSE,TRUE,17,FALSE,FALSE,FALSE,FALSE,FALSE,FALSE,FALSE,FALSE,31,FALSE,48,40,FALSE,57,FALSE,TRUE,FALSE,FALSE
101158,"A",2020,1,0,14,1,1,5,17,5,0,0,5,3,38,40,0,1,1,1,1,1,8,1,1,1,0,0,0,4,0,0,0,0,"A_2020",1,0,1,0,0,0,1,1,1,1,1,1,1,1,0,0,0,0,1,5,5,0,0,3,FALSE,FALSE,FALSE,FALSE,17,FALSE,FALSE,FALSE,FALSE,FALSE,FALSE,FALSE,FALSE,21,FALSE,38,23,FALSE,40,FALSE,FALSE,FALSE,FALSE
101159,"A",2022,0,1,15,1,2,,16,8,1,0,9,,32,42,0,,1,0,0,1,6,,,,,,,,,,,,"A_2022",0,1,1,1,0,0,,1,0,0,1,,,,,,,,2,,8,,,1,FALSE,FALSE,FALSE,TRUE,16,FALSE,FALSE,FALSE,FALSE,FALSE,FALSE,FALSE,FALSE,16,FALSE,32,26,FALSE,42,FALSE,FALSE,FALSE,FALSE
101160,"A",2020,1,1,13,1,2,,15,3,0,0,,,,,0,1,1,1,1,1,8,1,1,1,0,0,0,4,0,0,0,0,"A_2020",1,1,1,0,0,0,1,1,1,1,1,1,1,1,0,0,0,0,2,,3,0,0,2,FALSE,FALSE,FALSE,FALSE,15,FALSE,FALSE,FALSE,FALSE,FALSE,FALSE,FALSE,FALSE,,FALSE,,,FALSE,,FALSE,FALSE,TRUE,FALSE
101161,"A",2020,1,1,11,1,2,7,14,2,0,0,5,5,37,41,0,1,0,0,0,1,8,1,1,1,0,0,0,4,0,0,0,0,"A_2020",1,1,1,0,0,0,1,0,0,0,1,1,1,1,0,0,0,0,2,7,2,0,0,3,FALSE,FALSE,FALSE,FALSE,14,FALSE,FALSE,FALSE,FALSE,FALSE,FALSE,FALSE,FALSE,23,FALSE,37,27,FALSE,41,FALSE,FALSE,FALSE,FALSE
101162,"A",2020,0,0,12,1,3,10,14,4,0,0,,,37,39,0,0,1,1,1,1,8,1,1,1,0,0,0,4,0,0,0,0,"A_2020",0,0,1,0,0,0,0,1,1,1,1,1,1,1,0,0,0,0,3,10,4,0,0,2,FALSE,FALSE,FALSE,FALSE,14,FALSE,FALSE,FALSE,FALSE,FALSE,FALSE,FALSE,FALSE,23,FALSE,37,25,FALSE,39,FALSE,FALSE,TRUE,FALSE
101163,"A",2020,0,0,12,1,2,4,14,3,0,0,5,,35,,,0,1,1,1,1,8,1,1,1,0,0,0,4,0,0,0,0,"A_2020",0,0,1,0,0,,0,1,1,1,1,1,1,1,0,0,0,0,2,4,3,0,0,2,FALSE,FALSE,FALSE,FALSE,14,FALSE,FALSE,FALSE,FALSE,FALSE,FALSE,FALSE,FALSE,21,FALSE,35,,FALSE,,FALSE,FALSE,TRUE,FALSE
101164,"A",2020,0,1,15,1,2,10,18,6,0,1,9,9,40,43,1,0,1,1,1,1,8,1,1,1,1,1,1,5,0,0,0,0,"A_2020",0,1,1,0,1,1,0,1,1,1,1,1,1,1,1,0,0,0,2,10,6,1,1,3,FALSE,FALSE,FALSE,FALSE,18,FALSE,FALSE,FALSE,FALSE,FALSE,FALSE,FALSE,FALSE,22,FALSE,40,25,FALSE,43,FALSE,TRUE,TRUE,FALSE
101165,"A",2020,0,1,12,1,2,18,15,5,1,0,,9,,42,1,0,1,0,0,1,9,1,1,1,0,0,0,4,0,0,0,0,"A_2020",0,1,1,1,0,1,0,1,0,0,1,1,1,1,0,0,0,0,2,18,5,0,0,3,FALSE,FALSE,FALSE,FALSE,15,FALSE,FALSE,FALSE,FALSE,FALSE,FALSE,FALSE,FALSE,,FALSE,,27,FALSE,42,FALSE,FALSE,FALSE,FALSE
101166,"A",2020,1,1,,1,,,18,2,0,0,3,0,34,50,0,0,0,0,0,0,9,1,1,1,1,1,1,5,0,0,1,40,"A_2020",1,1,1,0,0,0,0,0,0,0,0,1,1,1,1,0,0,1,,,2,1,1,,TRUE,FALSE,FALSE,FALSE,18,FALSE,FALSE,FALSE,FALSE,FALSE,FALSE,FALSE,FALSE,16,FALSE,34,32,FALSE,50,FALSE,TRUE,FALSE,FALSE
101167,"A",2020,0,1,10,1,,5,12,3,0,0,5,,37,,,1,1,1,1,1,7,1,1,0,0,0,0,4,0,0,0,0,"A_2020",0,1,1,0,0,,1,1,1,1,1,1,1,0,0,0,0,0,,5,3,0,0,2,FALSE,FALSE,FALSE,FALSE,12,FALSE,FALSE,FALSE,FALSE,FALSE,FALSE,FALSE,FALSE,25,FALSE,37,,FALSE,,FALSE,FALSE,TRUE,FALSE
101168,"A",2020,0,1,12,1,2,19,14,6,0,0,1,3,40,46,0,0,1,1,1,1,8,1,1,1,0,0,0,4,0,0,0,0,"A_2020",0,1,1,0,0,0,0,1,1,1,1,1,1,1,0,0,0,0,2,19,6,0,0,2,FALSE,FALSE,FALSE,FALSE,14,FALSE,FALSE,FALSE,FALSE,FALSE,FALSE,FALSE,FALSE,26,FALSE,40,32,FALSE,46,FALSE,FALSE,TRUE,FALSE
101169,"A",2020,0,0,15,1,2,4,18,3,1,0,6,,46,46,0,0,0,0,0,1,9,1,1,1,1,1,1,5,0,0,0,0,"A_2020",0,0,1,1,0,0,0,0,0,0,1,1,1,1,1,0,0,0,2,4,3,1,1,3,FALSE,FALSE,FALSE,FALSE,18,FALSE,FALSE,FALSE,FALSE,FALSE,FALSE,FALSE,FALSE,28,FALSE,46,28,FALSE,46,FALSE,TRUE,TRUE,FALSE
101170,"A",2022,1,1,14,1,2,,15,8,1,0,11,11,39,39,0,0,1,0,0,1,6,1,0,0,0,0,0,2,0,0,0,0,"A_2022",1,1,1,1,0,0,0,1,0,0,1,1,0,0,0,0,0,0,2,,8,0,0,1,FALSE,FALSE,FALSE,TRUE,15,FALSE,FALSE,FALSE,FALSE,FALSE,FALSE,FALSE,FALSE,24,FALSE,39,24,FALSE,39,FALSE,FALSE,FALSE,FALSE
101171,"A",2020,1,0,12,1,2,17,14,5,0,0,2,,34,,,1,1,1,1,1,8,1,1,1,0,0,0,4,0,0,0,0,"A_2020",1,0,1,0,0,,1,1,1,1,1,1,1,1,0,0,0,0,2,17,5,0,0,2,FALSE,FALSE,FALSE,FALSE,14,FALSE,FALSE,FALSE,FALSE,FALSE,FALSE,FALSE,FALSE,20,FALSE,34,,FALSE,,FALSE,FALSE,TRUE,FALSE
101172,"A",2020,0,1,14,1,1,19,17,8,1,0,5,6,40,43,0,0,1,1,0,0,7,1,1,0,0,0,0,2,0,0,1,40,"A_2020",0,1,1,1,0,0,0,1,1,0,0,1,1,0,0,0,0,1,1,19,8,0,0,3,FALSE,FALSE,FALSE,FALSE,17,FALSE,FALSE,FALSE,FALSE,FALSE,FALSE,FALSE,FALSE,23,FALSE,40,26,FALSE,43,FALSE,FALSE,FALSE,FALSE
101173,"B",2018,1,0,9,1,1,,14,6,1,1,11,11,34,37,0,1,1,1,1,1,10,0,0,0,0,0,0,6,0,0,0,0,"B_2018",1,0,1,1,1,0,1,1,1,1,1,0,0,0,0,0,0,0,1,,6,0,0,5,FALSE,FALSE,FALSE,TRUE,14,TRUE,FALSE,FALSE,TRUE,TRUE,TRUE,FALSE,FALSE,20,FALSE,34,23,FALSE,37,FALSE,TRUE,FALSE,TRUE
101174,"A",2020,1,0,13,1,2,,15,6,0,0,3,9,43,37,0,0,1,0,1,1,7,1,1,0,1,1,1,4,0,0,0,0,"A_2020",1,0,1,0,0,0,0,1,0,1,1,1,1,0,1,0,0,0,2,,6,1,1,2,FALSE,FALSE,FALSE,FALSE,15,FALSE,FALSE,FALSE,FALSE,FALSE,FALSE,FALSE,FALSE,28,FALSE,43,22,FALSE,37,FALSE,FALSE,TRUE,FALSE
101175,"A",2022,1,0,13,1,1,,13,7,1,0,5,1,37,39,0,0,1,1,1,1,6,1,0,0,0,0,0,2,0,0,0,0,"A_2022",1,0,1,1,0,0,0,1,1,1,1,1,0,0,0,0,0,0,1,,7,0,0,0,FALSE,FALSE,TRUE,TRUE,13,FALSE,FALSE,FALSE,FALSE,FALSE,FALSE,FALSE,FALSE,24,FALSE,37,26,FALSE,39,FALSE,FALSE,TRUE,FALSE
101176,"A",2020,0,0,12,1,2,18,14,2,0,0,5,0,37,42,0,0,1,1,1,1,8,1,1,1,0,0,0,4,0,0,0,0,"A_2020",0,0,1,0,0,0,0,1,1,1,1,1,1,1,0,0,0,0,2,18,2,0,0,2,FALSE,FALSE,FALSE,FALSE,14,FALSE,FALSE,FALSE,FALSE,FALSE,FALSE,FALSE,FALSE,23,FALSE,37,28,FALSE,42,FALSE,FALSE,TRUE,FALSE
101177,"A",2020,0,0,15,1,,,17,3,0,0,2,5,46,47,0,0,1,1,0,0,7,1,1,0,0,0,0,2,1,1,0,0,"A_2020",0,0,1,0,0,0,0,1,1,0,0,1,1,0,0,1,1,0,,,3,0,0,2,FALSE,FALSE,FALSE,FALSE,17,FALSE,FALSE,FALSE,FALSE,FALSE,FALSE,FALSE,FALSE,29,FALSE,46,30,FALSE,47,FALSE,FALSE,FALSE,FALSE
101178,"A",2020,0,0,12,1,2,,14,3,0,0,5,5,47,52,1,0,1,1,1,1,8,1,1,1,0,0,0,4,0,0,0,0,"A_2020",0,0,1,0,0,1,0,1,1,1,1,1,1,1,0,0,0,0,2,,3,0,0,2,FALSE,FALSE,FALSE,FALSE,14,FALSE,FALSE,FALSE,FALSE,FALSE,FALSE,FALSE,FALSE,33,FALSE,47,38,FALSE,52,FALSE,FALSE,TRUE,FALSE
101179,"A",2020,0,1,12,1,2,19,14,3,0,0,7,7,34,38,0,0,1,1,1,1,8,1,1,1,0,0,0,4,0,0,0,0,"A_2020",0,1,1,0,0,0,0,1,1,1,1,1,1,1,0,0,0,0,2,19,3,0,0,2,FALSE,FALSE,FALSE,FALSE,14,FALSE,FALSE,FALSE,FALSE,FALSE,FALSE,FALSE,FALSE,20,FALSE,34,24,FALSE,38,FALSE,FALSE,TRUE,FALSE
101180,"A",2020,1,1,13,1,1,11,16,3,0,0,,,56,61,0,1,1,1,1,1,8,1,1,1,0,0,0,4,0,0,1,20,"A_2020",1,1,1,0,0,0,1,1,1,1,1,1,1,1,0,0,0,1,1,11,3,0,0,3,FALSE,FALSE,FALSE,FALSE,16,FALSE,FALSE,FALSE,FALSE,FALSE,FALSE,FALSE,FALSE,40,FALSE,56,45,FALSE,61,FALSE,FALSE,FALSE,FALSE
101181,"A",2020,0,1,10,1,2,6,13,3,0,0,10,7,36,40,0,1,1,1,1,1,8,1,1,1,0,0,0,4,0,0,0,0,"A_2020",0,1,1,0,0,0,1,1,1,1,1,1,1,1,0,0,0,0,2,6,3,0,0,3,FALSE,FALSE,FALSE,FALSE,13,FALSE,FALSE,FALSE,FALSE,FALSE,FALSE,FALSE,FALSE,23,FALSE,36,27,FALSE,40,FALSE,FALSE,FALSE,FALSE
101182,"A",2020,1,1,11,1,3,,13,3,0,0,11,5,34,39,0,0,1,1,0,0,8,1,1,1,0,0,0,3,0,0,0,0,"A_2020",1,1,1,0,0,0,0,1,1,0,0,1,1,1,0,0,0,0,3,,3,0,0,2,FALSE,FALSE,FALSE,FALSE,13,FALSE,FALSE,FALSE,FALSE,FALSE,FALSE,FALSE,FALSE,21,FALSE,34,26,FALSE,39,FALSE,FALSE,FALSE,FALSE
101183,"B",2018,0,0,15,1,,,19,6,1,1,5,,37,,,0,0,0,0,1,9,1,1,1,0,0,0,6,0,0,0,0,"B_2018",0,0,1,1,1,,0,0,0,0,1,1,1,1,0,0,0,0,,,6,0,0,4,FALSE,FALSE,FALSE,FALSE,19,FALSE,FALSE,FALSE,FALSE,FALSE,FALSE,FALSE,FALSE,18,FALSE,37,,FALSE,,FALSE,TRUE,TRUE,FALSE
101184,"A",2020,1,0,15,1,,5,17,3,0,0,8,8,38,38,,1,1,1,1,1,8,1,1,1,0,0,0,4,0,0,0,0,"A_2020",1,0,1,0,0,,1,1,1,1,1,1,1,1,0,0,0,0,,5,3,0,0,2,FALSE,FALSE,FALSE,FALSE,17,FALSE,FALSE,FALSE,FALSE,FALSE,FALSE,FALSE,FALSE,21,FALSE,38,21,FALSE,38,FALSE,FALSE,TRUE,FALSE
101185,"A",2020,1,0,11,1,2,18,14,3,0,0,5,8,45,41,0,1,0,0,1,1,9,1,1,1,0,0,0,4,0,0,0,0,"A_2020",1,0,1,0,0,0,1,0,0,1,1,1,1,1,0,0,0,0,2,18,3,0,0,3,FALSE,FALSE,FALSE,FALSE,14,FALSE,FALSE,FALSE,FALSE,FALSE,FALSE,FALSE,FALSE,31,FALSE,45,27,FALSE,41,FALSE,FALSE,FALSE,FALSE
101186,"A",2020,1,0,11,1,3,10,15,5,1,0,11,,35,,,0,1,1,1,1,10,1,1,1,0,0,0,4,0,0,0,0,"A_2020",1,0,1,1,0,,0,1,1,1,1,1,1,1,0,0,0,0,3,10,5,0,0,4,FALSE,FALSE,FALSE,FALSE,15,FALSE,FALSE,TRUE,FALSE,FALSE,FALSE,FALSE,FALSE,20,FALSE,35,,FALSE,,FALSE,FALSE,FALSE,FALSE
101187,"A",2020,0,1,13,1,2,17,15,10,1,0,6,,33,,,0,1,0,0,1,7,1,1,0,1,1,1,4,0,0,0,0,"A_2020",0,1,1,1,0,,0,1,0,0,1,1,1,0,1,0,0,0,2,17,10,1,1,2,FALSE,FALSE,FALSE,FALSE,15,FALSE,FALSE,FALSE,FALSE,FALSE,FALSE,FALSE,FALSE,18,FALSE,33,,FALSE,,FALSE,FALSE,TRUE,FALSE
101188,"A",2020,0,0,14,1,2,,16,3,0,0,,,38,35,0,0,1,1,0,0,6,1,0,0,0,0,0,2,0,0,1,40,"A_2020",0,0,1,0,0,0,0,1,1,0,0,1,0,0,0,0,0,1,2,,3,0,0,2,FALSE,FALSE,FALSE,FALSE,16,FALSE,FALSE,FALSE,FALSE,FALSE,FALSE,FALSE,FALSE,22,FALSE,38,19,FALSE,35,FALSE,FALSE,FALSE,FALSE
101189,"A",2022,0,1,12,1,2,,13,7,1,0,6,3,38,40,0,0,1,0,0,1,6,1,0,0,0,0,0,2,0,0,0,0,"A_2022",0,1,1,1,0,0,0,1,0,0,1,1,0,0,0,0,0,0,2,,7,0,0,1,FALSE,FALSE,FALSE,TRUE,13,FALSE,FALSE,FALSE,FALSE,FALSE,FALSE,FALSE,FALSE,25,FALSE,38,27,FALSE,40,FALSE,FALSE,FALSE,FALSE
101190,"A",2020,0,1,11,1,1,,13,3,0,0,9,6,36,36,0,1,1,0,0,1,7,1,1,0,1,1,1,4,0,0,0,0,"A_2020",0,1,1,0,0,0,1,1,0,0,1,1,1,0,1,0,0,0,1,,3,1,1,2,FALSE,FALSE,FALSE,FALSE,13,FALSE,FALSE,FALSE,FALSE,FALSE,FALSE,FALSE,FALSE,23,FALSE,36,23,FALSE,36,FALSE,FALSE,TRUE,FALSE
101191,"B",2018,0,0,15,1,2,,19,6,1,1,,5,,43,0,0,0,0,0,1,9,1,1,1,0,0,0,6,0,0,0,0,"B_2018",0,0,1,1,1,0,0,0,0,0,1,1,1,1,0,0,0,0,2,,6,0,0,4,FALSE,FALSE,FALSE,FALSE,19,FALSE,FALSE,FALSE,FALSE,FALSE,FALSE,FALSE,FALSE,,FALSE,,24,FALSE,43,FALSE,TRUE,TRUE,FALSE
101192,"A",2020,0,1,16,1,2,17,19,8,1,0,5,,34,,,0,1,1,0,1,8,1,1,1,0,0,0,3,0,0,1,20,"A_2020",0,1,1,1,0,,0,1,1,0,1,1,1,1,0,0,0,1,2,17,8,0,0,3,FALSE,FALSE,FALSE,FALSE,19,FALSE,FALSE,FALSE,FALSE,FALSE,FALSE,FALSE,FALSE,15,FALSE,34,,FALSE,,FALSE,FALSE,FALSE,FALSE
101193,"A",2020,0,0,12,1,2,,14,8,1,0,5,8,38,39,0,0,1,1,1,1,7,1,1,0,1,1,1,4,0,0,0,0,"A_2020",0,0,1,1,0,0,0,1,1,1,1,1,1,0,1,0,0,0,2,,8,1,1,2,FALSE,FALSE,FALSE,FALSE,14,FALSE,FALSE,FALSE,FALSE,FALSE,FALSE,FALSE,FALSE,24,FALSE,38,25,FALSE,39,FALSE,FALSE,TRUE,FALSE
101194,"B",2018,1,1,15,1,,,18,6,1,1,3,,37,,,0,1,1,0,0,8,1,1,1,0,0,0,3,0,0,1,30,"B_2018",1,1,1,1,1,,0,1,1,0,0,1,1,1,0,0,0,1,,,6,0,0,3,FALSE,FALSE,FALSE,FALSE,18,FALSE,FALSE,FALSE,FALSE,FALSE,FALSE,FALSE,FALSE,19,FALSE,37,,FALSE,,FALSE,FALSE,FALSE,FALSE
101195,"A",2020,0,0,11,1,,11,13,1,0,0,1,3,40,39,0,0,1,1,1,1,8,1,1,1,0,0,0,4,0,0,0,0,"A_2020",0,0,1,0,0,0,0,1,1,1,1,1,1,1,0,0,0,0,,11,1,0,0,2,FALSE,FALSE,FALSE,FALSE,13,FALSE,FALSE,FALSE,FALSE,FALSE,FALSE,FALSE,FALSE,27,FALSE,40,26,FALSE,39,FALSE,FALSE,TRUE,FALSE
101196,"A",2022,0,1,14,1,,,14,7,1,0,,,33,39,0,0,1,1,1,1,6,1,0,0,0,0,0,2,0,0,0,0,"A_2022",0,1,1,1,0,0,0,1,1,1,1,1,0,0,0,0,0,0,,,7,0,0,0,FALSE,FALSE,TRUE,TRUE,14,FALSE,FALSE,FALSE,FALSE,FALSE,FALSE,FALSE,FALSE,19,FALSE,33,25,FALSE,39,FALSE,FALSE,TRUE,FALSE
101197,"A",2020,0,0,11,1,2,19,14,6,0,0,9,2,43,43,0,0,1,0,0,1,8,1,1,1,0,0,0,4,0,0,0,0,"A_2020",0,0,1,0,0,0,0,1,0,0,1,1,1,1,0,0,0,0,2,19,6,0,0,3,FALSE,FALSE,FALSE,FALSE,14,FALSE,FALSE,FALSE,FALSE,FALSE,FALSE,FALSE,FALSE,29,FALSE,43,29,FALSE,43,FALSE,FALSE,FALSE,FALSE
101198,"A",2022,0,1,11,1,3,,11,7,1,0,11,,32,34,0,0,1,1,1,1,6,1,0,0,0,0,0,2,0,0,0,0,"A_2022",0,1,1,1,0,0,0,1,1,1,1,1,0,0,0,0,0,0,3,,7,0,0,0,FALSE,FALSE,TRUE,TRUE,11,FALSE,FALSE,FALSE,FALSE,FALSE,FALSE,FALSE,FALSE,21,FALSE,32,23,FALSE,34,FALSE,FALSE,TRUE,FALSE
101199,"A",2020,1,0,13,1,2,19,15,4,0,0,,,46,49,,1,1,1,1,1,8,1,1,1,0,0,0,4,0,0,0,0,"A_2020",1,0,1,0,0,,1,1,1,1,1,1,1,1,0,0,0,0,2,19,4,0,0,2,FALSE,FALSE,FALSE,FALSE,15,FALSE,FALSE,FALSE,FALSE,FALSE,FALSE,FALSE,FALSE,31,FALSE,46,34,FALSE,49,FALSE,FALSE,TRUE,FALSE
101200,"A",2020,1,1,13,1,2,,15,3,0,0,8,9,35,45,0,0,1,1,0,0,7,1,1,0,1,1,1,3,0,0,0,0,"A_2020",1,1,1,0,0,0,0,1,1,0,0,1,1,0,1,0,0,0,2,,3,1,1,2,FALSE,FALSE,FALSE,FALSE,15,FALSE,FALSE,FALSE,FALSE,FALSE,FALSE,FALSE,FALSE,20,FALSE,35,30,FALSE,45,FALSE,FALSE,FALSE,FALSE
101201,"A",2020,0,1,12,1,,11,14,1,0,1,11,11,34,42,0,0,1,0,0,1,7,1,1,0,0,1,1,4,0,0,0,0,"A_2020",0,1,1,0,1,0,0,1,0,0,1,1,1,0,1,0,0,0,,11,1,0,1,2,FALSE,FALSE,FALSE,FALSE,14,FALSE,FALSE,FALSE,FALSE,FALSE,FALSE,FALSE,FALSE,20,FALSE,34,28,FALSE,42,FALSE,FALSE,TRUE,FALSE
101202,"A",2020,0,1,16,1,2,19,18,2,0,1,1,,48,46,,0,1,0,0,1,7,1,1,0,0,0,0,4,0,0,1,24,"A_2020",0,1,1,0,1,,0,1,0,0,1,1,1,0,0,0,0,1,2,19,2,0,0,2,FALSE,FALSE,FALSE,FALSE,18,FALSE,FALSE,FALSE,FALSE,FALSE,FALSE,FALSE,FALSE,30,FALSE,48,28,FALSE,46,FALSE,FALSE,TRUE,FALSE
101203,"A",2020,0,1,12,1,2,19,15,7,1,0,,6,,45,0,0,1,1,1,1,6,1,0,0,2,1,2,4,0,0,1,40,"A_2020",0,1,1,1,0,0,0,1,1,1,1,1,0,0,1,0,0,1,2,19,7,2,2,3,FALSE,FALSE,FALSE,FALSE,15,FALSE,FALSE,FALSE,FALSE,FALSE,FALSE,FALSE,FALSE,,FALSE,,30,FALSE,45,FALSE,FALSE,FALSE,FALSE
101204,"A",2020,1,0,13,1,1,19,15,3,0,0,5,5,35,43,0,0,1,0,0,1,8,1,1,1,0,0,0,4,0,0,0,0,"A_2020",1,0,1,0,0,0,0,1,0,0,1,1,1,1,0,0,0,0,1,19,3,0,0,2,FALSE,FALSE,FALSE,FALSE,15,FALSE,FALSE,FALSE,FALSE,FALSE,FALSE,FALSE,FALSE,20,FALSE,35,28,FALSE,43,FALSE,FALSE,TRUE,FALSE
101205,"A",2020,1,0,11,1,2,,13,3,0,0,11,5,36,37,0,1,1,1,1,1,8,1,1,1,0,0,0,4,0,0,0,0,"A_2020",1,0,1,0,0,0,1,1,1,1,1,1,1,1,0,0,0,0,2,,3,0,0,2,FALSE,FALSE,FALSE,FALSE,13,FALSE,FALSE,FALSE,FALSE,FALSE,FALSE,FALSE,FALSE,23,FALSE,36,24,FALSE,37,FALSE,FALSE,TRUE,FALSE
101206,"A",2020,0,1,14,1,2,5,17,3,0,0,5,5,35,55,0,0,1,1,1,1,8,1,1,1,0,0,0,4,0,0,0,0,"A_2020",0,1,1,0,0,0,0,1,1,1,1,1,1,1,0,0,0,0,2,5,3,0,0,3,FALSE,FALSE,FALSE,FALSE,17,FALSE,FALSE,FALSE,FALSE,FALSE,FALSE,FALSE,FALSE,18,FALSE,35,38,FALSE,55,FALSE,FALSE,FALSE,FALSE
101207,"A",2020,1,0,13,1,3,18,15,3,0,0,1,,38,40,,0,0,0,0,0,6,1,0,0,0,0,0,1,0,1,1,8,"A_2020",1,0,1,0,0,,0,0,0,0,0,1,0,0,0,0,1,1,3,18,3,0,0,2,FALSE,FALSE,FALSE,FALSE,15,FALSE,FALSE,FALSE,FALSE,FALSE,FALSE,FALSE,FALSE,23,FALSE,38,25,FALSE,40,FALSE,FALSE,FALSE,FALSE
101208,"A",2020,0,0,14,1,1,11,17,4,0,0,2,6,40,42,0,0,1,0,0,1,7,1,1,0,1,1,1,4,0,0,0,0,"A_2020",0,0,1,0,0,0,0,1,0,0,1,1,1,0,1,0,0,0,1,11,4,1,1,3,FALSE,FALSE,FALSE,FALSE,17,FALSE,FALSE,FALSE,FALSE,FALSE,FALSE,FALSE,FALSE,23,FALSE,40,25,FALSE,42,FALSE,FALSE,FALSE,FALSE
101209,"A",2020,0,1,11,1,2,,14,3,0,0,5,5,52,56,0,0,1,0,0,1,8,1,1,1,0,0,0,4,0,0,0,0,"A_2020",0,1,1,0,0,0,0,1,0,0,1,1,1,1,0,0,0,0,2,,3,0,0,3,FALSE,FALSE,FALSE,FALSE,14,FALSE,FALSE,FALSE,FALSE,FALSE,FALSE,FALSE,FALSE,38,FALSE,52,42,FALSE,56,FALSE,FALSE,FALSE,FALSE
101210,"A",2020,0,0,12,1,,6,14,3,0,0,4,3,36,37,0,0,0,0,0,1,8,1,1,1,0,0,0,4,0,0,0,0,"A_2020",0,0,1,0,0,0,0,0,0,0,1,1,1,1,0,0,0,0,,6,3,0,0,2,FALSE,FALSE,FALSE,FALSE,14,FALSE,FALSE,FALSE,FALSE,FALSE,FALSE,FALSE,FALSE,22,FALSE,36,23,FALSE,37,FALSE,FALSE,TRUE,FALSE
101211,"B",2018,0,0,14,0,2,,19,7,1,1,,,,,,0,0,0,0,1,9,1,1,1,0,0,0,5,0,0,0,0,"B_2018",0,0,0,1,1,,0,0,0,0,1,1,1,1,0,0,0,0,2,,7,0,0,5,FALSE,FALSE,FALSE,TRUE,19,FALSE,FALSE,FALSE,FALSE,FALSE,FALSE,FALSE,FALSE,,FALSE,,,FALSE,,FALSE,TRUE,FALSE,FALSE
101212,"A",2020,1,0,14,1,1,19,17,6,0,0,1,,45,,,0,1,1,0,0,8,1,1,1,0,0,0,3,0,0,0,0,"A_2020",1,0,1,0,0,,0,1,1,0,0,1,1,1,0,0,0,0,1,19,6,0,0,3,FALSE,FALSE,FALSE,FALSE,17,FALSE,FALSE,FALSE,FALSE,FALSE,FALSE,FALSE,FALSE,28,FALSE,45,,FALSE,,FALSE,FALSE,FALSE,FALSE
101213,"A",2020,1,0,,1,4,,18,3,0,0,5,,40,,,1,1,1,1,1,8,1,1,1,0,0,0,4,0,0,0,0,"A_2020",1,0,1,0,0,,1,1,1,1,1,1,1,1,0,0,0,0,4,,3,0,0,,TRUE,FALSE,FALSE,FALSE,18,FALSE,FALSE,FALSE,FALSE,FALSE,FALSE,FALSE,FALSE,22,FALSE,40,,FALSE,,FALSE,FALSE,FALSE,FALSE
101214,"B",2018,1,1,14,1,2,,19,7,1,0,5,,48,,,0,1,0,0,0,5,0,0,0,0,0,0,1,0,0,1,40,"B_2018",1,1,1,1,0,,0,1,0,0,0,0,0,0,0,0,0,1,2,,7,0,0,5,FALSE,FALSE,FALSE,TRUE,19,FALSE,FALSE,FALSE,FALSE,FALSE,FALSE,FALSE,FALSE,29,FALSE,48,,FALSE,,FALSE,FALSE,FALSE,FALSE
101215,"A",2020,1,0,13,1,2,19,15,3,0,0,7,7,52,47,0,1,1,1,1,1,8,1,1,1,0,0,0,4,0,0,0,0,"A_2020",1,0,1,0,0,0,1,1,1,1,1,1,1,1,0,0,0,0,2,19,3,0,0,2,FALSE,FALSE,FALSE,FALSE,15,FALSE,FALSE,FALSE,FALSE,FALSE,FALSE,FALSE,FALSE,37,FALSE,52,32,FALSE,47,FALSE,FALSE,TRUE,FALSE
101216,"A",2020,1,0,11,1,3,4,13,4,0,0,,,42,51,0,1,1,1,1,1,8,1,1,1,0,0,0,4,0,0,0,0,"A_2020",1,0,1,0,0,0,1,1,1,1,1,1,1,1,0,0,0,0,3,4,4,0,0,2,FALSE,FALSE,FALSE,FALSE,13,FALSE,FALSE,FALSE,FALSE,FALSE,FALSE,FALSE,FALSE,29,FALSE,42,38,FALSE,51,FALSE,FALSE,TRUE,FALSE
101217,"A",2020,0,0,12,1,3,8,14,7,1,0,11,11,37,43,1,0,1,1,1,1,8,1,1,1,0,0,0,4,0,0,0,0,"A_2020",0,0,1,1,0,1,0,1,1,1,1,1,1,1,0,0,0,0,3,8,7,0,0,2,FALSE,FALSE,FALSE,FALSE,14,FALSE,FALSE,FALSE,FALSE,FALSE,FALSE,FALSE,FALSE,23,FALSE,37,29,FALSE,43,FALSE,FALSE,TRUE,FALSE
101218,"A",2020,0,0,13,1,2,6,15,3,0,0,,,37,44,0,0,1,0,0,1,6,1,0,0,1,1,1,3,0,0,0,0,"A_2020",0,0,1,0,0,0,0,1,0,0,1,1,0,0,1,0,0,0,2,6,3,1,1,2,FALSE,FALSE,FALSE,FALSE,15,FALSE,FALSE,FALSE,FALSE,FALSE,FALSE,FALSE,FALSE,22,FALSE,37,29,FALSE,44,FALSE,FALSE,FALSE,FALSE
101219,"A",2020,1,0,12,1,,18,14,4,0,0,9,3,46,48,0,0,1,1,1,1,7,1,1,0,0,0,0,3,0,0,1,0,"A_2020",1,0,1,0,0,0,0,1,1,1,1,1,1,0,0,0,0,1,,18,4,0,0,2,FALSE,FALSE,FALSE,FALSE,14,FALSE,FALSE,FALSE,FALSE,FALSE,FALSE,FALSE,FALSE,32,FALSE,46,34,FALSE,48,FALSE,FALSE,FALSE,FALSE
101220,"A",2020,1,1,13,1,1,19,16,3,0,0,4,,37,,,0,1,0,1,1,6,1,0,0,1,1,1,3,0,0,1,40,"A_2020",1,1,1,0,0,,0,1,0,1,1,1,0,0,1,0,0,1,1,19,3,1,1,3,FALSE,FALSE,FALSE,FALSE,16,FALSE,FALSE,FALSE,FALSE,FALSE,FALSE,FALSE,FALSE,21,FALSE,37,,FALSE,,FALSE,FALSE,FALSE,FALSE
101221,"A",2020,0,0,12,1,3,12,15,1,1,0,6,11,45,50,0,0,1,1,0,1,9,1,1,1,0,0,0,4,0,0,0,0,"A_2020",0,0,1,1,0,0,0,1,1,0,1,1,1,1,0,0,0,0,3,12,1,0,0,3,FALSE,FALSE,FALSE,FALSE,15,FALSE,FALSE,FALSE,FALSE,FALSE,FALSE,FALSE,FALSE,30,FALSE,45,35,FALSE,50,FALSE,FALSE,FALSE,FALSE
101222,"A",2020,1,0,12,1,2,15,14,3,0,0,9,9,33,37,1,1,1,1,1,1,8,1,1,1,0,0,0,4,0,0,0,0,"A_2020",1,0,1,0,0,1,1,1,1,1,1,1,1,1,0,0,0,0,2,15,3,0,0,2,FALSE,FALSE,FALSE,FALSE,14,FALSE,FALSE,FALSE,FALSE,FALSE,FALSE,FALSE,FALSE,19,FALSE,33,23,FALSE,37,FALSE,FALSE,TRUE,FALSE
101223,"A",2022,0,1,13,1,1,,13,7,1,0,,4,,38,,0,1,1,1,1,6,1,0,0,0,0,0,2,0,0,0,0,"A_2022",0,1,1,1,0,,0,1,1,1,1,1,0,0,0,0,0,0,1,,7,0,0,0,FALSE,FALSE,TRUE,TRUE,13,FALSE,FALSE,FALSE,FALSE,FALSE,FALSE,FALSE,FALSE,,FALSE,,25,FALSE,38,FALSE,FALSE,TRUE,FALSE
101224,"A",2022,0,0,11,1,2,,11,7,1,0,7,9,31,34,0,0,0,0,0,1,6,1,0,0,0,0,0,2,0,0,0,0,"A_2022",0,0,1,1,0,0,0,0,0,0,1,1,0,0,0,0,0,0,2,,7,0,0,0,FALSE,FALSE,TRUE,TRUE,11,FALSE,FALSE,FALSE,FALSE,FALSE,FALSE,FALSE,FALSE,20,FALSE,31,23,FALSE,34,FALSE,FALSE,TRUE,FALSE
101225,"A",2022,0,0,11,1,,,12,7,1,0,7,5,40,38,0,0,1,1,1,1,6,1,0,0,0,0,0,2,0,0,0,0,"A_2022",0,0,1,1,0,0,0,1,1,1,1,1,0,0,0,0,0,0,,,7,0,0,1,FALSE,FALSE,FALSE,TRUE,12,FALSE,FALSE,FALSE,FALSE,FALSE,FALSE,FALSE,FALSE,28,FALSE,40,26,FALSE,38,FALSE,FALSE,FALSE,FALSE
101226,"A",2020,1,1,13,1,2,7,16,8,1,0,6,1,37,45,,1,1,1,1,1,8,1,1,1,0,0,0,4,0,0,1,8,"A_2020",1,1,1,1,0,,1,1,1,1,1,1,1,1,0,0,0,1,2,7,8,0,0,3,FALSE,FALSE,FALSE,FALSE,16,FALSE,FALSE,FALSE,FALSE,FALSE,FALSE,FALSE,FALSE,21,FALSE,37,29,FALSE,45,FALSE,FALSE,FALSE,FALSE
101227,"A",2020,1,0,12,1,2,19,14,3,0,0,5,,38,,,0,0,0,0,1,8,1,1,1,0,0,0,4,0,0,0,0,"A_2020",1,0,1,0,0,,0,0,0,0,1,1,1,1,0,0,0,0,2,19,3,0,0,2,FALSE,FALSE,FALSE,FALSE,14,FALSE,FALSE,FALSE,FALSE,FALSE,FALSE,FALSE,FALSE,24,FALSE,38,,FALSE,,FALSE,FALSE,TRUE,FALSE
101228,"A",2020,0,0,12,1,,19,15,4,1,0,7,7,37,37,0,0,1,1,1,1,9,1,1,1,0,0,0,4,0,0,0,0,"A_2020",0,0,1,1,0,0,0,1,1,1,1,1,1,1,0,0,0,0,,19,4,0,0,3,FALSE,FALSE,FALSE,FALSE,15,FALSE,FALSE,FALSE,FALSE,FALSE,FALSE,FALSE,FALSE,22,FALSE,37,22,FALSE,37,FALSE,FALSE,FALSE,FALSE
101229,"A",2020,1,1,13,1,2,19,15,8,1,0,10,9,33,48,0,1,1,1,1,1,8,1,1,1,0,0,0,4,0,0,0,0,"A_2020",1,1,1,1,0,0,1,1,1,1,1,1,1,1,0,0,0,0,2,19,8,0,0,2,FALSE,FALSE,FALSE,FALSE,15,FALSE,FALSE,FALSE,FALSE,FALSE,FALSE,FALSE,FALSE,18,FALSE,33,33,FALSE,48,FALSE,FALSE,TRUE,FALSE
101230,"A",2020,1,0,14,1,1,10,17,4,1,0,5,4,38,43,0,0,1,1,1,1,9,1,1,1,0,0,0,4,0,0,0,0,"A_2020",1,0,1,1,0,0,0,1,1,1,1,1,1,1,0,0,0,0,1,10,4,0,0,3,FALSE,FALSE,FALSE,FALSE,17,FALSE,FALSE,FALSE,FALSE,FALSE,FALSE,FALSE,FALSE,21,FALSE,38,26,FALSE,43,FALSE,FALSE,FALSE,FALSE
101231,"A",2020,0,0,11,1,2,6,14,8,1,0,5,6,36,36,0,0,1,1,0,1,8,1,1,1,0,0,0,4,0,0,0,0,"A_2020",0,0,1,1,0,0,0,1,1,0,1,1,1,1,0,0,0,0,2,6,8,0,0,3,FALSE,FALSE,FALSE,FALSE,14,FALSE,FALSE,FALSE,FALSE,FALSE,FALSE,FALSE,FALSE,22,FALSE,36,22,FALSE,36,FALSE,FALSE,FALSE,FALSE
101232,"A",2020,0,0,11,1,2,19,14,3,0,0,5,9,40,43,0,0,1,1,1,1,8,1,1,1,0,0,0,4,0,0,0,0,"A_2020",0,0,1,0,0,0,0,1,1,1,1,1,1,1,0,0,0,0,2,19,3,0,0,3,FALSE,FALSE,FALSE,FALSE,14,FALSE,FALSE,FALSE,FALSE,FALSE,FALSE,FALSE,FALSE,26,FALSE,40,29,FALSE,43,FALSE,FALSE,FALSE,FALSE
101233,"A",2020,1,0,11,1,2,,14,3,0,0,9,5,32,39,0,1,1,1,1,1,8,1,1,1,0,0,0,4,0,0,0,0,"A_2020",1,0,1,0,0,0,1,1,1,1,1,1,1,1,0,0,0,0,2,,3,0,0,3,FALSE,FALSE,FALSE,FALSE,14,FALSE,FALSE,FALSE,FALSE,FALSE,FALSE,FALSE,FALSE,18,FALSE,32,25,FALSE,39,FALSE,FALSE,FALSE,FALSE
101234,"A",2020,1,0,14,1,2,4,16,4,0,0,1,1,50,50,0,0,1,1,0,0,8,1,1,1,1,1,1,4,0,0,0,0,"A_2020",1,0,1,0,0,0,0,1,1,0,0,1,1,1,1,0,0,0,2,4,4,1,1,2,FALSE,FALSE,FALSE,FALSE,16,FALSE,FALSE,FALSE,FALSE,FALSE,FALSE,FALSE,FALSE,34,FALSE,50,34,FALSE,50,FALSE,FALSE,TRUE,FALSE
101235,"A",2022,0,0,13,1,2,,13,8,1,0,6,9,38,37,0,1,1,0,0,1,6,1,0,0,0,0,0,2,0,0,0,0,"A_2022",0,0,1,1,0,0,1,1,0,0,1,1,0,0,0,0,0,0,2,,8,0,0,0,FALSE,FALSE,TRUE,TRUE,13,FALSE,FALSE,FALSE,FALSE,FALSE,FALSE,FALSE,FALSE,25,FALSE,38,24,FALSE,37,FALSE,FALSE,TRUE,FALSE
101236,"A",2020,1,1,11,1,2,19,12,3,0,0,4,5,32,35,0,1,1,1,1,1,8,1,1,1,0,0,0,4,0,0,0,0,"A_2020",1,1,1,0,0,0,1,1,1,1,1,1,1,1,0,0,0,0,2,19,3,0,0,1,FALSE,FALSE,FALSE,TRUE,12,FALSE,FALSE,FALSE,FALSE,FALSE,FALSE,FALSE,FALSE,20,FALSE,32,23,FALSE,35,FALSE,FALSE,TRUE,FALSE
101237,"A",2020,0,1,,1,,,,3,0,0,,,,,,,,,,,5,,,,,,,,,,,,"A_2020",0,1,1,0,0,,,,,,,,,,,,,,,,3,,,,TRUE,FALSE,FALSE,FALSE,,FALSE,FALSE,FALSE,FALSE,FALSE,FALSE,FALSE,FALSE,,FALSE,,,FALSE,,FALSE,FALSE,FALSE,FALSE
101238,"A",2020,0,0,12,1,1,17,14,3,0,0,4,,33,34,,0,1,1,1,1,8,1,1,1,0,0,0,4,0,0,0,0,"A_2020",0,0,1,0,0,,0,1,1,1,1,1,1,1,0,0,0,0,1,17,3,0,0,2,FALSE,FALSE,FALSE,FALSE,14,FALSE,FALSE,FALSE,FALSE,FALSE,FALSE,FALSE,FALSE,19,FALSE,33,20,FALSE,34,FALSE,FALSE,TRUE,FALSE
101239,"A",2020,0,1,15,1,2,19,16,3,0,0,11,9,45,39,0,0,1,0,0,1,7,1,1,0,0,0,0,3,0,0,1,8,"A_2020",0,1,1,0,0,0,0,1,0,0,1,1,1,0,0,0,0,1,2,19,3,0,0,1,FALSE,FALSE,FALSE,TRUE,16,FALSE,FALSE,FALSE,FALSE,FALSE,FALSE,FALSE,FALSE,29,FALSE,45,23,FALSE,39,FALSE,FALSE,TRUE,FALSE
101240,"A",2020,0,1,13,1,2,19,16,5,0,0,3,,46,,,0,1,1,,1,7,1,1,0,0,0,0,3,0,0,1,24,"A_2020",0,1,1,0,0,,0,1,1,,1,1,1,0,0,0,0,1,2,19,5,0,0,3,FALSE,FALSE,FALSE,FALSE,16,FALSE,FALSE,FALSE,FALSE,FALSE,FALSE,FALSE,FALSE,30,FALSE,46,,FALSE,,FALSE,FALSE,FALSE,FALSE
101241,"A",2020,0,0,12,1,2,19,14,3,0,0,3,3,42,50,0,0,1,1,0,1,8,1,1,1,0,0,0,4,0,0,0,0,"A_2020",0,0,1,0,0,0,0,1,1,0,1,1,1,1,0,0,0,0,2,19,3,0,0,2,FALSE,FALSE,FALSE,FALSE,14,FALSE,FALSE,FALSE,FALSE,FALSE,FALSE,FALSE,FALSE,28,FALSE,42,36,FALSE,50,FALSE,FALSE,TRUE,FALSE
101242,"A",2020,0,0,13,1,2,5,16,4,0,0,5,,50,,,0,1,1,0,0,8,1,1,1,0,0,0,3,0,0,0,0,"A_2020",0,0,1,0,0,,0,1,1,0,0,1,1,1,0,0,0,0,2,5,4,0,0,3,FALSE,FALSE,FALSE,FALSE,16,FALSE,FALSE,FALSE,FALSE,FALSE,FALSE,FALSE,FALSE,34,FALSE,50,,FALSE,,FALSE,FALSE,FALSE,FALSE
101243,"A",2020,1,1,12,1,1,,16,4,0,0,5,5,35,37,0,0,1,1,1,1,6,1,0,0,0,1,1,4,0,0,0,0,"A_2020",1,1,1,0,0,0,0,1,1,1,1,1,0,0,1,0,0,0,1,,4,0,1,4,FALSE,FALSE,FALSE,FALSE,16,FALSE,FALSE,FALSE,FALSE,FALSE,FALSE,FALSE,FALSE,19,FALSE,35,21,FALSE,37,FALSE,FALSE,FALSE,FALSE
101244,"A",2020,1,1,13,1,2,6,16,3,0,0,0,,50,,,1,1,1,1,1,7,1,1,0,0,0,0,3,0,0,0,0,"A_2020",1,1,1,0,0,,1,1,1,1,1,1,1,0,0,0,0,0,2,6,3,0,0,3,FALSE,FALSE,FALSE,FALSE,16,FALSE,FALSE,FALSE,FALSE,FALSE,FALSE,FALSE,FALSE,34,FALSE,50,,FALSE,,FALSE,FALSE,FALSE,FALSE
101245,"A",2020,1,0,14,1,1,19,18,3,1,0,3,2,41,50,0,1,1,1,1,1,9,1,1,1,0,0,0,4,0,0,0,0,"A_2020",1,0,1,1,0,0,1,1,1,1,1,1,1,1,0,0,0,0,1,19,3,0,0,4,FALSE,FALSE,FALSE,FALSE,18,FALSE,FALSE,FALSE,FALSE,FALSE,FALSE,FALSE,FALSE,23,FALSE,41,32,FALSE,50,FALSE,FALSE,FALSE,FALSE
101246,"A",2020,1,0,13,1,3,16,15,4,0,0,5,,56,,,0,0,0,0,1,8,1,1,1,0,0,0,4,0,0,0,0,"A_2020",1,0,1,0,0,,0,0,0,0,1,1,1,1,0,0,0,0,3,16,4,0,0,2,FALSE,FALSE,FALSE,FALSE,15,FALSE,FALSE,FALSE,FALSE,FALSE,FALSE,FALSE,FALSE,41,FALSE,56,,FALSE,,FALSE,FALSE,TRUE,FALSE
101247,"A",2022,0,1,12,1,2,,13,7,1,0,7,11,33,46,0,1,1,1,1,1,6,1,0,0,0,0,0,2,0,0,0,0,"A_2022",0,1,1,1,0,0,1,1,1,1,1,1,0,0,0,0,0,0,2,,7,0,0,1,FALSE,FALSE,FALSE,TRUE,13,FALSE,FALSE,FALSE,FALSE,FALSE,FALSE,FALSE,FALSE,20,FALSE,33,33,FALSE,46,FALSE,FALSE,FALSE,FALSE
101248,"A",2020,1,1,12,1,2,,14,4,0,0,6,5,38,42,0,0,1,1,0,1,7,1,1,0,0,0,0,4,0,0,0,0,"A_2020",1,1,1,0,0,0,0,1,1,0,1,1,1,0,0,0,0,0,2,,4,0,0,2,FALSE,FALSE,FALSE,FALSE,14,FALSE,FALSE,FALSE,FALSE,FALSE,FALSE,FALSE,FALSE,24,FALSE,38,28,FALSE,42,FALSE,FALSE,TRUE,FALSE
101249,"A",2020,0,1,12,1,2,4,15,4,0,0,,,,,0,0,1,1,0,0,6,1,0,0,0,0,0,2,0,0,0,0,"A_2020",0,1,1,0,0,0,0,1,1,0,0,1,0,0,0,0,0,0,2,4,4,0,0,3,FALSE,FALSE,FALSE,FALSE,15,FALSE,FALSE,FALSE,FALSE,FALSE,FALSE,FALSE,FALSE,,FALSE,,,FALSE,,FALSE,FALSE,FALSE,FALSE
101250,"A",2022,0,0,12,1,1,,13,4,1,0,7,,33,32,,0,1,1,1,1,6,1,0,0,1,1,1,2,0,0,0,0,"A_2022",0,0,1,1,0,,0,1,1,1,1,1,0,0,1,0,0,0,1,,4,1,1,1,FALSE,FALSE,FALSE,TRUE,13,FALSE,FALSE,FALSE,FALSE,FALSE,FALSE,FALSE,FALSE,20,FALSE,33,19,FALSE,32,FALSE,FALSE,FALSE,FALSE
101251,"A",2020,1,0,12,1,2,5,14,3,0,0,5,1,33,43,0,0,0,0,0,1,8,1,1,1,0,0,0,4,0,0,0,0,"A_2020",1,0,1,0,0,0,0,0,0,0,1,1,1,1,0,0,0,0,2,5,3,0,0,2,FALSE,FALSE,FALSE,FALSE,14,FALSE,FALSE,FALSE,FALSE,FALSE,FALSE,FALSE,FALSE,19,FALSE,33,29,FALSE,43,FALSE,FALSE,TRUE,FALSE
101252,"A",2022,0,0,15,1,2,,15,7,1,0,2,5,38,33,0,0,1,0,0,1,6,1,0,0,0,0,0,2,0,0,0,0,"A_2022",0,0,1,1,0,0,0,1,0,0,1,1,0,0,0,0,0,0,2,,7,0,0,0,FALSE,FALSE,TRUE,TRUE,15,FALSE,FALSE,FALSE,FALSE,FALSE,FALSE,FALSE,FALSE,23,FALSE,38,18,FALSE,33,FALSE,FALSE,TRUE,FALSE
101253,"B",2018,0,0,11,0,,,16,6,1,1,5,5,37,42,0,0,0,0,0,1,8,1,1,1,0,1,1,6,0,0,0,0,"B_2018",0,0,0,1,1,0,0,0,0,0,1,1,1,1,1,0,0,0,,,6,0,1,5,FALSE,FALSE,FALSE,TRUE,16,FALSE,FALSE,FALSE,FALSE,FALSE,FALSE,FALSE,FALSE,21,FALSE,37,26,FALSE,42,FALSE,TRUE,FALSE,FALSE
101254,"B",2018,0,0,12,0,2,,16,6,1,1,1,7,47,47,0,0,1,1,1,1,9,1,1,1,0,0,0,6,0,0,0,0,"B_2018",0,0,0,1,1,0,0,1,1,1,1,1,1,1,0,0,0,0,2,,6,0,0,4,FALSE,FALSE,FALSE,FALSE,16,FALSE,FALSE,FALSE,FALSE,FALSE,FALSE,FALSE,FALSE,31,FALSE,47,31,FALSE,47,FALSE,TRUE,TRUE,FALSE
101255,"B",2018,0,0,12,0,1,,16,7,1,1,7,5,34,38,0,0,0,0,0,1,8,1,1,1,1,1,1,5,0,0,0,0,"B_2018",0,0,0,1,1,0,0,0,0,0,1,1,1,1,1,0,0,0,1,,7,1,1,4,FALSE,FALSE,FALSE,FALSE,16,FALSE,FALSE,FALSE,FALSE,FALSE,FALSE,FALSE,FALSE,18,FALSE,34,22,FALSE,38,FALSE,TRUE,FALSE,FALSE
101256,"A",2020,0,1,12,1,3,6,15,8,1,0,6,10,40,41,0,,1,1,1,1,8,,,,,,,,,,,,"A_2020",0,1,1,1,0,0,,1,1,1,1,,,,,,,,3,6,8,,,3,FALSE,FALSE,FALSE,FALSE,15,FALSE,FALSE,FALSE,FALSE,FALSE,FALSE,FALSE,FALSE,25,FALSE,40,26,FALSE,41,FALSE,FALSE,FALSE,FALSE
101257,"A",2020,1,0,12,1,4,19,14,4,0,0,5,,52,53,,1,1,1,1,1,8,1,1,1,0,0,0,4,0,0,0,0,"A_2020",1,0,1,0,0,,1,1,1,1,1,1,1,1,0,0,0,0,4,19,4,0,0,2,FALSE,FALSE,FALSE,FALSE,14,FALSE,FALSE,FALSE,FALSE,FALSE,FALSE,FALSE,FALSE,38,FALSE,52,39,FALSE,53,FALSE,FALSE,TRUE,FALSE
101258,"A",2020,0,1,11,1,1,6,14,6,0,0,5,,40,,,0,1,0,0,1,7,1,1,0,0,1,1,4,0,0,0,0,"A_2020",0,1,1,0,0,,0,1,0,0,1,1,1,0,1,0,0,0,1,6,6,0,1,3,FALSE,FALSE,FALSE,FALSE,14,FALSE,FALSE,FALSE,FALSE,FALSE,FALSE,FALSE,FALSE,26,FALSE,40,,FALSE,,FALSE,FALSE,FALSE,FALSE
101259,"A",2020,1,0,14,1,,,16,3,0,0,,,,,,0,1,1,0,0,7,1,1,0,2,1,2,4,0,0,1,40,"A_2020",1,0,1,0,0,,0,1,1,0,0,1,1,0,1,0,0,1,,,3,2,2,2,FALSE,FALSE,FALSE,FALSE,16,FALSE,FALSE,FALSE,FALSE,FALSE,FALSE,FALSE,FALSE,,FALSE,,,FALSE,,FALSE,FALSE,TRUE,FALSE
101260,"A",2022,1,1,13,1,2,,14,7,1,0,6,5,44,59,0,1,1,1,1,1,6,1,0,0,0,0,0,2,0,0,0,0,"A_2022",1,1,1,1,0,0,1,1,1,1,1,1,0,0,0,0,0,0,2,,7,0,0,1,FALSE,FALSE,FALSE,TRUE,14,FALSE,FALSE,FALSE,FALSE,FALSE,FALSE,FALSE,FALSE,30,FALSE,44,45,FALSE,59,FALSE,FALSE,FALSE,FALSE
101261,"B",2018,1,1,13,1,,,17,6,1,1,,,,,,1,0,0,0,1,9,1,1,1,0,0,0,6,0,0,1,0,"B_2018",1,1,1,1,1,,1,0,0,0,1,1,1,1,0,0,0,1,,,6,0,0,4,FALSE,FALSE,FALSE,FALSE,17,FALSE,FALSE,FALSE,FALSE,FALSE,FALSE,FALSE,FALSE,,FALSE,,,FALSE,,FALSE,TRUE,TRUE,FALSE
101262,"A",2020,0,1,13,1,,10,15,7,1,0,11,,35,,,0,1,1,1,1,8,1,1,1,0,0,0,4,0,0,0,0,"A_2020",0,1,1,1,0,,0,1,1,1,1,1,1,1,0,0,0,0,,10,7,0,0,2,FALSE,FALSE,FALSE,FALSE,15,FALSE,FALSE,FALSE,FALSE,FALSE,FALSE,FALSE,FALSE,20,FALSE,35,,FALSE,,FALSE,FALSE,TRUE,FALSE
101263,"A",2022,1,1,11,1,2,,12,7,1,0,7,5,38,36,0,1,1,1,1,1,6,1,0,0,0,0,0,2,0,0,0,0,"A_2022",1,1,1,1,0,0,1,1,1,1,1,1,0,0,0,0,0,0,2,,7,0,0,1,FALSE,FALSE,FALSE,TRUE,12,FALSE,FALSE,FALSE,FALSE,FALSE,FALSE,FALSE,FALSE,26,FALSE,38,24,FALSE,36,FALSE,FALSE,FALSE,FALSE
101264,"A",2022,1,1,12,1,2,,12,7,1,0,9,,30,37,0,1,1,1,1,1,6,1,0,0,0,0,0,2,0,0,0,0,"A_2022",1,1,1,1,0,0,1,1,1,1,1,1,0,0,0,0,0,0,2,,7,0,0,0,FALSE,FALSE,TRUE,TRUE,12,FALSE,FALSE,FALSE,FALSE,FALSE,FALSE,FALSE,FALSE,18,FALSE,30,25,FALSE,37,FALSE,FALSE,TRUE,FALSE
101265,"A",2020,0,0,14,1,,17,16,6,0,0,5,,33,,,0,0,0,0,0,6,1,0,0,1,1,1,2,0,0,0,0,"A_2020",0,0,1,0,0,,0,0,0,0,0,1,0,0,1,0,0,0,,17,6,1,1,2,FALSE,FALSE,FALSE,FALSE,16,FALSE,FALSE,FALSE,FALSE,FALSE,FALSE,FALSE,FALSE,17,FALSE,33,,FALSE,,FALSE,FALSE,FALSE,FALSE
101266,"A",2020,1,1,13,1,2,8,15,3,0,0,5,,40,,,1,1,1,1,1,8,1,1,1,0,0,0,4,0,0,0,0,"A_2020",1,1,1,0,0,,1,1,1,1,1,1,1,1,0,0,0,0,2,8,3,0,0,2,FALSE,FALSE,FALSE,FALSE,15,FALSE,FALSE,FALSE,FALSE,FALSE,FALSE,FALSE,FALSE,25,FALSE,40,,FALSE,,FALSE,FALSE,TRUE,FALSE
101267,"A",2020,0,1,11,1,,5,14,4,0,0,5,7,32,34,,0,1,1,1,1,8,1,1,1,0,0,0,4,0,0,0,0,"A_2020",0,1,1,0,0,,0,1,1,1,1,1,1,1,0,0,0,0,,5,4,0,0,3,FALSE,FALSE,FALSE,FALSE,14,FALSE,FALSE,FALSE,FALSE,FALSE,FALSE,FALSE,FALSE,18,FALSE,32,20,FALSE,34,FALSE,FALSE,FALSE,FALSE
101268,"A",2020,1,1,14,1,2,6,16,3,0,0,5,5,50,75,0,0,1,1,0,1,7,1,1,0,0,0,0,3,0,0,1,20,"A_2020",1,1,1,0,0,0,0,1,1,0,1,1,1,0,0,0,0,1,2,6,3,0,0,2,FALSE,FALSE,FALSE,FALSE,16,FALSE,FALSE,FALSE,FALSE,FALSE,FALSE,FALSE,FALSE,34,FALSE,50,59,FALSE,75,FALSE,FALSE,FALSE,FALSE
101269,"A",2020,1,0,13,1,,19,,3,0,0,,,,,,,,,,,5,,,,,,,,,,,,"A_2020",1,0,1,0,0,,,,,,,,,,,,,,,19,3,,,,TRUE,FALSE,FALSE,FALSE,,FALSE,FALSE,FALSE,FALSE,FALSE,FALSE,FALSE,FALSE,,FALSE,,,FALSE,,FALSE,FALSE,FALSE,FALSE
101270,"B",2018,0,0,10,1,2,,15,7,1,1,,8,,37,1,0,1,1,0,1,9,1,1,1,0,0,0,6,0,0,0,0,"B_2018",0,0,1,1,1,1,0,1,1,0,1,1,1,1,0,0,0,0,2,,7,0,0,5,FALSE,FALSE,FALSE,TRUE,15,FALSE,FALSE,FALSE,FALSE,FALSE,FALSE,FALSE,FALSE,,FALSE,,22,FALSE,37,FALSE,TRUE,FALSE,FALSE
101271,"A",2020,1,0,12,1,2,15,14,4,0,0,,,35,36,0,1,1,1,1,1,8,1,1,1,0,0,0,4,0,0,0,0,"A_2020",1,0,1,0,0,0,1,1,1,1,1,1,1,1,0,0,0,0,2,15,4,0,0,2,FALSE,FALSE,FALSE,FALSE,14,FALSE,FALSE,FALSE,FALSE,FALSE,FALSE,FALSE,FALSE,21,FALSE,35,22,FALSE,36,FALSE,FALSE,TRUE,FALSE
101272,"A",2020,0,0,12,1,1,,14,3,0,0,2,11,43,38,0,0,1,0,0,1,8,1,1,1,0,0,0,4,0,0,0,0,"A_2020",0,0,1,0,0,0,0,1,0,0,1,1,1,1,0,0,0,0,1,,3,0,0,2,FALSE,FALSE,FALSE,FALSE,14,FALSE,FALSE,FALSE,FALSE,FALSE,FALSE,FALSE,FALSE,29,FALSE,43,24,FALSE,38,FALSE,FALSE,TRUE,FALSE
101273,"A",2020,1,1,14,1,2,19,17,3,0,0,4,4,54,56,0,1,1,1,1,1,8,1,1,1,0,0,0,4,0,0,1,0,"A_2020",1,1,1,0,0,0,1,1,1,1,1,1,1,1,0,0,0,1,2,19,3,0,0,3,FALSE,FALSE,FALSE,FALSE,17,FALSE,FALSE,FALSE,FALSE,FALSE,FALSE,FALSE,FALSE,37,FALSE,54,39,FALSE,56,FALSE,FALSE,FALSE,FALSE
101274,"A",2020,1,0,11,1,2,,13,7,1,0,11,4,34,44,0,1,1,1,1,1,8,1,1,1,0,0,0,4,0,0,0,0,"A_2020",1,0,1,1,0,0,1,1,1,1,1,1,1,1,0,0,0,0,2,,7,0,0,2,FALSE,FALSE,FALSE,FALSE,13,FALSE,FALSE,FALSE,FALSE,FALSE,FALSE,FALSE,FALSE,21,FALSE,34,31,FALSE,44,FALSE,FALSE,TRUE,FALSE
101275,"A",2020,1,0,11,1,2,11,14,7,0,1,2,5,41,44,0,1,1,1,1,1,8,1,1,1,0,0,0,4,0,0,0,0,"A_2020",1,0,1,0,1,0,1,1,1,1,1,1,1,1,0,0,0,0,2,11,7,0,0,3,FALSE,FALSE,FALSE,FALSE,14,FALSE,FALSE,FALSE,FALSE,FALSE,FALSE,FALSE,FALSE,27,FALSE,41,30,FALSE,44,FALSE,FALSE,FALSE,FALSE
101276,"A",2020,0,1,12,1,1,,15,4,0,0,4,5,51,56,0,0,1,1,1,1,8,1,1,1,0,0,0,4,0,0,1,25,"A_2020",0,1,1,0,0,0,0,1,1,1,1,1,1,1,0,0,0,1,1,,4,0,0,3,FALSE,FALSE,FALSE,FALSE,15,FALSE,FALSE,FALSE,FALSE,FALSE,FALSE,FALSE,FALSE,36,FALSE,51,41,FALSE,56,FALSE,FALSE,FALSE,FALSE
101277,"A",2020,0,0,12,1,2,19,14,3,0,0,5,5,32,36,0,1,1,1,1,1,8,1,1,1,0,0,0,4,0,0,1,0,"A_2020",0,0,1,0,0,0,1,1,1,1,1,1,1,1,0,0,0,1,2,19,3,0,0,2,FALSE,FALSE,FALSE,FALSE,14,FALSE,FALSE,FALSE,FALSE,FALSE,FALSE,FALSE,FALSE,18,FALSE,32,22,FALSE,36,FALSE,FALSE,TRUE,FALSE
101278,"A",2020,0,0,12,1,3,8,15,7,1,0,2,0,48,40,,1,1,1,1,1,8,1,1,1,0,0,0,4,0,0,0,0,"A_2020",0,0,1,1,0,,1,1,1,1,1,1,1,1,0,0,0,0,3,8,7,0,0,3,FALSE,FALSE,FALSE,FALSE,15,FALSE,FALSE,FALSE,FALSE,FALSE,FALSE,FALSE,FALSE,33,FALSE,48,25,FALSE,40,FALSE,FALSE,FALSE,FALSE
101279,"A",2022,0,0,12,1,2,,13,4,1,0,6,3,42,50,0,0,1,1,0,1,6,1,0,0,0,1,1,2,0,0,0,0,"A_2022",0,0,1,1,0,0,0,1,1,0,1,1,0,0,1,0,0,0,2,,4,0,1,1,FALSE,FALSE,FALSE,TRUE,13,FALSE,FALSE,FALSE,FALSE,FALSE,FALSE,FALSE,FALSE,29,FALSE,42,37,FALSE,50,FALSE,FALSE,FALSE,FALSE
101280,"A",2022,0,1,16,1,3,,17,7,1,0,5,,33,,,0,1,1,1,1,6,1,0,0,0,0,0,2,0,0,0,0,"A_2022",0,1,1,1,0,,0,1,1,1,1,1,0,0,0,0,0,0,3,,7,0,0,1,FALSE,FALSE,FALSE,TRUE,17,FALSE,FALSE,FALSE,FALSE,FALSE,FALSE,FALSE,FALSE,16,FALSE,33,,FALSE,,FALSE,FALSE,FALSE,FALSE
101281,"B",2018,1,0,12,0,2,,17,6,1,1,4,5,39,51,0,1,1,1,1,1,9,1,1,1,0,0,0,6,0,0,0,0,"B_2018",1,0,0,1,1,0,1,1,1,1,1,1,1,1,0,0,0,0,2,,6,0,0,5,FALSE,FALSE,FALSE,TRUE,17,FALSE,FALSE,FALSE,FALSE,FALSE,FALSE,FALSE,FALSE,22,FALSE,39,34,FALSE,51,FALSE,TRUE,FALSE,FALSE
101282,"A",2022,0,1,11,1,2,,13,5,1,0,9,7,39,39,0,0,1,1,1,1,7,1,1,0,0,0,0,2,0,0,0,0,"A_2022",0,1,1,1,0,0,0,1,1,1,1,1,1,0,0,0,0,0,2,,5,0,0,2,FALSE,FALSE,FALSE,FALSE,13,FALSE,FALSE,FALSE,FALSE,FALSE,FALSE,FALSE,FALSE,26,FALSE,39,26,FALSE,39,FALSE,FALSE,FALSE,FALSE
101283,"A",2020,0,0,12,1,2,7,14,6,0,0,5,2,50,52,0,0,1,1,1,1,8,1,1,1,0,0,0,4,0,0,0,0,"A_2020",0,0,1,0,0,0,0,1,1,1,1,1,1,1,0,0,0,0,2,7,6,0,0,2,FALSE,FALSE,FALSE,FALSE,14,FALSE,FALSE,FALSE,FALSE,FALSE,FALSE,FALSE,FALSE,36,FALSE,50,38,FALSE,52,FALSE,FALSE,TRUE,FALSE
101284,"A",2022,1,1,12,1,2,,12,7,1,0,7,5,41,45,0,1,1,1,1,1,6,1,0,0,0,0,0,2,0,0,0,0,"A_2022",1,1,1,1,0,0,1,1,1,1,1,1,0,0,0,0,0,0,2,,7,0,0,0,FALSE,FALSE,TRUE,TRUE,12,FALSE,FALSE,FALSE,FALSE,FALSE,FALSE,FALSE,FALSE,29,FALSE,41,33,FALSE,45,FALSE,FALSE,TRUE,FALSE
101285,"A",2020,0,1,12,1,5,,14,4,0,0,5,5,31,37,1,0,1,1,1,1,8,1,1,1,0,0,0,4,0,0,0,0,"A_2020",0,1,1,0,0,1,0,1,1,1,1,1,1,1,0,0,0,0,5,,4,0,0,2,FALSE,FALSE,FALSE,FALSE,14,FALSE,FALSE,FALSE,FALSE,FALSE,FALSE,FALSE,FALSE,17,FALSE,31,23,FALSE,37,FALSE,FALSE,TRUE,FALSE
101286,"B",2018,1,0,13,0,2,,18,7,1,1,11,5,39,42,0,1,1,1,1,1,9,1,1,1,0,0,0,6,0,0,0,0,"B_2018",1,0,0,1,1,0,1,1,1,1,1,1,1,1,0,0,0,0,2,,7,0,0,5,FALSE,FALSE,FALSE,TRUE,18,FALSE,FALSE,FALSE,FALSE,FALSE,FALSE,FALSE,FALSE,21,FALSE,39,24,FALSE,42,FALSE,TRUE,FALSE,FALSE
101287,"A",2020,0,0,14,1,2,,17,3,0,0,5,5,35,37,0,0,0,0,0,1,8,1,1,1,0,0,0,4,0,0,0,0,"A_2020",0,0,1,0,0,0,0,0,0,0,1,1,1,1,0,0,0,0,2,,3,0,0,3,FALSE,FALSE,FALSE,FALSE,17,FALSE,FALSE,FALSE,FALSE,FALSE,FALSE,FALSE,FALSE,18,FALSE,35,20,FALSE,37,FALSE,FALSE,FALSE,FALSE
101288,"A",2020,1,0,12,1,3,6,14,4,0,0,4,6,38,48,0,0,1,0,0,1,7,1,1,0,1,1,1,4,0,0,0,0,"A_2020",1,0,1,0,0,0,0,1,0,0,1,1,1,0,1,0,0,0,3,6,4,1,1,2,FALSE,FALSE,FALSE,FALSE,14,FALSE,FALSE,FALSE,FALSE,FALSE,FALSE,FALSE,FALSE,24,FALSE,38,34,FALSE,48,FALSE,FALSE,TRUE,FALSE
101289,"A",2020,0,0,12,1,2,,15,3,0,0,5,6,36,37,0,0,1,1,0,1,8,1,1,1,0,0,0,4,0,0,0,0,"A_2020",0,0,1,0,0,0,0,1,1,0,1,1,1,1,0,0,0,0,2,,3,0,0,3,FALSE,FALSE,FALSE,FALSE,15,FALSE,FALSE,FALSE,FALSE,FALSE,FALSE,FALSE,FALSE,21,FALSE,36,22,FALSE,37,FALSE,FALSE,FALSE,FALSE
101290,"A",2020,1,0,13,1,3,5,16,7,1,0,5,3,51,51,0,1,1,1,1,1,8,1,1,1,0,0,0,4,0,0,0,0,"A_2020",1,0,1,1,0,0,1,1,1,1,1,1,1,1,0,0,0,0,3,5,7,0,0,3,FALSE,FALSE,FALSE,FALSE,16,FALSE,FALSE,FALSE,FALSE,FALSE,FALSE,FALSE,FALSE,35,FALSE,51,35,FALSE,51,FALSE,FALSE,FALSE,FALSE
101291,"A",2020,1,1,12,1,3,8,15,8,1,0,4,11,45,50,0,0,1,0,0,0,6,1,0,0,1,1,1,2,0,0,1,40,"A_2020",1,1,1,1,0,0,0,1,0,0,0,1,0,0,1,0,0,1,3,8,8,1,1,3,FALSE,FALSE,FALSE,FALSE,15,FALSE,FALSE,FALSE,FALSE,FALSE,FALSE,FALSE,FALSE,30,FALSE,45,35,FALSE,50,FALSE,FALSE,FALSE,FALSE
101292,"A",2022,1,0,11,1,,,12,7,1,0,3,1,32,43,0,1,1,1,1,1,6,1,0,0,0,0,0,2,0,0,0,0,"A_2022",1,0,1,1,0,0,1,1,1,1,1,1,0,0,0,0,0,0,,,7,0,0,1,FALSE,FALSE,FALSE,TRUE,12,FALSE,FALSE,FALSE,FALSE,FALSE,FALSE,FALSE,FALSE,20,FALSE,32,31,FALSE,43,FALSE,FALSE,FALSE,FALSE
101293,"B",2018,1,1,10,0,,,15,6,1,0,7,,34,,,1,1,1,1,1,9,1,1,1,0,0,0,6,0,0,0,0,"B_2018",1,1,0,1,0,,1,1,1,1,1,1,1,1,0,0,0,0,,,6,0,0,5,FALSE,FALSE,FALSE,TRUE,15,FALSE,FALSE,FALSE,FALSE,FALSE,FALSE,FALSE,FALSE,19,FALSE,34,,FALSE,,FALSE,TRUE,FALSE,FALSE
101294,"A",2020,1,0,12,1,2,18,14,3,0,0,7,,34,35,,1,1,1,1,1,8,1,1,1,0,0,0,4,0,0,0,0,"A_2020",1,0,1,0,0,,1,1,1,1,1,1,1,1,0,0,0,0,2,18,3,0,0,2,FALSE,FALSE,FALSE,FALSE,14,FALSE,FALSE,FALSE,FALSE,FALSE,FALSE,FALSE,FALSE,20,FALSE,34,21,FALSE,35,FALSE,FALSE,TRUE,FALSE
101295,"A",2022,0,0,14,1,1,,15,11,1,0,5,4,40,45,0,0,1,0,0,1,6,1,0,0,0,0,0,2,0,0,0,0,"A_2022",0,0,1,1,0,0,0,1,0,0,1,1,0,0,0,0,0,0,1,,11,0,0,1,FALSE,FALSE,FALSE,TRUE,15,FALSE,FALSE,FALSE,FALSE,FALSE,FALSE,FALSE,FALSE,25,FALSE,40,30,FALSE,45,FALSE,FALSE,FALSE,FALSE
101296,"A",2020,0,0,,1,1,19,14,1,1,0,2,,31,,,0,1,0,0,0,6,1,0,0,0,0,0,1,0,0,0,0,"A_2020",0,0,1,1,0,,0,1,0,0,0,1,0,0,0,0,0,0,1,19,1,0,0,,TRUE,FALSE,FALSE,FALSE,14,FALSE,FALSE,FALSE,FALSE,FALSE,FALSE,FALSE,FALSE,17,FALSE,31,,FALSE,,FALSE,FALSE,FALSE,FALSE
101297,"A",2020,0,1,15,1,2,19,17,4,0,0,,,50,50,0,0,1,1,1,1,7,1,1,0,0,0,0,4,0,0,0,0,"A_2020",0,1,1,0,0,0,0,1,1,1,1,1,1,0,0,0,0,0,2,19,4,0,0,2,FALSE,FALSE,FALSE,FALSE,17,FALSE,FALSE,FALSE,FALSE,FALSE,FALSE,FALSE,FALSE,33,FALSE,50,33,FALSE,50,FALSE,FALSE,TRUE,FALSE
101298,"A",2020,1,1,13,1,3,11,15,4,0,1,5,5,34,40,0,0,1,0,0,1,5,0,0,0,0,0,0,2,0,0,0,0,"A_2020",1,1,1,0,1,0,0,1,0,0,1,0,0,0,0,0,0,0,3,11,4,0,0,2,FALSE,FALSE,FALSE,FALSE,15,FALSE,FALSE,FALSE,FALSE,FALSE,FALSE,FALSE,FALSE,19,FALSE,34,25,FALSE,40,FALSE,FALSE,FALSE,FALSE
101299,"A",2020,0,1,11,1,2,,13,3,0,0,,,47,48,,0,1,1,0,1,8,1,1,1,0,1,1,4,0,0,0,0,"A_2020",0,1,1,0,0,,0,1,1,0,1,1,1,1,1,0,0,0,2,,3,0,1,2,FALSE,FALSE,FALSE,FALSE,13,FALSE,FALSE,FALSE,FALSE,FALSE,FALSE,FALSE,FALSE,34,FALSE,47,35,FALSE,48,FALSE,FALSE,TRUE,FALSE
101300,"A",2020,0,1,14,1,2,19,16,4,0,0,2,3,37,43,0,0,1,1,0,0,8,1,1,1,0,0,0,3,0,0,1,40,"A_2020",0,1,1,0,0,0,0,1,1,0,0,1,1,1,0,0,0,1,2,19,4,0,0,2,FALSE,FALSE,FALSE,FALSE,16,FALSE,FALSE,FALSE,FALSE,FALSE,FALSE,FALSE,FALSE,21,FALSE,37,27,FALSE,43,FALSE,FALSE,FALSE,FALSE
101301,"A",2020,0,0,14,1,2,19,17,3,0,0,6,6,34,40,0,0,1,0,0,1,7,1,1,0,1,1,1,4,0,0,0,0,"A_2020",0,0,1,0,0,0,0,1,0,0,1,1,1,0,1,0,0,0,2,19,3,1,1,3,FALSE,FALSE,FALSE,FALSE,17,FALSE,FALSE,FALSE,FALSE,FALSE,FALSE,FALSE,FALSE,17,FALSE,34,23,FALSE,40,FALSE,FALSE,FALSE,FALSE
101302,"A",2020,0,0,14,1,2,7,16,8,1,0,7,8,39,49,1,0,1,1,0,0,7,1,1,0,0,0,0,2,0,0,1,40,"A_2020",0,0,1,1,0,1,0,1,1,0,0,1,1,0,0,0,0,1,2,7,8,0,0,2,FALSE,FALSE,FALSE,FALSE,16,FALSE,FALSE,FALSE,FALSE,FALSE,FALSE,FALSE,FALSE,23,FALSE,39,33,FALSE,49,FALSE,FALSE,FALSE,FALSE
101303,"A",2020,1,0,14,1,3,19,16,4,0,0,5,5,46,46,0,1,1,1,1,1,8,1,1,1,0,0,0,4,0,0,0,0,"A_2020",1,0,1,0,0,0,1,1,1,1,1,1,1,1,0,0,0,0,3,19,4,0,0,2,FALSE,FALSE,FALSE,FALSE,16,FALSE,FALSE,FALSE,FALSE,FALSE,FALSE,FALSE,FALSE,30,FALSE,46,30,FALSE,46,FALSE,FALSE,TRUE,FALSE
101304,"A",2022,1,1,11,1,2,,11,7,1,0,8,4,32,32,0,1,1,1,1,1,6,1,0,0,0,0,0,2,0,0,0,0,"A_2022",1,1,1,1,0,0,1,1,1,1,1,1,0,0,0,0,0,0,2,,7,0,0,0,FALSE,FALSE,TRUE,TRUE,11,FALSE,FALSE,FALSE,FALSE,FALSE,FALSE,FALSE,FALSE,21,FALSE,32,21,FALSE,32,FALSE,FALSE,TRUE,FALSE
101305,"A",2022,0,0,11,1,2,,11,7,1,0,2,2,46,48,0,0,1,1,1,1,6,1,0,0,0,0,0,2,0,0,0,0,"A_2022",0,0,1,1,0,0,0,1,1,1,1,1,0,0,0,0,0,0,2,,7,0,0,0,FALSE,FALSE,TRUE,TRUE,11,FALSE,FALSE,FALSE,FALSE,FALSE,FALSE,FALSE,FALSE,35,FALSE,46,37,FALSE,48,FALSE,FALSE,TRUE,FALSE
101306,"A",2020,0,1,13,1,3,,15,6,0,0,6,,38,,,0,0,0,0,1,5,0,0,0,1,1,1,3,0,0,1,9,"A_2020",0,1,1,0,0,,0,0,0,0,1,0,0,0,1,0,0,1,3,,6,1,1,2,FALSE,FALSE,FALSE,FALSE,15,FALSE,FALSE,FALSE,FALSE,FALSE,FALSE,FALSE,FALSE,23,FALSE,38,,FALSE,,FALSE,FALSE,FALSE,FALSE
101307,"A",2020,0,0,12,1,2,19,15,3,0,0,,6,46,37,0,0,1,1,1,1,8,1,1,1,0,0,0,4,0,0,0,0,"A_2020",0,0,1,0,0,0,0,1,1,1,1,1,1,1,0,0,0,0,2,19,3,0,0,3,FALSE,FALSE,FALSE,FALSE,15,FALSE,FALSE,FALSE,FALSE,FALSE,FALSE,FALSE,FALSE,31,FALSE,46,22,FALSE,37,FALSE,FALSE,FALSE,FALSE
101308,"A",2022,0,1,13,1,2,,14,7,1,0,5,5,36,46,0,0,1,1,1,1,6,1,0,0,0,0,0,2,0,0,0,0,"A_2022",0,1,1,1,0,0,0,1,1,1,1,1,0,0,0,0,0,0,2,,7,0,0,1,FALSE,FALSE,FALSE,TRUE,14,FALSE,FALSE,FALSE,FALSE,FALSE,FALSE,FALSE,FALSE,22,FALSE,36,32,FALSE,46,FALSE,FALSE,FALSE,FALSE
101309,"A",2022,1,0,13,1,,,14,4,1,0,5,0,32,48,0,1,1,1,1,1,7,1,1,0,0,0,0,2,0,0,0,0,"A_2022",1,0,1,1,0,0,1,1,1,1,1,1,1,0,0,0,0,0,,,4,0,0,1,FALSE,FALSE,FALSE,TRUE,14,FALSE,FALSE,FALSE,FALSE,FALSE,FALSE,FALSE,FALSE,18,FALSE,32,34,FALSE,48,FALSE,FALSE,FALSE,FALSE
101310,"A",2022,0,0,12,1,2,,13,7,1,0,8,5,35,35,0,0,1,1,1,1,6,1,0,0,0,0,0,2,0,0,0,0,"A_2022",0,0,1,1,0,0,0,1,1,1,1,1,0,0,0,0,0,0,2,,7,0,0,1,FALSE,FALSE,FALSE,TRUE,13,FALSE,FALSE,FALSE,FALSE,FALSE,FALSE,FALSE,FALSE,22,FALSE,35,22,FALSE,35,FALSE,FALSE,FALSE,FALSE
101311,"A",2020,0,1,13,1,2,6,16,4,0,0,5,5,45,50,0,0,1,0,0,1,7,1,1,0,1,1,1,4,0,0,1,40,"A_2020",0,1,1,0,0,0,0,1,0,0,1,1,1,0,1,0,0,1,2,6,4,1,1,3,FALSE,FALSE,FALSE,FALSE,16,FALSE,FALSE,FALSE,FALSE,FALSE,FALSE,FALSE,FALSE,29,FALSE,45,34,FALSE,50,FALSE,FALSE,FALSE,FALSE
101312,"B",2018,0,1,11,0,3,,16,6,1,0,11,8,36,36,0,0,1,1,1,1,9,1,1,1,0,0,0,6,0,0,0,0,"B_2018",0,1,0,1,0,0,0,1,1,1,1,1,1,1,0,0,0,0,3,,6,0,0,5,FALSE,FALSE,FALSE,TRUE,16,FALSE,FALSE,FALSE,FALSE,FALSE,FALSE,FALSE,FALSE,20,FALSE,36,20,FALSE,36,FALSE,TRUE,FALSE,FALSE
101313,"A",2022,0,1,12,1,3,,13,7,1,0,7,11,45,47,,0,1,0,0,1,6,1,0,0,1,1,1,2,0,0,0,0,"A_2022",0,1,1,1,0,,0,1,0,0,1,1,0,0,1,0,0,0,3,,7,1,1,1,FALSE,FALSE,FALSE,TRUE,13,FALSE,FALSE,FALSE,FALSE,FALSE,FALSE,FALSE,FALSE,32,FALSE,45,34,FALSE,47,FALSE,FALSE,FALSE,FALSE
101314,"A",2020,1,1,11,1,1,19,14,4,0,0,6,,29,34,,1,1,1,1,1,8,1,1,1,0,0,0,4,0,0,0,0,"A_2020",1,1,1,0,0,,1,1,1,1,1,1,1,1,0,0,0,0,1,19,4,0,0,3,FALSE,FALSE,FALSE,FALSE,14,FALSE,FALSE,FALSE,FALSE,FALSE,FALSE,FALSE,FALSE,15,FALSE,29,20,FALSE,34,FALSE,FALSE,FALSE,FALSE
101315,"A",2020,1,1,13,1,2,6,15,3,0,0,7,9,36,40,0,1,1,1,1,1,8,1,1,1,0,0,0,4,0,0,0,0,"A_2020",1,1,1,0,0,0,1,1,1,1,1,1,1,1,0,0,0,0,2,6,3,0,0,2,FALSE,FALSE,FALSE,FALSE,15,FALSE,FALSE,FALSE,FALSE,FALSE,FALSE,FALSE,FALSE,21,FALSE,36,25,FALSE,40,FALSE,FALSE,TRUE,FALSE
101316,"A",2022,0,1,12,1,2,,13,7,1,0,5,,55,,,0,1,1,1,1,7,1,1,0,0,0,0,3,0,,0,0,"A_2022",0,1,1,1,0,,0,1,1,1,1,1,1,0,0,0,,0,2,,7,0,0,1,FALSE,FALSE,FALSE,TRUE,13,FALSE,FALSE,FALSE,FALSE,FALSE,FALSE,FALSE,FALSE,42,FALSE,55,,FALSE,,FALSE,FALSE,TRUE,FALSE
101317,"A",2020,0,0,,1,1,,13,4,0,0,,,33,,,0,1,0,0,1,8,1,1,1,0,0,0,4,0,0,0,0,"A_2020",0,0,1,0,0,,0,1,0,0,1,1,1,1,0,0,0,0,1,,4,0,0,,TRUE,FALSE,FALSE,FALSE,13,FALSE,FALSE,FALSE,FALSE,FALSE,FALSE,FALSE,FALSE,20,FALSE,33,,FALSE,,FALSE,FALSE,FALSE,FALSE
101318,"A",2020,1,0,12,1,1,19,15,8,1,0,5,5,54,53,0,1,1,1,1,1,8,1,1,1,0,0,0,4,0,0,0,0,"A_2020",1,0,1,1,0,0,1,1,1,1,1,1,1,1,0,0,0,0,1,19,8,0,0,3,FALSE,FALSE,FALSE,FALSE,15,FALSE,FALSE,FALSE,FALSE,FALSE,FALSE,FALSE,FALSE,39,FALSE,54,38,FALSE,53,FALSE,FALSE,FALSE,FALSE
101319,"A",2020,1,0,13,1,2,19,15,3,0,0,5,5,53,54,0,0,1,0,0,1,8,1,1,1,1,1,1,4,0,0,0,0,"A_2020",1,0,1,0,0,0,0,1,0,0,1,1,1,1,1,0,0,0,2,19,3,1,1,2,FALSE,FALSE,FALSE,FALSE,15,FALSE,FALSE,FALSE,FALSE,FALSE,FALSE,FALSE,FALSE,38,FALSE,53,39,FALSE,54,FALSE,FALSE,TRUE,FALSE
101320,"A",2020,0,1,11,1,3,16,13,4,0,0,5,6,32,42,0,0,0,0,0,1,8,1,1,1,0,0,0,4,0,0,0,0,"A_2020",0,1,1,0,0,0,0,0,0,0,1,1,1,1,0,0,0,0,3,16,4,0,0,2,FALSE,FALSE,FALSE,FALSE,13,FALSE,FALSE,FALSE,FALSE,FALSE,FALSE,FALSE,FALSE,19,FALSE,32,29,FALSE,42,FALSE,FALSE,TRUE,FALSE
101321,"A",2020,0,0,14,1,1,19,16,3,0,0,,,,,,0,1,0,0,0,7,1,1,0,0,0,0,3,0,0,1,40,"A_2020",0,0,1,0,0,,0,1,0,0,0,1,1,0,0,0,0,1,1,19,3,0,0,2,FALSE,FALSE,FALSE,FALSE,16,FALSE,FALSE,FALSE,FALSE,FALSE,FALSE,FALSE,FALSE,,FALSE,,,FALSE,,FALSE,FALSE,FALSE,FALSE
101322,"A",2020,0,0,11,1,1,19,13,3,0,0,3,,47,52,0,0,1,0,0,1,7,1,1,0,0,1,1,4,0,0,0,0,"A_2020",0,0,1,0,0,0,0,1,0,0,1,1,1,0,1,0,0,0,1,19,3,0,1,2,FALSE,FALSE,FALSE,FALSE,13,FALSE,FALSE,FALSE,FALSE,FALSE,FALSE,FALSE,FALSE,34,FALSE,47,39,FALSE,52,FALSE,FALSE,TRUE,FALSE
101323,"A",2020,0,1,14,1,,5,16,3,0,0,0,8,34,45,0,0,1,0,0,0,8,1,1,1,0,0,0,3,0,0,1,40,"A_2020",0,1,1,0,0,0,0,1,0,0,0,1,1,1,0,0,0,1,,5,3,0,0,2,FALSE,FALSE,FALSE,FALSE,16,FALSE,FALSE,FALSE,FALSE,FALSE,FALSE,FALSE,FALSE,18,FALSE,34,29,FALSE,45,FALSE,FALSE,FALSE,FALSE
101324,"A",2020,1,0,12,1,2,5,14,7,1,0,9,6,40,44,0,1,1,1,1,1,8,1,1,1,0,0,0,4,0,0,0,0,"A_2020",1,0,1,1,0,0,1,1,1,1,1,1,1,1,0,0,0,0,2,5,7,0,0,2,FALSE,FALSE,FALSE,FALSE,14,FALSE,FALSE,FALSE,FALSE,FALSE,FALSE,FALSE,FALSE,26,FALSE,40,30,FALSE,44,FALSE,FALSE,TRUE,FALSE
101325,"B",2018,1,1,12,1,2,,17,7,1,1,6,11,48,51,0,0,1,0,0,0,7,1,1,0,0,0,0,3,0,0,1,10,"B_2018",1,1,1,1,1,0,0,1,0,0,0,1,1,0,0,0,0,1,2,,7,0,0,5,FALSE,FALSE,FALSE,TRUE,17,FALSE,FALSE,FALSE,FALSE,FALSE,FALSE,FALSE,FALSE,31,FALSE,48,34,FALSE,51,FALSE,FALSE,FALSE,FALSE
101326,"B",2018,1,1,15,0,2,,20,6,1,1,6,,41,,,0,0,0,0,0,5,0,0,0,0,0,0,1,0,0,0,0,"B_2018",1,1,0,1,1,,0,0,0,0,0,0,0,0,0,0,0,0,2,,6,0,0,5,FALSE,FALSE,FALSE,TRUE,20,FALSE,FALSE,FALSE,FALSE,FALSE,FALSE,FALSE,FALSE,21,FALSE,41,,FALSE,,FALSE,FALSE,FALSE,FALSE
101327,"A",2020,0,0,,1,2,5,15,4,0,0,5,,47,54,,0,1,0,0,1,7,1,1,0,0,0,0,3,0,0,0,0,"A_2020",0,0,1,0,0,,0,1,0,0,1,1,1,0,0,0,0,0,2,5,4,0,0,,TRUE,FALSE,FALSE,FALSE,15,FALSE,FALSE,FALSE,FALSE,FALSE,FALSE,FALSE,FALSE,32,FALSE,47,39,FALSE,54,FALSE,FALSE,FALSE,FALSE
101328,"B",2018,1,1,10,1,2,,15,7,1,1,8,5,46,39,0,0,0,0,0,1,9,1,1,1,1,1,1,6,0,0,0,0,"B_2018",1,1,1,1,1,0,0,0,0,0,1,1,1,1,1,0,0,0,2,,7,1,1,5,FALSE,FALSE,FALSE,TRUE,15,FALSE,FALSE,FALSE,FALSE,FALSE,FALSE,FALSE,FALSE,31,FALSE,46,24,FALSE,39,FALSE,TRUE,FALSE,FALSE
101329,"A",2020,0,1,14,1,,19,16,3,0,0,7,3,16,37,0,0,1,1,1,1,7,1,1,0,0,0,0,3,0,0,1,30,"A_2020",0,1,1,0,0,0,0,1,1,1,1,1,1,0,0,0,0,1,,19,3,0,0,2,FALSE,FALSE,FALSE,FALSE,16,FALSE,FALSE,FALSE,FALSE,FALSE,FALSE,FALSE,FALSE,0,FALSE,,21,FALSE,37,FALSE,FALSE,FALSE,FALSE
101330,"A",2020,0,1,15,1,,,18,3,0,0,,5,41,50,0,0,1,1,0,1,9,1,1,1,0,0,0,5,0,0,0,0,"A_2020",0,1,1,0,0,0,0,1,1,0,1,1,1,1,0,0,0,0,,,3,0,0,3,FALSE,FALSE,FALSE,FALSE,18,FALSE,FALSE,FALSE,FALSE,FALSE,FALSE,FALSE,FALSE,23,FALSE,41,32,FALSE,50,FALSE,TRUE,TRUE,FALSE
101331,"A",2020,0,1,11,1,2,17,14,8,1,0,8,8,42,44,0,1,1,1,1,1,8,1,1,1,0,0,0,4,0,0,0,0,"A_2020",0,1,1,1,0,0,1,1,1,1,1,1,1,1,0,0,0,0,2,17,8,0,0,3,FALSE,FALSE,FALSE,FALSE,14,FALSE,FALSE,FALSE,FALSE,FALSE,FALSE,FALSE,FALSE,28,FALSE,42,30,FALSE,44,FALSE,FALSE,FALSE,FALSE
101332,"A",2022,0,0,10,1,,,12,4,1,0,7,3,36,38,0,0,1,0,0,1,7,1,1,0,0,0,0,2,0,0,0,0,"A_2022",0,0,1,1,0,0,0,1,0,0,1,1,1,0,0,0,0,0,,,4,0,0,2,FALSE,FALSE,FALSE,FALSE,12,FALSE,FALSE,FALSE,FALSE,FALSE,FALSE,FALSE,FALSE,24,FALSE,36,26,FALSE,38,FALSE,FALSE,FALSE,FALSE
101333,"A",2022,1,1,12,1,2,,13,7,1,0,11,11,40,38,0,1,1,1,1,1,6,1,0,0,0,0,0,2,0,0,0,0,"A_2022",1,1,1,1,0,0,1,1,1,1,1,1,0,0,0,0,0,0,2,,7,0,0,1,FALSE,FALSE,FALSE,TRUE,13,FALSE,FALSE,FALSE,FALSE,FALSE,FALSE,FALSE,FALSE,27,FALSE,40,25,FALSE,38,FALSE,FALSE,FALSE,FALSE
101334,"A",2020,0,0,12,1,,7,15,5,1,0,11,,40,,,0,1,1,1,1,8,1,1,1,1,1,1,4,0,0,0,0,"A_2020",0,0,1,1,0,,0,1,1,1,1,1,1,1,1,0,0,0,,7,5,1,1,3,FALSE,FALSE,FALSE,FALSE,15,FALSE,FALSE,FALSE,FALSE,FALSE,FALSE,FALSE,FALSE,25,FALSE,40,,FALSE,,FALSE,FALSE,FALSE,FALSE
101335,"B",2018,1,1,14,0,2,,19,6,1,1,,2,,41,0,0,1,1,0,0,7,1,1,0,0,0,0,2,0,0,1,0,"B_2018",1,1,0,1,1,0,0,1,1,0,0,1,1,0,0,0,0,1,2,,6,0,0,5,FALSE,FALSE,FALSE,TRUE,19,FALSE,FALSE,FALSE,FALSE,FALSE,FALSE,FALSE,FALSE,,FALSE,,22,FALSE,41,FALSE,FALSE,FALSE,FALSE
101336,"A",2020,0,1,13,1,1,19,15,3,0,0,3,,53,,,1,1,1,1,1,7,1,1,0,1,1,1,4,0,0,0,0,"A_2020",0,1,1,0,0,,1,1,1,1,1,1,1,0,1,0,0,0,1,19,3,1,1,2,FALSE,FALSE,FALSE,FALSE,15,FALSE,FALSE,FALSE,FALSE,FALSE,FALSE,FALSE,FALSE,38,FALSE,53,,FALSE,,FALSE,FALSE,TRUE,FALSE
101337,"A",2020,0,0,12,1,2,19,15,7,1,0,3,3,42,48,0,0,1,0,0,1,7,1,1,0,1,1,1,4,0,0,0,0,"A_2020",0,0,1,1,0,0,0,1,0,0,1,1,1,0,1,0,0,0,2,19,7,1,1,3,FALSE,FALSE,FALSE,FALSE,15,FALSE,FALSE,FALSE,FALSE,FALSE,FALSE,FALSE,FALSE,27,FALSE,42,33,FALSE,48,FALSE,FALSE,FALSE,FALSE
101338,"A",2022,1,1,11,1,3,,12,7,1,0,11,5,40,46,0,0,0,0,0,1,6,1,0,0,0,0,0,2,0,0,0,0,"A_2022",1,1,1,1,0,0,0,0,0,0,1,1,0,0,0,0,0,0,3,,7,0,0,1,FALSE,FALSE,FALSE,TRUE,12,FALSE,FALSE,FALSE,FALSE,FALSE,FALSE,FALSE,FALSE,28,FALSE,40,34,FALSE,46,FALSE,FALSE,FALSE,FALSE
101339,"A",2020,1,1,11,1,2,7,14,8,1,0,5,4,37,38,0,0,1,1,1,1,7,1,1,0,1,1,1,4,0,0,0,0,"A_2020",1,1,1,1,0,0,0,1,1,1,1,1,1,0,1,0,0,0,2,7,8,1,1,3,FALSE,FALSE,FALSE,FALSE,14,FALSE,FALSE,FALSE,FALSE,FALSE,FALSE,FALSE,FALSE,23,FALSE,37,24,FALSE,38,FALSE,FALSE,FALSE,FALSE
101340,"A",2020,0,1,12,1,2,,14,4,0,0,11,11,39,39,0,1,1,1,0,1,8,1,1,1,0,0,0,4,0,0,0,0,"A_2020",0,1,1,0,0,0,1,1,1,0,1,1,1,1,0,0,0,0,2,,4,0,0,2,FALSE,FALSE,FALSE,FALSE,14,FALSE,FALSE,FALSE,FALSE,FALSE,FALSE,FALSE,FALSE,25,FALSE,39,25,FALSE,39,FALSE,FALSE,TRUE,FALSE
101341,"A",2020,0,1,12,1,2,19,14,4,0,0,6,3,38,36,0,1,1,1,1,1,8,1,1,1,0,0,0,4,0,0,0,0,"A_2020",0,1,1,0,0,0,1,1,1,1,1,1,1,1,0,0,0,0,2,19,4,0,0,2,FALSE,FALSE,FALSE,FALSE,14,FALSE,FALSE,FALSE,FALSE,FALSE,FALSE,FALSE,FALSE,24,FALSE,38,22,FALSE,36,FALSE,FALSE,TRUE,FALSE
101342,"A",2020,1,0,12,1,3,14,14,4,0,0,5,5,38,48,0,0,1,0,0,1,7,1,1,0,1,1,1,4,0,0,0,0,"A_2020",1,0,1,0,0,0,0,1,0,0,1,1,1,0,1,0,0,0,3,14,4,1,1,2,FALSE,FALSE,FALSE,FALSE,14,FALSE,FALSE,FALSE,FALSE,FALSE,FALSE,FALSE,FALSE,24,FALSE,38,34,FALSE,48,FALSE,FALSE,TRUE,FALSE
101343,"B",2018,0,0,12,1,,,17,6,1,1,3,,74,,,0,0,0,0,1,9,1,1,1,0,0,0,6,0,0,0,0,"B_2018",0,0,1,1,1,,0,0,0,0,1,1,1,1,0,0,0,0,,,6,0,0,5,FALSE,FALSE,FALSE,TRUE,17,FALSE,FALSE,FALSE,FALSE,FALSE,FALSE,FALSE,FALSE,57,FALSE,74,,FALSE,,FALSE,TRUE,FALSE,FALSE
101344,"A",2020,0,0,11,1,2,4,14,7,1,0,7,0,40,46,0,0,1,1,1,1,8,1,1,1,0,0,0,4,0,0,0,0,"A_2020",0,0,1,1,0,0,0,1,1,1,1,1,1,1,0,0,0,0,2,4,7,0,0,3,FALSE,FALSE,FALSE,FALSE,14,FALSE,FALSE,FALSE,FALSE,FALSE,FALSE,FALSE,FALSE,26,FALSE,40,32,FALSE,46,FALSE,FALSE,FALSE,FALSE
101345,"A",2020,0,0,13,1,2,18,15,3,0,0,,,39,42,0,0,1,0,0,1,7,1,1,0,1,1,1,4,0,0,0,0,"A_2020",0,0,1,0,0,0,0,1,0,0,1,1,1,0,1,0,0,0,2,18,3,1,1,2,FALSE,FALSE,FALSE,FALSE,15,FALSE,FALSE,FALSE,FALSE,FALSE,FALSE,FALSE,FALSE,24,FALSE,39,27,FALSE,42,FALSE,FALSE,TRUE,FALSE
101346,"A",2020,1,1,,1,,19,15,3,0,0,5,6,32,45,0,0,1,1,0,0,8,1,1,1,0,0,0,3,0,0,0,0,"A_2020",1,1,1,0,0,0,0,1,1,0,0,1,1,1,0,0,0,0,,19,3,0,0,,TRUE,FALSE,FALSE,FALSE,15,FALSE,FALSE,FALSE,FALSE,FALSE,FALSE,FALSE,FALSE,17,FALSE,32,30,FALSE,45,FALSE,FALSE,FALSE,FALSE
101347,"A",2020,0,1,15,1,2,5,17,4,0,0,5,4,48,54,1,0,1,1,1,1,8,1,1,1,0,0,0,4,0,0,0,0,"A_2020",0,1,1,0,0,1,0,1,1,1,1,1,1,1,0,0,0,0,2,5,4,0,0,2,FALSE,FALSE,FALSE,FALSE,17,FALSE,FALSE,FALSE,FALSE,FALSE,FALSE,FALSE,FALSE,31,FALSE,48,37,FALSE,54,FALSE,FALSE,TRUE,FALSE
101348,"A",2020,1,0,13,1,2,15,15,4,0,0,6,,37,40,,0,1,0,0,0,6,1,0,0,0,0,0,1,0,0,0,0,"A_2020",1,0,1,0,0,,0,1,0,0,0,1,0,0,0,0,0,0,2,15,4,0,0,2,FALSE,FALSE,FALSE,FALSE,15,FALSE,FALSE,FALSE,FALSE,FALSE,FALSE,FALSE,FALSE,22,FALSE,37,25,FALSE,40,FALSE,FALSE,FALSE,FALSE
101349,"A",2020,1,1,16,1,1,5,18,6,0,0,8,,34,,,0,1,0,0,0,5,0,0,0,0,0,0,1,0,1,0,0,"A_2020",1,1,1,0,0,,0,1,0,0,0,0,0,0,0,0,1,0,1,5,6,0,0,2,FALSE,FALSE,FALSE,FALSE,18,FALSE,FALSE,FALSE,FALSE,FALSE,FALSE,FALSE,FALSE,16,FALSE,34,,FALSE,,FALSE,FALSE,FALSE,FALSE
101350,"B",2018,0,0,12,1,,,16,6,1,1,3,3,58,63,1,0,1,1,1,1,9,1,1,1,0,0,0,6,0,0,0,0,"B_2018",0,0,1,1,1,1,0,1,1,1,1,1,1,1,0,0,0,0,,,6,0,0,4,FALSE,FALSE,FALSE,FALSE,16,FALSE,FALSE,FALSE,FALSE,FALSE,FALSE,FALSE,FALSE,42,FALSE,58,47,FALSE,63,FALSE,TRUE,TRUE,FALSE
101351,"A",2022,0,0,12,1,3,,13,7,1,0,3,3,43,48,,0,1,1,1,1,6,1,0,0,0,0,0,2,0,0,0,0,"A_2022",0,0,1,1,0,,0,1,1,1,1,1,0,0,0,0,0,0,3,,7,0,0,1,FALSE,FALSE,FALSE,TRUE,13,FALSE,FALSE,FALSE,FALSE,FALSE,FALSE,FALSE,FALSE,30,FALSE,43,35,FALSE,48,FALSE,FALSE,FALSE,FALSE
101352,"A",2020,0,0,13,1,,17,15,3,0,0,,5,35,40,0,0,1,1,0,0,6,1,0,0,0,0,0,2,0,0,0,0,"A_2020",0,0,1,0,0,0,0,1,1,0,0,1,0,0,0,0,0,0,,17,3,0,0,2,FALSE,FALSE,FALSE,FALSE,15,FALSE,FALSE,FALSE,FALSE,FALSE,FALSE,FALSE,FALSE,20,FALSE,35,25,FALSE,40,FALSE,FALSE,FALSE,FALSE
101353,"A",2020,0,1,12,1,1,,14,5,0,0,4,2,34,50,0,0,1,1,1,1,8,1,1,1,0,0,0,4,0,0,0,0,"A_2020",0,1,1,0,0,0,0,1,1,1,1,1,1,1,0,0,0,0,1,,5,0,0,2,FALSE,FALSE,FALSE,FALSE,14,FALSE,FALSE,FALSE,FALSE,FALSE,FALSE,FALSE,FALSE,20,FALSE,34,36,FALSE,50,FALSE,FALSE,TRUE,FALSE
101354,"A",2020,1,0,,1,2,19,16,3,0,0,5,9,37,38,0,0,1,1,0,0,6,1,0,0,0,0,0,2,0,0,0,0,"A_2020",1,0,1,0,0,0,0,1,1,0,0,1,0,0,0,0,0,0,2,19,3,0,0,,TRUE,FALSE,FALSE,FALSE,16,FALSE,FALSE,FALSE,FALSE,FALSE,FALSE,FALSE,FALSE,21,FALSE,37,22,FALSE,38,FALSE,FALSE,FALSE,FALSE
101355,"A",2022,0,1,16,1,2,,16,7,1,0,5,5,45,52,0,0,1,0,0,0,5,0,0,0,0,0,0,1,0,0,1,40,"A_2022",0,1,1,1,0,0,0,1,0,0,0,0,0,0,0,0,0,1,2,,7,0,0,0,FALSE,FALSE,TRUE,TRUE,16,FALSE,FALSE,FALSE,FALSE,FALSE,FALSE,FALSE,FALSE,29,FALSE,45,36,FALSE,52,FALSE,FALSE,FALSE,FALSE
101356,"A",2020,0,1,14,1,2,19,16,6,0,0,5,8,50,50,0,0,1,1,1,1,8,1,1,1,1,1,2,6,0,0,1,40,"A_2020",0,1,1,0,0,0,0,1,1,1,1,1,1,1,1,0,0,1,2,19,6,1,2,2,FALSE,FALSE,FALSE,FALSE,16,FALSE,FALSE,FALSE,FALSE,FALSE,FALSE,FALSE,FALSE,34,FALSE,50,34,FALSE,50,FALSE,TRUE,TRUE,FALSE
101357,"A",2022,0,0,,1,1,,13,7,1,0,,6,,40,0,0,1,1,1,1,6,1,0,0,0,0,0,2,0,0,0,0,"A_2022",0,0,1,1,0,0,0,1,1,1,1,1,0,0,0,0,0,0,1,,7,0,0,,TRUE,FALSE,FALSE,FALSE,13,FALSE,FALSE,FALSE,FALSE,FALSE,FALSE,FALSE,FALSE,,FALSE,,27,FALSE,40,FALSE,FALSE,FALSE,FALSE
101358,"A",2020,0,1,11,1,2,6,13,3,0,0,7,,40,,,0,1,1,1,1,8,1,1,1,0,0,0,4,0,0,0,0,"A_2020",0,1,1,0,0,,0,1,1,1,1,1,1,1,0,0,0,0,2,6,3,0,0,2,FALSE,FALSE,FALSE,FALSE,13,FALSE,FALSE,FALSE,FALSE,FALSE,FALSE,FALSE,FALSE,27,FALSE,40,,FALSE,,FALSE,FALSE,TRUE,FALSE
101359,"A",2020,0,0,11,1,3,7,14,4,0,0,5,5,41,43,0,0,1,1,1,1,8,1,1,1,0,0,0,4,0,0,0,0,"A_2020",0,0,1,0,0,0,0,1,1,1,1,1,1,1,0,0,0,0,3,7,4,0,0,3,FALSE,FALSE,FALSE,FALSE,14,FALSE,FALSE,FALSE,FALSE,FALSE,FALSE,FALSE,FALSE,27,FALSE,41,29,FALSE,43,FALSE,FALSE,FALSE,FALSE
101360,"A",2022,1,1,12,1,,,12,11,1,0,6,,42,,,1,1,1,1,1,6,1,0,0,0,0,0,2,0,0,0,0,"A_2022",1,1,1,1,0,,1,1,1,1,1,1,0,0,0,0,0,0,,,11,0,0,0,FALSE,FALSE,TRUE,TRUE,12,FALSE,FALSE,FALSE,FALSE,FALSE,FALSE,FALSE,FALSE,30,FALSE,42,,FALSE,,FALSE,FALSE,TRUE,FALSE
101361,"B",2018,1,0,10,1,2,,15,6,1,1,10,6,40,44,0,1,1,1,1,1,9,1,1,1,0,0,0,6,0,0,0,0,"B_2018",1,0,1,1,1,0,1,1,1,1,1,1,1,1,0,0,0,0,2,,6,0,0,5,FALSE,FALSE,FALSE,TRUE,15,FALSE,FALSE,FALSE,FALSE,FALSE,FALSE,FALSE,FALSE,25,FALSE,40,29,FALSE,44,FALSE,TRUE,FALSE,FALSE
101362,"A",2020,1,1,12,1,2,,14,3,0,0,5,9,43,40,0,1,1,1,1,1,8,1,1,1,0,0,0,4,0,0,0,0,"A_2020",1,1,1,0,0,0,1,1,1,1,1,1,1,1,0,0,0,0,2,,3,0,0,2,FALSE,FALSE,FALSE,FALSE,14,FALSE,FALSE,FALSE,FALSE,FALSE,FALSE,FALSE,FALSE,29,FALSE,43,26,FALSE,40,FALSE,FALSE,TRUE,FALSE
101363,"A",2020,0,0,13,1,1,,15,5,0,0,5,4,33,54,0,0,1,1,1,1,8,1,1,1,0,0,0,4,0,0,0,0,"A_2020",0,0,1,0,0,0,0,1,1,1,1,1,1,1,0,0,0,0,1,,5,0,0,2,FALSE,FALSE,FALSE,FALSE,15,FALSE,FALSE,FALSE,FALSE,FALSE,FALSE,FALSE,FALSE,18,FALSE,33,39,FALSE,54,FALSE,FALSE,TRUE,FALSE
101364,"A",2020,0,1,13,1,,,15,4,0,0,5,5,50,60,0,0,1,0,0,0,5,0,0,0,0,0,0,1,0,0,1,40,"A_2020",0,1,1,0,0,0,0,1,0,0,0,0,0,0,0,0,0,1,,,4,0,0,2,FALSE,FALSE,FALSE,FALSE,15,FALSE,FALSE,FALSE,FALSE,FALSE,FALSE,FALSE,FALSE,35,FALSE,50,45,FALSE,60,FALSE,FALSE,FALSE,FALSE
101365,"A",2020,0,1,12,1,2,15,14,5,0,0,5,3,32,40,0,0,1,0,0,1,6,1,0,0,1,1,1,4,0,0,0,0,"A_2020",0,1,1,0,0,0,0,1,0,0,1,1,0,0,1,0,0,0,2,15,5,1,1,2,FALSE,FALSE,FALSE,FALSE,14,FALSE,FALSE,FALSE,FALSE,FALSE,FALSE,FALSE,FALSE,18,FALSE,32,26,FALSE,40,FALSE,FALSE,TRUE,FALSE
101366,"A",2022,0,0,11,1,2,,12,4,1,0,7,,32,38,,0,1,1,1,1,7,1,1,0,0,0,0,2,0,0,0,0,"A_2022",0,0,1,1,0,,0,1,1,1,1,1,1,0,0,0,0,0,2,,4,0,0,1,FALSE,FALSE,FALSE,TRUE,12,FALSE,FALSE,FALSE,FALSE,FALSE,FALSE,FALSE,FALSE,20,FALSE,32,26,FALSE,38,FALSE,FALSE,FALSE,FALSE
101367,"A",2020,1,1,14,1,2,15,17,4,0,0,9,7,45,44,0,1,1,1,1,1,8,1,1,1,0,0,0,4,0,0,0,0,"A_2020",1,1,1,0,0,0,1,1,1,1,1,1,1,1,0,0,0,0,2,15,4,0,0,3,FALSE,FALSE,FALSE,FALSE,17,FALSE,FALSE,FALSE,FALSE,FALSE,FALSE,FALSE,FALSE,28,FALSE,45,27,FALSE,44,FALSE,FALSE,FALSE,FALSE
101368,"A",2020,1,0,11,1,2,7,14,5,0,0,11,,30,50,,1,1,1,1,1,8,1,1,1,0,0,0,4,0,0,0,0,"A_2020",1,0,1,0,0,,1,1,1,1,1,1,1,1,0,0,0,0,2,7,5,0,0,3,FALSE,FALSE,FALSE,FALSE,14,FALSE,FALSE,FALSE,FALSE,FALSE,FALSE,FALSE,FALSE,16,FALSE,30,36,FALSE,50,FALSE,FALSE,FALSE,FALSE
101369,"A",2020,1,1,14,1,3,10,17,7,1,0,5,7,39,44,0,0,1,1,0,0,8,1,1,1,0,1,1,4,0,0,1,36,"A_2020",1,1,1,1,0,0,0,1,1,0,0,1,1,1,1,0,0,1,3,10,7,0,1,3,FALSE,FALSE,FALSE,FALSE,17,FALSE,FALSE,FALSE,FALSE,FALSE,FALSE,FALSE,FALSE,22,FALSE,39,27,FALSE,44,FALSE,FALSE,FALSE,FALSE
101370,"A",2022,1,1,13,1,1,,14,7,1,0,11,11,40,40,0,0,1,1,1,1,6,1,0,0,0,0,0,2,0,0,0,0,"A_2022",1,1,1,1,0,0,0,1,1,1,1,1,0,0,0,0,0,0,1,,7,0,0,1,FALSE,FALSE,FALSE,TRUE,14,FALSE,FALSE,FALSE,FALSE,FALSE,FALSE,FALSE,FALSE,26,FALSE,40,26,FALSE,40,FALSE,FALSE,FALSE,FALSE
101371,"B",2018,0,0,13,0,2,,17,6,1,1,,,,,,0,1,1,1,1,9,1,1,1,0,0,0,6,0,0,0,0,"B_2018",0,0,0,1,1,,0,1,1,1,1,1,1,1,0,0,0,0,2,,6,0,0,4,FALSE,FALSE,FALSE,FALSE,17,FALSE,FALSE,FALSE,FALSE,FALSE,FALSE,FALSE,FALSE,,FALSE,,,FALSE,,FALSE,TRUE,TRUE,FALSE
101372,"A",2022,1,1,11,1,1,,12,7,1,0,8,5,34,37,0,0,1,0,0,1,6,1,0,0,0,0,0,2,0,0,0,0,"A_2022",1,1,1,1,0,0,0,1,0,0,1,1,0,0,0,0,0,0,1,,7,0,0,1,FALSE,FALSE,FALSE,TRUE,12,FALSE,FALSE,FALSE,FALSE,FALSE,FALSE,FALSE,FALSE,22,FALSE,34,25,FALSE,37,FALSE,FALSE,FALSE,FALSE
101373,"A",2020,1,1,14,1,,19,17,5,0,0,5,,40,,,0,1,0,0,0,6,1,0,0,0,0,0,1,0,0,1,40,"A_2020",1,1,1,0,0,,0,1,0,0,0,1,0,0,0,0,0,1,,19,5,0,0,3,FALSE,FALSE,FALSE,FALSE,17,FALSE,FALSE,FALSE,FALSE,FALSE,FALSE,FALSE,FALSE,23,FALSE,40,,FALSE,,FALSE,FALSE,FALSE,FALSE
101374,"A",2020,0,0,14,1,1,19,15,3,0,0,3,,55,,,0,,,0,0,5,0,0,0,,0,0,0,0,0,0,0,"A_2020",0,0,1,0,0,,0,,,0,0,0,0,0,0,0,0,0,1,19,3,,0,1,FALSE,FALSE,FALSE,TRUE,15,FALSE,FALSE,FALSE,FALSE,FALSE,FALSE,FALSE,FALSE,40,FALSE,55,,FALSE,,FALSE,FALSE,FALSE,FALSE
101375,"A",2020,1,1,13,1,3,10,15,4,0,0,11,9,34,35,0,0,1,1,1,1,8,1,1,1,0,0,0,4,0,0,0,0,"A_2020",1,1,1,0,0,0,0,1,1,1,1,1,1,1,0,0,0,0,3,10,4,0,0,2,FALSE,FALSE,FALSE,FALSE,15,FALSE,FALSE,FALSE,FALSE,FALSE,FALSE,FALSE,FALSE,19,FALSE,34,20,FALSE,35,FALSE,FALSE,TRUE,FALSE
101376,"A",2022,0,0,12,1,,,13,7,1,0,,5,,38,0,0,1,0,0,1,6,1,0,0,0,0,0,2,0,0,0,0,"A_2022",0,0,1,1,0,0,0,1,0,0,1,1,0,0,0,0,0,0,,,7,0,0,1,FALSE,FALSE,FALSE,TRUE,13,FALSE,FALSE,FALSE,FALSE,FALSE,FALSE,FALSE,FALSE,,FALSE,,25,FALSE,38,FALSE,FALSE,FALSE,FALSE
101377,"A",2022,0,0,12,1,2,,13,7,1,0,8,5,35,45,1,0,1,1,1,1,6,1,0,0,0,0,0,2,0,0,0,0,"A_2022",0,0,1,1,0,1,0,1,1,1,1,1,0,0,0,0,0,0,2,,7,0,0,1,FALSE,FALSE,FALSE,TRUE,13,FALSE,FALSE,FALSE,FALSE,FALSE,FALSE,FALSE,FALSE,22,FALSE,35,32,FALSE,45,FALSE,FALSE,FALSE,FALSE
101378,"A",2020,0,1,13,1,,5,16,3,0,0,,,43,,,0,1,0,0,0,5,0,0,0,0,0,0,1,0,0,0,0,"A_2020",0,1,1,0,0,,0,1,0,0,0,0,0,0,0,0,0,0,,5,3,0,0,3,FALSE,FALSE,FALSE,FALSE,16,FALSE,FALSE,FALSE,FALSE,FALSE,FALSE,FALSE,FALSE,27,FALSE,43,,FALSE,,FALSE,FALSE,FALSE,FALSE
101379,"B",2018,1,1,10,1,3,,14,5,1,0,7,11,35,36,0,1,1,1,1,1,9,1,1,1,0,0,0,6,0,0,0,0,"B_2018",1,1,1,1,0,0,1,1,1,1,1,1,1,1,0,0,0,0,3,,5,0,0,4,FALSE,FALSE,FALSE,FALSE,14,FALSE,FALSE,FALSE,FALSE,FALSE,FALSE,FALSE,FALSE,21,FALSE,35,22,FALSE,36,FALSE,TRUE,TRUE,FALSE
101380,"A",2020,0,0,11,1,,,14,6,0,0,6,5,48,50,0,1,1,1,0,1,7,1,1,0,0,1,1,4,0,0,0,0,"A_2020",0,0,1,0,0,0,1,1,1,0,1,1,1,0,1,0,0,0,,,6,0,1,3,FALSE,FALSE,FALSE,FALSE,14,FALSE,FALSE,FALSE,FALSE,FALSE,FALSE,FALSE,FALSE,34,FALSE,48,36,FALSE,50,FALSE,FALSE,FALSE,FALSE
101381,"A",2020,0,0,12,1,2,11,14,3,0,0,8,9,34,41,0,0,0,0,0,1,8,1,1,1,0,0,0,4,0,0,0,0,"A_2020",0,0,1,0,0,0,0,0,0,0,1,1,1,1,0,0,0,0,2,11,3,0,0,2,FALSE,FALSE,FALSE,FALSE,14,FALSE,FALSE,FALSE,FALSE,FALSE,FALSE,FALSE,FALSE,20,FALSE,34,27,FALSE,41,FALSE,FALSE,TRUE,FALSE
101382,"A",2020,0,1,15,1,2,19,17,3,0,0,5,,35,,,0,1,1,1,1,6,1,0,0,2,1,2,4,0,0,0,0,"A_2020",0,1,1,0,0,,0,1,1,1,1,1,0,0,1,0,0,0,2,19,3,2,2,2,FALSE,FALSE,FALSE,FALSE,17,FALSE,FALSE,FALSE,FALSE,FALSE,FALSE,FALSE,FALSE,18,FALSE,35,,FALSE,,FALSE,FALSE,TRUE,FALSE
101383,"A",2022,1,0,12,1,2,,12,7,1,0,11,11,40,37,0,1,1,1,1,1,6,1,0,0,0,0,0,2,0,0,0,0,"A_2022",1,0,1,1,0,0,1,1,1,1,1,1,0,0,0,0,0,0,2,,7,0,0,0,FALSE,FALSE,TRUE,TRUE,12,FALSE,FALSE,FALSE,FALSE,FALSE,FALSE,FALSE,FALSE,28,FALSE,40,25,FALSE,37,FALSE,FALSE,TRUE,FALSE
101384,"A",2020,0,0,13,1,,4,16,3,1,0,,,39,,,0,1,1,1,1,9,1,1,1,0,0,0,4,0,0,0,0,"A_2020",0,0,1,1,0,,0,1,1,1,1,1,1,1,0,0,0,0,,4,3,0,0,3,FALSE,FALSE,FALSE,FALSE,16,FALSE,FALSE,FALSE,FALSE,FALSE,FALSE,FALSE,FALSE,23,FALSE,39,,FALSE,,FALSE,FALSE,FALSE,FALSE
101385,"A",2020,0,0,13,1,,,15,3,0,0,11,,30,36,,0,1,1,0,1,7,1,1,0,0,0,0,4,0,0,0,0,"A_2020",0,0,1,0,0,,0,1,1,0,1,1,1,0,0,0,0,0,,,3,0,0,2,FALSE,FALSE,FALSE,FALSE,15,FALSE,FALSE,FALSE,FALSE,FALSE,FALSE,FALSE,FALSE,15,FALSE,30,21,FALSE,36,FALSE,FALSE,TRUE,FALSE
101386,"A",2020,0,1,13,1,2,,15,7,1,0,6,5,40,52,0,0,0,0,0,0,5,0,0,0,0,0,0,1,0,0,0,0,"A_2020",0,1,1,1,0,0,0,0,0,0,0,0,0,0,0,0,0,0,2,,7,0,0,2,FALSE,FALSE,FALSE,FALSE,15,FALSE,FALSE,FALSE,FALSE,FALSE,FALSE,FALSE,FALSE,25,FALSE,40,37,FALSE,52,FALSE,FALSE,FALSE,FALSE
101387,"B",2018,0,0,13,0,2,,17,6,1,1,9,5,37,40,1,0,1,1,0,1,8,1,1,1,0,1,1,6,0,0,0,0,"B_2018",0,0,0,1,1,1,0,1,1,0,1,1,1,1,1,0,0,0,2,,6,0,1,4,FALSE,FALSE,FALSE,FALSE,17,FALSE,FALSE,FALSE,FALSE,FALSE,FALSE,FALSE,FALSE,20,FALSE,37,23,FALSE,40,FALSE,TRUE,TRUE,FALSE
101388,"A",2020,0,0,14,1,2,5,16,5,0,0,5,5,37,44,0,0,0,1,1,1,8,1,1,1,1,1,1,5,0,0,0,0,"A_2020",0,0,1,0,0,0,0,0,1,1,1,1,1,1,1,0,0,0,2,5,5,1,1,2,FALSE,FALSE,FALSE,FALSE,16,FALSE,FALSE,FALSE,FALSE,FALSE,FALSE,FALSE,FALSE,21,FALSE,37,28,FALSE,44,FALSE,TRUE,TRUE,FALSE
101389,"A",2020,1,0,15,1,2,6,18,6,0,0,10,9,49,66,0,1,1,1,1,1,8,1,1,1,0,0,0,4,0,0,0,0,"A_2020",1,0,1,0,0,0,1,1,1,1,1,1,1,1,0,0,0,0,2,6,6,0,0,3,FALSE,FALSE,FALSE,FALSE,18,FALSE,FALSE,FALSE,FALSE,FALSE,FALSE,FALSE,FALSE,31,FALSE,49,48,FALSE,66,FALSE,FALSE,FALSE,FALSE
101390,"A",2020,1,1,14,1,3,5,16,3,0,0,6,,39,,0,1,1,1,1,1,8,1,1,1,0,0,0,4,0,0,0,0,"A_2020",1,1,1,0,0,0,1,1,1,1,1,1,1,1,0,0,0,0,3,5,3,0,0,2,FALSE,FALSE,FALSE,FALSE,16,FALSE,FALSE,FALSE,FALSE,FALSE,FALSE,FALSE,FALSE,23,FALSE,39,,FALSE,,FALSE,FALSE,TRUE,FALSE
101391,"A",2020,0,1,13,1,,4,17,3,1,0,5,,65,,,0,0,1,1,1,9,1,1,1,1,1,1,5,0,0,0,0,"A_2020",0,1,1,1,0,,0,0,1,1,1,1,1,1,1,0,0,0,,4,3,1,1,4,FALSE,FALSE,FALSE,FALSE,17,FALSE,FALSE,FALSE,FALSE,FALSE,FALSE,FALSE,FALSE,48,FALSE,65,,FALSE,,FALSE,TRUE,FALSE,FALSE
101392,"A",2020,0,1,13,1,2,,15,3,0,0,0,5,45,46,0,0,0,1,1,1,9,1,1,1,0,0,0,5,0,0,0,0,"A_2020",0,1,1,0,0,0,0,0,1,1,1,1,1,1,0,0,0,0,2,,3,0,0,2,FALSE,FALSE,FALSE,FALSE,15,FALSE,FALSE,FALSE,FALSE,FALSE,FALSE,FALSE,FALSE,30,FALSE,45,31,FALSE,46,FALSE,TRUE,TRUE,FALSE
101393,"B",2018,0,1,,0,2,,18,8,1,1,,3,,51,0,0,1,0,0,1,8,1,1,1,1,1,1,5,0,0,0,0,"B_2018",0,1,0,1,1,0,0,1,0,0,1,1,1,1,1,0,0,0,2,,8,1,1,,TRUE,FALSE,FALSE,FALSE,18,FALSE,FALSE,FALSE,FALSE,FALSE,FALSE,FALSE,FALSE,,FALSE,,33,FALSE,51,FALSE,TRUE,FALSE,FALSE
101394,"A",2020,1,1,12,1,,10,14,3,0,0,9,,44,56,,0,1,1,1,1,7,1,1,0,1,1,1,4,0,0,1,5,"A_2020",1,1,1,0,0,,0,1,1,1,1,1,1,0,1,0,0,1,,10,3,1,1,2,FALSE,FALSE,FALSE,FALSE,14,FALSE,FALSE,FALSE,FALSE,FALSE,FALSE,FALSE,FALSE,30,FALSE,44,42,FALSE,56,FALSE,FALSE,TRUE,FALSE
101395,"A",2020,1,1,12,1,2,10,15,4,0,0,11,11,48,64,0,1,1,1,1,1,8,1,1,1,0,0,0,4,0,0,0,0,"A_2020",1,1,1,0,0,0,1,1,1,1,1,1,1,1,0,0,0,0,2,10,4,0,0,3,FALSE,FALSE,FALSE,FALSE,15,FALSE,FALSE,FALSE,FALSE,FALSE,FALSE,FALSE,FALSE,33,FALSE,48,49,FALSE,64,FALSE,FALSE,FALSE,FALSE
101396,"A",2020,1,0,12,1,2,,14,3,0,0,2,7,48,49,0,0,1,1,1,1,8,1,1,1,0,0,0,4,0,0,0,0,"A_2020",1,0,1,0,0,0,0,1,1,1,1,1,1,1,0,0,0,0,2,,3,0,0,2,FALSE,FALSE,FALSE,FALSE,14,FALSE,FALSE,FALSE,FALSE,FALSE,FALSE,FALSE,FALSE,34,FALSE,48,35,FALSE,49,FALSE,FALSE,TRUE,FALSE
101397,"B",2018,1,0,14,1,2,,19,5,1,1,3,5,48,49,0,0,1,1,0,0,9,1,1,1,0,0,0,4,0,0,1,8,"B_2018",1,0,1,1,1,0,0,1,1,0,0,1,1,1,0,0,0,1,2,,5,0,0,5,FALSE,FALSE,FALSE,TRUE,19,FALSE,FALSE,FALSE,FALSE,FALSE,FALSE,FALSE,FALSE,29,FALSE,48,30,FALSE,49,FALSE,FALSE,FALSE,FALSE
101398,"A",2020,0,1,12,1,3,18,14,4,0,0,11,,43,,,0,1,1,1,1,8,1,1,1,0,0,0,4,0,0,0,0,"A_2020",0,1,1,0,0,,0,1,1,1,1,1,1,1,0,0,0,0,3,18,4,0,0,2,FALSE,FALSE,FALSE,FALSE,14,FALSE,FALSE,FALSE,FALSE,FALSE,FALSE,FALSE,FALSE,29,FALSE,43,,FALSE,,FALSE,FALSE,TRUE,FALSE
101399,"A",2020,0,1,12,1,2,5,15,4,0,0,5,9,47,39,0,0,1,1,1,1,8,1,1,1,0,0,0,4,0,0,1,8,"A_2020",0,1,1,0,0,0,0,1,1,1,1,1,1,1,0,0,0,1,2,5,4,0,0,3,FALSE,FALSE,FALSE,FALSE,15,FALSE,FALSE,FALSE,FALSE,FALSE,FALSE,FALSE,FALSE,32,FALSE,47,24,FALSE,39,FALSE,FALSE,FALSE,FALSE
101400,"A",2020,1,0,12,1,2,,14,4,0,0,8,,53,48,1,0,1,1,1,1,8,1,1,1,0,0,0,4,0,0,0,0,"A_2020",1,0,1,0,0,1,0,1,1,1,1,1,1,1,0,0,0,0,2,,4,0,0,2,FALSE,FALSE,FALSE,FALSE,14,FALSE,FALSE,FALSE,FALSE,FALSE,FALSE,FALSE,FALSE,39,FALSE,53,34,FALSE,48,FALSE,FALSE,TRUE,FALSE
101401,"A",2020,0,0,13,1,1,19,15,3,0,0,9,6,40,35,1,0,1,1,0,1,8,1,1,1,0,0,0,4,0,0,0,0,"A_2020",0,0,1,0,0,1,0,1,1,0,1,1,1,1,0,0,0,0,1,19,3,0,0,2,FALSE,FALSE,FALSE,FALSE,15,FALSE,FALSE,FALSE,FALSE,FALSE,FALSE,FALSE,FALSE,25,FALSE,40,20,FALSE,35,FALSE,FALSE,TRUE,FALSE
101402,"B",2018,1,1,11,1,3,,16,7,1,1,11,11,46,45,1,1,1,1,1,1,10,1,1,1,0,0,0,6,0,0,0,0,"B_2018",1,1,1,1,1,1,1,1,1,1,1,1,1,1,0,0,0,0,3,,7,0,0,5,FALSE,FALSE,FALSE,TRUE,16,FALSE,FALSE,FALSE,FALSE,FALSE,FALSE,FALSE,FALSE,30,FALSE,46,29,FALSE,45,FALSE,TRUE,FALSE,FALSE
101403,"A",2020,0,0,12,1,,11,14,1,0,1,5,7,40,41,0,0,1,1,1,1,8,1,1,1,0,0,0,4,0,0,0,0,"A_2020",0,0,1,0,1,0,0,1,1,1,1,1,1,1,0,0,0,0,,11,1,0,0,2,FALSE,FALSE,FALSE,FALSE,14,FALSE,FALSE,FALSE,FALSE,FALSE,FALSE,FALSE,FALSE,26,FALSE,40,27,FALSE,41,FALSE,FALSE,TRUE,FALSE
101404,"A",2020,1,0,13,1,2,11,15,1,0,1,7,,33,33,,1,1,1,1,1,8,1,1,1,0,0,0,4,0,0,0,0,"A_2020",1,0,1,0,1,,1,1,1,1,1,1,1,1,0,0,0,0,2,11,1,0,0,2,FALSE,FALSE,FALSE,FALSE,15,FALSE,FALSE,FALSE,FALSE,FALSE,FALSE,FALSE,FALSE,18,FALSE,33,18,FALSE,33,FALSE,FALSE,TRUE,FALSE
101405,"A",2020,1,0,13,1,,12,15,3,0,0,5,6,53,42,1,0,1,1,1,1,8,1,1,1,0,0,0,4,0,0,0,0,"A_2020",1,0,1,0,0,1,0,1,1,1,1,1,1,1,0,0,0,0,,12,3,0,0,2,FALSE,FALSE,FALSE,FALSE,15,FALSE,FALSE,FALSE,FALSE,FALSE,FALSE,FALSE,FALSE,38,FALSE,53,27,FALSE,42,FALSE,FALSE,TRUE,FALSE
101406,"A",2020,1,0,,1,2,7,14,3,0,0,11,11,48,41,,1,1,1,1,1,8,1,1,1,0,0,0,4,0,0,0,0,"A_2020",1,0,1,0,0,,1,1,1,1,1,1,1,1,0,0,0,0,2,7,3,0,0,,TRUE,FALSE,FALSE,FALSE,14,FALSE,FALSE,FALSE,FALSE,FALSE,FALSE,FALSE,FALSE,34,FALSE,48,27,FALSE,41,FALSE,FALSE,FALSE,FALSE
101407,"A",2020,0,1,14,1,2,19,16,4,0,0,5,4,54,57,0,0,1,1,1,1,8,1,1,1,0,0,0,4,0,0,0,0,"A_2020",0,1,1,0,0,0,0,1,1,1,1,1,1,1,0,0,0,0,2,19,4,0,0,2,FALSE,FALSE,FALSE,FALSE,16,FALSE,FALSE,FALSE,FALSE,FALSE,FALSE,FALSE,FALSE,38,FALSE,54,41,FALSE,57,FALSE,FALSE,TRUE,FALSE
101408,"A",2020,1,1,11,1,2,,14,4,0,0,6,5,49,63,0,1,1,1,1,1,8,1,1,1,0,0,0,4,0,0,0,0,"A_2020",1,1,1,0,0,0,1,1,1,1,1,1,1,1,0,0,0,0,2,,4,0,0,3,FALSE,FALSE,FALSE,FALSE,14,FALSE,FALSE,FALSE,FALSE,FALSE,FALSE,FALSE,FALSE,35,FALSE,49,49,FALSE,63,FALSE,FALSE,FALSE,FALSE
101409,"A",2020,1,1,15,1,3,17,17,9,1,1,10,5,42,46,0,0,1,1,0,1,8,1,1,1,0,0,0,4,0,0,1,20,"A_2020",1,1,1,1,1,0,0,1,1,0,1,1,1,1,0,0,0,1,3,17,9,0,0,2,FALSE,FALSE,FALSE,FALSE,17,FALSE,FALSE,FALSE,FALSE,FALSE,FALSE,FALSE,FALSE,25,FALSE,42,29,FALSE,46,FALSE,FALSE,TRUE,FALSE
101410,"A",2022,1,1,13,1,,,13,7,1,0,5,11,36,43,0,1,1,1,1,1,6,1,0,0,0,0,0,2,0,0,0,0,"A_2022",1,1,1,1,0,0,1,1,1,1,1,1,0,0,0,0,0,0,,,7,0,0,0,FALSE,FALSE,TRUE,TRUE,13,FALSE,FALSE,FALSE,FALSE,FALSE,FALSE,FALSE,FALSE,23,FALSE,36,30,FALSE,43,FALSE,FALSE,TRUE,FALSE
101411,"A",2022,0,1,12,1,3,,12,8,1,0,11,,49,,,0,1,1,1,1,6,1,0,0,0,0,0,2,0,0,1,25,"A_2022",0,1,1,1,0,,0,1,1,1,1,1,0,0,0,0,0,1,3,,8,0,0,0,FALSE,FALSE,TRUE,TRUE,12,FALSE,FALSE,FALSE,FALSE,FALSE,FALSE,FALSE,FALSE,37,FALSE,49,,FALSE,,FALSE,FALSE,TRUE,FALSE
101412,"A",2020,1,0,,1,,19,19,3,0,0,5,5,42,45,0,0,1,1,0,0,7,1,1,0,0,0,0,2,0,0,0,0,"A_2020",1,0,1,0,0,0,0,1,1,0,0,1,1,0,0,0,0,0,,19,3,0,0,,TRUE,FALSE,FALSE,FALSE,19,FALSE,FALSE,FALSE,FALSE,FALSE,FALSE,FALSE,FALSE,23,FALSE,42,26,FALSE,45,FALSE,FALSE,FALSE,FALSE
101413,"B",2018,0,0,12,0,3,,17,7,1,1,6,,38,,,0,0,0,0,1,8,1,1,1,0,1,1,6,0,0,0,0,"B_2018",0,0,0,1,1,,0,0,0,0,1,1,1,1,1,0,0,0,3,,7,0,1,5,FALSE,FALSE,FALSE,TRUE,17,FALSE,FALSE,FALSE,FALSE,FALSE,FALSE,FALSE,FALSE,21,FALSE,38,,FALSE,,FALSE,TRUE,FALSE,FALSE
101414,"A",2020,1,0,12,1,2,12,15,4,0,0,5,5,44,45,0,1,1,1,1,1,8,1,1,1,0,0,0,4,0,0,0,0,"A_2020",1,0,1,0,0,0,1,1,1,1,1,1,1,1,0,0,0,0,2,12,4,0,0,3,FALSE,FALSE,FALSE,FALSE,15,FALSE,FALSE,FALSE,FALSE,FALSE,FALSE,FALSE,FALSE,29,FALSE,44,30,FALSE,45,FALSE,FALSE,FALSE,FALSE
101415,"A",2020,0,0,16,1,2,17,18,3,0,0,5,2,47,57,0,0,0,1,1,1,10,1,1,1,0,0,0,6,0,0,0,0,"A_2020",0,0,1,0,0,0,0,0,1,1,1,1,1,1,0,0,0,0,2,17,3,0,0,2,FALSE,FALSE,FALSE,FALSE,18,FALSE,FALSE,FALSE,FALSE,FALSE,FALSE,FALSE,FALSE,29,FALSE,47,39,FALSE,57,FALSE,TRUE,TRUE,FALSE
101416,"A",2020,0,0,14,1,2,17,17,3,1,0,9,11,39,46,1,0,1,1,1,1,10,1,1,1,0,0,0,5,0,0,0,0,"A_2020",0,0,1,1,0,1,0,1,1,1,1,1,1,1,0,0,0,0,2,17,3,0,0,3,FALSE,FALSE,FALSE,FALSE,17,FALSE,FALSE,FALSE,FALSE,FALSE,FALSE,FALSE,FALSE,22,FALSE,39,29,FALSE,46,FALSE,TRUE,TRUE,FALSE
101417,"A",2020,1,0,12,1,2,5,14,4,0,0,7,,37,,,0,1,1,1,1,7,1,1,0,0,0,0,4,0,0,0,0,"A_2020",1,0,1,0,0,,0,1,1,1,1,1,1,0,0,0,0,0,2,5,4,0,0,2,FALSE,FALSE,FALSE,FALSE,14,FALSE,FALSE,FALSE,FALSE,FALSE,FALSE,FALSE,FALSE,23,FALSE,37,,FALSE,,FALSE,FALSE,TRUE,FALSE
101418,"A",2020,1,1,13,1,1,5,16,3,0,0,6,,33,31,,0,1,0,0,1,7,1,1,0,0,0,0,4,0,0,0,0,"A_2020",1,1,1,0,0,,0,1,0,0,1,1,1,0,0,0,0,0,1,5,3,0,0,3,FALSE,FALSE,FALSE,FALSE,16,FALSE,FALSE,FALSE,FALSE,FALSE,FALSE,FALSE,FALSE,17,FALSE,33,15,FALSE,31,FALSE,FALSE,FALSE,FALSE
101419,"A",2020,1,1,12,1,2,19,15,4,0,0,,,56,67,0,1,1,1,1,1,8,1,1,1,0,0,0,4,0,0,0,0,"A_2020",1,1,1,0,0,0,1,1,1,1,1,1,1,1,0,0,0,0,2,19,4,0,0,3,FALSE,FALSE,FALSE,FALSE,15,FALSE,FALSE,FALSE,FALSE,FALSE,FALSE,FALSE,FALSE,41,FALSE,56,52,FALSE,67,FALSE,FALSE,FALSE,FALSE
101420,"A",2022,1,1,13,1,2,,14,10,1,0,0,0,49,47,,0,0,0,0,1,6,1,0,0,0,0,0,3,0,0,0,0,"A_2022",1,1,1,1,0,,0,0,0,0,1,1,0,0,0,0,0,0,2,,10,0,0,1,FALSE,FALSE,FALSE,TRUE,14,FALSE,FALSE,FALSE,FALSE,FALSE,FALSE,FALSE,FALSE,35,FALSE,49,33,FALSE,47,FALSE,FALSE,TRUE,FALSE
101421,"A",2022,1,1,14,1,3,,15,7,1,0,5,5,44,45,0,0,0,1,1,1,6,1,0,0,2,1,2,4,0,0,0,0,"A_2022",1,1,1,1,0,0,0,0,1,1,1,1,0,0,1,0,0,0,3,,7,2,2,1,FALSE,FALSE,FALSE,TRUE,15,FALSE,FALSE,FALSE,FALSE,FALSE,FALSE,FALSE,FALSE,29,FALSE,44,30,FALSE,45,FALSE,FALSE,TRUE,FALSE
101422,"A",2020,0,0,11,1,1,11,13,2,0,1,8,,36,,,0,1,1,0,1,8,1,1,1,0,0,0,4,0,0,0,0,"A_2020",0,0,1,0,1,,0,1,1,0,1,1,1,1,0,0,0,0,1,11,2,0,0,2,FALSE,FALSE,FALSE,FALSE,13,FALSE,FALSE,FALSE,FALSE,FALSE,FALSE,FALSE,FALSE,23,FALSE,36,,FALSE,,FALSE,FALSE,TRUE,FALSE
101423,"A",2020,0,1,13,1,2,11,15,2,0,1,4,2,50,52,0,0,1,1,0,0,7,1,1,0,0,0,0,2,0,0,1,8,"A_2020",0,1,1,0,1,0,0,1,1,0,0,1,1,0,0,0,0,1,2,11,2,0,0,2,FALSE,FALSE,FALSE,FALSE,15,FALSE,FALSE,FALSE,FALSE,FALSE,FALSE,FALSE,FALSE,35,FALSE,50,37,FALSE,52,FALSE,FALSE,FALSE,FALSE
101424,"A",2020,0,1,12,1,2,5,14,5,0,0,,,41,45,0,0,1,0,0,1,7,1,1,0,1,1,1,4,0,0,0,0,"A_2020",0,1,1,0,0,0,0,1,0,0,1,1,1,0,1,0,0,0,2,5,5,1,1,2,FALSE,FALSE,FALSE,FALSE,14,FALSE,FALSE,FALSE,FALSE,FALSE,FALSE,FALSE,FALSE,27,FALSE,41,31,FALSE,45,FALSE,FALSE,TRUE,FALSE
101425,"A",2022,1,1,14,1,3,,14,7,1,0,11,11,46,46,0,0,1,1,1,1,6,1,0,0,0,0,0,2,0,0,0,0,"A_2022",1,1,1,1,0,0,0,1,1,1,1,1,0,0,0,0,0,0,3,,7,0,0,0,FALSE,FALSE,TRUE,TRUE,14,FALSE,FALSE,FALSE,FALSE,FALSE,FALSE,FALSE,FALSE,32,FALSE,46,32,FALSE,46,FALSE,FALSE,TRUE,FALSE
101426,"B",2018,1,1,13,0,2,,17,5,1,1,3,6,37,40,0,1,1,1,1,1,9,1,1,1,0,0,0,6,0,0,0,0,"B_2018",1,1,0,1,1,0,1,1,1,1,1,1,1,1,0,0,0,0,2,,5,0,0,4,FALSE,FALSE,FALSE,FALSE,17,FALSE,FALSE,FALSE,FALSE,FALSE,FALSE,FALSE,FALSE,20,FALSE,37,23,FALSE,40,FALSE,TRUE,TRUE,FALSE
101427,"A",2020,1,0,15,1,2,5,17,3,0,0,3,2,40,40,0,0,1,1,1,1,6,1,0,0,1,1,1,3,0,0,0,0,"A_2020",1,0,1,0,0,0,0,1,1,1,1,1,0,0,1,0,0,0,2,5,3,1,1,2,FALSE,FALSE,FALSE,FALSE,17,FALSE,FALSE,FALSE,FALSE,FALSE,FALSE,FALSE,FALSE,23,FALSE,40,23,FALSE,40,FALSE,FALSE,FALSE,FALSE
101428,"A",2022,0,0,11,1,2,,12,9,1,0,11,11,50,54,0,1,1,1,1,1,6,1,0,0,0,0,0,2,0,0,0,0,"A_2022",0,0,1,1,0,0,1,1,1,1,1,1,0,0,0,0,0,0,2,,9,0,0,1,FALSE,FALSE,FALSE,TRUE,12,FALSE,FALSE,FALSE,FALSE,FALSE,FALSE,FALSE,FALSE,38,FALSE,50,42,FALSE,54,FALSE,FALSE,FALSE,FALSE
101429,"A",2022,0,1,14,1,2,,14,8,1,0,,11,,,,0,1,1,1,1,6,1,0,0,0,0,0,3,0,0,0,0,"A_2022",0,1,1,1,0,,0,1,1,1,1,1,0,0,0,0,0,0,2,,8,0,0,0,FALSE,FALSE,TRUE,TRUE,14,FALSE,FALSE,FALSE,FALSE,FALSE,FALSE,FALSE,FALSE,,FALSE,,,FALSE,,FALSE,FALSE,TRUE,FALSE
101430,"A",2020,1,0,14,1,,5,16,3,0,0,5,5,34,37,0,1,1,1,1,1,8,1,1,1,0,0,0,4,0,0,0,0,"A_2020",1,0,1,0,0,0,1,1,1,1,1,1,1,1,0,0,0,0,,5,3,0,0,2,FALSE,FALSE,FALSE,FALSE,16,FALSE,FALSE,FALSE,FALSE,FALSE,FALSE,FALSE,FALSE,18,FALSE,34,21,FALSE,37,FALSE,FALSE,TRUE,FALSE
101431,"A",2020,1,1,12,1,3,17,14,2,0,1,11,11,45,50,1,1,1,1,1,1,6,1,0,0,0,0,0,4,0,0,0,0,"A_2020",1,1,1,0,1,1,1,1,1,1,1,1,0,0,0,0,0,0,3,17,2,0,0,2,FALSE,FALSE,FALSE,FALSE,14,FALSE,FALSE,FALSE,FALSE,FALSE,FALSE,FALSE,FALSE,31,FALSE,45,36,FALSE,50,FALSE,FALSE,TRUE,FALSE
101432,"A",2020,0,0,12,1,3,8,14,9,1,0,3,4,45,50,0,0,1,1,1,1,8,1,1,1,0,0,0,4,0,0,0,0,"A_2020",0,0,1,1,0,0,0,1,1,1,1,1,1,1,0,0,0,0,3,8,9,0,0,2,FALSE,FALSE,FALSE,FALSE,14,FALSE,FALSE,FALSE,FALSE,FALSE,FALSE,FALSE,FALSE,31,FALSE,45,36,FALSE,50,FALSE,FALSE,TRUE,FALSE
101433,"A",2022,0,0,14,1,3,,15,7,1,0,11,,50,,,0,1,1,1,1,6,1,0,0,0,0,0,2,0,0,0,0,"A_2022",0,0,1,1,0,,0,1,1,1,1,1,0,0,0,0,0,0,3,,7,0,0,1,FALSE,FALSE,FALSE,TRUE,15,FALSE,FALSE,FALSE,FALSE,FALSE,FALSE,FALSE,FALSE,35,FALSE,50,,FALSE,,FALSE,FALSE,FALSE,FALSE
101434,"A",2020,0,0,12,1,1,,15,5,0,0,0,3,35,37,0,0,1,0,0,1,5,0,0,0,1,1,1,3,0,0,1,40,"A_2020",0,0,1,0,0,0,0,1,0,0,1,0,0,0,1,0,0,1,1,,5,1,1,3,FALSE,FALSE,FALSE,FALSE,15,FALSE,FALSE,FALSE,FALSE,FALSE,FALSE,FALSE,FALSE,20,FALSE,35,22,FALSE,37,FALSE,FALSE,FALSE,FALSE
101435,"A",2020,1,0,14,1,2,18,16,3,0,0,7,6,36,50,0,1,1,1,1,1,8,1,1,1,0,0,0,4,0,0,0,0,"A_2020",1,0,1,0,0,0,1,1,1,1,1,1,1,1,0,0,0,0,2,18,3,0,0,2,FALSE,FALSE,FALSE,FALSE,16,FALSE,FALSE,FALSE,FALSE,FALSE,FALSE,FALSE,FALSE,20,FALSE,36,34,FALSE,50,FALSE,FALSE,TRUE,FALSE
101436,"A",2020,1,0,12,1,3,16,14,4,0,0,7,5,40,47,1,1,1,1,1,1,8,1,1,1,0,0,0,4,0,0,0,0,"A_2020",1,0,1,0,0,1,1,1,1,1,1,1,1,1,0,0,0,0,3,16,4,0,0,2,FALSE,FALSE,FALSE,FALSE,14,FALSE,FALSE,FALSE,FALSE,FALSE,FALSE,FALSE,FALSE,26,FALSE,40,33,FALSE,47,FALSE,FALSE,TRUE,FALSE
101437,"A",2020,1,0,12,1,3,9,15,3,0,0,7,8,43,36,0,1,1,1,1,1,8,1,1,1,0,0,0,4,0,0,1,12,"A_2020",1,0,1,0,0,0,1,1,1,1,1,1,1,1,0,0,0,1,3,9,3,0,0,3,FALSE,FALSE,FALSE,FALSE,15,FALSE,FALSE,FALSE,FALSE,FALSE,FALSE,FALSE,FALSE,28,FALSE,43,21,FALSE,36,FALSE,FALSE,FALSE,FALSE
101438,"B",2018,0,1,12,0,,,17,7,1,1,,4,,43,0,0,0,1,1,1,9,1,1,1,1,1,1,6,0,0,1,30,"B_2018",0,1,0,1,1,0,0,0,1,1,1,1,1,1,1,0,0,1,,,7,1,1,5,FALSE,FALSE,FALSE,TRUE,17,FALSE,FALSE,FALSE,FALSE,FALSE,FALSE,FALSE,FALSE,,FALSE,,26,FALSE,43,FALSE,TRUE,FALSE,FALSE
101439,"A",2020,1,1,14,1,2,5,16,3,0,0,7,1,42,42,0,1,1,1,1,1,8,1,1,1,0,0,0,4,0,0,0,0,"A_2020",1,1,1,0,0,0,1,1,1,1,1,1,1,1,0,0,0,0,2,5,3,0,0,2,FALSE,FALSE,FALSE,FALSE,16,FALSE,FALSE,FALSE,FALSE,FALSE,FALSE,FALSE,FALSE,26,FALSE,42,26,FALSE,42,FALSE,FALSE,TRUE,FALSE
101440,"A",2020,0,0,11,1,2,17,13,5,0,0,6,6,38,41,0,0,1,1,1,1,8,1,1,1,0,0,0,4,0,0,0,0,"A_2020",0,0,1,0,0,0,0,1,1,1,1,1,1,1,0,0,0,0,2,17,5,0,0,2,FALSE,FALSE,FALSE,FALSE,13,FALSE,FALSE,FALSE,FALSE,FALSE,FALSE,FALSE,FALSE,25,FALSE,38,28,FALSE,41,FALSE,FALSE,TRUE,FALSE
101441,"A",2020,0,1,12,1,,7,15,4,0,0,6,6,42,45,0,0,1,0,0,1,5,0,0,0,1,1,1,3,0,0,1,40,"A_2020",0,1,1,0,0,0,0,1,0,0,1,0,0,0,1,0,0,1,,7,4,1,1,3,FALSE,FALSE,FALSE,FALSE,15,FALSE,FALSE,FALSE,FALSE,FALSE,FALSE,FALSE,FALSE,27,FALSE,42,30,FALSE,45,FALSE,FALSE,FALSE,FALSE
101442,"A",2020,1,1,12,1,2,,15,3,0,0,5,5,36,42,0,0,1,1,1,1,8,1,1,1,0,0,0,4,0,0,1,32,"A_2020",1,1,1,0,0,0,0,1,1,1,1,1,1,1,0,0,0,1,2,,3,0,0,3,FALSE,FALSE,FALSE,FALSE,15,FALSE,FALSE,FALSE,FALSE,FALSE,FALSE,FALSE,FALSE,21,FALSE,36,27,FALSE,42,FALSE,FALSE,FALSE,FALSE
101443,"B",2018,0,0,14,1,2,,18,5,1,0,0,,58,41,,0,0,0,0,0,9,1,1,1,0,0,0,4,0,0,0,0,"B_2018",0,0,1,1,0,,0,0,0,0,0,1,1,1,0,0,0,0,2,,5,0,0,4,FALSE,FALSE,FALSE,FALSE,18,FALSE,FALSE,FALSE,FALSE,FALSE,FALSE,FALSE,FALSE,40,FALSE,58,23,FALSE,41,FALSE,FALSE,FALSE,FALSE
101444,"A",2020,1,1,12,1,2,,14,4,0,0,7,5,41,42,1,1,1,1,1,1,8,1,1,1,0,0,0,4,0,0,0,0,"A_2020",1,1,1,0,0,1,1,1,1,1,1,1,1,1,0,0,0,0,2,,4,0,0,2,FALSE,FALSE,FALSE,FALSE,14,FALSE,FALSE,FALSE,FALSE,FALSE,FALSE,FALSE,FALSE,27,FALSE,41,28,FALSE,42,FALSE,FALSE,TRUE,FALSE
101445,"A",2022,1,0,12,1,1,,12,7,1,0,6,5,43,43,0,1,1,1,1,1,6,1,0,0,0,0,0,2,0,0,0,0,"A_2022",1,0,1,1,0,0,1,1,1,1,1,1,0,0,0,0,0,0,1,,7,0,0,0,FALSE,FALSE,TRUE,TRUE,12,FALSE,FALSE,FALSE,FALSE,FALSE,FALSE,FALSE,FALSE,31,FALSE,43,31,FALSE,43,FALSE,FALSE,TRUE,FALSE
101446,"A",2020,1,0,12,1,,7,14,3,0,0,9,,50,,,0,1,1,0,0,8,1,1,1,0,0,0,3,,,0,0,"A_2020",1,0,1,0,0,,0,1,1,0,0,1,1,1,0,,,0,,7,3,0,0,2,FALSE,FALSE,FALSE,FALSE,14,FALSE,FALSE,FALSE,FALSE,FALSE,FALSE,FALSE,FALSE,36,FALSE,50,,FALSE,,FALSE,FALSE,FALSE,FALSE
101447,"A",2020,1,0,13,1,2,18,15,3,0,0,5,5,31,36,1,1,1,1,1,1,8,1,1,1,0,0,0,4,0,0,0,0,"A_2020",1,0,1,0,0,1,1,1,1,1,1,1,1,1,0,0,0,0,2,18,3,0,0,2,FALSE,FALSE,FALSE,FALSE,15,FALSE,FALSE,FALSE,FALSE,FALSE,FALSE,FALSE,FALSE,16,FALSE,31,21,FALSE,36,FALSE,FALSE,TRUE,FALSE
101448,"A",2020,0,1,13,1,2,5,15,8,1,0,,0,38,51,0,0,1,1,0,1,7,1,1,0,0,1,1,4,0,0,0,0,"A_2020",0,1,1,1,0,0,0,1,1,0,1,1,1,0,1,0,0,0,2,5,8,0,1,2,FALSE,FALSE,FALSE,FALSE,15,FALSE,FALSE,FALSE,FALSE,FALSE,FALSE,FALSE,FALSE,23,FALSE,38,36,FALSE,51,FALSE,FALSE,TRUE,FALSE
101449,"A",2020,1,1,12,1,3,12,15,8,1,0,5,7,55,58,0,0,1,1,1,1,8,1,1,1,0,0,0,4,0,0,0,0,"A_2020",1,1,1,1,0,0,0,1,1,1,1,1,1,1,0,0,0,0,3,12,8,0,0,3,FALSE,FALSE,FALSE,FALSE,15,FALSE,FALSE,FALSE,FALSE,FALSE,FALSE,FALSE,FALSE,40,FALSE,55,43,FALSE,58,FALSE,FALSE,FALSE,FALSE
101450,"A",2020,0,1,12,1,,11,14,4,0,0,2,0,42,52,0,0,1,1,1,1,8,1,1,1,0,0,0,4,0,0,0,0,"A_2020",0,1,1,0,0,0,0,1,1,1,1,1,1,1,0,0,0,0,,11,4,0,0,2,FALSE,FALSE,FALSE,FALSE,14,FALSE,FALSE,FALSE,FALSE,FALSE,FALSE,FALSE,FALSE,28,FALSE,42,38,FALSE,52,FALSE,FALSE,TRUE,FALSE
101451,"A",2020,1,1,12,1,2,19,15,8,1,0,5,4,35,34,0,0,1,0,0,0,6,1,0,0,1,1,1,3,0,0,1,32,"A_2020",1,1,1,1,0,0,0,1,0,0,0,1,0,0,1,0,0,1,2,19,8,1,1,3,FALSE,FALSE,FALSE,FALSE,15,FALSE,FALSE,FALSE,FALSE,FALSE,FALSE,FALSE,FALSE,20,FALSE,35,19,FALSE,34,FALSE,FALSE,FALSE,FALSE
101452,"A",2020,1,1,14,1,1,11,16,3,0,1,3,5,36,46,0,0,1,0,0,0,6,1,0,0,0,0,0,1,0,0,1,8,"A_2020",1,1,1,0,1,0,0,1,0,0,0,1,0,0,0,0,0,1,1,11,3,0,0,2,FALSE,FALSE,FALSE,FALSE,16,FALSE,FALSE,FALSE,FALSE,FALSE,FALSE,FALSE,FALSE,20,FALSE,36,30,FALSE,46,FALSE,FALSE,FALSE,FALSE
101453,"A",2020,1,0,12,1,,19,14,4,0,0,3,5,47,54,0,1,1,1,1,1,8,1,1,1,0,0,0,4,0,0,0,0,"A_2020",1,0,1,0,0,0,1,1,1,1,1,1,1,1,0,0,0,0,,19,4,0,0,2,FALSE,FALSE,FALSE,FALSE,14,FALSE,FALSE,FALSE,FALSE,FALSE,FALSE,FALSE,FALSE,33,FALSE,47,40,FALSE,54,FALSE,FALSE,TRUE,FALSE
101454,"A",2020,0,0,11,1,3,15,13,4,0,0,11,11,48,67,0,0,0,0,0,1,7,1,1,0,1,1,1,3,0,0,0,0,"A_2020",0,0,1,0,0,0,0,0,0,0,1,1,1,0,1,0,0,0,3,15,4,1,1,2,FALSE,FALSE,FALSE,FALSE,13,FALSE,FALSE,FALSE,FALSE,FALSE,FALSE,FALSE,FALSE,35,FALSE,48,54,FALSE,67,FALSE,FALSE,FALSE,FALSE
101455,"A",2020,0,1,15,1,,5,18,5,0,0,5,7,47,60,0,0,1,1,0,0,6,1,0,0,0,0,0,2,0,0,0,0,"A_2020",0,1,1,0,0,0,0,1,1,0,0,1,0,0,0,0,0,0,,5,5,0,0,3,FALSE,FALSE,FALSE,FALSE,18,FALSE,FALSE,FALSE,FALSE,FALSE,FALSE,FALSE,FALSE,29,FALSE,47,42,FALSE,60,FALSE,FALSE,FALSE,FALSE
101456,"A",2020,0,0,11,1,3,15,13,3,0,0,8,11,40,40,0,1,1,1,1,1,8,1,1,1,0,0,0,4,0,0,0,0,"A_2020",0,0,1,0,0,0,1,1,1,1,1,1,1,1,0,0,0,0,3,15,3,0,0,2,FALSE,FALSE,FALSE,FALSE,13,FALSE,FALSE,FALSE,FALSE,FALSE,FALSE,FALSE,FALSE,27,FALSE,40,27,FALSE,40,FALSE,FALSE,TRUE,FALSE
101457,"A",2020,0,0,13,1,2,7,16,3,0,0,6,6,42,49,0,0,1,1,0,0,7,1,1,0,0,0,0,3,1,1,0,0,"A_2020",0,0,1,0,0,0,0,1,1,0,0,1,1,0,0,1,1,0,2,7,3,0,0,3,FALSE,FALSE,FALSE,FALSE,16,FALSE,FALSE,FALSE,FALSE,FALSE,FALSE,FALSE,FALSE,26,FALSE,42,33,FALSE,49,FALSE,FALSE,FALSE,FALSE
101458,"A",2022,0,0,11,1,2,,12,3,1,0,1,6,35,35,0,0,1,1,1,1,7,1,1,0,0,0,0,2,0,0,0,0,"A_2022",0,0,1,1,0,0,0,1,1,1,1,1,1,0,0,0,0,0,2,,3,0,0,1,FALSE,FALSE,FALSE,TRUE,12,FALSE,FALSE,FALSE,FALSE,FALSE,FALSE,FALSE,FALSE,23,FALSE,35,23,FALSE,35,FALSE,FALSE,FALSE,FALSE
101459,"A",2020,1,1,15,1,,,17,6,0,0,1,,36,,,0,1,0,0,0,6,1,0,0,0,0,0,1,0,0,1,40,"A_2020",1,1,1,0,0,,0,1,0,0,0,1,0,0,0,0,0,1,,,6,0,0,2,FALSE,FALSE,FALSE,FALSE,17,FALSE,FALSE,FALSE,FALSE,FALSE,FALSE,FALSE,FALSE,19,FALSE,36,,FALSE,,FALSE,FALSE,FALSE,FALSE
101460,"A",2022,0,0,12,1,1,,13,7,1,0,,,,,,0,1,1,1,1,6,1,0,0,0,0,0,2,0,0,0,0,"A_2022",0,0,1,1,0,,0,1,1,1,1,1,0,0,0,0,0,0,1,,7,0,0,1,FALSE,FALSE,FALSE,TRUE,13,FALSE,FALSE,FALSE,FALSE,FALSE,FALSE,FALSE,FALSE,,FALSE,,,FALSE,,FALSE,FALSE,FALSE,FALSE
101461,"A",2020,1,1,15,1,2,12,17,3,0,0,5,,40,55,,0,1,0,0,1,5,0,0,0,0,0,0,2,0,0,0,0,"A_2020",1,1,1,0,0,,0,1,0,0,1,0,0,0,0,0,0,0,2,12,3,0,0,2,FALSE,FALSE,FALSE,FALSE,17,FALSE,FALSE,FALSE,FALSE,FALSE,FALSE,FALSE,FALSE,23,FALSE,40,38,FALSE,55,FALSE,FALSE,FALSE,FALSE
101462,"A",2022,1,0,12,1,2,,14,8,1,0,8,11,34,48,0,1,1,1,1,1,6,1,0,0,0,0,0,2,0,0,0,0,"A_2022",1,0,1,1,0,0,1,1,1,1,1,1,0,0,0,0,0,0,2,,8,0,0,2,FALSE,FALSE,FALSE,FALSE,14,FALSE,FALSE,FALSE,FALSE,FALSE,FALSE,FALSE,FALSE,20,FALSE,34,34,FALSE,48,FALSE,FALSE,FALSE,FALSE
101463,"A",2020,1,0,11,1,3,10,14,4,0,0,4,11,39,50,1,1,1,1,1,1,8,1,1,1,0,0,0,4,0,0,0,0,"A_2020",1,0,1,0,0,1,1,1,1,1,1,1,1,1,0,0,0,0,3,10,4,0,0,3,FALSE,FALSE,FALSE,FALSE,14,FALSE,FALSE,FALSE,FALSE,FALSE,FALSE,FALSE,FALSE,25,FALSE,39,36,FALSE,50,FALSE,FALSE,FALSE,FALSE
101464,"A",2020,1,1,12,1,2,19,14,4,0,0,,,34,38,,1,1,1,1,1,8,1,1,1,0,0,0,4,0,0,0,0,"A_2020",1,1,1,0,0,,1,1,1,1,1,1,1,1,0,0,0,0,2,19,4,0,0,2,FALSE,FALSE,FALSE,FALSE,14,FALSE,FALSE,FALSE,FALSE,FALSE,FALSE,FALSE,FALSE,20,FALSE,34,24,FALSE,38,FALSE,FALSE,TRUE,FALSE
101465,"B",2018,1,0,13,1,,,18,6,1,1,5,0,53,64,0,0,1,1,1,1,9,1,1,1,1,1,1,6,0,0,0,0,"B_2018",1,0,1,1,1,0,0,1,1,1,1,1,1,1,1,0,0,0,,,6,1,1,5,FALSE,FALSE,FALSE,TRUE,18,FALSE,FALSE,FALSE,FALSE,FALSE,FALSE,FALSE,FALSE,35,FALSE,53,46,FALSE,64,FALSE,TRUE,FALSE,FALSE
101466,"A",2020,0,0,11,1,,19,13,3,0,0,9,,32,34,,0,1,1,,1,8,1,1,1,0,0,0,4,0,0,0,0,"A_2020",0,0,1,0,0,,0,1,1,,1,1,1,1,0,0,0,0,,19,3,0,0,2,FALSE,FALSE,FALSE,FALSE,13,FALSE,FALSE,FALSE,FALSE,FALSE,FALSE,FALSE,FALSE,19,FALSE,32,21,FALSE,34,FALSE,FALSE,TRUE,FALSE
101467,"A",2020,0,1,12,1,,5,15,1,1,0,3,2,50,55,0,0,1,0,0,1,8,1,1,1,0,0,0,4,0,0,0,0,"A_2020",0,1,1,1,0,0,0,1,0,0,1,1,1,1,0,0,0,0,,5,1,0,0,3,FALSE,FALSE,FALSE,FALSE,15,FALSE,FALSE,FALSE,FALSE,FALSE,FALSE,FALSE,FALSE,35,FALSE,50,40,FALSE,55,FALSE,FALSE,FALSE,FALSE
101468,"A",2020,1,0,12,1,2,4,14,3,0,0,5,,45,,,1,1,1,1,1,8,1,1,1,0,0,0,4,0,0,0,0,"A_2020",1,0,1,0,0,,1,1,1,1,1,1,1,1,0,0,0,0,2,4,3,0,0,2,FALSE,FALSE,FALSE,FALSE,14,FALSE,FALSE,FALSE,FALSE,FALSE,FALSE,FALSE,FALSE,31,FALSE,45,,FALSE,,FALSE,FALSE,TRUE,FALSE
101469,"A",2020,1,1,15,1,1,19,18,1,1,0,2,1,42,54,0,0,1,1,0,0,8,1,1,1,1,1,1,4,0,0,1,40,"A_2020",1,1,1,1,0,0,0,1,1,0,0,1,1,1,1,0,0,1,1,19,1,1,1,3,FALSE,FALSE,FALSE,FALSE,18,FALSE,FALSE,FALSE,FALSE,FALSE,FALSE,FALSE,FALSE,24,FALSE,42,36,FALSE,54,FALSE,FALSE,FALSE,FALSE
101470,"A",2022,0,0,15,1,1,,15,7,1,0,,,,,,0,0,1,1,1,6,1,0,0,1,1,1,3,0,0,0,0,"A_2022",0,0,1,1,0,,0,0,1,1,1,1,0,0,1,0,0,0,1,,7,1,1,0,FALSE,FALSE,TRUE,TRUE,15,FALSE,FALSE,FALSE,FALSE,FALSE,FALSE,FALSE,FALSE,,FALSE,,,FALSE,,FALSE,FALSE,TRUE,FALSE
101471,"A",2020,0,1,14,1,1,19,16,3,0,0,,,60,,,0,0,0,0,1,6,1,0,0,1,1,1,3,0,0,1,20,"A_2020",0,1,1,0,0,,0,0,0,0,1,1,0,0,1,0,0,1,1,19,3,1,1,2,FALSE,FALSE,FALSE,FALSE,16,FALSE,FALSE,FALSE,FALSE,FALSE,FALSE,FALSE,FALSE,44,FALSE,60,,FALSE,,FALSE,FALSE,FALSE,FALSE
101472,"A",2020,0,0,10,1,2,15,12,3,0,0,11,,47,,,0,1,1,1,1,7,1,1,0,0,0,0,3,0,0,0,0,"A_2020",0,0,1,0,0,,0,1,1,1,1,1,1,0,0,0,0,0,2,15,3,0,0,2,FALSE,FALSE,FALSE,FALSE,12,FALSE,FALSE,FALSE,FALSE,FALSE,FALSE,FALSE,FALSE,35,FALSE,47,,FALSE,,FALSE,FALSE,FALSE,FALSE
101473,"A",2020,1,1,14,1,2,17,16,3,0,0,11,8,40,40,0,0,1,1,1,1,8,1,1,1,0,0,0,4,0,0,0,0,"A_2020",1,1,1,0,0,0,0,1,1,1,1,1,1,1,0,0,0,0,2,17,3,0,0,2,FALSE,FALSE,FALSE,FALSE,16,FALSE,FALSE,FALSE,FALSE,FALSE,FALSE,FALSE,FALSE,24,FALSE,40,24,FALSE,40,FALSE,FALSE,TRUE,FALSE
101474,"A",2020,1,0,13,1,3,10,15,3,0,0,10,11,40,45,0,1,1,1,1,1,8,1,1,1,0,0,0,4,0,0,0,0,"A_2020",1,0,1,0,0,0,1,1,1,1,1,1,1,1,0,0,0,0,3,10,3,0,0,2,FALSE,FALSE,FALSE,FALSE,15,FALSE,FALSE,FALSE,FALSE,FALSE,FALSE,FALSE,FALSE,25,FALSE,40,30,FALSE,45,FALSE,FALSE,TRUE,FALSE
101475,"A",2020,0,1,,1,1,19,16,5,0,0,5,5,36,35,0,0,0,0,0,1,7,1,1,0,0,0,0,4,0,0,0,0,"A_2020",0,1,1,0,0,0,0,0,0,0,1,1,1,0,0,0,0,0,1,19,5,0,0,,TRUE,FALSE,FALSE,FALSE,16,FALSE,FALSE,FALSE,FALSE,FALSE,FALSE,FALSE,FALSE,20,FALSE,36,19,FALSE,35,FALSE,FALSE,FALSE,FALSE
101476,"A",2022,1,1,14,1,,,15,7,1,0,5,7,39,42,0,1,1,0,1,1,5,0,0,0,1,1,1,2,0,0,0,0,"A_2022",1,1,1,1,0,0,1,1,0,1,1,0,0,0,1,0,0,0,,,7,1,1,1,FALSE,FALSE,FALSE,TRUE,15,FALSE,FALSE,FALSE,FALSE,FALSE,FALSE,FALSE,FALSE,24,FALSE,39,27,FALSE,42,FALSE,FALSE,FALSE,FALSE
101477,"A",2020,1,0,14,1,2,17,16,5,0,0,9,,53,,,1,1,1,1,1,8,1,1,1,0,0,0,4,0,0,0,0,"A_2020",1,0,1,0,0,,1,1,1,1,1,1,1,1,0,0,0,0,2,17,5,0,0,2,FALSE,FALSE,FALSE,FALSE,16,FALSE,FALSE,FALSE,FALSE,FALSE,FALSE,FALSE,FALSE,37,FALSE,53,,FALSE,,FALSE,FALSE,TRUE,FALSE
101478,"A",2020,1,0,11,1,,,14,3,0,0,5,5,39,38,0,1,1,1,1,1,8,1,1,1,0,0,0,4,0,0,0,0,"A_2020",1,0,1,0,0,0,1,1,1,1,1,1,1,1,0,0,0,0,,,3,0,0,3,FALSE,FALSE,FALSE,FALSE,14,FALSE,FALSE,FALSE,FALSE,FALSE,FALSE,FALSE,FALSE,25,FALSE,39,24,FALSE,38,FALSE,FALSE,FALSE,FALSE
101479,"A",2020,0,0,14,1,2,4,17,5,0,0,3,0,43,91,0,0,0,1,0,0,9,1,1,1,0,0,0,2,0,0,1,40,"A_2020",0,0,1,0,0,0,0,0,1,0,0,1,1,1,0,0,0,1,2,4,5,0,0,3,FALSE,FALSE,FALSE,FALSE,17,FALSE,FALSE,TRUE,FALSE,FALSE,FALSE,FALSE,FALSE,26,FALSE,43,74,TRUE,91,FALSE,FALSE,FALSE,FALSE
101480,"A",2020,0,1,13,1,,17,15,3,0,0,6,5,40,45,0,0,1,1,1,1,8,1,1,1,0,0,0,4,0,0,0,0,"A_2020",0,1,1,0,0,0,0,1,1,1,1,1,1,1,0,0,0,0,,17,3,0,0,2,FALSE,FALSE,FALSE,FALSE,15,FALSE,FALSE,FALSE,FALSE,FALSE,FALSE,FALSE,FALSE,25,FALSE,40,30,FALSE,45,FALSE,FALSE,TRUE,FALSE
101481,"A",2020,0,1,12,1,2,5,15,4,0,0,7,7,35,45,0,0,1,1,1,1,8,1,1,1,0,0,0,4,0,0,0,0,"A_2020",0,1,1,0,0,0,0,1,1,1,1,1,1,1,0,0,0,0,2,5,4,0,0,3,FALSE,FALSE,FALSE,FALSE,15,FALSE,FALSE,FALSE,FALSE,FALSE,FALSE,FALSE,FALSE,20,FALSE,35,30,FALSE,45,FALSE,FALSE,FALSE,FALSE
101482,"A",2020,0,1,14,1,2,17,16,3,0,0,4,6,36,38,0,0,1,1,1,1,7,1,1,0,1,1,1,4,0,0,1,40,"A_2020",0,1,1,0,0,0,0,1,1,1,1,1,1,0,1,0,0,1,2,17,3,1,1,2,FALSE,FALSE,FALSE,FALSE,16,FALSE,FALSE,FALSE,FALSE,FALSE,FALSE,FALSE,FALSE,20,FALSE,36,22,FALSE,38,FALSE,FALSE,TRUE,FALSE
101483,"A",2022,1,0,12,1,2,,13,7,1,0,2,5,49,36,0,1,1,1,1,1,6,1,0,0,0,0,0,2,0,0,0,0,"A_2022",1,0,1,1,0,0,1,1,1,1,1,1,0,0,0,0,0,0,2,,7,0,0,1,FALSE,FALSE,FALSE,TRUE,13,FALSE,FALSE,FALSE,FALSE,FALSE,FALSE,FALSE,FALSE,36,FALSE,49,23,FALSE,36,FALSE,FALSE,FALSE,FALSE
101484,"A",2020,1,0,12,1,2,6,14,3,0,0,,,42,,0,1,1,1,1,1,8,1,1,1,0,0,0,4,0,0,0,0,"A_2020",1,0,1,0,0,0,1,1,1,1,1,1,1,1,0,0,0,0,2,6,3,0,0,2,FALSE,FALSE,FALSE,FALSE,14,FALSE,FALSE,FALSE,FALSE,FALSE,FALSE,FALSE,FALSE,28,FALSE,42,,FALSE,,FALSE,FALSE,TRUE,FALSE
101485,"A",2020,1,1,14,1,,5,17,4,0,0,7,,37,,,0,1,1,0,0,7,1,1,0,0,0,0,2,0,0,0,0,"A_2020",1,1,1,0,0,,0,1,1,0,0,1,1,0,0,0,0,0,,5,4,0,0,3,FALSE,FALSE,FALSE,FALSE,17,FALSE,FALSE,FALSE,FALSE,FALSE,FALSE,FALSE,FALSE,20,FALSE,37,,FALSE,,FALSE,FALSE,FALSE,FALSE
101486,"A",2020,0,0,15,1,2,,17,6,0,0,3,,67,51,,0,1,1,0,0,7,1,1,0,0,0,0,2,0,0,1,40,"A_2020",0,0,1,0,0,,0,1,1,0,0,1,1,0,0,0,0,1,2,,6,0,0,2,FALSE,FALSE,FALSE,FALSE,17,FALSE,FALSE,FALSE,FALSE,FALSE,FALSE,FALSE,FALSE,50,FALSE,67,34,FALSE,51,FALSE,FALSE,FALSE,FALSE
101487,"A",2020,0,1,15,1,3,,18,3,0,0,7,5,46,49,0,0,1,1,1,1,7,1,1,0,0,0,0,4,0,0,0,0,"A_2020",0,1,1,0,0,0,0,1,1,1,1,1,1,0,0,0,0,0,3,,3,0,0,3,FALSE,FALSE,FALSE,FALSE,18,FALSE,FALSE,FALSE,FALSE,FALSE,FALSE,FALSE,FALSE,28,FALSE,46,31,FALSE,49,FALSE,FALSE,FALSE,FALSE
101488,"B",2018,0,1,15,0,3,,19,7,1,1,,,,,,0,1,1,0,0,9,1,1,1,0,0,0,4,0,0,1,40,"B_2018",0,1,0,1,1,,0,1,1,0,0,1,1,1,0,0,0,1,3,,7,0,0,4,FALSE,FALSE,FALSE,FALSE,19,FALSE,FALSE,FALSE,FALSE,FALSE,FALSE,FALSE,FALSE,,FALSE,,,FALSE,,FALSE,FALSE,FALSE,FALSE
101489,"A",2022,0,0,11,1,,,11,7,1,0,8,8,37,34,0,0,1,0,1,1,5,0,0,0,0,0,0,1,0,0,0,0,"A_2022",0,0,1,1,0,0,0,1,0,1,1,0,0,0,0,0,0,0,,,7,0,0,0,FALSE,FALSE,TRUE,TRUE,11,FALSE,FALSE,FALSE,FALSE,FALSE,FALSE,FALSE,FALSE,26,FALSE,37,23,FALSE,34,FALSE,FALSE,FALSE,FALSE
101490,"B",2018,1,0,13,1,,,17,6,1,1,5,,50,57,,0,0,0,0,1,9,1,1,1,0,0,0,6,0,0,0,0,"B_2018",1,0,1,1,1,,0,0,0,0,1,1,1,1,0,0,0,0,,,6,0,0,4,FALSE,FALSE,FALSE,FALSE,17,FALSE,FALSE,FALSE,FALSE,FALSE,FALSE,FALSE,FALSE,33,FALSE,50,40,FALSE,57,FALSE,TRUE,TRUE,FALSE
101491,"A",2022,0,0,12,1,2,,13,7,1,0,3,5,39,49,0,0,1,1,1,1,6,1,0,0,0,0,0,2,0,0,0,0,"A_2022",0,0,1,1,0,0,0,1,1,1,1,1,0,0,0,0,0,0,2,,7,0,0,1,FALSE,FALSE,FALSE,TRUE,13,FALSE,FALSE,FALSE,FALSE,FALSE,FALSE,FALSE,FALSE,26,FALSE,39,36,FALSE,49,FALSE,FALSE,FALSE,FALSE
101492,"A",2020,1,0,11,1,,19,13,3,0,0,5,11,40,39,0,1,1,1,1,1,8,1,1,1,0,0,0,4,0,0,0,0,"A_2020",1,0,1,0,0,0,1,1,1,1,1,1,1,1,0,0,0,0,,19,3,0,0,2,FALSE,FALSE,FALSE,FALSE,13,FALSE,FALSE,FALSE,FALSE,FALSE,FALSE,FALSE,FALSE,27,FALSE,40,26,FALSE,39,FALSE,FALSE,TRUE,FALSE
101493,"A",2020,0,0,11,1,2,6,14,5,0,0,8,9,39,43,0,0,1,1,1,1,8,1,1,1,0,0,0,4,0,0,0,0,"A_2020",0,0,1,0,0,0,0,1,1,1,1,1,1,1,0,0,0,0,2,6,5,0,0,3,FALSE,FALSE,FALSE,FALSE,14,FALSE,FALSE,FALSE,FALSE,FALSE,FALSE,FALSE,FALSE,25,FALSE,39,29,FALSE,43,FALSE,FALSE,FALSE,FALSE
101494,"A",2020,0,0,13,1,2,5,15,3,0,0,4,5,40,48,0,0,1,1,1,1,8,1,1,1,0,0,0,4,0,0,0,0,"A_2020",0,0,1,0,0,0,0,1,1,1,1,1,1,1,0,0,0,0,2,5,3,0,0,2,FALSE,FALSE,FALSE,FALSE,15,FALSE,FALSE,FALSE,FALSE,FALSE,FALSE,FALSE,FALSE,25,FALSE,40,33,FALSE,48,FALSE,FALSE,TRUE,FALSE
101495,"A",2020,1,1,11,1,2,6,13,3,0,0,7,5,40,40,,1,1,1,1,1,8,1,1,1,0,0,0,4,0,0,0,0,"A_2020",1,1,1,0,0,,1,1,1,1,1,1,1,1,0,0,0,0,2,6,3,0,0,2,FALSE,FALSE,FALSE,FALSE,13,FALSE,FALSE,FALSE,FALSE,FALSE,FALSE,FALSE,FALSE,27,FALSE,40,27,FALSE,40,FALSE,FALSE,TRUE,FALSE
101496,"A",2020,0,0,12,1,2,5,15,4,0,0,11,6,42,40,0,0,1,1,1,1,8,1,1,1,0,0,0,4,0,0,0,0,"A_2020",0,0,1,0,0,0,0,1,1,1,1,1,1,1,0,0,0,0,2,5,4,0,0,3,FALSE,FALSE,FALSE,FALSE,15,FALSE,FALSE,FALSE,FALSE,FALSE,FALSE,FALSE,FALSE,27,FALSE,42,25,FALSE,40,FALSE,FALSE,FALSE,FALSE
101497,"A",2020,0,1,12,1,2,,14,3,0,0,10,10,35,43,0,0,1,1,1,1,8,1,1,1,0,0,0,4,0,0,0,0,"A_2020",0,1,1,0,0,0,0,1,1,1,1,1,1,1,0,0,0,0,2,,3,0,0,2,FALSE,FALSE,FALSE,FALSE,14,FALSE,FALSE,FALSE,FALSE,FALSE,FALSE,FALSE,FALSE,21,FALSE,35,29,FALSE,43,FALSE,FALSE,TRUE,FALSE
101498,"A",2020,0,0,12,1,1,6,15,7,1,0,5,6,35,39,0,0,1,0,0,0,7,1,1,0,1,1,1,4,0,0,0,0,"A_2020",0,0,1,1,0,0,0,1,0,0,0,1,1,0,1,0,0,0,1,6,7,1,1,3,FALSE,FALSE,FALSE,FALSE,15,FALSE,FALSE,FALSE,FALSE,FALSE,FALSE,FALSE,FALSE,20,FALSE,35,24,FALSE,39,FALSE,FALSE,FALSE,FALSE
101499,"A",2020,0,0,12,1,3,4,14,4,0,0,,11,40,38,0,0,1,1,1,1,8,1,1,1,0,0,0,4,0,0,0,0,"A_2020",0,0,1,0,0,0,0,1,1,1,1,1,1,1,0,0,0,0,3,4,4,0,0,2,FALSE,FALSE,FALSE,FALSE,14,FALSE,FALSE,FALSE,FALSE,FALSE,FALSE,FALSE,FALSE,26,FALSE,40,24,FALSE,38,FALSE,FALSE,TRUE,FALSE
101500,"A",2020,1,1,15,1,2,17,18,3,0,0,9,8,36,40,0,1,1,1,1,1,8,1,1,1,0,0,0,4,0,0,0,0,"A_2020",1,1,1,0,0,0,1,1,1,1,1,1,1,1,0,0,0,0,2,17,3,0,0,3,FALSE,FALSE,FALSE,FALSE,18,FALSE,FALSE,FALSE,FALSE,FALSE,FALSE,FALSE,FALSE,18,FALSE,36,22,FALSE,40,FALSE,FALSE,FALSE,FALSE
101501,"A",2020,0,0,11,1,2,8,14,6,0,0,5,,41,,,0,1,1,,1,8,1,1,1,0,0,0,4,0,0,0,0,"A_2020",0,0,1,0,0,,0,1,1,,1,1,1,1,0,0,0,0,2,8,6,0,0,3,FALSE,FALSE,FALSE,FALSE,14,FALSE,FALSE,FALSE,FALSE,FALSE,FALSE,FALSE,FALSE,27,FALSE,41,,FALSE,,FALSE,FALSE,FALSE,FALSE
101502,"A",2020,0,0,,1,2,,14,4,0,0,5,,43,,,0,1,1,1,1,8,1,1,1,0,0,0,4,0,0,1,20,"A_2020",0,0,1,0,0,,0,1,1,1,1,1,1,1,0,0,0,1,2,,4,0,0,,TRUE,FALSE,FALSE,FALSE,14,FALSE,FALSE,FALSE,FALSE,FALSE,FALSE,FALSE,FALSE,29,FALSE,43,,FALSE,,FALSE,FALSE,FALSE,FALSE
101503,"A",2022,1,0,15,1,2,,14,8,1,0,11,9,44,39,0,0,0,1,0,0,6,1,0,0,1,1,1,3,0,0,0,0,"A_2022",1,0,1,1,0,0,0,0,1,0,0,1,0,0,1,0,0,0,2,,8,1,1,-1,FALSE,TRUE,FALSE,TRUE,,FALSE,FALSE,FALSE,FALSE,FALSE,FALSE,FALSE,FALSE,30,FALSE,44,25,FALSE,39,FALSE,FALSE,TRUE,FALSE
101504,"A",2022,1,0,11,1,2,,12,8,1,0,9,9,42,40,0,1,1,1,1,1,6,1,0,0,0,0,0,2,0,0,0,0,"A_2022",1,0,1,1,0,0,1,1,1,1,1,1,0,0,0,0,0,0,2,,8,0,0,1,FALSE,FALSE,FALSE,TRUE,12,FALSE,FALSE,FALSE,FALSE,FALSE,FALSE,FALSE,FALSE,30,FALSE,42,28,FALSE,40,FALSE,FALSE,FALSE,FALSE
101505,"A",2022,0,1,11,1,2,,12,7,1,0,5,,39,,,0,1,1,1,1,6,1,0,0,0,0,0,2,0,0,0,0,"A_2022",0,1,1,1,0,,0,1,1,1,1,1,0,0,0,0,0,0,2,,7,0,0,1,FALSE,FALSE,FALSE,TRUE,12,FALSE,FALSE,FALSE,FALSE,FALSE,FALSE,FALSE,FALSE,27,FALSE,39,,FALSE,,FALSE,FALSE,FALSE,FALSE
101506,"A",2020,1,1,12,1,2,,15,7,1,0,8,8,45,43,1,0,1,1,1,1,7,1,1,0,1,1,1,4,0,0,0,0,"A_2020",1,1,1,1,0,1,0,1,1,1,1,1,1,0,1,0,0,0,2,,7,1,1,3,FALSE,FALSE,FALSE,FALSE,15,FALSE,FALSE,FALSE,FALSE,FALSE,FALSE,FALSE,FALSE,30,FALSE,45,28,FALSE,43,FALSE,FALSE,FALSE,FALSE
101507,"B",2018,0,1,10,0,2,,15,6,1,0,,,,,,0,1,1,1,1,9,1,1,1,0,0,0,6,0,0,1,10,"B_2018",0,1,0,1,0,,0,1,1,1,1,1,1,1,0,0,0,1,2,,6,0,0,5,FALSE,FALSE,FALSE,TRUE,15,FALSE,FALSE,FALSE,FALSE,FALSE,FALSE,FALSE,FALSE,,FALSE,,,FALSE,,FALSE,TRUE,FALSE,FALSE
101508,"A",2022,1,0,14,1,3,,13,7,1,0,11,,31,,,1,1,1,1,1,6,1,0,0,0,0,0,2,0,0,0,0,"A_2022",1,0,1,1,0,,1,1,1,1,1,1,0,0,0,0,0,0,3,,7,0,0,-1,FALSE,TRUE,FALSE,TRUE,,FALSE,FALSE,FALSE,FALSE,FALSE,FALSE,FALSE,FALSE,18,FALSE,31,,FALSE,,FALSE,FALSE,TRUE,FALSE
101509,"A",2020,0,1,11,1,2,15,14,9,1,0,5,5,36,34,0,0,1,1,1,1,8,1,1,1,0,0,0,4,0,0,0,0,"A_2020",0,1,1,1,0,0,0,1,1,1,1,1,1,1,0,0,0,0,2,15,9,0,0,3,FALSE,FALSE,FALSE,FALSE,14,FALSE,FALSE,FALSE,FALSE,FALSE,FALSE,FALSE,FALSE,22,FALSE,36,20,FALSE,34,FALSE,FALSE,FALSE,FALSE
101510,"B",2018,0,1,15,0,1,,20,7,1,1,,,,,,0,0,0,0,0,6,1,0,0,0,0,0,1,0,0,0,0,"B_2018",0,1,0,1,1,,0,0,0,0,0,1,0,0,0,0,0,0,1,,7,0,0,5,FALSE,FALSE,FALSE,TRUE,20,FALSE,FALSE,FALSE,FALSE,FALSE,FALSE,FALSE,FALSE,,FALSE,,,FALSE,,FALSE,FALSE,FALSE,FALSE
101511,"A",2020,0,1,13,1,2,17,16,5,0,0,9,,42,,,0,1,1,1,1,7,1,1,0,1,1,1,4,0,0,0,0,"A_2020",0,1,1,0,0,,0,1,1,1,1,1,1,0,1,0,0,0,2,17,5,1,1,3,FALSE,FALSE,FALSE,FALSE,16,FALSE,FALSE,FALSE,FALSE,FALSE,FALSE,FALSE,FALSE,26,FALSE,42,,FALSE,,FALSE,FALSE,FALSE,FALSE
101512,"A",2020,0,1,12,1,2,7,14,6,0,0,7,8,49,43,0,0,1,1,1,1,8,1,1,1,0,0,0,4,0,0,0,0,"A_2020",0,1,1,0,0,0,0,1,1,1,1,1,1,1,0,0,0,0,2,7,6,0,0,2,FALSE,FALSE,FALSE,FALSE,14,FALSE,FALSE,FALSE,FALSE,FALSE,FALSE,FALSE,FALSE,35,FALSE,49,29,FALSE,43,FALSE,FALSE,TRUE,FALSE
101513,"A",2020,1,1,11,1,2,18,15,4,1,0,6,2,58,56,0,1,1,1,1,1,9,1,1,1,0,0,0,4,0,0,0,0,"A_2020",1,1,1,1,0,0,1,1,1,1,1,1,1,1,0,0,0,0,2,18,4,0,0,4,FALSE,FALSE,FALSE,FALSE,15,FALSE,FALSE,FALSE,FALSE,FALSE,FALSE,FALSE,FALSE,43,FALSE,58,41,FALSE,56,FALSE,FALSE,FALSE,FALSE
101514,"A",2020,1,1,11,1,2,6,14,3,0,0,7,11,42,43,1,1,1,1,1,1,8,1,1,1,0,0,0,4,0,0,0,0,"A_2020",1,1,1,0,0,1,1,1,1,1,1,1,1,1,0,0,0,0,2,6,3,0,0,3,FALSE,FALSE,FALSE,FALSE,14,FALSE,FALSE,FALSE,FALSE,FALSE,FALSE,FALSE,FALSE,28,FALSE,42,29,FALSE,43,FALSE,FALSE,FALSE,FALSE
101515,"A",2020,0,1,11,1,2,6,14,3,0,0,6,5,30,42,0,0,1,1,1,1,8,1,1,1,0,0,0,4,0,0,0,0,"A_2020",0,1,1,0,0,0,0,1,1,1,1,1,1,1,0,0,0,0,2,6,3,0,0,3,FALSE,FALSE,FALSE,FALSE,14,FALSE,FALSE,FALSE,FALSE,FALSE,FALSE,FALSE,FALSE,16,FALSE,30,28,FALSE,42,FALSE,FALSE,FALSE,FALSE
101516,"A",2020,1,0,12,1,2,19,15,3,0,0,4,5,31,45,0,1,1,1,1,1,8,1,1,1,0,0,0,4,0,0,0,0,"A_2020",1,0,1,0,0,0,1,1,1,1,1,1,1,1,0,0,0,0,2,19,3,0,0,3,FALSE,FALSE,FALSE,FALSE,15,FALSE,FALSE,FALSE,FALSE,FALSE,FALSE,FALSE,FALSE,16,FALSE,31,30,FALSE,45,FALSE,FALSE,FALSE,FALSE
101517,"A",2022,1,0,13,1,2,,14,7,1,0,7,,33,,,0,0,0,0,1,5,0,0,0,1,1,1,2,0,0,0,0,"A_2022",1,0,1,1,0,,0,0,0,0,1,0,0,0,1,0,0,0,2,,7,1,1,1,FALSE,FALSE,FALSE,TRUE,14,FALSE,FALSE,FALSE,FALSE,FALSE,FALSE,FALSE,FALSE,19,FALSE,33,,FALSE,,FALSE,FALSE,FALSE,FALSE
101518,"A",2020,0,1,12,1,2,10,14,3,0,0,5,5,44,72,0,0,0,0,0,1,8,1,1,1,0,0,0,4,0,0,0,0,"A_2020",0,1,1,0,0,0,0,0,0,0,1,1,1,1,0,0,0,0,2,10,3,0,0,2,FALSE,FALSE,FALSE,FALSE,14,FALSE,FALSE,FALSE,FALSE,FALSE,FALSE,FALSE,FALSE,30,FALSE,44,58,FALSE,72,FALSE,FALSE,TRUE,FALSE
101519,"A",2020,0,1,14,1,2,5,16,3,0,0,,,,,,0,1,0,0,0,5,0,0,0,0,0,0,1,0,0,0,0,"A_2020",0,1,1,0,0,,0,1,0,0,0,0,0,0,0,0,0,0,2,5,3,0,0,2,FALSE,FALSE,FALSE,FALSE,16,FALSE,FALSE,FALSE,FALSE,FALSE,FALSE,FALSE,FALSE,,FALSE,,,FALSE,,FALSE,FALSE,FALSE,FALSE
101520,"A",2022,1,0,12,1,2,,12,7,1,0,5,,36,35,1,1,1,1,1,1,6,1,0,0,0,0,0,2,0,0,0,0,"A_2022",1,0,1,1,0,1,1,1,1,1,1,1,0,0,0,0,0,0,2,,7,0,0,0,FALSE,FALSE,TRUE,TRUE,12,FALSE,FALSE,FALSE,FALSE,FALSE,FALSE,FALSE,FALSE,24,FALSE,36,23,FALSE,35,FALSE,FALSE,TRUE,FALSE
101521,"A",2020,0,0,11,1,2,7,14,7,1,0,5,11,37,43,0,0,1,1,0,1,8,1,1,1,0,0,0,4,0,0,1,6,"A_2020",0,0,1,1,0,0,0,1,1,0,1,1,1,1,0,0,0,1,2,7,7,0,0,3,FALSE,FALSE,FALSE,FALSE,14,FALSE,FALSE,FALSE,FALSE,FALSE,FALSE,FALSE,FALSE,23,FALSE,37,29,FALSE,43,FALSE,FALSE,FALSE,FALSE
101522,"A",2020,1,0,13,1,,19,15,3,0,0,5,5,42,46,0,0,0,0,0,0,6,1,0,0,0,0,0,1,0,0,0,0,"A_2020",1,0,1,0,0,0,0,0,0,0,0,1,0,0,0,0,0,0,,19,3,0,0,2,FALSE,FALSE,FALSE,FALSE,15,FALSE,FALSE,FALSE,FALSE,FALSE,FALSE,FALSE,FALSE,27,FALSE,42,31,FALSE,46,FALSE,FALSE,FALSE,FALSE
101523,"A",2020,0,1,14,1,2,19,16,3,0,0,5,6,56,51,0,0,1,0,0,0,5,0,0,0,0,0,0,1,0,0,1,40,"A_2020",0,1,1,0,0,0,0,1,0,0,0,0,0,0,0,0,0,1,2,19,3,0,0,2,FALSE,FALSE,FALSE,FALSE,16,FALSE,FALSE,FALSE,FALSE,FALSE,FALSE,FALSE,FALSE,40,FALSE,56,35,FALSE,51,FALSE,FALSE,FALSE,FALSE
101524,"A",2020,0,1,13,1,2,,15,3,0,0,11,7,39,36,0,0,0,0,0,1,7,1,1,0,0,0,0,4,0,0,1,0,"A_2020",0,1,1,0,0,0,0,0,0,0,1,1,1,0,0,0,0,1,2,,3,0,0,2,FALSE,FALSE,FALSE,FALSE,15,FALSE,FALSE,FALSE,FALSE,FALSE,FALSE,FALSE,FALSE,24,FALSE,39,21,FALSE,36,FALSE,FALSE,TRUE,FALSE
101525,"A",2020,1,0,12,1,2,19,14,3,0,0,4,5,36,37,0,1,1,1,1,1,7,1,1,0,1,1,1,4,0,0,0,0,"A_2020",1,0,1,0,0,0,1,1,1,1,1,1,1,0,1,0,0,0,2,19,3,1,1,2,FALSE,FALSE,FALSE,FALSE,14,FALSE,FALSE,FALSE,FALSE,FALSE,FALSE,FALSE,FALSE,22,FALSE,36,23,FALSE,37,FALSE,FALSE,TRUE,FALSE
101526,"A",2020,1,0,13,1,,19,15,5,0,0,3,0,33,39,0,1,1,1,1,1,8,1,1,1,0,0,0,4,0,0,0,0,"A_2020",1,0,1,0,0,0,1,1,1,1,1,1,1,1,0,0,0,0,,19,5,0,0,2,FALSE,FALSE,FALSE,FALSE,15,FALSE,FALSE,FALSE,FALSE,FALSE,FALSE,FALSE,FALSE,18,FALSE,33,24,FALSE,39,FALSE,FALSE,TRUE,FALSE
101527,"A",2022,1,0,13,1,1,,14,7,1,0,3,3,34,47,0,0,0,0,0,1,5,0,0,0,1,1,1,2,0,0,0,0,"A_2022",1,0,1,1,0,0,0,0,0,0,1,0,0,0,1,0,0,0,1,,7,1,1,1,FALSE,FALSE,FALSE,TRUE,14,FALSE,FALSE,FALSE,FALSE,FALSE,FALSE,FALSE,FALSE,20,FALSE,34,33,FALSE,47,FALSE,FALSE,FALSE,FALSE
101528,"B",2018,1,0,15,0,1,,20,7,1,1,5,5,38,59,0,0,1,1,0,0,8,1,1,1,0,0,0,3,0,1,1,0,"B_2018",1,0,0,1,1,0,0,1,1,0,0,1,1,1,0,0,1,1,1,,7,0,0,5,FALSE,FALSE,FALSE,TRUE,20,FALSE,FALSE,FALSE,FALSE,FALSE,FALSE,FALSE,FALSE,18,FALSE,38,39,FALSE,59,FALSE,FALSE,FALSE,FALSE
101529,"A",2022,0,1,,1,2,,12,7,1,0,9,9,29,34,0,0,1,1,1,1,6,1,0,0,0,0,0,2,0,0,0,0,"A_2022",0,1,1,1,0,0,0,1,1,1,1,1,0,0,0,0,0,0,2,,7,0,0,,TRUE,FALSE,FALSE,FALSE,12,FALSE,FALSE,FALSE,FALSE,FALSE,FALSE,FALSE,FALSE,17,FALSE,29,22,FALSE,34,FALSE,FALSE,FALSE,FALSE
101530,"A",2020,1,1,12,1,1,17,15,4,0,0,5,5,46,47,0,1,1,1,1,1,8,1,1,1,0,0,0,4,0,0,0,0,"A_2020",1,1,1,0,0,0,1,1,1,1,1,1,1,1,0,0,0,0,1,17,4,0,0,3,FALSE,FALSE,FALSE,FALSE,15,FALSE,FALSE,FALSE,FALSE,FALSE,FALSE,FALSE,FALSE,31,FALSE,46,32,FALSE,47,FALSE,FALSE,FALSE,FALSE
101531,"A",2022,1,1,11,1,,,12,8,1,0,4,5,42,48,1,1,1,1,1,1,6,1,0,0,0,0,0,2,0,0,0,0,"A_2022",1,1,1,1,0,1,1,1,1,1,1,1,0,0,0,0,0,0,,,8,0,0,1,FALSE,FALSE,FALSE,TRUE,12,FALSE,FALSE,FALSE,FALSE,FALSE,FALSE,FALSE,FALSE,30,FALSE,42,36,FALSE,48,FALSE,FALSE,FALSE,FALSE
101532,"A",2022,0,0,13,1,2,,12,7,1,0,7,6,46,45,0,0,1,1,1,1,6,1,0,0,0,0,0,2,0,0,0,0,"A_2022",0,0,1,1,0,0,0,1,1,1,1,1,0,0,0,0,0,0,2,,7,0,0,-1,FALSE,TRUE,FALSE,TRUE,,FALSE,FALSE,FALSE,FALSE,FALSE,FALSE,FALSE,FALSE,34,FALSE,46,33,FALSE,45,FALSE,FALSE,TRUE,FALSE
101533,"A",2020,1,0,12,1,2,19,15,5,0,0,5,5,50,46,0,1,1,1,1,1,8,1,1,1,0,0,0,4,0,0,0,0,"A_2020",1,0,1,0,0,0,1,1,1,1,1,1,1,1,0,0,0,0,2,19,5,0,0,3,FALSE,FALSE,FALSE,FALSE,15,FALSE,FALSE,FALSE,FALSE,FALSE,FALSE,FALSE,FALSE,35,FALSE,50,31,FALSE,46,FALSE,FALSE,FALSE,FALSE
101534,"B",2018,1,1,11,0,1,,16,7,1,1,6,1,36,52,0,1,1,1,1,1,9,1,1,1,0,0,0,6,0,0,0,0,"B_2018",1,1,0,1,1,0,1,1,1,1,1,1,1,1,0,0,0,0,1,,7,0,0,5,FALSE,FALSE,FALSE,TRUE,16,FALSE,FALSE,FALSE,FALSE,FALSE,FALSE,FALSE,FALSE,20,FALSE,36,36,FALSE,52,FALSE,TRUE,FALSE,FALSE
101535,"A",2022,0,0,13,1,2,,13,7,1,0,5,5,38,42,,0,1,1,1,1,6,1,0,0,0,0,0,2,0,0,0,0,"A_2022",0,0,1,1,0,,0,1,1,1,1,1,0,0,0,0,0,0,2,,7,0,0,0,FALSE,FALSE,TRUE,TRUE,13,FALSE,FALSE,FALSE,FALSE,FALSE,FALSE,FALSE,FALSE,25,FALSE,38,29,FALSE,42,FALSE,FALSE,TRUE,FALSE
101536,"A",2020,0,1,11,1,2,8,13,8,1,0,11,8,40,42,0,0,1,1,1,1,8,1,1,1,0,0,0,4,0,0,0,0,"A_2020",0,1,1,1,0,0,0,1,1,1,1,1,1,1,0,0,0,0,2,8,8,0,0,2,FALSE,FALSE,FALSE,FALSE,13,FALSE,FALSE,FALSE,FALSE,FALSE,FALSE,FALSE,FALSE,27,FALSE,40,29,FALSE,42,FALSE,FALSE,TRUE,FALSE
101537,"A",2020,1,1,13,1,3,17,15,3,0,0,4,3,43,48,0,1,1,1,1,1,8,1,1,1,1,1,1,5,0,0,0,0,"A_2020",1,1,1,0,0,0,1,1,1,1,1,1,1,1,1,0,0,0,3,17,3,1,1,2,FALSE,FALSE,FALSE,FALSE,15,FALSE,FALSE,FALSE,FALSE,FALSE,FALSE,FALSE,FALSE,28,FALSE,43,33,FALSE,48,FALSE,TRUE,TRUE,FALSE
101538,"A",2020,1,1,12,1,2,19,14,4,0,0,2,2,51,46,0,1,1,1,1,1,8,1,1,1,0,0,0,4,0,0,0,0,"A_2020",1,1,1,0,0,0,1,1,1,1,1,1,1,1,0,0,0,0,2,19,4,0,0,2,FALSE,FALSE,FALSE,FALSE,14,FALSE,FALSE,FALSE,FALSE,FALSE,FALSE,FALSE,FALSE,37,FALSE,51,32,FALSE,46,FALSE,FALSE,TRUE,FALSE
101539,"B",2018,0,1,13,1,2,,17,6,1,1,5,,45,,,0,0,0,0,1,9,1,1,1,0,0,0,6,0,0,1,28,"B_2018",0,1,1,1,1,,0,0,0,0,1,1,1,1,0,0,0,1,2,,6,0,0,4,FALSE,FALSE,FALSE,FALSE,17,FALSE,FALSE,FALSE,FALSE,FALSE,FALSE,FALSE,FALSE,28,FALSE,45,,FALSE,,FALSE,TRUE,TRUE,FALSE
101540,"A",2020,0,0,14,1,2,19,16,2,0,0,6,,42,,,0,1,0,0,0,7,1,1,0,0,0,0,2,1,0,0,0,"A_2020",0,0,1,0,0,,0,1,0,0,0,1,1,0,0,1,0,0,2,19,2,0,0,2,FALSE,FALSE,FALSE,FALSE,16,FALSE,FALSE,FALSE,FALSE,FALSE,FALSE,FALSE,FALSE,26,FALSE,42,,FALSE,,FALSE,FALSE,FALSE,FALSE
101541,"A",2020,1,1,12,1,,6,15,4,0,0,5,5,52,42,0,0,1,1,1,1,7,1,1,0,1,1,1,4,0,0,0,0,"A_2020",1,1,1,0,0,0,0,1,1,1,1,1,1,0,1,0,0,0,,6,4,1,1,3,FALSE,FALSE,FALSE,FALSE,15,FALSE,FALSE,FALSE,FALSE,FALSE,FALSE,FALSE,FALSE,37,FALSE,52,27,FALSE,42,FALSE,FALSE,FALSE,FALSE
101542,"A",2020,1,1,12,1,2,1,14,8,1,0,5,5,32,33,0,0,1,1,1,1,8,1,1,1,0,0,0,4,0,0,0,0,"A_2020",1,1,1,1,0,0,0,1,1,1,1,1,1,1,0,0,0,0,2,1,8,0,0,2,FALSE,FALSE,FALSE,FALSE,14,FALSE,FALSE,FALSE,FALSE,FALSE,FALSE,FALSE,FALSE,18,FALSE,32,19,FALSE,33,FALSE,FALSE,TRUE,FALSE
101543,"A",2020,1,1,12,1,2,11,14,8,1,0,8,8,36,40,0,1,1,1,1,1,8,1,1,1,0,0,0,4,0,0,0,0,"A_2020",1,1,1,1,0,0,1,1,1,1,1,1,1,1,0,0,0,0,2,11,8,0,0,2,FALSE,FALSE,FALSE,FALSE,14,FALSE,FALSE,FALSE,FALSE,FALSE,FALSE,FALSE,FALSE,22,FALSE,36,26,FALSE,40,FALSE,FALSE,TRUE,FALSE
101544,"A",2020,1,1,11,1,1,8,15,3,1,0,5,,42,,,0,1,1,1,1,8,1,1,1,1,1,1,4,0,0,0,0,"A_2020",1,1,1,1,0,,0,1,1,1,1,1,1,1,1,0,0,0,1,8,3,1,1,4,FALSE,FALSE,FALSE,FALSE,15,FALSE,FALSE,FALSE,FALSE,FALSE,FALSE,FALSE,FALSE,27,FALSE,42,,FALSE,,FALSE,FALSE,FALSE,FALSE
101545,"A",2020,1,0,12,1,2,17,15,4,0,0,11,,31,,,1,1,1,1,1,8,1,1,1,0,0,0,4,0,0,0,0,"A_2020",1,0,1,0,0,,1,1,1,1,1,1,1,1,0,0,0,0,2,17,4,0,0,3,FALSE,FALSE,FALSE,FALSE,15,FALSE,FALSE,FALSE,FALSE,FALSE,FALSE,FALSE,FALSE,16,FALSE,31,,FALSE,,FALSE,FALSE,FALSE,FALSE
101546,"A",2020,1,0,13,1,2,,15,4,0,0,5,,31,,,1,1,1,1,1,8,1,1,1,0,0,0,4,0,0,0,0,"A_2020",1,0,1,0,0,,1,1,1,1,1,1,1,1,0,0,0,0,2,,4,0,0,2,FALSE,FALSE,FALSE,FALSE,15,FALSE,FALSE,FALSE,FALSE,FALSE,FALSE,FALSE,FALSE,16,FALSE,31,,FALSE,,FALSE,FALSE,TRUE,FALSE
101547,"A",2020,1,0,13,1,2,18,16,4,1,0,2,5,52,48,0,0,1,1,0,1,8,1,1,1,0,0,0,4,0,0,0,0,"A_2020",1,0,1,1,0,0,0,1,1,0,1,1,1,1,0,0,0,0,2,18,4,0,0,3,FALSE,FALSE,FALSE,FALSE,16,FALSE,FALSE,FALSE,FALSE,FALSE,FALSE,FALSE,FALSE,36,FALSE,52,32,FALSE,48,FALSE,FALSE,FALSE,FALSE
101548,"A",2020,1,0,13,1,2,,16,8,1,0,1,5,43,44,0,0,1,1,1,1,7,1,1,0,0,1,1,4,0,0,0,0,"A_2020",1,0,1,1,0,0,0,1,1,1,1,1,1,0,1,0,0,0,2,,8,0,1,3,FALSE,FALSE,FALSE,FALSE,16,FALSE,FALSE,FALSE,FALSE,FALSE,FALSE,FALSE,FALSE,27,FALSE,43,28,FALSE,44,FALSE,FALSE,FALSE,FALSE
101549,"A",2022,0,0,14,1,,,15,12,1,0,0,5,42,43,0,0,1,1,1,1,6,1,0,0,0,0,0,2,0,0,0,0,"A_2022",0,0,1,1,0,0,0,1,1,1,1,1,0,0,0,0,0,0,,,12,0,0,1,FALSE,FALSE,FALSE,TRUE,15,FALSE,FALSE,FALSE,FALSE,FALSE,FALSE,FALSE,FALSE,27,FALSE,42,28,FALSE,43,FALSE,FALSE,FALSE,FALSE
101550,"A",2020,0,1,,1,1,19,17,3,0,0,5,,56,,,0,1,0,0,0,6,1,0,0,0,0,0,1,0,0,1,40,"A_2020",0,1,1,0,0,,0,1,0,0,0,1,0,0,0,0,0,1,1,19,3,0,0,,TRUE,FALSE,FALSE,FALSE,17,FALSE,FALSE,FALSE,FALSE,FALSE,FALSE,FALSE,FALSE,39,FALSE,56,,FALSE,,FALSE,FALSE,FALSE,FALSE
101551,"B",2018,1,0,11,1,,,16,7,1,1,5,,43,40,0,0,1,1,1,1,9,1,1,1,0,0,0,6,0,0,0,0,"B_2018",1,0,1,1,1,0,0,1,1,1,1,1,1,1,0,0,0,0,,,7,0,0,5,FALSE,FALSE,FALSE,TRUE,16,FALSE,FALSE,FALSE,FALSE,FALSE,FALSE,FALSE,FALSE,27,FALSE,43,24,FALSE,40,FALSE,TRUE,FALSE,FALSE
101552,"A",2020,0,0,11,1,1,5,13,5,0,0,,,42,41,0,0,1,1,1,1,8,1,1,1,0,0,0,4,0,0,0,0,"A_2020",0,0,1,0,0,0,0,1,1,1,1,1,1,1,0,0,0,0,1,5,5,0,0,2,FALSE,FALSE,FALSE,FALSE,13,FALSE,FALSE,FALSE,FALSE,FALSE,FALSE,FALSE,FALSE,29,FALSE,42,28,FALSE,41,FALSE,FALSE,TRUE,FALSE
101553,"A",2022,1,0,13,1,3,,14,7,1,0,2,,33,,,1,1,1,1,1,6,1,0,0,0,0,0,2,0,0,0,0,"A_2022",1,0,1,1,0,,1,1,1,1,1,1,0,0,0,0,0,0,3,,7,0,0,1,FALSE,FALSE,FALSE,TRUE,14,FALSE,FALSE,FALSE,FALSE,FALSE,FALSE,FALSE,FALSE,19,FALSE,33,,FALSE,,FALSE,FALSE,FALSE,FALSE
101554,"A",2020,1,1,12,1,2,6,15,1,1,0,11,,40,,,1,1,1,1,1,9,1,1,1,1,1,1,5,0,0,0,0,"A_2020",1,1,1,1,0,,1,1,1,1,1,1,1,1,1,0,0,0,2,6,1,1,1,3,FALSE,FALSE,FALSE,FALSE,15,FALSE,FALSE,FALSE,FALSE,FALSE,FALSE,FALSE,FALSE,25,FALSE,40,,FALSE,,FALSE,TRUE,TRUE,FALSE
101555,"B",2018,0,0,12,0,3,,17,6,1,1,2,2,49,53,0,1,1,1,1,1,9,1,1,1,0,0,0,6,0,0,0,0,"B_2018",0,0,0,1,1,0,1,1,1,1,1,1,1,1,0,0,0,0,3,,6,0,0,5,FALSE,FALSE,FALSE,TRUE,17,FALSE,FALSE,FALSE,FALSE,FALSE,FALSE,FALSE,FALSE,32,FALSE,49,36,FALSE,53,FALSE,TRUE,FALSE,FALSE
101556,"A",2020,0,0,14,1,1,18,16,8,1,0,,3,,50,0,0,0,0,0,1,8,1,1,1,0,0,0,4,0,0,0,0,"A_2020",0,0,1,1,0,0,0,0,0,0,1,1,1,1,0,0,0,0,1,18,8,0,0,2,FALSE,FALSE,FALSE,FALSE,16,FALSE,FALSE,FALSE,FALSE,FALSE,FALSE,FALSE,FALSE,,FALSE,,34,FALSE,50,FALSE,FALSE,TRUE,FALSE
101557,"A",2022,0,0,11,1,3,,11,7,1,0,5,8,38,38,0,0,1,1,1,1,6,1,0,0,0,0,0,2,0,0,0,0,"A_2022",0,0,1,1,0,0,0,1,1,1,1,1,0,0,0,0,0,0,3,,7,0,0,0,FALSE,FALSE,TRUE,TRUE,11,FALSE,FALSE,FALSE,FALSE,FALSE,FALSE,FALSE,FALSE,27,FALSE,38,27,FALSE,38,FALSE,FALSE,TRUE,FALSE
101558,"A",2020,1,1,12,1,3,17,15,9,1,0,1,3,46,44,0,1,1,1,1,1,8,1,1,1,0,0,0,4,0,0,0,0,"A_2020",1,1,1,1,0,0,1,1,1,1,1,1,1,1,0,0,0,0,3,17,9,0,0,3,FALSE,FALSE,FALSE,FALSE,15,FALSE,FALSE,FALSE,FALSE,FALSE,FALSE,FALSE,FALSE,31,FALSE,46,29,FALSE,44,FALSE,FALSE,FALSE,FALSE
101559,"B",2018,1,1,14,0,2,,18,7,1,1,5,5,34,40,0,0,0,0,0,0,7,1,1,0,0,0,0,2,0,0,1,40,"B_2018",1,1,0,1,1,0,0,0,0,0,0,1,1,0,0,0,0,1,2,,7,0,0,4,FALSE,FALSE,FALSE,FALSE,18,FALSE,FALSE,FALSE,FALSE,FALSE,FALSE,FALSE,FALSE,16,FALSE,34,22,FALSE,40,FALSE,FALSE,FALSE,FALSE
101560,"A",2020,1,0,13,1,2,11,15,3,0,1,,,35,43,0,1,1,1,1,1,8,1,1,1,0,0,0,4,0,0,0,0,"A_2020",1,0,1,0,1,0,1,1,1,1,1,1,1,1,0,0,0,0,2,11,3,0,0,2,FALSE,FALSE,FALSE,FALSE,15,FALSE,FALSE,FALSE,FALSE,FALSE,FALSE,FALSE,FALSE,20,FALSE,35,28,FALSE,43,FALSE,FALSE,TRUE,FALSE
101561,"A",2020,0,1,,1,2,,14,8,1,0,6,6,41,42,0,0,1,1,1,1,8,1,1,1,0,0,0,4,0,0,0,0,"A_2020",0,1,1,1,0,0,0,1,1,1,1,1,1,1,0,0,0,0,2,,8,0,0,,TRUE,FALSE,FALSE,FALSE,14,FALSE,FALSE,FALSE,FALSE,FALSE,FALSE,FALSE,FALSE,27,FALSE,41,28,FALSE,42,FALSE,FALSE,FALSE,FALSE
101562,"A",2020,0,1,12,1,,19,14,3,0,0,,,,,,0,1,1,1,1,8,1,1,1,0,0,0,4,0,0,0,0,"A_2020",0,1,1,0,0,,0,1,1,1,1,1,1,1,0,0,0,0,,19,3,0,0,2,FALSE,FALSE,FALSE,FALSE,14,FALSE,FALSE,FALSE,FALSE,FALSE,FALSE,FALSE,FALSE,,FALSE,,,FALSE,,FALSE,FALSE,TRUE,FALSE
101563,"A",2020,1,0,13,1,3,19,15,5,0,0,5,5,42,40,0,0,1,1,1,1,8,1,1,1,0,0,0,4,0,0,0,0,"A_2020",1,0,1,0,0,0,0,1,1,1,1,1,1,1,0,0,0,0,3,19,5,0,0,2,FALSE,FALSE,FALSE,FALSE,15,FALSE,FALSE,FALSE,FALSE,FALSE,FALSE,FALSE,FALSE,27,FALSE,42,25,FALSE,40,FALSE,FALSE,TRUE,FALSE
101564,"A",2020,1,1,13,1,2,,16,4,0,0,6,6,44,59,1,1,1,1,1,1,8,1,1,1,0,0,0,4,0,0,1,16,"A_2020",1,1,1,0,0,1,1,1,1,1,1,1,1,1,0,0,0,1,2,,4,0,0,3,FALSE,FALSE,FALSE,FALSE,16,FALSE,FALSE,FALSE,FALSE,FALSE,FALSE,FALSE,FALSE,28,FALSE,44,43,FALSE,59,FALSE,FALSE,FALSE,FALSE
101565,"B",2018,1,0,11,0,,,15,5,1,0,3,3,30,37,0,1,1,1,1,1,9,1,1,1,0,0,0,6,0,0,0,0,"B_2018",1,0,0,1,0,0,1,1,1,1,1,1,1,1,0,0,0,0,,,5,0,0,4,FALSE,FALSE,FALSE,FALSE,15,FALSE,FALSE,FALSE,FALSE,FALSE,FALSE,FALSE,FALSE,15,FALSE,30,22,FALSE,37,FALSE,TRUE,TRUE,FALSE
101566,"A",2020,1,1,15,1,,19,17,3,0,0,5,3,33,39,0,0,1,1,1,1,8,1,1,1,0,0,0,4,0,0,1,40,"A_2020",1,1,1,0,0,0,0,1,1,1,1,1,1,1,0,0,0,1,,19,3,0,0,2,FALSE,FALSE,FALSE,FALSE,17,FALSE,FALSE,FALSE,FALSE,FALSE,FALSE,FALSE,FALSE,16,FALSE,33,22,FALSE,39,FALSE,FALSE,TRUE,FALSE
101567,"A",2022,1,1,11,1,2,,12,7,1,0,11,,37,,,0,0,0,0,1,6,1,0,0,0,0,0,2,0,0,0,0,"A_2022",1,1,1,1,0,,0,0,0,0,1,1,0,0,0,0,0,0,2,,7,0,0,1,FALSE,FALSE,FALSE,TRUE,12,FALSE,FALSE,FALSE,FALSE,FALSE,FALSE,FALSE,FALSE,25,FALSE,37,,FALSE,,FALSE,FALSE,FALSE,FALSE
101568,"A",2020,0,1,11,1,,,14,3,0,0,5,,46,,,1,1,1,1,1,8,1,1,1,0,0,0,4,0,0,0,0,"A_2020",0,1,1,0,0,,1,1,1,1,1,1,1,1,0,0,0,0,,,3,0,0,3,FALSE,FALSE,FALSE,FALSE,14,FALSE,FALSE,FALSE,FALSE,FALSE,FALSE,FALSE,FALSE,32,FALSE,46,,FALSE,,FALSE,FALSE,FALSE,FALSE
101569,"A",2020,1,1,12,1,3,18,14,3,0,0,11,11,38,48,0,1,1,1,1,1,8,1,1,1,0,0,0,3,0,0,0,0,"A_2020",1,1,1,0,0,0,1,1,1,1,1,1,1,1,0,0,0,0,3,18,3,0,0,2,FALSE,FALSE,FALSE,FALSE,14,FALSE,FALSE,FALSE,FALSE,FALSE,FALSE,FALSE,FALSE,24,FALSE,38,34,FALSE,48,FALSE,FALSE,FALSE,FALSE
101570,"A",2020,0,1,15,1,,,17,4,0,0,8,10,41,53,0,0,1,0,0,0,5,0,0,0,1,1,1,2,0,0,1,40,"A_2020",0,1,1,0,0,0,0,1,0,0,0,0,0,0,1,0,0,1,,,4,1,1,2,FALSE,FALSE,FALSE,FALSE,17,FALSE,FALSE,FALSE,FALSE,FALSE,FALSE,FALSE,FALSE,24,FALSE,41,36,FALSE,53,FALSE,FALSE,FALSE,FALSE
101571,"A",2020,1,0,14,1,,,17,4,0,0,2,3,42,54,0,1,1,1,1,1,8,1,1,1,0,0,0,4,0,0,0,0,"A_2020",1,0,1,0,0,0,1,1,1,1,1,1,1,1,0,0,0,0,,,4,0,0,3,FALSE,FALSE,FALSE,FALSE,17,FALSE,FALSE,FALSE,FALSE,FALSE,FALSE,FALSE,FALSE,25,FALSE,42,37,FALSE,54,FALSE,FALSE,FALSE,FALSE
101572,"A",2020,1,0,12,1,2,,14,3,0,0,9,9,42,39,1,1,1,1,1,1,8,1,1,1,0,0,0,4,0,0,0,0,"A_2020",1,0,1,0,0,1,1,1,1,1,1,1,1,1,0,0,0,0,2,,3,0,0,2,FALSE,FALSE,FALSE,FALSE,14,FALSE,FALSE,FALSE,FALSE,FALSE,FALSE,FALSE,FALSE,28,FALSE,42,25,FALSE,39,FALSE,FALSE,TRUE,FALSE
101573,"A",2020,0,0,14,1,2,19,17,5,0,0,7,,44,,,0,1,0,0,0,5,0,0,0,0,0,0,1,0,0,0,0,"A_2020",0,0,1,0,0,,0,1,0,0,0,0,0,0,0,0,0,0,2,19,5,0,0,3,FALSE,FALSE,FALSE,FALSE,17,FALSE,FALSE,FALSE,FALSE,FALSE,FALSE,FALSE,FALSE,27,FALSE,44,,FALSE,,FALSE,FALSE,FALSE,FALSE
101574,"B",2018,1,0,13,0,1,,18,7,1,1,,,,,,0,1,0,0,1,8,1,1,1,1,1,1,6,0,0,0,0,"B_2018",1,0,0,1,1,,0,1,0,0,1,1,1,1,1,0,0,0,1,,7,1,1,5,FALSE,FALSE,FALSE,TRUE,18,FALSE,FALSE,FALSE,FALSE,FALSE,FALSE,FALSE,FALSE,,FALSE,,,FALSE,,FALSE,TRUE,FALSE,FALSE
101575,"A",2022,0,1,11,1,2,,12,12,1,0,7,7,30,36,0,0,1,0,1,1,5,0,0,0,1,1,1,2,0,0,0,0,"A_2022",0,1,1,1,0,0,0,1,0,1,1,0,0,0,1,0,0,0,2,,12,1,1,1,FALSE,FALSE,FALSE,TRUE,12,FALSE,FALSE,FALSE,FALSE,FALSE,FALSE,FALSE,FALSE,18,FALSE,30,24,FALSE,36,FALSE,FALSE,FALSE,FALSE
101576,"A",2022,0,1,11,1,3,,12,7,1,0,5,5,34,39,0,0,1,1,1,1,6,1,0,0,0,0,0,3,0,0,0,0,"A_2022",0,1,1,1,0,0,0,1,1,1,1,1,0,0,0,0,0,0,3,,7,0,0,1,FALSE,FALSE,FALSE,TRUE,12,FALSE,FALSE,FALSE,FALSE,FALSE,FALSE,FALSE,FALSE,22,FALSE,34,27,FALSE,39,FALSE,FALSE,TRUE,FALSE
101577,"A",2020,0,1,11,1,3,15,14,3,0,0,,,35,,,0,1,0,0,1,8,1,1,1,0,0,0,4,0,0,0,0,"A_2020",0,1,1,0,0,,0,1,0,0,1,1,1,1,0,0,0,0,3,15,3,0,0,3,FALSE,FALSE,FALSE,FALSE,14,FALSE,FALSE,FALSE,FALSE,FALSE,FALSE,FALSE,FALSE,21,FALSE,35,,FALSE,,FALSE,FALSE,FALSE,FALSE
101578,"A",2020,0,1,14,1,3,19,17,4,0,0,5,,43,,,0,1,1,1,1,8,1,1,1,0,0,0,4,0,0,0,0,"A_2020",0,1,1,0,0,,0,1,1,1,1,1,1,1,0,0,0,0,3,19,4,0,0,3,FALSE,FALSE,FALSE,FALSE,17,FALSE,FALSE,FALSE,FALSE,FALSE,FALSE,FALSE,FALSE,26,FALSE,43,,FALSE,,FALSE,FALSE,FALSE,FALSE
101579,"A",2020,0,0,12,1,2,10,14,3,0,1,8,2,44,54,0,0,1,1,1,1,8,1,1,1,0,0,0,4,0,0,1,4,"A_2020",0,0,1,0,1,0,0,1,1,1,1,1,1,1,0,0,0,1,2,10,3,0,0,2,FALSE,FALSE,FALSE,FALSE,14,FALSE,FALSE,FALSE,FALSE,FALSE,FALSE,FALSE,FALSE,30,FALSE,44,40,FALSE,54,FALSE,FALSE,TRUE,FALSE
101580,"A",2022,0,0,11,1,3,,12,7,1,0,8,11,35,38,,0,1,1,1,1,6,1,0,0,0,0,0,2,0,0,0,0,"A_2022",0,0,1,1,0,,0,1,1,1,1,1,0,0,0,0,0,0,3,,7,0,0,1,FALSE,FALSE,FALSE,TRUE,12,FALSE,FALSE,FALSE,FALSE,FALSE,FALSE,FALSE,FALSE,23,FALSE,35,26,FALSE,38,FALSE,FALSE,FALSE,FALSE
101581,"A",2020,1,0,13,1,2,19,16,3,0,0,5,5,53,58,1,1,1,1,1,1,8,1,1,1,0,0,0,4,0,0,0,0,"A_2020",1,0,1,0,0,1,1,1,1,1,1,1,1,1,0,0,0,0,2,19,3,0,0,3,FALSE,FALSE,FALSE,FALSE,16,FALSE,FALSE,FALSE,FALSE,FALSE,FALSE,FALSE,FALSE,37,FALSE,53,42,FALSE,58,FALSE,FALSE,FALSE,FALSE
101582,"A",2022,0,1,12,1,,,13,7,1,0,2,,40,,,0,0,0,0,1,6,1,0,0,0,0,0,2,0,0,0,0,"A_2022",0,1,1,1,0,,0,0,0,0,1,1,0,0,0,0,0,0,,,7,0,0,1,FALSE,FALSE,FALSE,TRUE,13,FALSE,FALSE,FALSE,FALSE,FALSE,FALSE,FALSE,FALSE,27,FALSE,40,,FALSE,,FALSE,FALSE,FALSE,FALSE
101583,"A",2020,0,0,13,1,,11,15,9,1,1,4,5,37,38,0,0,1,0,0,1,7,1,1,0,1,1,1,4,0,0,0,0,"A_2020",0,0,1,1,1,0,0,1,0,0,1,1,1,0,1,0,0,0,,11,9,1,1,2,FALSE,FALSE,FALSE,FALSE,15,FALSE,FALSE,FALSE,FALSE,FALSE,FALSE,FALSE,FALSE,22,FALSE,37,23,FALSE,38,FALSE,FALSE,TRUE,FALSE
101584,"A",2020,1,1,13,1,1,19,16,3,0,0,,,36,,,0,1,0,0,1,5,0,0,0,0,0,0,2,0,0,1,40,"A_2020",1,1,1,0,0,,0,1,0,0,1,0,0,0,0,0,0,1,1,19,3,0,0,3,FALSE,FALSE,FALSE,FALSE,16,FALSE,FALSE,FALSE,FALSE,FALSE,FALSE,FALSE,FALSE,20,FALSE,36,,FALSE,,FALSE,FALSE,FALSE,FALSE
101585,"A",2020,0,0,,1,1,19,14,3,0,0,5,5,46,47,0,0,1,1,0,1,8,1,1,1,0,0,0,4,0,0,0,0,"A_2020",0,0,1,0,0,0,0,1,1,0,1,1,1,1,0,0,0,0,1,19,3,0,0,,TRUE,FALSE,FALSE,FALSE,14,FALSE,FALSE,FALSE,FALSE,FALSE,FALSE,FALSE,FALSE,32,FALSE,46,33,FALSE,47,FALSE,FALSE,FALSE,FALSE
101586,"A",2020,1,0,11,1,1,,14,3,0,0,5,5,36,36,0,0,1,0,0,1,7,1,1,0,1,1,1,4,0,0,0,0,"A_2020",1,0,1,0,0,0,0,1,0,0,1,1,1,0,1,0,0,0,1,,3,1,1,3,FALSE,FALSE,FALSE,FALSE,14,FALSE,FALSE,FALSE,FALSE,FALSE,FALSE,FALSE,FALSE,22,FALSE,36,22,FALSE,36,FALSE,FALSE,FALSE,FALSE
101587,"A",2020,0,1,14,1,2,,17,8,1,0,5,2,42,45,1,1,1,1,1,1,8,1,1,1,0,0,0,4,0,0,1,40,"A_2020",0,1,1,1,0,1,1,1,1,1,1,1,1,1,0,0,0,1,2,,8,0,0,3,FALSE,FALSE,FALSE,FALSE,17,FALSE,FALSE,FALSE,FALSE,FALSE,FALSE,FALSE,FALSE,25,FALSE,42,28,FALSE,45,FALSE,FALSE,FALSE,FALSE
101588,"A",2020,0,1,12,1,1,19,15,6,0,0,4,6,33,42,,0,0,0,0,0,5,0,0,0,0,0,0,1,0,0,1,40,"A_2020",0,1,1,0,0,,0,0,0,0,0,0,0,0,0,0,0,1,1,19,6,0,0,3,FALSE,FALSE,FALSE,FALSE,15,FALSE,FALSE,FALSE,FALSE,FALSE,FALSE,FALSE,FALSE,18,FALSE,33,27,FALSE,42,FALSE,FALSE,FALSE,FALSE
101589,"A",2020,1,1,,1,3,,15,7,1,0,4,,37,41,,0,0,1,1,1,7,1,1,0,1,1,2,5,0,0,1,20,"A_2020",1,1,1,1,0,,0,0,1,1,1,1,1,0,1,0,0,1,3,,7,1,2,,TRUE,FALSE,FALSE,FALSE,15,FALSE,FALSE,FALSE,FALSE,FALSE,FALSE,FALSE,FALSE,22,FALSE,37,26,FALSE,41,FALSE,TRUE,FALSE,FALSE
101590,"A",2020,1,0,12,1,2,4,14,6,0,0,9,2,45,45,0,1,1,1,1,1,8,1,1,1,0,0,0,4,0,0,0,0,"A_2020",1,0,1,0,0,0,1,1,1,1,1,1,1,1,0,0,0,0,2,4,6,0,0,2,FALSE,FALSE,FALSE,FALSE,14,FALSE,FALSE,FALSE,FALSE,FALSE,FALSE,FALSE,FALSE,31,FALSE,45,31,FALSE,45,FALSE,FALSE,TRUE,FALSE
101591,"A",2020,0,1,14,1,3,10,16,3,0,0,9,9,39,41,0,0,1,1,1,1,10,0,0,0,0,0,0,4,0,0,0,0,"A_2020",0,1,1,0,0,0,0,1,1,1,1,0,0,0,0,0,0,0,3,10,3,0,0,2,FALSE,FALSE,FALSE,FALSE,16,TRUE,FALSE,TRUE,TRUE,TRUE,TRUE,FALSE,FALSE,23,FALSE,39,25,FALSE,41,FALSE,FALSE,TRUE,TRUE
101592,"A",2020,0,0,13,1,1,,15,3,0,0,7,,37,,,0,1,0,0,1,6,1,0,0,0,0,0,4,0,0,0,0,"A_2020",0,0,1,0,0,,0,1,0,0,1,1,0,0,0,0,0,0,1,,3,0,0,2,FALSE,FALSE,FALSE,FALSE,15,FALSE,FALSE,FALSE,FALSE,FALSE,FALSE,FALSE,FALSE,22,FALSE,37,,FALSE,,FALSE,FALSE,TRUE,FALSE
101593,"A",2020,1,0,12,1,3,18,15,8,1,0,3,3,45,50,0,0,1,0,0,0,6,1,0,0,1,1,1,3,0,0,1,8,"A_2020",1,0,1,1,0,0,0,1,0,0,0,1,0,0,1,0,0,1,3,18,8,1,1,3,FALSE,FALSE,FALSE,FALSE,15,FALSE,FALSE,FALSE,FALSE,FALSE,FALSE,FALSE,FALSE,30,FALSE,45,35,FALSE,50,FALSE,FALSE,FALSE,FALSE
101594,"A",2020,0,1,14,1,3,6,16,3,0,0,7,5,39,45,0,0,1,1,1,1,8,1,1,1,0,0,0,4,0,0,0,0,"A_2020",0,1,1,0,0,0,0,1,1,1,1,1,1,1,0,0,0,0,3,6,3,0,0,2,FALSE,FALSE,FALSE,FALSE,16,FALSE,FALSE,FALSE,FALSE,FALSE,FALSE,FALSE,FALSE,23,FALSE,39,29,FALSE,45,FALSE,FALSE,TRUE,FALSE
101595,"A",2020,1,1,13,1,2,7,15,3,0,0,11,8,35,42,0,1,1,1,1,1,8,1,1,1,0,0,0,4,0,0,0,0,"A_2020",1,1,1,0,0,0,1,1,1,1,1,1,1,1,0,0,0,0,2,7,3,0,0,2,FALSE,FALSE,FALSE,FALSE,15,FALSE,FALSE,FALSE,FALSE,FALSE,FALSE,FALSE,FALSE,20,FALSE,35,27,FALSE,42,FALSE,FALSE,TRUE,FALSE
101596,"A",2020,1,0,11,1,1,17,13,5,0,0,8,5,34,36,0,1,1,1,1,1,8,1,1,1,0,0,0,4,0,0,1,8,"A_2020",1,0,1,0,0,0,1,1,1,1,1,1,1,1,0,0,0,1,1,17,5,0,0,2,FALSE,FALSE,FALSE,FALSE,13,FALSE,FALSE,FALSE,FALSE,FALSE,FALSE,FALSE,FALSE,21,FALSE,34,23,FALSE,36,FALSE,FALSE,TRUE,FALSE
101597,"A",2020,0,0,14,1,3,,17,4,0,0,11,11,59,58,0,1,1,1,1,1,9,1,1,1,0,0,0,4,0,0,0,0,"A_2020",0,0,1,0,0,0,1,1,1,1,1,1,1,1,0,0,0,0,3,,4,0,0,3,FALSE,FALSE,FALSE,FALSE,17,FALSE,FALSE,FALSE,FALSE,FALSE,FALSE,FALSE,FALSE,42,FALSE,59,41,FALSE,58,FALSE,FALSE,FALSE,FALSE
101598,"A",2020,1,0,12,1,2,,14,3,0,0,8,,39,,,1,1,1,1,1,8,1,1,1,0,0,0,4,0,0,0,0,"A_2020",1,0,1,0,0,,1,1,1,1,1,1,1,1,0,0,0,0,2,,3,0,0,2,FALSE,FALSE,FALSE,FALSE,14,FALSE,FALSE,FALSE,FALSE,FALSE,FALSE,FALSE,FALSE,25,FALSE,39,,FALSE,,FALSE,FALSE,TRUE,FALSE
101599,"A",2020,1,1,13,1,2,10,15,3,0,0,10,8,35,37,0,1,1,1,1,1,8,1,1,1,0,0,0,4,0,0,0,0,"A_2020",1,1,1,0,0,0,1,1,1,1,1,1,1,1,0,0,0,0,2,10,3,0,0,2,FALSE,FALSE,FALSE,FALSE,15,FALSE,FALSE,FALSE,FALSE,FALSE,FALSE,FALSE,FALSE,20,FALSE,35,22,FALSE,37,FALSE,FALSE,TRUE,FALSE
101600,"A",2020,0,0,13,1,3,19,15,3,0,0,5,,39,,,0,0,0,0,1,8,1,1,1,0,0,0,4,0,0,0,0,"A_2020",0,0,1,0,0,,0,0,0,0,1,1,1,1,0,0,0,0,3,19,3,0,0,2,FALSE,FALSE,FALSE,FALSE,15,FALSE,FALSE,FALSE,FALSE,FALSE,FALSE,FALSE,FALSE,24,FALSE,39,,FALSE,,FALSE,FALSE,TRUE,FALSE
101601,"A",2020,0,0,11,1,2,4,13,3,0,0,9,7,38,42,1,0,1,1,0,1,8,1,1,1,0,0,0,4,0,0,0,0,"A_2020",0,0,1,0,0,1,0,1,1,0,1,1,1,1,0,0,0,0,2,4,3,0,0,2,FALSE,FALSE,FALSE,FALSE,13,FALSE,FALSE,FALSE,FALSE,FALSE,FALSE,FALSE,FALSE,25,FALSE,38,29,FALSE,42,FALSE,FALSE,TRUE,FALSE
101602,"A",2020,0,0,14,1,2,17,17,2,0,0,4,1,33,37,0,0,1,1,1,1,8,1,1,1,0,0,0,4,0,0,0,0,"A_2020",0,0,1,0,0,0,0,1,1,1,1,1,1,1,0,0,0,0,2,17,2,0,0,3,FALSE,FALSE,FALSE,FALSE,17,FALSE,FALSE,FALSE,FALSE,FALSE,FALSE,FALSE,FALSE,16,FALSE,33,20,FALSE,37,FALSE,FALSE,FALSE,FALSE
101603,"A",2020,1,1,12,1,1,19,14,3,0,0,8,6,35,34,0,0,1,1,1,1,7,1,1,0,1,1,1,4,0,0,0,0,"A_2020",1,1,1,0,0,0,0,1,1,1,1,1,1,0,1,0,0,0,1,19,3,1,1,2,FALSE,FALSE,FALSE,FALSE,14,FALSE,FALSE,FALSE,FALSE,FALSE,FALSE,FALSE,FALSE,21,FALSE,35,20,FALSE,34,FALSE,FALSE,TRUE,FALSE
101604,"A",2020,1,0,10,1,1,,13,4,0,0,11,,42,,,1,1,1,1,1,8,1,1,1,0,0,0,4,0,0,0,0,"A_2020",1,0,1,0,0,,1,1,1,1,1,1,1,1,0,0,0,0,1,,4,0,0,3,FALSE,FALSE,FALSE,FALSE,13,FALSE,FALSE,FALSE,FALSE,FALSE,FALSE,FALSE,FALSE,29,FALSE,42,,FALSE,,FALSE,FALSE,FALSE,FALSE
101605,"A",2020,1,1,14,1,3,,16,3,0,0,5,,50,80,0,1,1,1,1,1,8,1,1,1,0,0,0,4,0,0,0,0,"A_2020",1,1,1,0,0,0,1,1,1,1,1,1,1,1,0,0,0,0,3,,3,0,0,2,FALSE,FALSE,FALSE,FALSE,16,FALSE,FALSE,FALSE,FALSE,FALSE,FALSE,FALSE,FALSE,34,FALSE,50,64,TRUE,80,FALSE,FALSE,TRUE,FALSE
101606,"A",2020,0,0,12,1,2,18,14,6,0,0,9,3,97,38,0,0,1,1,1,1,8,1,1,1,0,0,0,4,0,0,0,0,"A_2020",0,0,1,0,0,0,0,1,1,1,1,1,1,1,0,0,0,0,2,18,6,0,0,2,FALSE,FALSE,FALSE,FALSE,14,FALSE,FALSE,FALSE,FALSE,FALSE,FALSE,FALSE,FALSE,83,TRUE,97,24,FALSE,38,FALSE,FALSE,TRUE,FALSE
101607,"A",2020,1,0,11,1,2,5,14,6,0,0,4,9,33,38,0,0,1,1,1,1,6,1,0,0,0,0,0,3,0,0,0,0,"A_2020",1,0,1,0,0,0,0,1,1,1,1,1,0,0,0,0,0,0,2,5,6,0,0,3,FALSE,FALSE,FALSE,FALSE,14,FALSE,FALSE,FALSE,FALSE,FALSE,FALSE,FALSE,FALSE,19,FALSE,33,24,FALSE,38,FALSE,FALSE,FALSE,FALSE
101608,"A",2020,1,1,14,1,,,16,4,0,0,,,38,,,0,1,0,0,1,5,0,0,0,0,0,0,2,0,0,1,40,"A_2020",1,1,1,0,0,,0,1,0,0,1,0,0,0,0,0,0,1,,,4,0,0,2,FALSE,FALSE,FALSE,FALSE,16,FALSE,FALSE,FALSE,FALSE,FALSE,FALSE,FALSE,FALSE,22,FALSE,38,,FALSE,,FALSE,FALSE,FALSE,FALSE
101609,"A",2020,0,1,12,1,2,4,14,3,0,0,,,40,,,0,1,0,0,0,6,1,0,0,0,0,0,1,0,0,0,0,"A_2020",0,1,1,0,0,,0,1,0,0,0,1,0,0,0,0,0,0,2,4,3,0,0,2,FALSE,FALSE,FALSE,FALSE,14,FALSE,FALSE,FALSE,FALSE,FALSE,FALSE,FALSE,FALSE,26,FALSE,40,,FALSE,,FALSE,FALSE,FALSE,FALSE
101610,"A",2020,1,0,11,1,1,,14,8,1,0,5,2,35,46,0,0,1,1,0,1,8,1,1,1,0,0,0,4,0,0,0,0,"A_2020",1,0,1,1,0,0,0,1,1,0,1,1,1,1,0,0,0,0,1,,8,0,0,3,FALSE,FALSE,FALSE,FALSE,14,FALSE,FALSE,FALSE,FALSE,FALSE,FALSE,FALSE,FALSE,21,FALSE,35,32,FALSE,46,FALSE,FALSE,FALSE,FALSE
101611,"A",2020,1,0,11,1,2,4,14,3,0,0,3,2,52,59,0,1,1,1,1,1,8,1,1,1,0,0,0,4,0,0,0,0,"A_2020",1,0,1,0,0,0,1,1,1,1,1,1,1,1,0,0,0,0,2,4,3,0,0,3,FALSE,FALSE,FALSE,FALSE,14,FALSE,FALSE,FALSE,FALSE,FALSE,FALSE,FALSE,FALSE,38,FALSE,52,45,FALSE,59,FALSE,FALSE,FALSE,FALSE
101612,"A",2020,1,0,12,1,2,4,14,3,0,0,7,6,34,34,0,1,1,1,1,1,8,1,1,1,0,0,0,4,0,0,0,0,"A_2020",1,0,1,0,0,0,1,1,1,1,1,1,1,1,0,0,0,0,2,4,3,0,0,2,FALSE,FALSE,FALSE,FALSE,14,FALSE,FALSE,FALSE,FALSE,FALSE,FALSE,FALSE,FALSE,20,FALSE,34,20,FALSE,34,FALSE,FALSE,TRUE,FALSE
101613,"A",2020,1,0,10,1,2,4,12,3,0,0,3,11,38,38,0,1,1,1,1,1,8,1,1,1,0,0,0,4,0,0,0,0,"A_2020",1,0,1,0,0,0,1,1,1,1,1,1,1,1,0,0,0,0,2,4,3,0,0,2,FALSE,FALSE,FALSE,FALSE,12,FALSE,FALSE,FALSE,FALSE,FALSE,FALSE,FALSE,FALSE,26,FALSE,38,26,FALSE,38,FALSE,FALSE,TRUE,FALSE
101614,"A",2020,0,1,14,1,2,7,16,3,0,0,8,2,39,43,0,0,0,0,1,1,7,1,1,0,0,0,0,4,0,0,0,0,"A_2020",0,1,1,0,0,0,0,0,0,1,1,1,1,0,0,0,0,0,2,7,3,0,0,2,FALSE,FALSE,FALSE,FALSE,16,FALSE,FALSE,FALSE,FALSE,FALSE,FALSE,FALSE,FALSE,23,FALSE,39,27,FALSE,43,FALSE,FALSE,TRUE,FALSE
101615,"A",2020,1,0,12,1,2,7,14,7,1,0,7,8,41,40,0,1,1,1,1,1,8,1,1,1,0,0,0,4,0,0,0,0,"A_2020",1,0,1,1,0,0,1,1,1,1,1,1,1,1,0,0,0,0,2,7,7,0,0,2,FALSE,FALSE,FALSE,FALSE,14,FALSE,FALSE,FALSE,FALSE,FALSE,FALSE,FALSE,FALSE,27,FALSE,41,26,FALSE,40,FALSE,FALSE,TRUE,FALSE
101616,"A",2020,1,0,12,1,1,,14,5,0,0,1,0,55,55,0,0,1,1,0,1,7,1,1,0,0,0,0,4,0,0,0,0,"A_2020",1,0,1,0,0,0,0,1,1,0,1,1,1,0,0,0,0,0,1,,5,0,0,2,FALSE,FALSE,FALSE,FALSE,14,FALSE,FALSE,FALSE,FALSE,FALSE,FALSE,FALSE,FALSE,41,FALSE,55,41,FALSE,55,FALSE,FALSE,TRUE,FALSE
101617,"A",2020,1,0,12,1,,,15,3,1,0,5,5,50,53,,1,1,1,1,1,9,1,1,1,0,0,0,4,0,0,0,0,"A_2020",1,0,1,1,0,,1,1,1,1,1,1,1,1,0,0,0,0,,,3,0,0,3,FALSE,FALSE,FALSE,FALSE,15,FALSE,FALSE,FALSE,FALSE,FALSE,FALSE,FALSE,FALSE,35,FALSE,50,38,FALSE,53,FALSE,FALSE,FALSE,FALSE
