"applicant_id","cohort","selected","variable","raw_value","rule","severity","action"
100000,"A_2022",0,"age_at_survey","baseline=12; followup=12; change=0","age_change_outside_2_to_4_screen","review","Retain recorded ages and outcomes. Screening rule only. Systematic cohort differences require survey-date clarification, not automatic correction."
100000,"A_2022",0,"years_in_school","years_in_school=2; baseline_age=12; followup_age=12; age_change=0; highest_grade=6","school_years_exceed_age_change_plus_1","review","Retain. Completed school years exceed reported age change plus a one-year diagnostic allowance. Age errors, varying followup horizons or school-year counting could explain this; do not cap the value or delete the applicant."
100000,"A_2022",0,"neighborhood",,"source_missing","missing","Keep NA. Exclude from primary controls because coverage differs by cohort."
100001,"A_2020",1,"father_educ",,"source_missing","missing","Keep NA. Use available observations for the specific outcome; no outcome imputation in point estimates."
100001,"A_2020",1,"mother_educ",,"source_missing","missing","Keep NA. Use available observations for the specific outcome; no outcome imputation in point estimates."
100003,"A_2020",1,"years_in_school","years_in_school=4; baseline_age=13; followup_age=15; age_change=2; highest_grade=8","school_years_exceed_age_change_plus_1","review","Retain. Completed school years exceed reported age change plus a one-year diagnostic allowance. Age errors, varying followup horizons or school-year counting could explain this; do not cap the value or delete the applicant."
100004,"A_2020",0,"years_in_school","years_in_school=4; baseline_age=12; followup_age=14; age_change=2; highest_grade=8","school_years_exceed_age_change_plus_1","review","Retain. Completed school years exceed reported age change plus a one-year diagnostic allowance. Age errors, varying followup horizons or school-year counting could explain this; do not cap the value or delete the applicant."
100005,"A_2022",1,"age_at_survey","baseline=11; followup=12; change=1","age_change_outside_2_to_4_screen","review","Retain recorded ages and outcomes. Screening rule only. Systematic cohort differences require survey-date clarification, not automatic correction."
100005,"A_2022",1,"neighborhood",,"source_missing","missing","Keep NA. Exclude from primary controls because coverage differs by cohort."
100006,"A_2022",1,"age_at_survey","baseline=10; followup=11; change=1","age_change_outside_2_to_4_screen","review","Retain recorded ages and outcomes. Screening rule only. Systematic cohort differences require survey-date clarification, not automatic correction."
100006,"A_2022",1,"father_age",,"source_missing","missing","Keep NA. Use available observations for the specific outcome; no outcome imputation in point estimates."
100006,"A_2022",1,"father_educ",,"source_missing","missing","Keep NA. Use available observations for the specific outcome; no outcome imputation in point estimates."
100006,"A_2022",1,"father_income_high",,"source_missing","missing","Keep NA. Use available observations for the specific outcome; no outcome imputation in point estimates."
100006,"A_2022",1,"neighborhood",,"source_missing","missing","Keep NA. Exclude from primary controls because coverage differs by cohort."
100007,"A_2020",0,"mother_educ",,"source_missing","missing","Keep NA. Use available observations for the specific outcome; no outcome imputation in point estimates."
100008,"A_2020",0,"neighborhood",,"source_missing","missing","Keep NA. Exclude from primary controls because coverage differs by cohort."
100010,"A_2020",0,"years_in_school","years_in_school=4; baseline_age=15; followup_age=17; age_change=2; highest_grade=7","school_years_exceed_age_change_plus_1","review","Retain. Completed school years exceed reported age change plus a one-year diagnostic allowance. Age errors, varying followup horizons or school-year counting could explain this; do not cap the value or delete the applicant."
100010,"A_2020",0,"father_age",,"source_missing","missing","Keep NA. Use available observations for the specific outcome; no outcome imputation in point estimates."
100010,"A_2020",0,"father_educ",,"source_missing","missing","Keep NA. Use available observations for the specific outcome; no outcome imputation in point estimates."
100010,"A_2020",0,"father_income_high",,"source_missing","missing","Keep NA. Use available observations for the specific outcome; no outcome imputation in point estimates."
100010,"A_2020",0,"mother_age",,"source_missing","missing","Keep NA. Use available observations for the specific outcome; no outcome imputation in point estimates."
100010,"A_2020",0,"mother_educ",,"source_missing","missing","Keep NA. Use available observations for the specific outcome; no outcome imputation in point estimates."
100011,"A_2022",1,"age_at_survey","baseline=12; followup=13; change=1","age_change_outside_2_to_4_screen","review","Retain recorded ages and outcomes. Screening rule only. Systematic cohort differences require survey-date clarification, not automatic correction."
100011,"A_2022",1,"mother_age",,"source_missing","missing","Keep NA. Use available observations for the specific outcome; no outcome imputation in point estimates."
100011,"A_2022",1,"mother_educ",,"source_missing","missing","Keep NA. Use available observations for the specific outcome; no outcome imputation in point estimates."
100011,"A_2022",1,"neighborhood",,"source_missing","missing","Keep NA. Exclude from primary controls because coverage differs by cohort."
100012,"A_2020",0,"father_educ",,"source_missing","missing","Keep NA. Use available observations for the specific outcome; no outcome imputation in point estimates."
100012,"A_2020",0,"neighborhood",,"source_missing","missing","Keep NA. Exclude from primary controls because coverage differs by cohort."
100014,"A_2020",1,"years_in_school","years_in_school=4; baseline_age=14; followup_age=16; age_change=2; highest_grade=8","school_years_exceed_age_change_plus_1","review","Retain. Completed school years exceed reported age change plus a one-year diagnostic allowance. Age errors, varying followup horizons or school-year counting could explain this; do not cap the value or delete the applicant."
100014,"A_2020",1,"neighborhood",,"source_missing","missing","Keep NA. Exclude from primary controls because coverage differs by cohort."
100014,"A_2020",1,"ses_stratum",,"source_missing","missing","Keep NA. Optional adjusted model uses cohort mean and a missing indicator."
100015,"A_2020",1,"father_income_high",,"source_missing","missing","Keep NA. Use available observations for the specific outcome; no outcome imputation in point estimates."
100016,"B_2018",1,"years_in_school","years_in_school=6; baseline_age=12; followup_age=16; age_change=4; highest_grade=10","school_years_exceed_age_change_plus_1","review","Retain. Completed school years exceed reported age change plus a one-year diagnostic allowance. Age errors, varying followup horizons or school-year counting could explain this; do not cap the value or delete the applicant."
100016,"B_2018",1,"years_in_school","years_in_school=6; baseline_age=12; followup_age=16; age_change=4; highest_grade=10","school_years_since_allocation_above_4","review","Retain as a requested policy outcome with a timing/definition caveat. Five or six years conflict with a uniform three-year interpretation but may fit the older B2018 cohort. Clarify dates and counting convention; do not cap or infer a correction."
100016,"B_2018",1,"neighborhood",,"source_missing","missing","Keep NA. Exclude from primary controls because coverage differs by cohort."
100017,"A_2022",1,"age_at_survey","baseline=13; followup=14; change=1","age_change_outside_2_to_4_screen","review","Retain recorded ages and outcomes. Screening rule only. Systematic cohort differences require survey-date clarification, not automatic correction."
100017,"A_2022",1,"neighborhood",,"source_missing","missing","Keep NA. Exclude from primary controls because coverage differs by cohort."
100018,"A_2020",1,"years_in_school","years_in_school=4; baseline_age=12; followup_age=14; age_change=2; highest_grade=9","school_years_exceed_age_change_plus_1","review","Retain. Completed school years exceed reported age change plus a one-year diagnostic allowance. Age errors, varying followup horizons or school-year counting could explain this; do not cap the value or delete the applicant."
100018,"A_2020",1,"father_age",,"source_missing","missing","Keep NA. Use available observations for the specific outcome; no outcome imputation in point estimates."
100018,"A_2020",1,"father_educ",,"source_missing","missing","Keep NA. Use available observations for the specific outcome; no outcome imputation in point estimates."
100018,"A_2020",1,"father_income_high",,"source_missing","missing","Keep NA. Use available observations for the specific outcome; no outcome imputation in point estimates."
100018,"A_2020",1,"ses_stratum",,"source_missing","missing","Keep NA. Optional adjusted model uses cohort mean and a missing indicator."
100019,"A_2020",0,"father_age",,"source_missing","missing","Keep NA. Use available observations for the specific outcome; no outcome imputation in point estimates."
100019,"A_2020",0,"father_educ",,"source_missing","missing","Keep NA. Use available observations for the specific outcome; no outcome imputation in point estimates."
100019,"A_2020",0,"father_income_high",,"source_missing","missing","Keep NA. Use available observations for the specific outcome; no outcome imputation in point estimates."
100020,"A_2022",1,"age_at_survey","baseline=12; followup=13; change=1","age_change_outside_2_to_4_screen","review","Retain recorded ages and outcomes. Screening rule only. Systematic cohort differences require survey-date clarification, not automatic correction."
100020,"A_2022",1,"neighborhood",,"source_missing","missing","Keep NA. Exclude from primary controls because coverage differs by cohort."
100021,"A_2020",0,"age_at_application",,"source_missing","missing","Keep NA. Optional adjusted model uses cohort mean and a missing indicator."
100021,"A_2020",0,"neighborhood",,"source_missing","missing","Keep NA. Exclude from primary controls because coverage differs by cohort."
100022,"A_2022",0,"age_at_survey","baseline=13; followup=13; change=0","age_change_outside_2_to_4_screen","review","Retain recorded ages and outcomes. Screening rule only. Systematic cohort differences require survey-date clarification, not automatic correction."
100022,"A_2022",0,"years_in_school","years_in_school=2; baseline_age=13; followup_age=13; age_change=0; highest_grade=6","school_years_exceed_age_change_plus_1","review","Retain. Completed school years exceed reported age change plus a one-year diagnostic allowance. Age errors, varying followup horizons or school-year counting could explain this; do not cap the value or delete the applicant."
100022,"A_2022",0,"father_income_high",,"source_missing","missing","Keep NA. Use available observations for the specific outcome; no outcome imputation in point estimates."
100022,"A_2022",0,"neighborhood",,"source_missing","missing","Keep NA. Exclude from primary controls because coverage differs by cohort."
100022,"A_2022",0,"ses_stratum",,"source_missing","missing","Keep NA. Optional adjusted model uses cohort mean and a missing indicator."
100023,"A_2020",0,"years_in_school","years_in_school=4; baseline_age=13; followup_age=15; age_change=2; highest_grade=8","school_years_exceed_age_change_plus_1","review","Retain. Completed school years exceed reported age change plus a one-year diagnostic allowance. Age errors, varying followup horizons or school-year counting could explain this; do not cap the value or delete the applicant."
100023,"A_2020",0,"ses_stratum",,"source_missing","missing","Keep NA. Optional adjusted model uses cohort mean and a missing indicator."
100024,"A_2020",1,"years_in_school","years_in_school=4; baseline_age=12; followup_age=14; age_change=2; highest_grade=6","school_years_exceed_age_change_plus_1","review","Retain. Completed school years exceed reported age change plus a one-year diagnostic allowance. Age errors, varying followup horizons or school-year counting could explain this; do not cap the value or delete the applicant."
100025,"A_2022",0,"age_at_survey","baseline=11; followup=12; change=1","age_change_outside_2_to_4_screen","review","Retain recorded ages and outcomes. Screening rule only. Systematic cohort differences require survey-date clarification, not automatic correction."
100025,"A_2022",0,"years_in_school","years_in_school=3; baseline_age=11; followup_age=12; age_change=1; highest_grade=6","school_years_exceed_age_change_plus_1","review","Retain. Completed school years exceed reported age change plus a one-year diagnostic allowance. Age errors, varying followup horizons or school-year counting could explain this; do not cap the value or delete the applicant."
100025,"A_2022",0,"neighborhood",,"source_missing","missing","Keep NA. Exclude from primary controls because coverage differs by cohort."
100026,"B_2018",1,"years_in_school","years_in_school=6; baseline_age=11; followup_age=15; age_change=4; highest_grade=9","school_years_exceed_age_change_plus_1","review","Retain. Completed school years exceed reported age change plus a one-year diagnostic allowance. Age errors, varying followup horizons or school-year counting could explain this; do not cap the value or delete the applicant."
100026,"B_2018",1,"years_in_school","years_in_school=6; baseline_age=11; followup_age=15; age_change=4; highest_grade=9","school_years_since_allocation_above_4","review","Retain as a requested policy outcome with a timing/definition caveat. Five or six years conflict with a uniform three-year interpretation but may fit the older B2018 cohort. Clarify dates and counting convention; do not cap or infer a correction."
100026,"B_2018",1,"neighborhood",,"source_missing","missing","Keep NA. Exclude from primary controls because coverage differs by cohort."
100027,"A_2020",0,"years_in_school","years_in_school=4; baseline_age=12; followup_age=14; age_change=2; highest_grade=8","school_years_exceed_age_change_plus_1","review","Retain. Completed school years exceed reported age change plus a one-year diagnostic allowance. Age errors, varying followup horizons or school-year counting could explain this; do not cap the value or delete the applicant."
100027,"A_2020",0,"father_age",,"source_missing","missing","Keep NA. Use available observations for the specific outcome; no outcome imputation in point estimates."
100027,"A_2020",0,"father_educ",,"source_missing","missing","Keep NA. Use available observations for the specific outcome; no outcome imputation in point estimates."
100027,"A_2020",0,"father_income_high",,"source_missing","missing","Keep NA. Use available observations for the specific outcome; no outcome imputation in point estimates."
100027,"A_2020",0,"neighborhood",,"source_missing","missing","Keep NA. Exclude from primary controls because coverage differs by cohort."
100027,"A_2020",0,"ses_stratum",,"source_missing","missing","Keep NA. Optional adjusted model uses cohort mean and a missing indicator."
100028,"A_2020",0,"neighborhood",,"source_missing","missing","Keep NA. Exclude from primary controls because coverage differs by cohort."
100029,"A_2022",0,"age_at_survey","baseline=12; followup=13; change=1","age_change_outside_2_to_4_screen","review","Retain recorded ages and outcomes. Screening rule only. Systematic cohort differences require survey-date clarification, not automatic correction."
100029,"A_2022",0,"father_income_high",,"source_missing","missing","Keep NA. Use available observations for the specific outcome; no outcome imputation in point estimates."
100029,"A_2022",0,"neighborhood",,"source_missing","missing","Keep NA. Exclude from primary controls because coverage differs by cohort."
100031,"A_2020",1,"father_educ",,"source_missing","missing","Keep NA. Use available observations for the specific outcome; no outcome imputation in point estimates."
100031,"A_2020",1,"mother_educ",,"source_missing","missing","Keep NA. Use available observations for the specific outcome; no outcome imputation in point estimates."
100031,"A_2020",1,"neighborhood",,"source_missing","missing","Keep NA. Exclude from primary controls because coverage differs by cohort."
100032,"B_2018",0,"age_at_survey","baseline=12; followup=17; change=5","age_change_outside_2_to_4_screen","review","Retain recorded ages and outcomes. Screening rule only. Systematic cohort differences require survey-date clarification, not automatic correction."
100032,"B_2018",0,"years_in_school","years_in_school=6; baseline_age=12; followup_age=17; age_change=5; highest_grade=8","school_years_since_allocation_above_4","review","Retain as a requested policy outcome with a timing/definition caveat. Five or six years conflict with a uniform three-year interpretation but may fit the older B2018 cohort. Clarify dates and counting convention; do not cap or infer a correction."
100032,"B_2018",0,"neighborhood",,"source_missing","missing","Keep NA. Exclude from primary controls because coverage differs by cohort."
100033,"A_2022",1,"age_at_survey","baseline=13; followup=14; change=1","age_change_outside_2_to_4_screen","review","Retain recorded ages and outcomes. Screening rule only. Systematic cohort differences require survey-date clarification, not automatic correction."
100033,"A_2022",1,"neighborhood",,"source_missing","missing","Keep NA. Exclude from primary controls because coverage differs by cohort."
100034,"A_2020",1,"years_in_school","years_in_school=4; baseline_age=11; followup_age=13; age_change=2; highest_grade=8","school_years_exceed_age_change_plus_1","review","Retain. Completed school years exceed reported age change plus a one-year diagnostic allowance. Age errors, varying followup horizons or school-year counting could explain this; do not cap the value or delete the applicant."
100034,"A_2020",1,"ses_stratum",,"source_missing","missing","Keep NA. Optional adjusted model uses cohort mean and a missing indicator."
100035,"A_2020",0,"age_at_application",,"source_missing","missing","Keep NA. Optional adjusted model uses cohort mean and a missing indicator."
100035,"A_2020",0,"in_private_now",,"source_missing","missing","Keep NA. Use available observations for the specific outcome; no outcome imputation in point estimates."
100036,"A_2020",1,"father_age",,"source_missing","missing","Keep NA. Use available observations for the specific outcome; no outcome imputation in point estimates."
100036,"A_2020",1,"father_educ",,"source_missing","missing","Keep NA. Use available observations for the specific outcome; no outcome imputation in point estimates."
100036,"A_2020",1,"father_income_high",,"source_missing","missing","Keep NA. Use available observations for the specific outcome; no outcome imputation in point estimates."
100036,"A_2020",1,"mother_age",,"source_missing","missing","Keep NA. Use available observations for the specific outcome; no outcome imputation in point estimates."
100036,"A_2020",1,"mother_educ",,"source_missing","missing","Keep NA. Use available observations for the specific outcome; no outcome imputation in point estimates."
100036,"A_2020",1,"neighborhood",,"source_missing","missing","Keep NA. Exclude from primary controls because coverage differs by cohort."
100037,"A_2022",1,"age_at_survey","baseline=12; followup=12; change=0","age_change_outside_2_to_4_screen","review","Retain recorded ages and outcomes. Screening rule only. Systematic cohort differences require survey-date clarification, not automatic correction."
100037,"A_2022",1,"years_in_school","years_in_school=2; baseline_age=12; followup_age=12; age_change=0; highest_grade=6","school_years_exceed_age_change_plus_1","review","Retain. Completed school years exceed reported age change plus a one-year diagnostic allowance. Age errors, varying followup horizons or school-year counting could explain this; do not cap the value or delete the applicant."
100037,"A_2022",1,"neighborhood",,"source_missing","missing","Keep NA. Exclude from primary controls because coverage differs by cohort."
100038,"A_2022",1,"age_at_survey","baseline=12; followup=13; change=1","age_change_outside_2_to_4_screen","review","Retain recorded ages and outcomes. Screening rule only. Systematic cohort differences require survey-date clarification, not automatic correction."
100038,"A_2022",1,"neighborhood",,"source_missing","missing","Keep NA. Exclude from primary controls because coverage differs by cohort."
100038,"A_2022",1,"ses_stratum",,"source_missing","missing","Keep NA. Optional adjusted model uses cohort mean and a missing indicator."
100039,"A_2020",1,"neighborhood",,"source_missing","missing","Keep NA. Exclude from primary controls because coverage differs by cohort."
100040,"A_2020",0,"years_in_school","years_in_school=4; baseline_age=15; followup_age=17; age_change=2; highest_grade=8","school_years_exceed_age_change_plus_1","review","Retain. Completed school years exceed reported age change plus a one-year diagnostic allowance. Age errors, varying followup horizons or school-year counting could explain this; do not cap the value or delete the applicant."
100040,"A_2020",0,"father_age",,"source_missing","missing","Keep NA. Use available observations for the specific outcome; no outcome imputation in point estimates."
100040,"A_2020",0,"father_educ",,"source_missing","missing","Keep NA. Use available observations for the specific outcome; no outcome imputation in point estimates."
100040,"A_2020",0,"father_income_high",,"source_missing","missing","Keep NA. Use available observations for the specific outcome; no outcome imputation in point estimates."
100041,"A_2020",0,"neighborhood",,"source_missing","missing","Keep NA. Exclude from primary controls because coverage differs by cohort."
100042,"A_2020",1,"hours_worked","0","working_but_zero_weekly_hours","review","Retain. Could reflect temporary absence or reference-period differences; do not assume zero means missing."
100043,"B_2018",1,"age_at_survey","baseline=13; followup=18; change=5","age_change_outside_2_to_4_screen","review","Retain recorded ages and outcomes. Screening rule only. Systematic cohort differences require survey-date clarification, not automatic correction."
100043,"B_2018",1,"mother_age",,"source_missing","missing","Keep NA. Use available observations for the specific outcome; no outcome imputation in point estimates."
100043,"B_2018",1,"mother_educ",,"source_missing","missing","Keep NA. Use available observations for the specific outcome; no outcome imputation in point estimates."
100043,"B_2018",1,"neighborhood",,"source_missing","missing","Keep NA. Exclude from primary controls because coverage differs by cohort."
100043,"B_2018",1,"ses_stratum",,"source_missing","missing","Keep NA. Optional adjusted model uses cohort mean and a missing indicator."
100044,"A_2022",0,"age_at_survey","baseline=15; followup=13; change=-2","age_change_outside_2_to_4_screen","review","Retain recorded ages and outcomes. Screening rule only. Systematic cohort differences require survey-date clarification, not automatic correction."
100044,"A_2022",0,"age_at_survey","baseline=15; followup=13; change=-2","age_decreased","inconsistent","Followup age clean set to NA; retain baseline age and schooling outcomes. Cannot determine which source age is wrong. Exclusion sensitivity reported."
100044,"A_2022",0,"years_in_school","years_in_school=2; baseline_age=15; followup_age=13; age_change=-2; highest_grade=6","school_years_exceed_age_change_plus_1","review","Retain. Completed school years exceed reported age change plus a one-year diagnostic allowance. Age errors, varying followup horizons or school-year counting could explain this; do not cap the value or delete the applicant."
100044,"A_2022",0,"neighborhood",,"source_missing","missing","Keep NA. Exclude from primary controls because coverage differs by cohort."
100045,"B_2018",1,"age_at_survey","baseline=10; followup=15; change=5","age_change_outside_2_to_4_screen","review","Retain recorded ages and outcomes. Screening rule only. Systematic cohort differences require survey-date clarification, not automatic correction."
100045,"B_2018",1,"years_in_school","years_in_school=6; baseline_age=10; followup_age=15; age_change=5; highest_grade=9","school_years_since_allocation_above_4","review","Retain as a requested policy outcome with a timing/definition caveat. Five or six years conflict with a uniform three-year interpretation but may fit the older B2018 cohort. Clarify dates and counting convention; do not cap or infer a correction."
100045,"B_2018",1,"father_age",,"source_missing","missing","Keep NA. Use available observations for the specific outcome; no outcome imputation in point estimates."
100045,"B_2018",1,"father_educ",,"source_missing","missing","Keep NA. Use available observations for the specific outcome; no outcome imputation in point estimates."
100045,"B_2018",1,"father_income_high",,"source_missing","missing","Keep NA. Use available observations for the specific outcome; no outcome imputation in point estimates."
100045,"B_2018",1,"neighborhood",,"source_missing","missing","Keep NA. Exclude from primary controls because coverage differs by cohort."
100047,"B_2018",1,"age_at_survey","baseline=11; followup=17; change=6","age_change_outside_2_to_4_screen","review","Retain recorded ages and outcomes. Screening rule only. Systematic cohort differences require survey-date clarification, not automatic correction."
100047,"B_2018",1,"father_age",,"source_missing","missing","Keep NA. Use available observations for the specific outcome; no outcome imputation in point estimates."
100047,"B_2018",1,"father_educ",,"source_missing","missing","Keep NA. Use available observations for the specific outcome; no outcome imputation in point estimates."
100047,"B_2018",1,"father_income_high",,"source_missing","missing","Keep NA. Use available observations for the specific outcome; no outcome imputation in point estimates."
100047,"B_2018",1,"neighborhood",,"source_missing","missing","Keep NA. Exclude from primary controls because coverage differs by cohort."
100051,"A_2020",1,"years_in_school","years_in_school=5; baseline_age=13; followup_age=15; age_change=2; highest_grade=8","school_years_exceed_age_change_plus_1","review","Retain. Completed school years exceed reported age change plus a one-year diagnostic allowance. Age errors, varying followup horizons or school-year counting could explain this; do not cap the value or delete the applicant."
100051,"A_2020",1,"years_in_school","years_in_school=5; baseline_age=13; followup_age=15; age_change=2; highest_grade=8","school_years_since_allocation_above_4","review","Retain as a requested policy outcome with a timing/definition caveat. Five or six years conflict with a uniform three-year interpretation but may fit the older B2018 cohort. Clarify dates and counting convention; do not cap or infer a correction."
100051,"A_2020",1,"neighborhood",,"source_missing","missing","Keep NA. Exclude from primary controls because coverage differs by cohort."
100051,"A_2020",1,"ses_stratum",,"source_missing","missing","Keep NA. Optional adjusted model uses cohort mean and a missing indicator."
100052,"A_2020",1,"years_in_school","years_in_school=4; baseline_age=15; followup_age=17; age_change=2; highest_grade=8","school_years_exceed_age_change_plus_1","review","Retain. Completed school years exceed reported age change plus a one-year diagnostic allowance. Age errors, varying followup horizons or school-year counting could explain this; do not cap the value or delete the applicant."
100052,"A_2020",1,"father_age",,"source_missing","missing","Keep NA. Use available observations for the specific outcome; no outcome imputation in point estimates."
100053,"B_2018",0,"age_at_survey","baseline=14; followup=19; change=5","age_change_outside_2_to_4_screen","review","Retain recorded ages and outcomes. Screening rule only. Systematic cohort differences require survey-date clarification, not automatic correction."
100053,"B_2018",0,"neighborhood",,"source_missing","missing","Keep NA. Exclude from primary controls because coverage differs by cohort."
100053,"B_2018",0,"ses_stratum",,"source_missing","missing","Keep NA. Optional adjusted model uses cohort mean and a missing indicator."
100054,"A_2020",1,"years_in_school","highest_grade=6; years_in_school=0","school_years_below_grade_progress_assuming_grade5_entry","review","Retain both fields. This screen assumes grade 5 completed at allocation. Missing baseline grade and uncertain counting convention prevent a verified correction."
100054,"A_2020",1,"age_at_application",,"source_missing","missing","Keep NA. Optional adjusted model uses cohort mean and a missing indicator."
100054,"A_2020",1,"mother_age",,"source_missing","missing","Keep NA. Use available observations for the specific outcome; no outcome imputation in point estimates."
100054,"A_2020",1,"mother_educ",,"source_missing","missing","Keep NA. Use available observations for the specific outcome; no outcome imputation in point estimates."
100055,"A_2020",1,"ses_stratum",,"source_missing","missing","Keep NA. Optional adjusted model uses cohort mean and a missing indicator."
100056,"A_2020",1,"years_in_school","years_in_school=4; baseline_age=13; followup_age=15; age_change=2; highest_grade=8","school_years_exceed_age_change_plus_1","review","Retain. Completed school years exceed reported age change plus a one-year diagnostic allowance. Age errors, varying followup horizons or school-year counting could explain this; do not cap the value or delete the applicant."
100057,"A_2020",1,"neighborhood",,"source_missing","missing","Keep NA. Exclude from primary controls because coverage differs by cohort."
100058,"A_2020",1,"neighborhood",,"source_missing","missing","Keep NA. Exclude from primary controls because coverage differs by cohort."
100059,"A_2020",0,"years_in_school","years_in_school=4; baseline_age=12; followup_age=14; age_change=2; highest_grade=8","school_years_exceed_age_change_plus_1","review","Retain. Completed school years exceed reported age change plus a one-year diagnostic allowance. Age errors, varying followup horizons or school-year counting could explain this; do not cap the value or delete the applicant."
100059,"A_2020",0,"ses_stratum",,"source_missing","missing","Keep NA. Optional adjusted model uses cohort mean and a missing indicator."
100061,"A_2022",1,"age_at_survey","baseline=12; followup=13; change=1","age_change_outside_2_to_4_screen","review","Retain recorded ages and outcomes. Screening rule only. Systematic cohort differences require survey-date clarification, not automatic correction."
100061,"A_2022",1,"neighborhood",,"source_missing","missing","Keep NA. Exclude from primary controls because coverage differs by cohort."
100062,"A_2020",1,"father_income_high",,"source_missing","missing","Keep NA. Use available observations for the specific outcome; no outcome imputation in point estimates."
100063,"B_2018",1,"years_in_school","years_in_school=6; baseline_age=12; followup_age=16; age_change=4; highest_grade=9","school_years_exceed_age_change_plus_1","review","Retain. Completed school years exceed reported age change plus a one-year diagnostic allowance. Age errors, varying followup horizons or school-year counting could explain this; do not cap the value or delete the applicant."
100063,"B_2018",1,"years_in_school","years_in_school=6; baseline_age=12; followup_age=16; age_change=4; highest_grade=9","school_years_since_allocation_above_4","review","Retain as a requested policy outcome with a timing/definition caveat. Five or six years conflict with a uniform three-year interpretation but may fit the older B2018 cohort. Clarify dates and counting convention; do not cap or infer a correction."
100063,"B_2018",1,"father_age",,"source_missing","missing","Keep NA. Use available observations for the specific outcome; no outcome imputation in point estimates."
100063,"B_2018",1,"father_educ",,"source_missing","missing","Keep NA. Use available observations for the specific outcome; no outcome imputation in point estimates."
100063,"B_2018",1,"father_income_high",,"source_missing","missing","Keep NA. Use available observations for the specific outcome; no outcome imputation in point estimates."
100063,"B_2018",1,"neighborhood",,"source_missing","missing","Keep NA. Exclude from primary controls because coverage differs by cohort."
100064,"A_2020",0,"years_in_school","years_in_school=4; baseline_age=12; followup_age=14; age_change=2; highest_grade=8","school_years_exceed_age_change_plus_1","review","Retain. Completed school years exceed reported age change plus a one-year diagnostic allowance. Age errors, varying followup horizons or school-year counting could explain this; do not cap the value or delete the applicant."
100065,"A_2020",0,"father_income_high",,"source_missing","missing","Keep NA. Use available observations for the specific outcome; no outcome imputation in point estimates."
100067,"A_2020",1,"years_in_school","years_in_school=4; baseline_age=11; followup_age=13; age_change=2; highest_grade=8","school_years_exceed_age_change_plus_1","review","Retain. Completed school years exceed reported age change plus a one-year diagnostic allowance. Age errors, varying followup horizons or school-year counting could explain this; do not cap the value or delete the applicant."
100068,"A_2020",1,"years_in_school","years_in_school=4; baseline_age=15; followup_age=17; age_change=2; highest_grade=8","school_years_exceed_age_change_plus_1","review","Retain. Completed school years exceed reported age change plus a one-year diagnostic allowance. Age errors, varying followup horizons or school-year counting could explain this; do not cap the value or delete the applicant."
100068,"A_2020",1,"father_age",,"source_missing","missing","Keep NA. Use available observations for the specific outcome; no outcome imputation in point estimates."
100068,"A_2020",1,"father_educ",,"source_missing","missing","Keep NA. Use available observations for the specific outcome; no outcome imputation in point estimates."
100068,"A_2020",1,"father_income_high",,"source_missing","missing","Keep NA. Use available observations for the specific outcome; no outcome imputation in point estimates."
100068,"A_2020",1,"neighborhood",,"source_missing","missing","Keep NA. Exclude from primary controls because coverage differs by cohort."
100069,"A_2020",1,"neighborhood",,"source_missing","missing","Keep NA. Exclude from primary controls because coverage differs by cohort."
100070,"A_2022",1,"age_at_survey","baseline=12; followup=12; change=0","age_change_outside_2_to_4_screen","review","Retain recorded ages and outcomes. Screening rule only. Systematic cohort differences require survey-date clarification, not automatic correction."
100070,"A_2022",1,"years_in_school","years_in_school=2; baseline_age=12; followup_age=12; age_change=0; highest_grade=6","school_years_exceed_age_change_plus_1","review","Retain. Completed school years exceed reported age change plus a one-year diagnostic allowance. Age errors, varying followup horizons or school-year counting could explain this; do not cap the value or delete the applicant."
100070,"A_2022",1,"father_income_high",,"source_missing","missing","Keep NA. Use available observations for the specific outcome; no outcome imputation in point estimates."
100070,"A_2022",1,"neighborhood",,"source_missing","missing","Keep NA. Exclude from primary controls because coverage differs by cohort."
100070,"A_2022",1,"ses_stratum",,"source_missing","missing","Keep NA. Optional adjusted model uses cohort mean and a missing indicator."
100071,"A_2022",0,"age_at_survey","baseline=12; followup=12; change=0","age_change_outside_2_to_4_screen","review","Retain recorded ages and outcomes. Screening rule only. Systematic cohort differences require survey-date clarification, not automatic correction."
100071,"A_2022",0,"years_in_school","years_in_school=2; baseline_age=12; followup_age=12; age_change=0; highest_grade=6","school_years_exceed_age_change_plus_1","review","Retain. Completed school years exceed reported age change plus a one-year diagnostic allowance. Age errors, varying followup horizons or school-year counting could explain this; do not cap the value or delete the applicant."
100071,"A_2022",0,"neighborhood",,"source_missing","missing","Keep NA. Exclude from primary controls because coverage differs by cohort."
100072,"A_2020",0,"age_at_application",,"source_missing","missing","Keep NA. Optional adjusted model uses cohort mean and a missing indicator."
100073,"A_2020",0,"father_educ",,"source_missing","missing","Keep NA. Use available observations for the specific outcome; no outcome imputation in point estimates."
100076,"A_2020",1,"ses_stratum",,"source_missing","missing","Keep NA. Optional adjusted model uses cohort mean and a missing indicator."
100077,"A_2020",0,"years_in_school","years_in_school=4; baseline_age=12; followup_age=14; age_change=2; highest_grade=8","school_years_exceed_age_change_plus_1","review","Retain. Completed school years exceed reported age change plus a one-year diagnostic allowance. Age errors, varying followup horizons or school-year counting could explain this; do not cap the value or delete the applicant."
100077,"A_2020",0,"father_income_high",,"source_missing","missing","Keep NA. Use available observations for the specific outcome; no outcome imputation in point estimates."
100077,"A_2020",0,"ses_stratum",,"source_missing","missing","Keep NA. Optional adjusted model uses cohort mean and a missing indicator."
100078,"A_2020",1,"father_age",,"source_missing","missing","Keep NA. Use available observations for the specific outcome; no outcome imputation in point estimates."
100078,"A_2020",1,"father_educ",,"source_missing","missing","Keep NA. Use available observations for the specific outcome; no outcome imputation in point estimates."
100078,"A_2020",1,"father_income_high",,"source_missing","missing","Keep NA. Use available observations for the specific outcome; no outcome imputation in point estimates."
100079,"A_2020",1,"years_in_school","years_in_school=4; baseline_age=12; followup_age=14; age_change=2; highest_grade=8","school_years_exceed_age_change_plus_1","review","Retain. Completed school years exceed reported age change plus a one-year diagnostic allowance. Age errors, varying followup horizons or school-year counting could explain this; do not cap the value or delete the applicant."
100080,"B_2018",0,"years_in_school","years_in_school=5; baseline_age=15; followup_age=19; age_change=4; highest_grade=8","school_years_since_allocation_above_4","review","Retain as a requested policy outcome with a timing/definition caveat. Five or six years conflict with a uniform three-year interpretation but may fit the older B2018 cohort. Clarify dates and counting convention; do not cap or infer a correction."
100080,"B_2018",0,"neighborhood",,"source_missing","missing","Keep NA. Exclude from primary controls because coverage differs by cohort."
100081,"A_2022",1,"age_at_survey","baseline=12; followup=12; change=0","age_change_outside_2_to_4_screen","review","Retain recorded ages and outcomes. Screening rule only. Systematic cohort differences require survey-date clarification, not automatic correction."
100081,"A_2022",1,"years_in_school","years_in_school=2; baseline_age=12; followup_age=12; age_change=0; highest_grade=6","school_years_exceed_age_change_plus_1","review","Retain. Completed school years exceed reported age change plus a one-year diagnostic allowance. Age errors, varying followup horizons or school-year counting could explain this; do not cap the value or delete the applicant."
100081,"A_2022",1,"neighborhood",,"source_missing","missing","Keep NA. Exclude from primary controls because coverage differs by cohort."
100082,"A_2020",1,"years_in_school","years_in_school=4; baseline_age=12; followup_age=14; age_change=2; highest_grade=8","school_years_exceed_age_change_plus_1","review","Retain. Completed school years exceed reported age change plus a one-year diagnostic allowance. Age errors, varying followup horizons or school-year counting could explain this; do not cap the value or delete the applicant."
100082,"A_2020",1,"neighborhood",,"source_missing","missing","Keep NA. Exclude from primary controls because coverage differs by cohort."
100084,"A_2020",1,"age_at_application",,"source_missing","missing","Keep NA. Optional adjusted model uses cohort mean and a missing indicator."
100084,"A_2020",1,"father_age",,"source_missing","missing","Keep NA. Use available observations for the specific outcome; no outcome imputation in point estimates."
100084,"A_2020",1,"father_educ",,"source_missing","missing","Keep NA. Use available observations for the specific outcome; no outcome imputation in point estimates."
100084,"A_2020",1,"father_income_high",,"source_missing","missing","Keep NA. Use available observations for the specific outcome; no outcome imputation in point estimates."
100084,"A_2020",1,"ses_stratum",,"source_missing","missing","Keep NA. Optional adjusted model uses cohort mean and a missing indicator."
100085,"A_2020",0,"years_in_school","years_in_school=4; baseline_age=14; followup_age=16; age_change=2; highest_grade=5","school_years_exceed_age_change_plus_1","review","Retain. Completed school years exceed reported age change plus a one-year diagnostic allowance. Age errors, varying followup horizons or school-year counting could explain this; do not cap the value or delete the applicant."
100086,"A_2020",1,"neighborhood",,"source_missing","missing","Keep NA. Exclude from primary controls because coverage differs by cohort."
100087,"A_2022",1,"age_at_survey","baseline=13; followup=13; change=0","age_change_outside_2_to_4_screen","review","Retain recorded ages and outcomes. Screening rule only. Systematic cohort differences require survey-date clarification, not automatic correction."
100087,"A_2022",1,"years_in_school","years_in_school=2; baseline_age=13; followup_age=13; age_change=0; highest_grade=6","school_years_exceed_age_change_plus_1","review","Retain. Completed school years exceed reported age change plus a one-year diagnostic allowance. Age errors, varying followup horizons or school-year counting could explain this; do not cap the value or delete the applicant."
100087,"A_2022",1,"father_age",,"source_missing","missing","Keep NA. Use available observations for the specific outcome; no outcome imputation in point estimates."
100087,"A_2022",1,"father_educ",,"source_missing","missing","Keep NA. Use available observations for the specific outcome; no outcome imputation in point estimates."
100087,"A_2022",1,"father_income_high",,"source_missing","missing","Keep NA. Use available observations for the specific outcome; no outcome imputation in point estimates."
100087,"A_2022",1,"mother_age",,"source_missing","missing","Keep NA. Use available observations for the specific outcome; no outcome imputation in point estimates."
100087,"A_2022",1,"mother_educ",,"source_missing","missing","Keep NA. Use available observations for the specific outcome; no outcome imputation in point estimates."
100087,"A_2022",1,"neighborhood",,"source_missing","missing","Keep NA. Exclude from primary controls because coverage differs by cohort."
100088,"B_2018",1,"finished_g6","highest_grade=9; finished_g6=0","completion_flag_disagrees_with_highest_grade","inconsistent","Retain both reports; no source is known authoritative. Main grade result uses reported highest_grade. Sensitivity excludes conflicted applicants."
100088,"B_2018",1,"finished_g7","highest_grade=9; finished_g7=0","completion_flag_disagrees_with_highest_grade","inconsistent","Retain both reports; no source is known authoritative. Main grade result uses reported highest_grade. Sensitivity excludes conflicted applicants."
100088,"B_2018",1,"finished_g8","highest_grade=9; finished_g8=0","completion_flag_disagrees_with_highest_grade","inconsistent","Retain both reports; no source is known authoritative. Main grade result uses reported highest_grade. Sensitivity excludes conflicted applicants."
100088,"B_2018",1,"in_private_now",,"source_missing","missing","Keep NA. Use available observations for the specific outcome; no outcome imputation in point estimates."
100088,"B_2018",1,"in_school_now",,"source_missing","missing","Keep NA. Use available observations for the specific outcome; no outcome imputation in point estimates."
100088,"B_2018",1,"mother_age",,"source_missing","missing","Keep NA. Use available observations for the specific outcome; no outcome imputation in point estimates."
100088,"B_2018",1,"mother_educ",,"source_missing","missing","Keep NA. Use available observations for the specific outcome; no outcome imputation in point estimates."
100088,"B_2018",1,"neighborhood",,"source_missing","missing","Keep NA. Exclude from primary controls because coverage differs by cohort."
100089,"B_2018",0,"years_in_school","years_in_school=6; baseline_age=14; followup_age=18; age_change=4; highest_grade=10","school_years_exceed_age_change_plus_1","review","Retain. Completed school years exceed reported age change plus a one-year diagnostic allowance. Age errors, varying followup horizons or school-year counting could explain this; do not cap the value or delete the applicant."
100089,"B_2018",0,"years_in_school","years_in_school=6; baseline_age=14; followup_age=18; age_change=4; highest_grade=10","school_years_since_allocation_above_4","review","Retain as a requested policy outcome with a timing/definition caveat. Five or six years conflict with a uniform three-year interpretation but may fit the older B2018 cohort. Clarify dates and counting convention; do not cap or infer a correction."
100089,"B_2018",0,"neighborhood",,"source_missing","missing","Keep NA. Exclude from primary controls because coverage differs by cohort."
100090,"A_2022",0,"age_at_survey","baseline=10; followup=11; change=1","age_change_outside_2_to_4_screen","review","Retain recorded ages and outcomes. Screening rule only. Systematic cohort differences require survey-date clarification, not automatic correction."
100090,"A_2022",0,"neighborhood",,"source_missing","missing","Keep NA. Exclude from primary controls because coverage differs by cohort."
100091,"A_2020",1,"years_in_school","years_in_school=4; baseline_age=14; followup_age=16; age_change=2; highest_grade=8","school_years_exceed_age_change_plus_1","review","Retain. Completed school years exceed reported age change plus a one-year diagnostic allowance. Age errors, varying followup horizons or school-year counting could explain this; do not cap the value or delete the applicant."
100091,"A_2020",1,"father_age",,"source_missing","missing","Keep NA. Use available observations for the specific outcome; no outcome imputation in point estimates."
100091,"A_2020",1,"father_educ",,"source_missing","missing","Keep NA. Use available observations for the specific outcome; no outcome imputation in point estimates."
100091,"A_2020",1,"father_income_high",,"source_missing","missing","Keep NA. Use available observations for the specific outcome; no outcome imputation in point estimates."
100092,"A_2020",1,"father_age",,"source_missing","missing","Keep NA. Use available observations for the specific outcome; no outcome imputation in point estimates."
100092,"A_2020",1,"father_educ",,"source_missing","missing","Keep NA. Use available observations for the specific outcome; no outcome imputation in point estimates."
100092,"A_2020",1,"father_income_high",,"source_missing","missing","Keep NA. Use available observations for the specific outcome; no outcome imputation in point estimates."
100094,"A_2020",0,"years_in_school","years_in_school=4; baseline_age=15; followup_age=17; age_change=2; highest_grade=8","school_years_exceed_age_change_plus_1","review","Retain. Completed school years exceed reported age change plus a one-year diagnostic allowance. Age errors, varying followup horizons or school-year counting could explain this; do not cap the value or delete the applicant."
100094,"A_2020",0,"father_educ",,"source_missing","missing","Keep NA. Use available observations for the specific outcome; no outcome imputation in point estimates."
100094,"A_2020",0,"father_income_high",,"source_missing","missing","Keep NA. Use available observations for the specific outcome; no outcome imputation in point estimates."
100094,"A_2020",0,"neighborhood",,"source_missing","missing","Keep NA. Exclude from primary controls because coverage differs by cohort."
100095,"A_2020",1,"years_in_school","years_in_school=4; baseline_age=12; followup_age=14; age_change=2; highest_grade=8","school_years_exceed_age_change_plus_1","review","Retain. Completed school years exceed reported age change plus a one-year diagnostic allowance. Age errors, varying followup horizons or school-year counting could explain this; do not cap the value or delete the applicant."
100095,"A_2020",1,"ses_stratum",,"source_missing","missing","Keep NA. Optional adjusted model uses cohort mean and a missing indicator."
100097,"A_2020",1,"years_in_school","years_in_school=4; baseline_age=15; followup_age=17; age_change=2; highest_grade=8","school_years_exceed_age_change_plus_1","review","Retain. Completed school years exceed reported age change plus a one-year diagnostic allowance. Age errors, varying followup horizons or school-year counting could explain this; do not cap the value or delete the applicant."
100097,"A_2020",1,"father_age",,"source_missing","missing","Keep NA. Use available observations for the specific outcome; no outcome imputation in point estimates."
100097,"A_2020",1,"father_educ",,"source_missing","missing","Keep NA. Use available observations for the specific outcome; no outcome imputation in point estimates."
100097,"A_2020",1,"father_income_high",,"source_missing","missing","Keep NA. Use available observations for the specific outcome; no outcome imputation in point estimates."
100098,"A_2020",1,"years_in_school","years_in_school=4; baseline_age=12; followup_age=14; age_change=2; highest_grade=8","school_years_exceed_age_change_plus_1","review","Retain. Completed school years exceed reported age change plus a one-year diagnostic allowance. Age errors, varying followup horizons or school-year counting could explain this; do not cap the value or delete the applicant."
100098,"A_2020",1,"neighborhood",,"source_missing","missing","Keep NA. Exclude from primary controls because coverage differs by cohort."
100099,"A_2020",1,"neighborhood",,"source_missing","missing","Keep NA. Exclude from primary controls because coverage differs by cohort."
100099,"A_2020",1,"ses_stratum",,"source_missing","missing","Keep NA. Optional adjusted model uses cohort mean and a missing indicator."
100100,"A_2020",1,"years_in_school","years_in_school=4; baseline_age=12; followup_age=14; age_change=2; highest_grade=8","school_years_exceed_age_change_plus_1","review","Retain. Completed school years exceed reported age change plus a one-year diagnostic allowance. Age errors, varying followup horizons or school-year counting could explain this; do not cap the value or delete the applicant."
100100,"A_2020",1,"father_income_high",,"source_missing","missing","Keep NA. Use available observations for the specific outcome; no outcome imputation in point estimates."
100101,"A_2020",0,"years_in_school","years_in_school=4; baseline_age=13; followup_age=15; age_change=2; highest_grade=8","school_years_exceed_age_change_plus_1","review","Retain. Completed school years exceed reported age change plus a one-year diagnostic allowance. Age errors, varying followup horizons or school-year counting could explain this; do not cap the value or delete the applicant."
100101,"A_2020",0,"neighborhood",,"source_missing","missing","Keep NA. Exclude from primary controls because coverage differs by cohort."
100101,"A_2020",0,"ses_stratum",,"source_missing","missing","Keep NA. Optional adjusted model uses cohort mean and a missing indicator."
100102,"B_2018",0,"age_at_survey","baseline=15; followup=20; change=5","age_change_outside_2_to_4_screen","review","Retain recorded ages and outcomes. Screening rule only. Systematic cohort differences require survey-date clarification, not automatic correction."
100102,"B_2018",0,"neighborhood",,"source_missing","missing","Keep NA. Exclude from primary controls because coverage differs by cohort."
100105,"B_2018",1,"years_in_school","years_in_school=6; baseline_age=12; followup_age=16; age_change=4; highest_grade=9","school_years_exceed_age_change_plus_1","review","Retain. Completed school years exceed reported age change plus a one-year diagnostic allowance. Age errors, varying followup horizons or school-year counting could explain this; do not cap the value or delete the applicant."
100105,"B_2018",1,"years_in_school","years_in_school=6; baseline_age=12; followup_age=16; age_change=4; highest_grade=9","school_years_since_allocation_above_4","review","Retain as a requested policy outcome with a timing/definition caveat. Five or six years conflict with a uniform three-year interpretation but may fit the older B2018 cohort. Clarify dates and counting convention; do not cap or infer a correction."
100105,"B_2018",1,"neighborhood",,"source_missing","missing","Keep NA. Exclude from primary controls because coverage differs by cohort."
100106,"A_2020",1,"years_in_school","years_in_school=4; baseline_age=13; followup_age=15; age_change=2; highest_grade=8","school_years_exceed_age_change_plus_1","review","Retain. Completed school years exceed reported age change plus a one-year diagnostic allowance. Age errors, varying followup horizons or school-year counting could explain this; do not cap the value or delete the applicant."
100106,"A_2020",1,"hours_worked","0","working_but_zero_weekly_hours","review","Retain. Could reflect temporary absence or reference-period differences; do not assume zero means missing."
100107,"A_2022",1,"age_at_survey","baseline=13; followup=13; change=0","age_change_outside_2_to_4_screen","review","Retain recorded ages and outcomes. Screening rule only. Systematic cohort differences require survey-date clarification, not automatic correction."
100107,"A_2022",1,"years_in_school","years_in_school=2; baseline_age=13; followup_age=13; age_change=0; highest_grade=6","school_years_exceed_age_change_plus_1","review","Retain. Completed school years exceed reported age change plus a one-year diagnostic allowance. Age errors, varying followup horizons or school-year counting could explain this; do not cap the value or delete the applicant."
100107,"A_2022",1,"father_income_high",,"source_missing","missing","Keep NA. Use available observations for the specific outcome; no outcome imputation in point estimates."
100107,"A_2022",1,"neighborhood",,"source_missing","missing","Keep NA. Exclude from primary controls because coverage differs by cohort."
100109,"A_2020",0,"years_in_school","years_in_school=4; baseline_age=13; followup_age=15; age_change=2; highest_grade=7","school_years_exceed_age_change_plus_1","review","Retain. Completed school years exceed reported age change plus a one-year diagnostic allowance. Age errors, varying followup horizons or school-year counting could explain this; do not cap the value or delete the applicant."
100109,"A_2020",0,"father_educ",,"source_missing","missing","Keep NA. Use available observations for the specific outcome; no outcome imputation in point estimates."
100109,"A_2020",0,"father_income_high",,"source_missing","missing","Keep NA. Use available observations for the specific outcome; no outcome imputation in point estimates."
100109,"A_2020",0,"mother_educ",,"source_missing","missing","Keep NA. Use available observations for the specific outcome; no outcome imputation in point estimates."
100110,"A_2020",0,"neighborhood",,"source_missing","missing","Keep NA. Exclude from primary controls because coverage differs by cohort."
100111,"A_2020",0,"age_at_survey","baseline=12; followup=17; change=5","age_change_outside_2_to_4_screen","review","Retain recorded ages and outcomes. Screening rule only. Systematic cohort differences require survey-date clarification, not automatic correction."
100111,"A_2020",0,"neighborhood",,"source_missing","missing","Keep NA. Exclude from primary controls because coverage differs by cohort."
100112,"A_2020",0,"years_in_school","years_in_school=4; baseline_age=12; followup_age=14; age_change=2; highest_grade=8","school_years_exceed_age_change_plus_1","review","Retain. Completed school years exceed reported age change plus a one-year diagnostic allowance. Age errors, varying followup horizons or school-year counting could explain this; do not cap the value or delete the applicant."
100112,"A_2020",0,"neighborhood",,"source_missing","missing","Keep NA. Exclude from primary controls because coverage differs by cohort."
100113,"A_2020",0,"years_in_school","years_in_school=4; baseline_age=12; followup_age=14; age_change=2; highest_grade=8","school_years_exceed_age_change_plus_1","review","Retain. Completed school years exceed reported age change plus a one-year diagnostic allowance. Age errors, varying followup horizons or school-year counting could explain this; do not cap the value or delete the applicant."
100113,"A_2020",0,"father_income_high",,"source_missing","missing","Keep NA. Use available observations for the specific outcome; no outcome imputation in point estimates."
100113,"A_2020",0,"neighborhood",,"source_missing","missing","Keep NA. Exclude from primary controls because coverage differs by cohort."
100114,"B_2018",0,"age_at_survey","baseline=12; followup=17; change=5","age_change_outside_2_to_4_screen","review","Retain recorded ages and outcomes. Screening rule only. Systematic cohort differences require survey-date clarification, not automatic correction."
100114,"B_2018",0,"years_in_school","years_in_school=6; baseline_age=12; followup_age=17; age_change=5; highest_grade=9","school_years_since_allocation_above_4","review","Retain as a requested policy outcome with a timing/definition caveat. Five or six years conflict with a uniform three-year interpretation but may fit the older B2018 cohort. Clarify dates and counting convention; do not cap or infer a correction."
100114,"B_2018",0,"neighborhood",,"source_missing","missing","Keep NA. Exclude from primary controls because coverage differs by cohort."
100114,"B_2018",0,"ses_stratum",,"source_missing","missing","Keep NA. Optional adjusted model uses cohort mean and a missing indicator."
100115,"A_2020",1,"years_in_school","years_in_school=4; baseline_age=12; followup_age=14; age_change=2; highest_grade=8","school_years_exceed_age_change_plus_1","review","Retain. Completed school years exceed reported age change plus a one-year diagnostic allowance. Age errors, varying followup horizons or school-year counting could explain this; do not cap the value or delete the applicant."
100117,"A_2020",0,"neighborhood",,"source_missing","missing","Keep NA. Exclude from primary controls because coverage differs by cohort."
100118,"B_2018",1,"age_at_survey","baseline=11; followup=16; change=5","age_change_outside_2_to_4_screen","review","Retain recorded ages and outcomes. Screening rule only. Systematic cohort differences require survey-date clarification, not automatic correction."
100118,"B_2018",1,"years_in_school","years_in_school=6; baseline_age=11; followup_age=16; age_change=5; highest_grade=9","school_years_since_allocation_above_4","review","Retain as a requested policy outcome with a timing/definition caveat. Five or six years conflict with a uniform three-year interpretation but may fit the older B2018 cohort. Clarify dates and counting convention; do not cap or infer a correction."
100118,"B_2018",1,"neighborhood",,"source_missing","missing","Keep NA. Exclude from primary controls because coverage differs by cohort."
100120,"A_2020",0,"neighborhood",,"source_missing","missing","Keep NA. Exclude from primary controls because coverage differs by cohort."
100120,"A_2020",0,"ses_stratum",,"source_missing","missing","Keep NA. Optional adjusted model uses cohort mean and a missing indicator."
100121,"A_2020",1,"years_in_school","years_in_school=4; baseline_age=12; followup_age=14; age_change=2; highest_grade=8","school_years_exceed_age_change_plus_1","review","Retain. Completed school years exceed reported age change plus a one-year diagnostic allowance. Age errors, varying followup horizons or school-year counting could explain this; do not cap the value or delete the applicant."
100121,"A_2020",1,"ses_stratum",,"source_missing","missing","Keep NA. Optional adjusted model uses cohort mean and a missing indicator."
100123,"A_2020",1,"age_at_application",,"source_missing","missing","Keep NA. Optional adjusted model uses cohort mean and a missing indicator."
100124,"A_2020",1,"age_at_survey","baseline=18; followup=19; change=1","age_change_outside_2_to_4_screen","review","Retain recorded ages and outcomes. Screening rule only. Systematic cohort differences require survey-date clarification, not automatic correction."
100126,"B_2018",1,"years_in_school","years_in_school=6; baseline_age=12; followup_age=16; age_change=4; highest_grade=9","school_years_exceed_age_change_plus_1","review","Retain. Completed school years exceed reported age change plus a one-year diagnostic allowance. Age errors, varying followup horizons or school-year counting could explain this; do not cap the value or delete the applicant."
100126,"B_2018",1,"years_in_school","years_in_school=6; baseline_age=12; followup_age=16; age_change=4; highest_grade=9","school_years_since_allocation_above_4","review","Retain as a requested policy outcome with a timing/definition caveat. Five or six years conflict with a uniform three-year interpretation but may fit the older B2018 cohort. Clarify dates and counting convention; do not cap or infer a correction."
100126,"B_2018",1,"neighborhood",,"source_missing","missing","Keep NA. Exclude from primary controls because coverage differs by cohort."
100127,"A_2020",1,"years_in_school","years_in_school=4; baseline_age=12; followup_age=14; age_change=2; highest_grade=8","school_years_exceed_age_change_plus_1","review","Retain. Completed school years exceed reported age change plus a one-year diagnostic allowance. Age errors, varying followup horizons or school-year counting could explain this; do not cap the value or delete the applicant."
100127,"A_2020",1,"ses_stratum",,"source_missing","missing","Keep NA. Optional adjusted model uses cohort mean and a missing indicator."
100128,"A_2022",1,"age_at_survey","baseline=14; followup=15; change=1","age_change_outside_2_to_4_screen","review","Retain recorded ages and outcomes. Screening rule only. Systematic cohort differences require survey-date clarification, not automatic correction."
100128,"A_2022",1,"neighborhood",,"source_missing","missing","Keep NA. Exclude from primary controls because coverage differs by cohort."
100128,"A_2022",1,"ses_stratum",,"source_missing","missing","Keep NA. Optional adjusted model uses cohort mean and a missing indicator."
100129,"A_2020",1,"years_in_school","years_in_school=4; baseline_age=12; followup_age=14; age_change=2; highest_grade=8","school_years_exceed_age_change_plus_1","review","Retain. Completed school years exceed reported age change plus a one-year diagnostic allowance. Age errors, varying followup horizons or school-year counting could explain this; do not cap the value or delete the applicant."
100129,"A_2020",1,"neighborhood",,"source_missing","missing","Keep NA. Exclude from primary controls because coverage differs by cohort."
100130,"A_2022",0,"neighborhood",,"source_missing","missing","Keep NA. Exclude from primary controls because coverage differs by cohort."
100131,"A_2020",0,"years_in_school","years_in_school=4; baseline_age=12; followup_age=14; age_change=2; highest_grade=8","school_years_exceed_age_change_plus_1","review","Retain. Completed school years exceed reported age change plus a one-year diagnostic allowance. Age errors, varying followup horizons or school-year counting could explain this; do not cap the value or delete the applicant."
100131,"A_2020",0,"father_age",,"source_missing","missing","Keep NA. Use available observations for the specific outcome; no outcome imputation in point estimates."
100131,"A_2020",0,"father_educ",,"source_missing","missing","Keep NA. Use available observations for the specific outcome; no outcome imputation in point estimates."
100131,"A_2020",0,"father_income_high",,"source_missing","missing","Keep NA. Use available observations for the specific outcome; no outcome imputation in point estimates."
100132,"A_2022",1,"age_at_survey","baseline=12; followup=12; change=0","age_change_outside_2_to_4_screen","review","Retain recorded ages and outcomes. Screening rule only. Systematic cohort differences require survey-date clarification, not automatic correction."
100132,"A_2022",1,"years_in_school","years_in_school=2; baseline_age=12; followup_age=12; age_change=0; highest_grade=6","school_years_exceed_age_change_plus_1","review","Retain. Completed school years exceed reported age change plus a one-year diagnostic allowance. Age errors, varying followup horizons or school-year counting could explain this; do not cap the value or delete the applicant."
100132,"A_2022",1,"father_income_high",,"source_missing","missing","Keep NA. Use available observations for the specific outcome; no outcome imputation in point estimates."
100132,"A_2022",1,"neighborhood",,"source_missing","missing","Keep NA. Exclude from primary controls because coverage differs by cohort."
100133,"A_2022",1,"age_at_survey","baseline=13; followup=12; change=-1","age_change_outside_2_to_4_screen","review","Retain recorded ages and outcomes. Screening rule only. Systematic cohort differences require survey-date clarification, not automatic correction."
100133,"A_2022",1,"age_at_survey","baseline=13; followup=12; change=-1","age_decreased","inconsistent","Followup age clean set to NA; retain baseline age and schooling outcomes. Cannot determine which source age is wrong. Exclusion sensitivity reported."
100133,"A_2022",1,"years_in_school","years_in_school=2; baseline_age=13; followup_age=12; age_change=-1; highest_grade=6","school_years_exceed_age_change_plus_1","review","Retain. Completed school years exceed reported age change plus a one-year diagnostic allowance. Age errors, varying followup horizons or school-year counting could explain this; do not cap the value or delete the applicant."
100133,"A_2022",1,"father_age",,"source_missing","missing","Keep NA. Use available observations for the specific outcome; no outcome imputation in point estimates."
100133,"A_2022",1,"father_educ",,"source_missing","missing","Keep NA. Use available observations for the specific outcome; no outcome imputation in point estimates."
100133,"A_2022",1,"father_income_high",,"source_missing","missing","Keep NA. Use available observations for the specific outcome; no outcome imputation in point estimates."
100133,"A_2022",1,"mother_educ",,"source_missing","missing","Keep NA. Use available observations for the specific outcome; no outcome imputation in point estimates."
100133,"A_2022",1,"neighborhood",,"source_missing","missing","Keep NA. Exclude from primary controls because coverage differs by cohort."
100135,"B_2018",1,"age_at_survey","baseline=14; followup=19; change=5","age_change_outside_2_to_4_screen","review","Retain recorded ages and outcomes. Screening rule only. Systematic cohort differences require survey-date clarification, not automatic correction."
100135,"B_2018",1,"years_in_school","years_in_school=6; baseline_age=14; followup_age=19; age_change=5; highest_grade=9","school_years_since_allocation_above_4","review","Retain as a requested policy outcome with a timing/definition caveat. Five or six years conflict with a uniform three-year interpretation but may fit the older B2018 cohort. Clarify dates and counting convention; do not cap or infer a correction."
100135,"B_2018",1,"neighborhood",,"source_missing","missing","Keep NA. Exclude from primary controls because coverage differs by cohort."
100136,"A_2020",1,"years_in_school","years_in_school=4; baseline_age=12; followup_age=14; age_change=2; highest_grade=8","school_years_exceed_age_change_plus_1","review","Retain. Completed school years exceed reported age change plus a one-year diagnostic allowance. Age errors, varying followup horizons or school-year counting could explain this; do not cap the value or delete the applicant."
100136,"A_2020",1,"father_age",,"source_missing","missing","Keep NA. Use available observations for the specific outcome; no outcome imputation in point estimates."
100136,"A_2020",1,"father_educ",,"source_missing","missing","Keep NA. Use available observations for the specific outcome; no outcome imputation in point estimates."
100136,"A_2020",1,"father_income_high",,"source_missing","missing","Keep NA. Use available observations for the specific outcome; no outcome imputation in point estimates."
100136,"A_2020",1,"mother_educ",,"source_missing","missing","Keep NA. Use available observations for the specific outcome; no outcome imputation in point estimates."
100137,"A_2020",1,"father_age",,"source_missing","missing","Keep NA. Use available observations for the specific outcome; no outcome imputation in point estimates."
100137,"A_2020",1,"father_educ",,"source_missing","missing","Keep NA. Use available observations for the specific outcome; no outcome imputation in point estimates."
100137,"A_2020",1,"father_income_high",,"source_missing","missing","Keep NA. Use available observations for the specific outcome; no outcome imputation in point estimates."
100137,"A_2020",1,"neighborhood",,"source_missing","missing","Keep NA. Exclude from primary controls because coverage differs by cohort."
100138,"A_2020",0,"years_in_school","years_in_school=4; baseline_age=13; followup_age=15; age_change=2; highest_grade=8","school_years_exceed_age_change_plus_1","review","Retain. Completed school years exceed reported age change plus a one-year diagnostic allowance. Age errors, varying followup horizons or school-year counting could explain this; do not cap the value or delete the applicant."
100140,"A_2020",0,"father_age",,"source_missing","missing","Keep NA. Use available observations for the specific outcome; no outcome imputation in point estimates."
100140,"A_2020",0,"father_educ",,"source_missing","missing","Keep NA. Use available observations for the specific outcome; no outcome imputation in point estimates."
100140,"A_2020",0,"father_income_high",,"source_missing","missing","Keep NA. Use available observations for the specific outcome; no outcome imputation in point estimates."
100141,"A_2020",0,"father_age",,"source_missing","missing","Keep NA. Use available observations for the specific outcome; no outcome imputation in point estimates."
100141,"A_2020",0,"father_educ",,"source_missing","missing","Keep NA. Use available observations for the specific outcome; no outcome imputation in point estimates."
100141,"A_2020",0,"father_income_high",,"source_missing","missing","Keep NA. Use available observations for the specific outcome; no outcome imputation in point estimates."
100141,"A_2020",0,"mother_age",,"source_missing","missing","Keep NA. Use available observations for the specific outcome; no outcome imputation in point estimates."
100141,"A_2020",0,"mother_educ",,"source_missing","missing","Keep NA. Use available observations for the specific outcome; no outcome imputation in point estimates."
100143,"A_2022",1,"age_at_survey","baseline=12; followup=13; change=1","age_change_outside_2_to_4_screen","review","Retain recorded ages and outcomes. Screening rule only. Systematic cohort differences require survey-date clarification, not automatic correction."
100143,"A_2022",1,"neighborhood",,"source_missing","missing","Keep NA. Exclude from primary controls because coverage differs by cohort."
100145,"A_2020",1,"years_in_school","years_in_school=4; baseline_age=13; followup_age=15; age_change=2; highest_grade=8","school_years_exceed_age_change_plus_1","review","Retain. Completed school years exceed reported age change plus a one-year diagnostic allowance. Age errors, varying followup horizons or school-year counting could explain this; do not cap the value or delete the applicant."
100146,"A_2022",0,"age_at_survey","baseline=12; followup=13; change=1","age_change_outside_2_to_4_screen","review","Retain recorded ages and outcomes. Screening rule only. Systematic cohort differences require survey-date clarification, not automatic correction."
100146,"A_2022",0,"father_age",,"source_missing","missing","Keep NA. Use available observations for the specific outcome; no outcome imputation in point estimates."
100146,"A_2022",0,"father_educ",,"source_missing","missing","Keep NA. Use available observations for the specific outcome; no outcome imputation in point estimates."
100146,"A_2022",0,"father_income_high",,"source_missing","missing","Keep NA. Use available observations for the specific outcome; no outcome imputation in point estimates."
100146,"A_2022",0,"mother_educ",,"source_missing","missing","Keep NA. Use available observations for the specific outcome; no outcome imputation in point estimates."
100146,"A_2022",0,"neighborhood",,"source_missing","missing","Keep NA. Exclude from primary controls because coverage differs by cohort."
100146,"A_2022",0,"ses_stratum",,"source_missing","missing","Keep NA. Optional adjusted model uses cohort mean and a missing indicator."
100147,"A_2020",0,"father_age",,"source_missing","missing","Keep NA. Use available observations for the specific outcome; no outcome imputation in point estimates."
100147,"A_2020",0,"father_educ",,"source_missing","missing","Keep NA. Use available observations for the specific outcome; no outcome imputation in point estimates."
100147,"A_2020",0,"father_income_high",,"source_missing","missing","Keep NA. Use available observations for the specific outcome; no outcome imputation in point estimates."
100147,"A_2020",0,"ses_stratum",,"source_missing","missing","Keep NA. Optional adjusted model uses cohort mean and a missing indicator."
100149,"B_2018",1,"years_in_school","years_in_school=6; baseline_age=14; followup_age=18; age_change=4; highest_grade=9","school_years_exceed_age_change_plus_1","review","Retain. Completed school years exceed reported age change plus a one-year diagnostic allowance. Age errors, varying followup horizons or school-year counting could explain this; do not cap the value or delete the applicant."
100149,"B_2018",1,"years_in_school","years_in_school=6; baseline_age=14; followup_age=18; age_change=4; highest_grade=9","school_years_since_allocation_above_4","review","Retain as a requested policy outcome with a timing/definition caveat. Five or six years conflict with a uniform three-year interpretation but may fit the older B2018 cohort. Clarify dates and counting convention; do not cap or infer a correction."
100149,"B_2018",1,"neighborhood",,"source_missing","missing","Keep NA. Exclude from primary controls because coverage differs by cohort."
100150,"A_2020",1,"years_in_school","highest_grade=9; years_in_school=3","school_years_below_grade_progress_assuming_grade5_entry","review","Retain both fields. This screen assumes grade 5 completed at allocation. Missing baseline grade and uncertain counting convention prevent a verified correction."
100152,"A_2022",1,"age_at_survey","baseline=13; followup=14; change=1","age_change_outside_2_to_4_screen","review","Retain recorded ages and outcomes. Screening rule only. Systematic cohort differences require survey-date clarification, not automatic correction."
100152,"A_2022",1,"years_in_school","years_in_school=3; baseline_age=13; followup_age=14; age_change=1; highest_grade=6","school_years_exceed_age_change_plus_1","review","Retain. Completed school years exceed reported age change plus a one-year diagnostic allowance. Age errors, varying followup horizons or school-year counting could explain this; do not cap the value or delete the applicant."
100152,"A_2022",1,"neighborhood",,"source_missing","missing","Keep NA. Exclude from primary controls because coverage differs by cohort."
100153,"A_2020",0,"father_educ",,"source_missing","missing","Keep NA. Use available observations for the specific outcome; no outcome imputation in point estimates."
100153,"A_2020",0,"mother_age",,"source_missing","missing","Keep NA. Use available observations for the specific outcome; no outcome imputation in point estimates."
100153,"A_2020",0,"mother_educ",,"source_missing","missing","Keep NA. Use available observations for the specific outcome; no outcome imputation in point estimates."
100154,"A_2022",1,"age_at_survey","baseline=14; followup=15; change=1","age_change_outside_2_to_4_screen","review","Retain recorded ages and outcomes. Screening rule only. Systematic cohort differences require survey-date clarification, not automatic correction."
100154,"A_2022",1,"neighborhood",,"source_missing","missing","Keep NA. Exclude from primary controls because coverage differs by cohort."
100155,"A_2022",1,"age_at_survey","baseline=16; followup=16; change=0","age_change_outside_2_to_4_screen","review","Retain recorded ages and outcomes. Screening rule only. Systematic cohort differences require survey-date clarification, not automatic correction."
100155,"A_2022",1,"years_in_school","years_in_school=3; baseline_age=16; followup_age=16; age_change=0; highest_grade=7","school_years_exceed_age_change_plus_1","review","Retain. Completed school years exceed reported age change plus a one-year diagnostic allowance. Age errors, varying followup horizons or school-year counting could explain this; do not cap the value or delete the applicant."
100155,"A_2022",1,"mother_age",,"source_missing","missing","Keep NA. Use available observations for the specific outcome; no outcome imputation in point estimates."
100155,"A_2022",1,"mother_educ",,"source_missing","missing","Keep NA. Use available observations for the specific outcome; no outcome imputation in point estimates."
100155,"A_2022",1,"neighborhood",,"source_missing","missing","Keep NA. Exclude from primary controls because coverage differs by cohort."
100156,"A_2020",1,"father_income_high",,"source_missing","missing","Keep NA. Use available observations for the specific outcome; no outcome imputation in point estimates."
100156,"A_2020",1,"neighborhood",,"source_missing","missing","Keep NA. Exclude from primary controls because coverage differs by cohort."
100158,"A_2020",0,"years_in_school","years_in_school=4; baseline_age=14; followup_age=16; age_change=2; highest_grade=8","school_years_exceed_age_change_plus_1","review","Retain. Completed school years exceed reported age change plus a one-year diagnostic allowance. Age errors, varying followup horizons or school-year counting could explain this; do not cap the value or delete the applicant."
100158,"A_2020",0,"father_income_high",,"source_missing","missing","Keep NA. Use available observations for the specific outcome; no outcome imputation in point estimates."
100159,"A_2022",1,"age_at_survey","baseline=13; followup=13; change=0","age_change_outside_2_to_4_screen","review","Retain recorded ages and outcomes. Screening rule only. Systematic cohort differences require survey-date clarification, not automatic correction."
100159,"A_2022",1,"father_age",,"source_missing","missing","Keep NA. Use available observations for the specific outcome; no outcome imputation in point estimates."
100159,"A_2022",1,"father_educ",,"source_missing","missing","Keep NA. Use available observations for the specific outcome; no outcome imputation in point estimates."
100159,"A_2022",1,"father_income_high",,"source_missing","missing","Keep NA. Use available observations for the specific outcome; no outcome imputation in point estimates."
100159,"A_2022",1,"neighborhood",,"source_missing","missing","Keep NA. Exclude from primary controls because coverage differs by cohort."
100159,"A_2022",1,"ses_stratum",,"source_missing","missing","Keep NA. Optional adjusted model uses cohort mean and a missing indicator."
100161,"A_2022",0,"age_at_survey","baseline=14; followup=15; change=1","age_change_outside_2_to_4_screen","review","Retain recorded ages and outcomes. Screening rule only. Systematic cohort differences require survey-date clarification, not automatic correction."
100161,"A_2022",0,"neighborhood",,"source_missing","missing","Keep NA. Exclude from primary controls because coverage differs by cohort."
100162,"A_2020",1,"years_in_school","years_in_school=4; baseline_age=12; followup_age=14; age_change=2; highest_grade=6","school_years_exceed_age_change_plus_1","review","Retain. Completed school years exceed reported age change plus a one-year diagnostic allowance. Age errors, varying followup horizons or school-year counting could explain this; do not cap the value or delete the applicant."
100162,"A_2020",1,"father_age",,"source_missing","missing","Keep NA. Use available observations for the specific outcome; no outcome imputation in point estimates."
100162,"A_2020",1,"father_educ",,"source_missing","missing","Keep NA. Use available observations for the specific outcome; no outcome imputation in point estimates."
100162,"A_2020",1,"father_income_high",,"source_missing","missing","Keep NA. Use available observations for the specific outcome; no outcome imputation in point estimates."
100162,"A_2020",1,"mother_educ",,"source_missing","missing","Keep NA. Use available observations for the specific outcome; no outcome imputation in point estimates."
100162,"A_2020",1,"neighborhood",,"source_missing","missing","Keep NA. Exclude from primary controls because coverage differs by cohort."
100164,"B_2018",1,"years_in_school","years_in_school=6; baseline_age=10; followup_age=14; age_change=4; highest_grade=9","school_years_exceed_age_change_plus_1","review","Retain. Completed school years exceed reported age change plus a one-year diagnostic allowance. Age errors, varying followup horizons or school-year counting could explain this; do not cap the value or delete the applicant."
100164,"B_2018",1,"years_in_school","years_in_school=6; baseline_age=10; followup_age=14; age_change=4; highest_grade=9","school_years_since_allocation_above_4","review","Retain as a requested policy outcome with a timing/definition caveat. Five or six years conflict with a uniform three-year interpretation but may fit the older B2018 cohort. Clarify dates and counting convention; do not cap or infer a correction."
100164,"B_2018",1,"neighborhood",,"source_missing","missing","Keep NA. Exclude from primary controls because coverage differs by cohort."
100165,"A_2020",0,"neighborhood",,"source_missing","missing","Keep NA. Exclude from primary controls because coverage differs by cohort."
100165,"A_2020",0,"hours_worked","0","working_but_zero_weekly_hours","review","Retain. Could reflect temporary absence or reference-period differences; do not assume zero means missing."
100166,"A_2020",0,"neighborhood",,"source_missing","missing","Keep NA. Exclude from primary controls because coverage differs by cohort."
100167,"A_2020",1,"years_in_school","years_in_school=4; baseline_age=14; followup_age=16; age_change=2; highest_grade=8","school_years_exceed_age_change_plus_1","review","Retain. Completed school years exceed reported age change plus a one-year diagnostic allowance. Age errors, varying followup horizons or school-year counting could explain this; do not cap the value or delete the applicant."
100168,"A_2022",0,"age_at_survey","baseline=11; followup=12; change=1","age_change_outside_2_to_4_screen","review","Retain recorded ages and outcomes. Screening rule only. Systematic cohort differences require survey-date clarification, not automatic correction."
100168,"A_2022",0,"neighborhood",,"source_missing","missing","Keep NA. Exclude from primary controls because coverage differs by cohort."
100169,"A_2020",1,"years_in_school","years_in_school=4; baseline_age=12; followup_age=14; age_change=2; highest_grade=7","school_years_exceed_age_change_plus_1","review","Retain. Completed school years exceed reported age change plus a one-year diagnostic allowance. Age errors, varying followup horizons or school-year counting could explain this; do not cap the value or delete the applicant."
100170,"A_2020",0,"years_in_school","years_in_school=5; baseline_age=12; followup_age=14; age_change=2; highest_grade=8","school_years_exceed_age_change_plus_1","review","Retain. Completed school years exceed reported age change plus a one-year diagnostic allowance. Age errors, varying followup horizons or school-year counting could explain this; do not cap the value or delete the applicant."
100170,"A_2020",0,"years_in_school","years_in_school=5; baseline_age=12; followup_age=14; age_change=2; highest_grade=8","school_years_since_allocation_above_4","review","Retain as a requested policy outcome with a timing/definition caveat. Five or six years conflict with a uniform three-year interpretation but may fit the older B2018 cohort. Clarify dates and counting convention; do not cap or infer a correction."
100172,"A_2020",0,"neighborhood",,"source_missing","missing","Keep NA. Exclude from primary controls because coverage differs by cohort."
100172,"A_2020",0,"repeats_g6",,"source_missing","missing","Keep NA. Use available observations for the specific outcome; no outcome imputation in point estimates."
100172,"A_2020",0,"started_g6_private",,"source_missing","missing","Keep NA. Use available observations for the specific outcome; no outcome imputation in point estimates."
100172,"A_2020",0,"started_g7_private",,"source_missing","missing","Keep NA. Use available observations for the specific outcome; no outcome imputation in point estimates."
100173,"A_2020",0,"age_at_application",,"source_missing","missing","Keep NA. Optional adjusted model uses cohort mean and a missing indicator."
100173,"A_2020",0,"father_age",,"source_missing","missing","Keep NA. Use available observations for the specific outcome; no outcome imputation in point estimates."
100173,"A_2020",0,"father_educ",,"source_missing","missing","Keep NA. Use available observations for the specific outcome; no outcome imputation in point estimates."
100173,"A_2020",0,"father_income_high",,"source_missing","missing","Keep NA. Use available observations for the specific outcome; no outcome imputation in point estimates."
100174,"A_2022",1,"age_at_survey","baseline=12; followup=13; change=1","age_change_outside_2_to_4_screen","review","Retain recorded ages and outcomes. Screening rule only. Systematic cohort differences require survey-date clarification, not automatic correction."
100174,"A_2022",1,"neighborhood",,"source_missing","missing","Keep NA. Exclude from primary controls because coverage differs by cohort."
100175,"A_2020",0,"father_age",,"source_missing","missing","Keep NA. Use available observations for the specific outcome; no outcome imputation in point estimates."
100175,"A_2020",0,"father_educ",,"source_missing","missing","Keep NA. Use available observations for the specific outcome; no outcome imputation in point estimates."
100175,"A_2020",0,"father_income_high",,"source_missing","missing","Keep NA. Use available observations for the specific outcome; no outcome imputation in point estimates."
100175,"A_2020",0,"neighborhood",,"source_missing","missing","Keep NA. Exclude from primary controls because coverage differs by cohort."
100176,"A_2020",0,"neighborhood",,"source_missing","missing","Keep NA. Exclude from primary controls because coverage differs by cohort."
100177,"B_2018",0,"age_at_survey","baseline=13; followup=18; change=5","age_change_outside_2_to_4_screen","review","Retain recorded ages and outcomes. Screening rule only. Systematic cohort differences require survey-date clarification, not automatic correction."
100177,"B_2018",0,"years_in_school","years_in_school=6; baseline_age=13; followup_age=18; age_change=5; highest_grade=10","school_years_since_allocation_above_4","review","Retain as a requested policy outcome with a timing/definition caveat. Five or six years conflict with a uniform three-year interpretation but may fit the older B2018 cohort. Clarify dates and counting convention; do not cap or infer a correction."
100177,"B_2018",0,"father_age",,"source_missing","missing","Keep NA. Use available observations for the specific outcome; no outcome imputation in point estimates."
100177,"B_2018",0,"father_educ",,"source_missing","missing","Keep NA. Use available observations for the specific outcome; no outcome imputation in point estimates."
100177,"B_2018",0,"father_income_high",,"source_missing","missing","Keep NA. Use available observations for the specific outcome; no outcome imputation in point estimates."
100177,"B_2018",0,"neighborhood",,"source_missing","missing","Keep NA. Exclude from primary controls because coverage differs by cohort."
100178,"A_2020",0,"father_income_high",,"source_missing","missing","Keep NA. Use available observations for the specific outcome; no outcome imputation in point estimates."
100179,"A_2020",0,"father_educ",,"source_missing","missing","Keep NA. Use available observations for the specific outcome; no outcome imputation in point estimates."
100179,"A_2020",0,"mother_educ",,"source_missing","missing","Keep NA. Use available observations for the specific outcome; no outcome imputation in point estimates."
100180,"A_2020",0,"years_in_school","years_in_school=4; baseline_age=12; followup_age=14; age_change=2; highest_grade=6","school_years_exceed_age_change_plus_1","review","Retain. Completed school years exceed reported age change plus a one-year diagnostic allowance. Age errors, varying followup horizons or school-year counting could explain this; do not cap the value or delete the applicant."
100180,"A_2020",0,"father_educ",,"source_missing","missing","Keep NA. Use available observations for the specific outcome; no outcome imputation in point estimates."
100180,"A_2020",0,"mother_educ",,"source_missing","missing","Keep NA. Use available observations for the specific outcome; no outcome imputation in point estimates."
100181,"B_2018",1,"years_in_school","years_in_school=6; baseline_age=13; followup_age=17; age_change=4; highest_grade=9","school_years_exceed_age_change_plus_1","review","Retain. Completed school years exceed reported age change plus a one-year diagnostic allowance. Age errors, varying followup horizons or school-year counting could explain this; do not cap the value or delete the applicant."
100181,"B_2018",1,"years_in_school","years_in_school=6; baseline_age=13; followup_age=17; age_change=4; highest_grade=9","school_years_since_allocation_above_4","review","Retain as a requested policy outcome with a timing/definition caveat. Five or six years conflict with a uniform three-year interpretation but may fit the older B2018 cohort. Clarify dates and counting convention; do not cap or infer a correction."
100181,"B_2018",1,"father_age",,"source_missing","missing","Keep NA. Use available observations for the specific outcome; no outcome imputation in point estimates."
100181,"B_2018",1,"father_educ",,"source_missing","missing","Keep NA. Use available observations for the specific outcome; no outcome imputation in point estimates."
100181,"B_2018",1,"father_income_high",,"source_missing","missing","Keep NA. Use available observations for the specific outcome; no outcome imputation in point estimates."
100181,"B_2018",1,"mother_age",,"source_missing","missing","Keep NA. Use available observations for the specific outcome; no outcome imputation in point estimates."
100181,"B_2018",1,"mother_educ",,"source_missing","missing","Keep NA. Use available observations for the specific outcome; no outcome imputation in point estimates."
100181,"B_2018",1,"neighborhood",,"source_missing","missing","Keep NA. Exclude from primary controls because coverage differs by cohort."
100182,"A_2022",1,"age_at_survey","baseline=16; followup=16; change=0","age_change_outside_2_to_4_screen","review","Retain recorded ages and outcomes. Screening rule only. Systematic cohort differences require survey-date clarification, not automatic correction."
100182,"A_2022",1,"years_in_school","years_in_school=2; baseline_age=16; followup_age=16; age_change=0; highest_grade=6","school_years_exceed_age_change_plus_1","review","Retain. Completed school years exceed reported age change plus a one-year diagnostic allowance. Age errors, varying followup horizons or school-year counting could explain this; do not cap the value or delete the applicant."
100182,"A_2022",1,"father_age",,"source_missing","missing","Keep NA. Use available observations for the specific outcome; no outcome imputation in point estimates."
100182,"A_2022",1,"father_income_high",,"source_missing","missing","Keep NA. Use available observations for the specific outcome; no outcome imputation in point estimates."
100182,"A_2022",1,"neighborhood",,"source_missing","missing","Keep NA. Exclude from primary controls because coverage differs by cohort."
100183,"A_2020",0,"years_in_school","years_in_school=4; baseline_age=12; followup_age=14; age_change=2; highest_grade=8","school_years_exceed_age_change_plus_1","review","Retain. Completed school years exceed reported age change plus a one-year diagnostic allowance. Age errors, varying followup horizons or school-year counting could explain this; do not cap the value or delete the applicant."
100184,"A_2020",0,"father_educ",,"source_missing","missing","Keep NA. Use available observations for the specific outcome; no outcome imputation in point estimates."
100184,"A_2020",0,"mother_educ",,"source_missing","missing","Keep NA. Use available observations for the specific outcome; no outcome imputation in point estimates."
100184,"A_2020",0,"neighborhood",,"source_missing","missing","Keep NA. Exclude from primary controls because coverage differs by cohort."
100185,"A_2022",0,"age_at_survey","baseline=16; followup=17; change=1","age_change_outside_2_to_4_screen","review","Retain recorded ages and outcomes. Screening rule only. Systematic cohort differences require survey-date clarification, not automatic correction."
100185,"A_2022",0,"neighborhood",,"source_missing","missing","Keep NA. Exclude from primary controls because coverage differs by cohort."
100185,"A_2022",0,"ses_stratum",,"source_missing","missing","Keep NA. Optional adjusted model uses cohort mean and a missing indicator."
100186,"A_2020",1,"years_in_school","years_in_school=4; baseline_age=11; followup_age=13; age_change=2; highest_grade=8","school_years_exceed_age_change_plus_1","review","Retain. Completed school years exceed reported age change plus a one-year diagnostic allowance. Age errors, varying followup horizons or school-year counting could explain this; do not cap the value or delete the applicant."
100186,"A_2020",1,"father_income_high",,"source_missing","missing","Keep NA. Use available observations for the specific outcome; no outcome imputation in point estimates."
100187,"B_2018",0,"years_in_school","years_in_school=6; baseline_age=11; followup_age=15; age_change=4; highest_grade=9","school_years_exceed_age_change_plus_1","review","Retain. Completed school years exceed reported age change plus a one-year diagnostic allowance. Age errors, varying followup horizons or school-year counting could explain this; do not cap the value or delete the applicant."
100187,"B_2018",0,"years_in_school","years_in_school=6; baseline_age=11; followup_age=15; age_change=4; highest_grade=9","school_years_since_allocation_above_4","review","Retain as a requested policy outcome with a timing/definition caveat. Five or six years conflict with a uniform three-year interpretation but may fit the older B2018 cohort. Clarify dates and counting convention; do not cap or infer a correction."
100187,"B_2018",0,"neighborhood",,"source_missing","missing","Keep NA. Exclude from primary controls because coverage differs by cohort."
100188,"A_2022",0,"age_at_survey","baseline=13; followup=14; change=1","age_change_outside_2_to_4_screen","review","Retain recorded ages and outcomes. Screening rule only. Systematic cohort differences require survey-date clarification, not automatic correction."
100188,"A_2022",0,"neighborhood",,"source_missing","missing","Keep NA. Exclude from primary controls because coverage differs by cohort."
100189,"A_2020",1,"years_in_school","years_in_school=4; baseline_age=11; followup_age=13; age_change=2; highest_grade=8","school_years_exceed_age_change_plus_1","review","Retain. Completed school years exceed reported age change plus a one-year diagnostic allowance. Age errors, varying followup horizons or school-year counting could explain this; do not cap the value or delete the applicant."
100190,"B_2018",0,"age_at_survey","baseline=13; followup=18; change=5","age_change_outside_2_to_4_screen","review","Retain recorded ages and outcomes. Screening rule only. Systematic cohort differences require survey-date clarification, not automatic correction."
100190,"B_2018",0,"years_in_school","years_in_school=6; baseline_age=13; followup_age=18; age_change=5; highest_grade=10","school_years_since_allocation_above_4","review","Retain as a requested policy outcome with a timing/definition caveat. Five or six years conflict with a uniform three-year interpretation but may fit the older B2018 cohort. Clarify dates and counting convention; do not cap or infer a correction."
100190,"B_2018",0,"father_age",,"source_missing","missing","Keep NA. Use available observations for the specific outcome; no outcome imputation in point estimates."
100190,"B_2018",0,"father_educ",,"source_missing","missing","Keep NA. Use available observations for the specific outcome; no outcome imputation in point estimates."
100190,"B_2018",0,"father_income_high",,"source_missing","missing","Keep NA. Use available observations for the specific outcome; no outcome imputation in point estimates."
100190,"B_2018",0,"neighborhood",,"source_missing","missing","Keep NA. Exclude from primary controls because coverage differs by cohort."
100191,"A_2020",1,"father_age",,"source_missing","missing","Keep NA. Use available observations for the specific outcome; no outcome imputation in point estimates."
100191,"A_2020",1,"father_educ",,"source_missing","missing","Keep NA. Use available observations for the specific outcome; no outcome imputation in point estimates."
100191,"A_2020",1,"father_income_high",,"source_missing","missing","Keep NA. Use available observations for the specific outcome; no outcome imputation in point estimates."
100193,"A_2020",1,"years_in_school","years_in_school=4; baseline_age=12; followup_age=14; age_change=2; highest_grade=8","school_years_exceed_age_change_plus_1","review","Retain. Completed school years exceed reported age change plus a one-year diagnostic allowance. Age errors, varying followup horizons or school-year counting could explain this; do not cap the value or delete the applicant."
100194,"A_2020",1,"age_at_survey","baseline=14; followup=15; change=1","age_change_outside_2_to_4_screen","review","Retain recorded ages and outcomes. Screening rule only. Systematic cohort differences require survey-date clarification, not automatic correction."
100194,"A_2020",1,"years_in_school","years_in_school=3; baseline_age=14; followup_age=15; age_change=1; highest_grade=6","school_years_exceed_age_change_plus_1","review","Retain. Completed school years exceed reported age change plus a one-year diagnostic allowance. Age errors, varying followup horizons or school-year counting could explain this; do not cap the value or delete the applicant."
100195,"A_2020",1,"years_in_school","years_in_school=4; baseline_age=13; followup_age=15; age_change=2; highest_grade=7","school_years_exceed_age_change_plus_1","review","Retain. Completed school years exceed reported age change plus a one-year diagnostic allowance. Age errors, varying followup horizons or school-year counting could explain this; do not cap the value or delete the applicant."
100195,"A_2020",1,"neighborhood",,"source_missing","missing","Keep NA. Exclude from primary controls because coverage differs by cohort."
100196,"B_2018",0,"years_in_school","years_in_school=6; baseline_age=13; followup_age=17; age_change=4; highest_grade=10","school_years_exceed_age_change_plus_1","review","Retain. Completed school years exceed reported age change plus a one-year diagnostic allowance. Age errors, varying followup horizons or school-year counting could explain this; do not cap the value or delete the applicant."
100196,"B_2018",0,"years_in_school","years_in_school=6; baseline_age=13; followup_age=17; age_change=4; highest_grade=10","school_years_since_allocation_above_4","review","Retain as a requested policy outcome with a timing/definition caveat. Five or six years conflict with a uniform three-year interpretation but may fit the older B2018 cohort. Clarify dates and counting convention; do not cap or infer a correction."
100196,"B_2018",0,"father_age",,"source_missing","missing","Keep NA. Use available observations for the specific outcome; no outcome imputation in point estimates."
100196,"B_2018",0,"father_educ",,"source_missing","missing","Keep NA. Use available observations for the specific outcome; no outcome imputation in point estimates."
100196,"B_2018",0,"father_income_high",,"source_missing","missing","Keep NA. Use available observations for the specific outcome; no outcome imputation in point estimates."
100196,"B_2018",0,"neighborhood",,"source_missing","missing","Keep NA. Exclude from primary controls because coverage differs by cohort."
100197,"B_2018",1,"years_in_school","years_in_school=6; baseline_age=13; followup_age=17; age_change=4; highest_grade=9","school_years_exceed_age_change_plus_1","review","Retain. Completed school years exceed reported age change plus a one-year diagnostic allowance. Age errors, varying followup horizons or school-year counting could explain this; do not cap the value or delete the applicant."
100197,"B_2018",1,"years_in_school","years_in_school=6; baseline_age=13; followup_age=17; age_change=4; highest_grade=9","school_years_since_allocation_above_4","review","Retain as a requested policy outcome with a timing/definition caveat. Five or six years conflict with a uniform three-year interpretation but may fit the older B2018 cohort. Clarify dates and counting convention; do not cap or infer a correction."
100197,"B_2018",1,"neighborhood",,"source_missing","missing","Keep NA. Exclude from primary controls because coverage differs by cohort."
100198,"A_2020",1,"years_in_school","years_in_school=4; baseline_age=12; followup_age=14; age_change=2; highest_grade=8","school_years_exceed_age_change_plus_1","review","Retain. Completed school years exceed reported age change plus a one-year diagnostic allowance. Age errors, varying followup horizons or school-year counting could explain this; do not cap the value or delete the applicant."
100199,"A_2022",1,"neighborhood",,"source_missing","missing","Keep NA. Exclude from primary controls because coverage differs by cohort."
100200,"A_2020",1,"father_age",,"source_missing","missing","Keep NA. Use available observations for the specific outcome; no outcome imputation in point estimates."
100200,"A_2020",1,"father_educ",,"source_missing","missing","Keep NA. Use available observations for the specific outcome; no outcome imputation in point estimates."
100200,"A_2020",1,"father_income_high",,"source_missing","missing","Keep NA. Use available observations for the specific outcome; no outcome imputation in point estimates."
100200,"A_2020",1,"neighborhood",,"source_missing","missing","Keep NA. Exclude from primary controls because coverage differs by cohort."
100201,"A_2020",0,"years_in_school","years_in_school=5; baseline_age=12; followup_age=14; age_change=2; highest_grade=9","school_years_exceed_age_change_plus_1","review","Retain. Completed school years exceed reported age change plus a one-year diagnostic allowance. Age errors, varying followup horizons or school-year counting could explain this; do not cap the value or delete the applicant."
100201,"A_2020",0,"years_in_school","years_in_school=5; baseline_age=12; followup_age=14; age_change=2; highest_grade=9","school_years_since_allocation_above_4","review","Retain as a requested policy outcome with a timing/definition caveat. Five or six years conflict with a uniform three-year interpretation but may fit the older B2018 cohort. Clarify dates and counting convention; do not cap or infer a correction."
100202,"A_2020",1,"years_in_school","years_in_school=4; baseline_age=13; followup_age=15; age_change=2; highest_grade=8","school_years_exceed_age_change_plus_1","review","Retain. Completed school years exceed reported age change plus a one-year diagnostic allowance. Age errors, varying followup horizons or school-year counting could explain this; do not cap the value or delete the applicant."
100202,"A_2020",1,"father_educ",,"source_missing","missing","Keep NA. Use available observations for the specific outcome; no outcome imputation in point estimates."
100202,"A_2020",1,"father_income_high",,"source_missing","missing","Keep NA. Use available observations for the specific outcome; no outcome imputation in point estimates."
100203,"A_2020",1,"finished_g6","highest_grade=11; finished_g6=0","completion_flag_disagrees_with_highest_grade","inconsistent","Retain both reports; no source is known authoritative. Main grade result uses reported highest_grade. Sensitivity excludes conflicted applicants."
100203,"A_2020",1,"finished_g7","highest_grade=11; finished_g7=0","completion_flag_disagrees_with_highest_grade","inconsistent","Retain both reports; no source is known authoritative. Main grade result uses reported highest_grade. Sensitivity excludes conflicted applicants."
100203,"A_2020",1,"finished_g8","highest_grade=11; finished_g8=0","completion_flag_disagrees_with_highest_grade","inconsistent","Retain both reports; no source is known authoritative. Main grade result uses reported highest_grade. Sensitivity excludes conflicted applicants."
100203,"A_2020",1,"years_in_school","highest_grade=11; years_in_school=5","school_years_below_grade_progress_assuming_grade5_entry","review","Retain both fields. This screen assumes grade 5 completed at allocation. Missing baseline grade and uncertain counting convention prevent a verified correction."
100203,"A_2020",1,"years_in_school","years_in_school=5; baseline_age=15; followup_age=18; age_change=3; highest_grade=11","school_years_exceed_age_change_plus_1","review","Retain. Completed school years exceed reported age change plus a one-year diagnostic allowance. Age errors, varying followup horizons or school-year counting could explain this; do not cap the value or delete the applicant."
100203,"A_2020",1,"years_in_school","years_in_school=5; baseline_age=15; followup_age=18; age_change=3; highest_grade=11","school_years_since_allocation_above_4","review","Retain as a requested policy outcome with a timing/definition caveat. Five or six years conflict with a uniform three-year interpretation but may fit the older B2018 cohort. Clarify dates and counting convention; do not cap or infer a correction."
100203,"A_2020",1,"in_private_now",,"source_missing","missing","Keep NA. Use available observations for the specific outcome; no outcome imputation in point estimates."
100203,"A_2020",1,"in_school_now",,"source_missing","missing","Keep NA. Use available observations for the specific outcome; no outcome imputation in point estimates."
100203,"A_2020",1,"neighborhood",,"source_missing","missing","Keep NA. Exclude from primary controls because coverage differs by cohort."
100204,"A_2020",1,"years_in_school","years_in_school=4; baseline_age=12; followup_age=14; age_change=2; highest_grade=8","school_years_exceed_age_change_plus_1","review","Retain. Completed school years exceed reported age change plus a one-year diagnostic allowance. Age errors, varying followup horizons or school-year counting could explain this; do not cap the value or delete the applicant."
100204,"A_2020",1,"neighborhood",,"source_missing","missing","Keep NA. Exclude from primary controls because coverage differs by cohort."
100205,"A_2020",0,"age_at_application",,"source_missing","missing","Keep NA. Optional adjusted model uses cohort mean and a missing indicator."
100205,"A_2020",0,"neighborhood",,"source_missing","missing","Keep NA. Exclude from primary controls because coverage differs by cohort."
100205,"A_2020",0,"ses_stratum",,"source_missing","missing","Keep NA. Optional adjusted model uses cohort mean and a missing indicator."
100206,"A_2020",0,"years_in_school","highest_grade=8; years_in_school=1","school_years_below_grade_progress_assuming_grade5_entry","review","Retain both fields. This screen assumes grade 5 completed at allocation. Missing baseline grade and uncertain counting convention prevent a verified correction."
100206,"A_2020",0,"repeats_g6",,"source_missing","missing","Keep NA. Use available observations for the specific outcome; no outcome imputation in point estimates."
100206,"A_2020",0,"started_g6_private",,"source_missing","missing","Keep NA. Use available observations for the specific outcome; no outcome imputation in point estimates."
100206,"A_2020",0,"started_g7_private",,"source_missing","missing","Keep NA. Use available observations for the specific outcome; no outcome imputation in point estimates."
100207,"A_2020",0,"neighborhood",,"source_missing","missing","Keep NA. Exclude from primary controls because coverage differs by cohort."
100208,"A_2020",0,"age_at_application",,"source_missing","missing","Keep NA. Optional adjusted model uses cohort mean and a missing indicator."
100209,"A_2022",1,"age_at_survey","baseline=11; followup=12; change=1","age_change_outside_2_to_4_screen","review","Retain recorded ages and outcomes. Screening rule only. Systematic cohort differences require survey-date clarification, not automatic correction."
100209,"A_2022",1,"neighborhood",,"source_missing","missing","Keep NA. Exclude from primary controls because coverage differs by cohort."
100211,"A_2020",0,"years_in_school","years_in_school=4; baseline_age=14; followup_age=16; age_change=2; highest_grade=8","school_years_exceed_age_change_plus_1","review","Retain. Completed school years exceed reported age change plus a one-year diagnostic allowance. Age errors, varying followup horizons or school-year counting could explain this; do not cap the value or delete the applicant."
100212,"A_2022",0,"neighborhood",,"source_missing","missing","Keep NA. Exclude from primary controls because coverage differs by cohort."
100213,"A_2020",1,"years_in_school","years_in_school=4; baseline_age=12; followup_age=14; age_change=2; highest_grade=8","school_years_exceed_age_change_plus_1","review","Retain. Completed school years exceed reported age change plus a one-year diagnostic allowance. Age errors, varying followup horizons or school-year counting could explain this; do not cap the value or delete the applicant."
100213,"A_2020",1,"father_income_high",,"source_missing","missing","Keep NA. Use available observations for the specific outcome; no outcome imputation in point estimates."
100213,"A_2020",1,"neighborhood",,"source_missing","missing","Keep NA. Exclude from primary controls because coverage differs by cohort."
100214,"A_2020",1,"neighborhood",,"source_missing","missing","Keep NA. Exclude from primary controls because coverage differs by cohort."
100215,"A_2020",0,"neighborhood",,"source_missing","missing","Keep NA. Exclude from primary controls because coverage differs by cohort."
100217,"A_2020",0,"father_age",,"source_missing","missing","Keep NA. Use available observations for the specific outcome; no outcome imputation in point estimates."
100217,"A_2020",0,"father_educ",,"source_missing","missing","Keep NA. Use available observations for the specific outcome; no outcome imputation in point estimates."
100217,"A_2020",0,"father_income_high",,"source_missing","missing","Keep NA. Use available observations for the specific outcome; no outcome imputation in point estimates."
100217,"A_2020",0,"neighborhood",,"source_missing","missing","Keep NA. Exclude from primary controls because coverage differs by cohort."
100218,"A_2020",0,"father_educ",,"source_missing","missing","Keep NA. Use available observations for the specific outcome; no outcome imputation in point estimates."
100218,"A_2020",0,"father_income_high",,"source_missing","missing","Keep NA. Use available observations for the specific outcome; no outcome imputation in point estimates."
100218,"A_2020",0,"mother_educ",,"source_missing","missing","Keep NA. Use available observations for the specific outcome; no outcome imputation in point estimates."
100218,"A_2020",0,"neighborhood",,"source_missing","missing","Keep NA. Exclude from primary controls because coverage differs by cohort."
100219,"A_2022",1,"age_at_survey","baseline=12; followup=12; change=0","age_change_outside_2_to_4_screen","review","Retain recorded ages and outcomes. Screening rule only. Systematic cohort differences require survey-date clarification, not automatic correction."
100219,"A_2022",1,"years_in_school","years_in_school=2; baseline_age=12; followup_age=12; age_change=0; highest_grade=6","school_years_exceed_age_change_plus_1","review","Retain. Completed school years exceed reported age change plus a one-year diagnostic allowance. Age errors, varying followup horizons or school-year counting could explain this; do not cap the value or delete the applicant."
100219,"A_2022",1,"neighborhood",,"source_missing","missing","Keep NA. Exclude from primary controls because coverage differs by cohort."
100220,"A_2020",0,"father_age",,"source_missing","missing","Keep NA. Use available observations for the specific outcome; no outcome imputation in point estimates."
100220,"A_2020",0,"father_educ",,"source_missing","missing","Keep NA. Use available observations for the specific outcome; no outcome imputation in point estimates."
100220,"A_2020",0,"father_income_high",,"source_missing","missing","Keep NA. Use available observations for the specific outcome; no outcome imputation in point estimates."
100220,"A_2020",0,"neighborhood",,"source_missing","missing","Keep NA. Exclude from primary controls because coverage differs by cohort."
100220,"A_2020",0,"ses_stratum",,"source_missing","missing","Keep NA. Optional adjusted model uses cohort mean and a missing indicator."
100221,"A_2020",1,"years_in_school","years_in_school=4; baseline_age=14; followup_age=16; age_change=2; highest_grade=8","school_years_exceed_age_change_plus_1","review","Retain. Completed school years exceed reported age change plus a one-year diagnostic allowance. Age errors, varying followup horizons or school-year counting could explain this; do not cap the value or delete the applicant."
100221,"A_2020",1,"neighborhood",,"source_missing","missing","Keep NA. Exclude from primary controls because coverage differs by cohort."
100222,"A_2020",1,"father_age",,"source_missing","missing","Keep NA. Use available observations for the specific outcome; no outcome imputation in point estimates."
100222,"A_2020",1,"father_educ",,"source_missing","missing","Keep NA. Use available observations for the specific outcome; no outcome imputation in point estimates."
100222,"A_2020",1,"father_income_high",,"source_missing","missing","Keep NA. Use available observations for the specific outcome; no outcome imputation in point estimates."
100222,"A_2020",1,"mother_educ",,"source_missing","missing","Keep NA. Use available observations for the specific outcome; no outcome imputation in point estimates."
100223,"A_2020",1,"father_age",,"source_missing","missing","Keep NA. Use available observations for the specific outcome; no outcome imputation in point estimates."
100223,"A_2020",1,"father_educ",,"source_missing","missing","Keep NA. Use available observations for the specific outcome; no outcome imputation in point estimates."
100223,"A_2020",1,"father_income_high",,"source_missing","missing","Keep NA. Use available observations for the specific outcome; no outcome imputation in point estimates."
100225,"A_2020",1,"years_in_school","years_in_school=4; baseline_age=11; followup_age=13; age_change=2; highest_grade=8","school_years_exceed_age_change_plus_1","review","Retain. Completed school years exceed reported age change plus a one-year diagnostic allowance. Age errors, varying followup horizons or school-year counting could explain this; do not cap the value or delete the applicant."
100225,"A_2020",1,"father_educ",,"source_missing","missing","Keep NA. Use available observations for the specific outcome; no outcome imputation in point estimates."
100225,"A_2020",1,"father_income_high",,"source_missing","missing","Keep NA. Use available observations for the specific outcome; no outcome imputation in point estimates."
100225,"A_2020",1,"neighborhood",,"source_missing","missing","Keep NA. Exclude from primary controls because coverage differs by cohort."
100226,"A_2020",0,"years_in_school","highest_grade=9; years_in_school=3","school_years_below_grade_progress_assuming_grade5_entry","review","Retain both fields. This screen assumes grade 5 completed at allocation. Missing baseline grade and uncertain counting convention prevent a verified correction."
100226,"A_2020",0,"neighborhood",,"source_missing","missing","Keep NA. Exclude from primary controls because coverage differs by cohort."
100227,"A_2020",0,"age_at_survey","baseline=12; followup=13; change=1","age_change_outside_2_to_4_screen","review","Retain recorded ages and outcomes. Screening rule only. Systematic cohort differences require survey-date clarification, not automatic correction."
100227,"A_2020",0,"father_educ",,"source_missing","missing","Keep NA. Use available observations for the specific outcome; no outcome imputation in point estimates."
100227,"A_2020",0,"father_income_high",,"source_missing","missing","Keep NA. Use available observations for the specific outcome; no outcome imputation in point estimates."
100227,"A_2020",0,"neighborhood",,"source_missing","missing","Keep NA. Exclude from primary controls because coverage differs by cohort."
100228,"A_2020",0,"father_age",,"source_missing","missing","Keep NA. Use available observations for the specific outcome; no outcome imputation in point estimates."
100228,"A_2020",0,"father_educ",,"source_missing","missing","Keep NA. Use available observations for the specific outcome; no outcome imputation in point estimates."
100228,"A_2020",0,"father_income_high",,"source_missing","missing","Keep NA. Use available observations for the specific outcome; no outcome imputation in point estimates."
100228,"A_2020",0,"neighborhood",,"source_missing","missing","Keep NA. Exclude from primary controls because coverage differs by cohort."
100229,"B_2018",1,"years_in_school","years_in_school=6; baseline_age=12; followup_age=16; age_change=4; highest_grade=10","school_years_exceed_age_change_plus_1","review","Retain. Completed school years exceed reported age change plus a one-year diagnostic allowance. Age errors, varying followup horizons or school-year counting could explain this; do not cap the value or delete the applicant."
100229,"B_2018",1,"years_in_school","years_in_school=6; baseline_age=12; followup_age=16; age_change=4; highest_grade=10","school_years_since_allocation_above_4","review","Retain as a requested policy outcome with a timing/definition caveat. Five or six years conflict with a uniform three-year interpretation but may fit the older B2018 cohort. Clarify dates and counting convention; do not cap or infer a correction."
100229,"B_2018",1,"father_age",,"source_missing","missing","Keep NA. Use available observations for the specific outcome; no outcome imputation in point estimates."
100229,"B_2018",1,"father_educ",,"source_missing","missing","Keep NA. Use available observations for the specific outcome; no outcome imputation in point estimates."
100229,"B_2018",1,"father_income_high",,"source_missing","missing","Keep NA. Use available observations for the specific outcome; no outcome imputation in point estimates."
100229,"B_2018",1,"neighborhood",,"source_missing","missing","Keep NA. Exclude from primary controls because coverage differs by cohort."
100230,"A_2020",0,"years_in_school","years_in_school=4; baseline_age=12; followup_age=14; age_change=2; highest_grade=8","school_years_exceed_age_change_plus_1","review","Retain. Completed school years exceed reported age change plus a one-year diagnostic allowance. Age errors, varying followup horizons or school-year counting could explain this; do not cap the value or delete the applicant."
100231,"A_2020",1,"age_at_application",,"source_missing","missing","Keep NA. Optional adjusted model uses cohort mean and a missing indicator."
100232,"B_2018",1,"age_at_survey","baseline=11; followup=16; change=5","age_change_outside_2_to_4_screen","review","Retain recorded ages and outcomes. Screening rule only. Systematic cohort differences require survey-date clarification, not automatic correction."
100232,"B_2018",1,"years_in_school","years_in_school=6; baseline_age=11; followup_age=16; age_change=5; highest_grade=8","school_years_since_allocation_above_4","review","Retain as a requested policy outcome with a timing/definition caveat. Five or six years conflict with a uniform three-year interpretation but may fit the older B2018 cohort. Clarify dates and counting convention; do not cap or infer a correction."
100232,"B_2018",1,"father_age",,"source_missing","missing","Keep NA. Use available observations for the specific outcome; no outcome imputation in point estimates."
100232,"B_2018",1,"father_educ",,"source_missing","missing","Keep NA. Use available observations for the specific outcome; no outcome imputation in point estimates."
100232,"B_2018",1,"father_income_high",,"source_missing","missing","Keep NA. Use available observations for the specific outcome; no outcome imputation in point estimates."
100232,"B_2018",1,"neighborhood",,"source_missing","missing","Keep NA. Exclude from primary controls because coverage differs by cohort."
100234,"A_2020",0,"years_in_school","years_in_school=4; baseline_age=12; followup_age=14; age_change=2; highest_grade=8","school_years_exceed_age_change_plus_1","review","Retain. Completed school years exceed reported age change plus a one-year diagnostic allowance. Age errors, varying followup horizons or school-year counting could explain this; do not cap the value or delete the applicant."
100235,"A_2020",0,"father_income_high",,"source_missing","missing","Keep NA. Use available observations for the specific outcome; no outcome imputation in point estimates."
100236,"A_2022",0,"age_at_survey","baseline=13; followup=13; change=0","age_change_outside_2_to_4_screen","review","Retain recorded ages and outcomes. Screening rule only. Systematic cohort differences require survey-date clarification, not automatic correction."
100236,"A_2022",0,"years_in_school","years_in_school=2; baseline_age=13; followup_age=13; age_change=0; highest_grade=7","school_years_exceed_age_change_plus_1","review","Retain. Completed school years exceed reported age change plus a one-year diagnostic allowance. Age errors, varying followup horizons or school-year counting could explain this; do not cap the value or delete the applicant."
100236,"A_2022",0,"father_age",,"source_missing","missing","Keep NA. Use available observations for the specific outcome; no outcome imputation in point estimates."
100236,"A_2022",0,"father_educ",,"source_missing","missing","Keep NA. Use available observations for the specific outcome; no outcome imputation in point estimates."
100236,"A_2022",0,"father_income_high",,"source_missing","missing","Keep NA. Use available observations for the specific outcome; no outcome imputation in point estimates."
100236,"A_2022",0,"mother_age",,"source_missing","missing","Keep NA. Use available observations for the specific outcome; no outcome imputation in point estimates."
100236,"A_2022",0,"mother_educ",,"source_missing","missing","Keep NA. Use available observations for the specific outcome; no outcome imputation in point estimates."
100236,"A_2022",0,"neighborhood",,"source_missing","missing","Keep NA. Exclude from primary controls because coverage differs by cohort."
100239,"A_2020",0,"father_age",,"source_missing","missing","Keep NA. Use available observations for the specific outcome; no outcome imputation in point estimates."
100239,"A_2020",0,"father_educ",,"source_missing","missing","Keep NA. Use available observations for the specific outcome; no outcome imputation in point estimates."
100239,"A_2020",0,"father_income_high",,"source_missing","missing","Keep NA. Use available observations for the specific outcome; no outcome imputation in point estimates."
100240,"A_2020",0,"years_in_school","years_in_school=4; baseline_age=13; followup_age=15; age_change=2; highest_grade=8","school_years_exceed_age_change_plus_1","review","Retain. Completed school years exceed reported age change plus a one-year diagnostic allowance. Age errors, varying followup horizons or school-year counting could explain this; do not cap the value or delete the applicant."
100240,"A_2020",0,"neighborhood",,"source_missing","missing","Keep NA. Exclude from primary controls because coverage differs by cohort."
100241,"A_2020",0,"years_in_school","years_in_school=4; baseline_age=12; followup_age=14; age_change=2; highest_grade=7","school_years_exceed_age_change_plus_1","review","Retain. Completed school years exceed reported age change plus a one-year diagnostic allowance. Age errors, varying followup horizons or school-year counting could explain this; do not cap the value or delete the applicant."
100242,"A_2020",0,"neighborhood",,"source_missing","missing","Keep NA. Exclude from primary controls because coverage differs by cohort."
100242,"A_2020",0,"hours_worked","0","working_but_zero_weekly_hours","review","Retain. Could reflect temporary absence or reference-period differences; do not assume zero means missing."
100244,"A_2020",0,"years_in_school","years_in_school=4; baseline_age=12; followup_age=14; age_change=2; highest_grade=8","school_years_exceed_age_change_plus_1","review","Retain. Completed school years exceed reported age change plus a one-year diagnostic allowance. Age errors, varying followup horizons or school-year counting could explain this; do not cap the value or delete the applicant."
100244,"A_2020",0,"father_age",,"source_missing","missing","Keep NA. Use available observations for the specific outcome; no outcome imputation in point estimates."
100244,"A_2020",0,"father_educ",,"source_missing","missing","Keep NA. Use available observations for the specific outcome; no outcome imputation in point estimates."
100244,"A_2020",0,"father_income_high",,"source_missing","missing","Keep NA. Use available observations for the specific outcome; no outcome imputation in point estimates."
100245,"A_2022",1,"age_at_survey","baseline=12; followup=12; change=0","age_change_outside_2_to_4_screen","review","Retain recorded ages and outcomes. Screening rule only. Systematic cohort differences require survey-date clarification, not automatic correction."
100245,"A_2022",1,"years_in_school","years_in_school=2; baseline_age=12; followup_age=12; age_change=0; highest_grade=6","school_years_exceed_age_change_plus_1","review","Retain. Completed school years exceed reported age change plus a one-year diagnostic allowance. Age errors, varying followup horizons or school-year counting could explain this; do not cap the value or delete the applicant."
100245,"A_2022",1,"neighborhood",,"source_missing","missing","Keep NA. Exclude from primary controls because coverage differs by cohort."
100246,"B_2018",0,"age_at_survey","baseline=12; followup=17; change=5","age_change_outside_2_to_4_screen","review","Retain recorded ages and outcomes. Screening rule only. Systematic cohort differences require survey-date clarification, not automatic correction."
100246,"B_2018",0,"father_age",,"source_missing","missing","Keep NA. Use available observations for the specific outcome; no outcome imputation in point estimates."
100246,"B_2018",0,"father_educ",,"source_missing","missing","Keep NA. Use available observations for the specific outcome; no outcome imputation in point estimates."
100246,"B_2018",0,"father_income_high",,"source_missing","missing","Keep NA. Use available observations for the specific outcome; no outcome imputation in point estimates."
100246,"B_2018",0,"mother_age",,"source_missing","missing","Keep NA. Use available observations for the specific outcome; no outcome imputation in point estimates."
100246,"B_2018",0,"mother_educ",,"source_missing","missing","Keep NA. Use available observations for the specific outcome; no outcome imputation in point estimates."
100246,"B_2018",0,"neighborhood",,"source_missing","missing","Keep NA. Exclude from primary controls because coverage differs by cohort."
100247,"A_2020",1,"years_in_school","years_in_school=4; baseline_age=14; followup_age=16; age_change=2; highest_grade=8","school_years_exceed_age_change_plus_1","review","Retain. Completed school years exceed reported age change plus a one-year diagnostic allowance. Age errors, varying followup horizons or school-year counting could explain this; do not cap the value or delete the applicant."
100248,"A_2020",1,"years_in_school","years_in_school=6; baseline_age=14; followup_age=16; age_change=2; highest_grade=8","school_years_exceed_age_change_plus_1","review","Retain. Completed school years exceed reported age change plus a one-year diagnostic allowance. Age errors, varying followup horizons or school-year counting could explain this; do not cap the value or delete the applicant."
100248,"A_2020",1,"years_in_school","years_in_school=6; baseline_age=14; followup_age=16; age_change=2; highest_grade=8","school_years_since_allocation_above_4","review","Retain as a requested policy outcome with a timing/definition caveat. Five or six years conflict with a uniform three-year interpretation but may fit the older B2018 cohort. Clarify dates and counting convention; do not cap or infer a correction."
100249,"A_2020",1,"years_in_school","years_in_school=5; baseline_age=13; followup_age=15; age_change=2; highest_grade=8","school_years_exceed_age_change_plus_1","review","Retain. Completed school years exceed reported age change plus a one-year diagnostic allowance. Age errors, varying followup horizons or school-year counting could explain this; do not cap the value or delete the applicant."
100249,"A_2020",1,"years_in_school","years_in_school=5; baseline_age=13; followup_age=15; age_change=2; highest_grade=8","school_years_since_allocation_above_4","review","Retain as a requested policy outcome with a timing/definition caveat. Five or six years conflict with a uniform three-year interpretation but may fit the older B2018 cohort. Clarify dates and counting convention; do not cap or infer a correction."
100250,"A_2022",0,"age_at_survey","baseline=12; followup=12; change=0","age_change_outside_2_to_4_screen","review","Retain recorded ages and outcomes. Screening rule only. Systematic cohort differences require survey-date clarification, not automatic correction."
100250,"A_2022",0,"years_in_school","years_in_school=2; baseline_age=12; followup_age=12; age_change=0; highest_grade=6","school_years_exceed_age_change_plus_1","review","Retain. Completed school years exceed reported age change plus a one-year diagnostic allowance. Age errors, varying followup horizons or school-year counting could explain this; do not cap the value or delete the applicant."
100250,"A_2022",0,"father_age",,"source_missing","missing","Keep NA. Use available observations for the specific outcome; no outcome imputation in point estimates."
100250,"A_2022",0,"father_educ",,"source_missing","missing","Keep NA. Use available observations for the specific outcome; no outcome imputation in point estimates."
100250,"A_2022",0,"neighborhood",,"source_missing","missing","Keep NA. Exclude from primary controls because coverage differs by cohort."
100251,"A_2020",1,"years_in_school","years_in_school=4; baseline_age=11; followup_age=13; age_change=2; highest_grade=8","school_years_exceed_age_change_plus_1","review","Retain. Completed school years exceed reported age change plus a one-year diagnostic allowance. Age errors, varying followup horizons or school-year counting could explain this; do not cap the value or delete the applicant."
100252,"A_2020",1,"years_in_school","years_in_school=4; baseline_age=13; followup_age=15; age_change=2; highest_grade=8","school_years_exceed_age_change_plus_1","review","Retain. Completed school years exceed reported age change plus a one-year diagnostic allowance. Age errors, varying followup horizons or school-year counting could explain this; do not cap the value or delete the applicant."
100252,"A_2020",1,"father_age",,"source_missing","missing","Keep NA. Use available observations for the specific outcome; no outcome imputation in point estimates."
100252,"A_2020",1,"father_educ",,"source_missing","missing","Keep NA. Use available observations for the specific outcome; no outcome imputation in point estimates."
100252,"A_2020",1,"father_income_high",,"source_missing","missing","Keep NA. Use available observations for the specific outcome; no outcome imputation in point estimates."
100254,"A_2020",1,"years_in_school","years_in_school=5; baseline_age=13; followup_age=16; age_change=3; highest_grade=7","school_years_exceed_age_change_plus_1","review","Retain. Completed school years exceed reported age change plus a one-year diagnostic allowance. Age errors, varying followup horizons or school-year counting could explain this; do not cap the value or delete the applicant."
100254,"A_2020",1,"years_in_school","years_in_school=5; baseline_age=13; followup_age=16; age_change=3; highest_grade=7","school_years_since_allocation_above_4","review","Retain as a requested policy outcome with a timing/definition caveat. Five or six years conflict with a uniform three-year interpretation but may fit the older B2018 cohort. Clarify dates and counting convention; do not cap or infer a correction."
100255,"A_2020",1,"years_in_school","highest_grade=9; years_in_school=1","school_years_below_grade_progress_assuming_grade5_entry","review","Retain both fields. This screen assumes grade 5 completed at allocation. Missing baseline grade and uncertain counting convention prevent a verified correction."
100255,"A_2020",1,"father_age",,"source_missing","missing","Keep NA. Use available observations for the specific outcome; no outcome imputation in point estimates."
100255,"A_2020",1,"father_educ",,"source_missing","missing","Keep NA. Use available observations for the specific outcome; no outcome imputation in point estimates."
100255,"A_2020",1,"father_income_high",,"source_missing","missing","Keep NA. Use available observations for the specific outcome; no outcome imputation in point estimates."
100255,"A_2020",1,"repeats_g6",,"source_missing","missing","Keep NA. Use available observations for the specific outcome; no outcome imputation in point estimates."
100255,"A_2020",1,"started_g6_private",,"source_missing","missing","Keep NA. Use available observations for the specific outcome; no outcome imputation in point estimates."
100255,"A_2020",1,"started_g7_private",,"source_missing","missing","Keep NA. Use available observations for the specific outcome; no outcome imputation in point estimates."
100256,"A_2020",0,"father_educ",,"source_missing","missing","Keep NA. Use available observations for the specific outcome; no outcome imputation in point estimates."
100256,"A_2020",0,"mother_educ",,"source_missing","missing","Keep NA. Use available observations for the specific outcome; no outcome imputation in point estimates."
100257,"A_2020",1,"years_in_school","years_in_school=4; baseline_age=12; followup_age=14; age_change=2; highest_grade=8","school_years_exceed_age_change_plus_1","review","Retain. Completed school years exceed reported age change plus a one-year diagnostic allowance. Age errors, varying followup horizons or school-year counting could explain this; do not cap the value or delete the applicant."
100258,"A_2020",0,"years_in_school","years_in_school=6; baseline_age=NA; followup_age=17; age_change=NA; highest_grade=10","school_years_since_allocation_above_4","review","Retain as a requested policy outcome with a timing/definition caveat. Five or six years conflict with a uniform three-year interpretation but may fit the older B2018 cohort. Clarify dates and counting convention; do not cap or infer a correction."
100258,"A_2020",0,"age_at_application",,"source_missing","missing","Keep NA. Optional adjusted model uses cohort mean and a missing indicator."
100259,"A_2020",0,"age_at_survey","baseline=14; followup=14; change=0","age_change_outside_2_to_4_screen","review","Retain recorded ages and outcomes. Screening rule only. Systematic cohort differences require survey-date clarification, not automatic correction."
100259,"A_2020",0,"years_in_school","years_in_school=2; baseline_age=14; followup_age=14; age_change=0; highest_grade=7","school_years_exceed_age_change_plus_1","review","Retain. Completed school years exceed reported age change plus a one-year diagnostic allowance. Age errors, varying followup horizons or school-year counting could explain this; do not cap the value or delete the applicant."
100259,"A_2020",0,"neighborhood",,"source_missing","missing","Keep NA. Exclude from primary controls because coverage differs by cohort."
100260,"A_2020",0,"years_in_school","years_in_school=4; baseline_age=12; followup_age=14; age_change=2; highest_grade=8","school_years_exceed_age_change_plus_1","review","Retain. Completed school years exceed reported age change plus a one-year diagnostic allowance. Age errors, varying followup horizons or school-year counting could explain this; do not cap the value or delete the applicant."
100260,"A_2020",0,"father_age",,"source_missing","missing","Keep NA. Use available observations for the specific outcome; no outcome imputation in point estimates."
100260,"A_2020",0,"father_educ",,"source_missing","missing","Keep NA. Use available observations for the specific outcome; no outcome imputation in point estimates."
100260,"A_2020",0,"father_income_high",,"source_missing","missing","Keep NA. Use available observations for the specific outcome; no outcome imputation in point estimates."
100261,"A_2020",0,"ses_stratum",,"source_missing","missing","Keep NA. Optional adjusted model uses cohort mean and a missing indicator."
100262,"A_2020",1,"years_in_school","years_in_school=4; baseline_age=12; followup_age=14; age_change=2; highest_grade=8","school_years_exceed_age_change_plus_1","review","Retain. Completed school years exceed reported age change plus a one-year diagnostic allowance. Age errors, varying followup horizons or school-year counting could explain this; do not cap the value or delete the applicant."
100263,"A_2020",0,"ses_stratum",,"source_missing","missing","Keep NA. Optional adjusted model uses cohort mean and a missing indicator."
100264,"A_2020",1,"years_in_school","years_in_school=4; baseline_age=13; followup_age=15; age_change=2; highest_grade=8","school_years_exceed_age_change_plus_1","review","Retain. Completed school years exceed reported age change plus a one-year diagnostic allowance. Age errors, varying followup horizons or school-year counting could explain this; do not cap the value or delete the applicant."
100264,"A_2020",1,"neighborhood",,"source_missing","missing","Keep NA. Exclude from primary controls because coverage differs by cohort."
100265,"A_2020",1,"neighborhood",,"source_missing","missing","Keep NA. Exclude from primary controls because coverage differs by cohort."
100266,"B_2018",1,"years_in_school","years_in_school=6; baseline_age=11; followup_age=15; age_change=4; highest_grade=9","school_years_exceed_age_change_plus_1","review","Retain. Completed school years exceed reported age change plus a one-year diagnostic allowance. Age errors, varying followup horizons or school-year counting could explain this; do not cap the value or delete the applicant."
100266,"B_2018",1,"years_in_school","years_in_school=6; baseline_age=11; followup_age=15; age_change=4; highest_grade=9","school_years_since_allocation_above_4","review","Retain as a requested policy outcome with a timing/definition caveat. Five or six years conflict with a uniform three-year interpretation but may fit the older B2018 cohort. Clarify dates and counting convention; do not cap or infer a correction."
100266,"B_2018",1,"mother_age",,"source_missing","missing","Keep NA. Use available observations for the specific outcome; no outcome imputation in point estimates."
100266,"B_2018",1,"mother_educ",,"source_missing","missing","Keep NA. Use available observations for the specific outcome; no outcome imputation in point estimates."
100266,"B_2018",1,"neighborhood",,"source_missing","missing","Keep NA. Exclude from primary controls because coverage differs by cohort."
100267,"A_2020",1,"age_at_application",,"source_missing","missing","Keep NA. Optional adjusted model uses cohort mean and a missing indicator."
100267,"A_2020",1,"neighborhood",,"source_missing","missing","Keep NA. Exclude from primary controls because coverage differs by cohort."
100268,"A_2020",0,"years_in_school","years_in_school=4; baseline_age=12; followup_age=14; age_change=2; highest_grade=8","school_years_exceed_age_change_plus_1","review","Retain. Completed school years exceed reported age change plus a one-year diagnostic allowance. Age errors, varying followup horizons or school-year counting could explain this; do not cap the value or delete the applicant."
100269,"B_2018",1,"years_in_school","years_in_school=6; baseline_age=11; followup_age=15; age_change=4; highest_grade=9","school_years_exceed_age_change_plus_1","review","Retain. Completed school years exceed reported age change plus a one-year diagnostic allowance. Age errors, varying followup horizons or school-year counting could explain this; do not cap the value or delete the applicant."
100269,"B_2018",1,"years_in_school","years_in_school=6; baseline_age=11; followup_age=15; age_change=4; highest_grade=9","school_years_since_allocation_above_4","review","Retain as a requested policy outcome with a timing/definition caveat. Five or six years conflict with a uniform three-year interpretation but may fit the older B2018 cohort. Clarify dates and counting convention; do not cap or infer a correction."
100269,"B_2018",1,"neighborhood",,"source_missing","missing","Keep NA. Exclude from primary controls because coverage differs by cohort."
100270,"A_2020",0,"father_age",,"source_missing","missing","Keep NA. Use available observations for the specific outcome; no outcome imputation in point estimates."
100270,"A_2020",0,"father_educ",,"source_missing","missing","Keep NA. Use available observations for the specific outcome; no outcome imputation in point estimates."
100270,"A_2020",0,"father_income_high",,"source_missing","missing","Keep NA. Use available observations for the specific outcome; no outcome imputation in point estimates."
100271,"A_2020",1,"years_in_school","years_in_school=4; baseline_age=12; followup_age=14; age_change=2; highest_grade=8","school_years_exceed_age_change_plus_1","review","Retain. Completed school years exceed reported age change plus a one-year diagnostic allowance. Age errors, varying followup horizons or school-year counting could explain this; do not cap the value or delete the applicant."
100271,"A_2020",1,"father_age",,"source_missing","missing","Keep NA. Use available observations for the specific outcome; no outcome imputation in point estimates."
100271,"A_2020",1,"father_educ",,"source_missing","missing","Keep NA. Use available observations for the specific outcome; no outcome imputation in point estimates."
100271,"A_2020",1,"father_income_high",,"source_missing","missing","Keep NA. Use available observations for the specific outcome; no outcome imputation in point estimates."
100272,"A_2020",1,"father_age",,"source_missing","missing","Keep NA. Use available observations for the specific outcome; no outcome imputation in point estimates."
100272,"A_2020",1,"father_educ",,"source_missing","missing","Keep NA. Use available observations for the specific outcome; no outcome imputation in point estimates."
100272,"A_2020",1,"father_income_high",,"source_missing","missing","Keep NA. Use available observations for the specific outcome; no outcome imputation in point estimates."
100272,"A_2020",1,"neighborhood",,"source_missing","missing","Keep NA. Exclude from primary controls because coverage differs by cohort."
100274,"A_2020",1,"years_in_school","years_in_school=4; baseline_age=14; followup_age=16; age_change=2; highest_grade=8","school_years_exceed_age_change_plus_1","review","Retain. Completed school years exceed reported age change plus a one-year diagnostic allowance. Age errors, varying followup horizons or school-year counting could explain this; do not cap the value or delete the applicant."
100274,"A_2020",1,"father_educ",,"source_missing","missing","Keep NA. Use available observations for the specific outcome; no outcome imputation in point estimates."
100274,"A_2020",1,"father_income_high",,"source_missing","missing","Keep NA. Use available observations for the specific outcome; no outcome imputation in point estimates."
100275,"A_2020",0,"years_in_school","years_in_school=4; baseline_age=13; followup_age=15; age_change=2; highest_grade=8","school_years_exceed_age_change_plus_1","review","Retain. Completed school years exceed reported age change plus a one-year diagnostic allowance. Age errors, varying followup horizons or school-year counting could explain this; do not cap the value or delete the applicant."
100275,"A_2020",0,"ses_stratum",,"source_missing","missing","Keep NA. Optional adjusted model uses cohort mean and a missing indicator."
100276,"A_2022",0,"age_at_survey","baseline=12; followup=12; change=0","age_change_outside_2_to_4_screen","review","Retain recorded ages and outcomes. Screening rule only. Systematic cohort differences require survey-date clarification, not automatic correction."
100276,"A_2022",0,"years_in_school","years_in_school=2; baseline_age=12; followup_age=12; age_change=0; highest_grade=6","school_years_exceed_age_change_plus_1","review","Retain. Completed school years exceed reported age change plus a one-year diagnostic allowance. Age errors, varying followup horizons or school-year counting could explain this; do not cap the value or delete the applicant."
100276,"A_2022",0,"neighborhood",,"source_missing","missing","Keep NA. Exclude from primary controls because coverage differs by cohort."
100277,"A_2022",0,"age_at_survey","baseline=16; followup=16; change=0","age_change_outside_2_to_4_screen","review","Retain recorded ages and outcomes. Screening rule only. Systematic cohort differences require survey-date clarification, not automatic correction."
100277,"A_2022",0,"years_in_school","years_in_school=2; baseline_age=16; followup_age=16; age_change=0; highest_grade=6","school_years_exceed_age_change_plus_1","review","Retain. Completed school years exceed reported age change plus a one-year diagnostic allowance. Age errors, varying followup horizons or school-year counting could explain this; do not cap the value or delete the applicant."
100277,"A_2022",0,"neighborhood",,"source_missing","missing","Keep NA. Exclude from primary controls because coverage differs by cohort."
100278,"A_2022",1,"age_at_survey","baseline=12; followup=12; change=0","age_change_outside_2_to_4_screen","review","Retain recorded ages and outcomes. Screening rule only. Systematic cohort differences require survey-date clarification, not automatic correction."
100278,"A_2022",1,"years_in_school","years_in_school=2; baseline_age=12; followup_age=12; age_change=0; highest_grade=6","school_years_exceed_age_change_plus_1","review","Retain. Completed school years exceed reported age change plus a one-year diagnostic allowance. Age errors, varying followup horizons or school-year counting could explain this; do not cap the value or delete the applicant."
100278,"A_2022",1,"neighborhood",,"source_missing","missing","Keep NA. Exclude from primary controls because coverage differs by cohort."
100279,"A_2020",0,"neighborhood",,"source_missing","missing","Keep NA. Exclude from primary controls because coverage differs by cohort."
100280,"A_2020",0,"years_in_school","years_in_school=4; baseline_age=12; followup_age=14; age_change=2; highest_grade=7","school_years_exceed_age_change_plus_1","review","Retain. Completed school years exceed reported age change plus a one-year diagnostic allowance. Age errors, varying followup horizons or school-year counting could explain this; do not cap the value or delete the applicant."
100281,"A_2020",0,"years_in_school","years_in_school=4; baseline_age=13; followup_age=15; age_change=2; highest_grade=7","school_years_exceed_age_change_plus_1","review","Retain. Completed school years exceed reported age change plus a one-year diagnostic allowance. Age errors, varying followup horizons or school-year counting could explain this; do not cap the value or delete the applicant."
100281,"A_2020",0,"father_educ",,"source_missing","missing","Keep NA. Use available observations for the specific outcome; no outcome imputation in point estimates."
100281,"A_2020",0,"father_income_high",,"source_missing","missing","Keep NA. Use available observations for the specific outcome; no outcome imputation in point estimates."
100281,"A_2020",0,"mother_age",,"source_missing","missing","Keep NA. Use available observations for the specific outcome; no outcome imputation in point estimates."
100281,"A_2020",0,"mother_educ",,"source_missing","missing","Keep NA. Use available observations for the specific outcome; no outcome imputation in point estimates."
100281,"A_2020",0,"ses_stratum",,"source_missing","missing","Keep NA. Optional adjusted model uses cohort mean and a missing indicator."
100282,"A_2020",1,"father_age",,"source_missing","missing","Keep NA. Use available observations for the specific outcome; no outcome imputation in point estimates."
100282,"A_2020",1,"father_educ",,"source_missing","missing","Keep NA. Use available observations for the specific outcome; no outcome imputation in point estimates."
100282,"A_2020",1,"father_income_high",,"source_missing","missing","Keep NA. Use available observations for the specific outcome; no outcome imputation in point estimates."
100282,"A_2020",1,"neighborhood",,"source_missing","missing","Keep NA. Exclude from primary controls because coverage differs by cohort."
100284,"A_2020",0,"father_age",,"source_missing","missing","Keep NA. Use available observations for the specific outcome; no outcome imputation in point estimates."
100284,"A_2020",0,"father_educ",,"source_missing","missing","Keep NA. Use available observations for the specific outcome; no outcome imputation in point estimates."
100284,"A_2020",0,"father_income_high",,"source_missing","missing","Keep NA. Use available observations for the specific outcome; no outcome imputation in point estimates."
100284,"A_2020",0,"mother_age",,"source_missing","missing","Keep NA. Use available observations for the specific outcome; no outcome imputation in point estimates."
100284,"A_2020",0,"mother_educ",,"source_missing","missing","Keep NA. Use available observations for the specific outcome; no outcome imputation in point estimates."
100285,"A_2022",1,"age_at_survey","baseline=12; followup=12; change=0","age_change_outside_2_to_4_screen","review","Retain recorded ages and outcomes. Screening rule only. Systematic cohort differences require survey-date clarification, not automatic correction."
100285,"A_2022",1,"years_in_school","years_in_school=2; baseline_age=12; followup_age=12; age_change=0; highest_grade=6","school_years_exceed_age_change_plus_1","review","Retain. Completed school years exceed reported age change plus a one-year diagnostic allowance. Age errors, varying followup horizons or school-year counting could explain this; do not cap the value or delete the applicant."
100285,"A_2022",1,"father_income_high",,"source_missing","missing","Keep NA. Use available observations for the specific outcome; no outcome imputation in point estimates."
100285,"A_2022",1,"neighborhood",,"source_missing","missing","Keep NA. Exclude from primary controls because coverage differs by cohort."
100286,"A_2022",1,"age_at_survey","baseline=12; followup=13; change=1","age_change_outside_2_to_4_screen","review","Retain recorded ages and outcomes. Screening rule only. Systematic cohort differences require survey-date clarification, not automatic correction."
100286,"A_2022",1,"neighborhood",,"source_missing","missing","Keep NA. Exclude from primary controls because coverage differs by cohort."
100286,"A_2022",1,"hours_worked","0","working_but_zero_weekly_hours","review","Retain. Could reflect temporary absence or reference-period differences; do not assume zero means missing."
100287,"B_2018",1,"age_at_survey","baseline=11; followup=16; change=5","age_change_outside_2_to_4_screen","review","Retain recorded ages and outcomes. Screening rule only. Systematic cohort differences require survey-date clarification, not automatic correction."
100287,"B_2018",1,"years_in_school","years_in_school=6; baseline_age=11; followup_age=16; age_change=5; highest_grade=9","school_years_since_allocation_above_4","review","Retain as a requested policy outcome with a timing/definition caveat. Five or six years conflict with a uniform three-year interpretation but may fit the older B2018 cohort. Clarify dates and counting convention; do not cap or infer a correction."
100287,"B_2018",1,"neighborhood",,"source_missing","missing","Keep NA. Exclude from primary controls because coverage differs by cohort."
100288,"A_2020",0,"years_in_school","years_in_school=4; baseline_age=12; followup_age=14; age_change=2; highest_grade=8","school_years_exceed_age_change_plus_1","review","Retain. Completed school years exceed reported age change plus a one-year diagnostic allowance. Age errors, varying followup horizons or school-year counting could explain this; do not cap the value or delete the applicant."
100289,"A_2020",0,"ses_stratum",,"source_missing","missing","Keep NA. Optional adjusted model uses cohort mean and a missing indicator."
100290,"A_2022",1,"age_at_survey","baseline=11; followup=12; change=1","age_change_outside_2_to_4_screen","review","Retain recorded ages and outcomes. Screening rule only. Systematic cohort differences require survey-date clarification, not automatic correction."
100290,"A_2022",1,"neighborhood",,"source_missing","missing","Keep NA. Exclude from primary controls because coverage differs by cohort."
100290,"A_2022",1,"ses_stratum",,"source_missing","missing","Keep NA. Optional adjusted model uses cohort mean and a missing indicator."
100291,"A_2020",1,"father_age",,"source_missing","missing","Keep NA. Use available observations for the specific outcome; no outcome imputation in point estimates."
100291,"A_2020",1,"father_educ",,"source_missing","missing","Keep NA. Use available observations for the specific outcome; no outcome imputation in point estimates."
100291,"A_2020",1,"father_income_high",,"source_missing","missing","Keep NA. Use available observations for the specific outcome; no outcome imputation in point estimates."
100291,"A_2020",1,"mother_age",,"source_missing","missing","Keep NA. Use available observations for the specific outcome; no outcome imputation in point estimates."
100291,"A_2020",1,"mother_educ",,"source_missing","missing","Keep NA. Use available observations for the specific outcome; no outcome imputation in point estimates."
100292,"A_2022",0,"neighborhood",,"source_missing","missing","Keep NA. Exclude from primary controls because coverage differs by cohort."
100293,"B_2018",1,"age_at_survey","baseline=11; followup=16; change=5","age_change_outside_2_to_4_screen","review","Retain recorded ages and outcomes. Screening rule only. Systematic cohort differences require survey-date clarification, not automatic correction."
100293,"B_2018",1,"years_in_school","years_in_school=6; baseline_age=11; followup_age=16; age_change=5; highest_grade=9","school_years_since_allocation_above_4","review","Retain as a requested policy outcome with a timing/definition caveat. Five or six years conflict with a uniform three-year interpretation but may fit the older B2018 cohort. Clarify dates and counting convention; do not cap or infer a correction."
100293,"B_2018",1,"neighborhood",,"source_missing","missing","Keep NA. Exclude from primary controls because coverage differs by cohort."
100294,"A_2020",1,"years_in_school","years_in_school=4; baseline_age=12; followup_age=14; age_change=2; highest_grade=8","school_years_exceed_age_change_plus_1","review","Retain. Completed school years exceed reported age change plus a one-year diagnostic allowance. Age errors, varying followup horizons or school-year counting could explain this; do not cap the value or delete the applicant."
100294,"A_2020",1,"father_educ",,"source_missing","missing","Keep NA. Use available observations for the specific outcome; no outcome imputation in point estimates."
100294,"A_2020",1,"father_income_high",,"source_missing","missing","Keep NA. Use available observations for the specific outcome; no outcome imputation in point estimates."
100294,"A_2020",1,"ses_stratum",,"source_missing","missing","Keep NA. Optional adjusted model uses cohort mean and a missing indicator."
100295,"A_2020",0,"years_in_school","years_in_school=4; baseline_age=14; followup_age=16; age_change=2; highest_grade=8","school_years_exceed_age_change_plus_1","review","Retain. Completed school years exceed reported age change plus a one-year diagnostic allowance. Age errors, varying followup horizons or school-year counting could explain this; do not cap the value or delete the applicant."
100296,"A_2020",1,"years_in_school","years_in_school=4; baseline_age=11; followup_age=13; age_change=2; highest_grade=8","school_years_exceed_age_change_plus_1","review","Retain. Completed school years exceed reported age change plus a one-year diagnostic allowance. Age errors, varying followup horizons or school-year counting could explain this; do not cap the value or delete the applicant."
100296,"A_2020",1,"ses_stratum",,"source_missing","missing","Keep NA. Optional adjusted model uses cohort mean and a missing indicator."
100297,"A_2020",0,"years_in_school","years_in_school=4; baseline_age=10; followup_age=12; age_change=2; highest_grade=8","school_years_exceed_age_change_plus_1","review","Retain. Completed school years exceed reported age change plus a one-year diagnostic allowance. Age errors, varying followup horizons or school-year counting could explain this; do not cap the value or delete the applicant."
100297,"A_2020",0,"father_income_high",,"source_missing","missing","Keep NA. Use available observations for the specific outcome; no outcome imputation in point estimates."
100297,"A_2020",0,"neighborhood",,"source_missing","missing","Keep NA. Exclude from primary controls because coverage differs by cohort."
100298,"B_2018",0,"years_in_school","years_in_school=5; baseline_age=11; followup_age=15; age_change=4; highest_grade=8","school_years_since_allocation_above_4","review","Retain as a requested policy outcome with a timing/definition caveat. Five or six years conflict with a uniform three-year interpretation but may fit the older B2018 cohort. Clarify dates and counting convention; do not cap or infer a correction."
100298,"B_2018",0,"father_educ",,"source_missing","missing","Keep NA. Use available observations for the specific outcome; no outcome imputation in point estimates."
100298,"B_2018",0,"mother_educ",,"source_missing","missing","Keep NA. Use available observations for the specific outcome; no outcome imputation in point estimates."
100298,"B_2018",0,"neighborhood",,"source_missing","missing","Keep NA. Exclude from primary controls because coverage differs by cohort."
100300,"A_2020",0,"hours_worked","0","working_but_zero_weekly_hours","review","Retain. Could reflect temporary absence or reference-period differences; do not assume zero means missing."
100302,"B_2018",1,"years_in_school","years_in_school=6; baseline_age=13; followup_age=17; age_change=4; highest_grade=9","school_years_exceed_age_change_plus_1","review","Retain. Completed school years exceed reported age change plus a one-year diagnostic allowance. Age errors, varying followup horizons or school-year counting could explain this; do not cap the value or delete the applicant."
100302,"B_2018",1,"years_in_school","years_in_school=6; baseline_age=13; followup_age=17; age_change=4; highest_grade=9","school_years_since_allocation_above_4","review","Retain as a requested policy outcome with a timing/definition caveat. Five or six years conflict with a uniform three-year interpretation but may fit the older B2018 cohort. Clarify dates and counting convention; do not cap or infer a correction."
100302,"B_2018",1,"father_age",,"source_missing","missing","Keep NA. Use available observations for the specific outcome; no outcome imputation in point estimates."
100302,"B_2018",1,"father_educ",,"source_missing","missing","Keep NA. Use available observations for the specific outcome; no outcome imputation in point estimates."
100302,"B_2018",1,"father_income_high",,"source_missing","missing","Keep NA. Use available observations for the specific outcome; no outcome imputation in point estimates."
100302,"B_2018",1,"neighborhood",,"source_missing","missing","Keep NA. Exclude from primary controls because coverage differs by cohort."
100304,"A_2022",1,"age_at_survey","baseline=12; followup=13; change=1","age_change_outside_2_to_4_screen","review","Retain recorded ages and outcomes. Screening rule only. Systematic cohort differences require survey-date clarification, not automatic correction."
100304,"A_2022",1,"father_educ",,"source_missing","missing","Keep NA. Use available observations for the specific outcome; no outcome imputation in point estimates."
100304,"A_2022",1,"neighborhood",,"source_missing","missing","Keep NA. Exclude from primary controls because coverage differs by cohort."
100304,"A_2022",1,"ses_stratum",,"source_missing","missing","Keep NA. Optional adjusted model uses cohort mean and a missing indicator."
100305,"A_2022",1,"age_at_survey","baseline=12; followup=12; change=0","age_change_outside_2_to_4_screen","review","Retain recorded ages and outcomes. Screening rule only. Systematic cohort differences require survey-date clarification, not automatic correction."
100305,"A_2022",1,"years_in_school","years_in_school=2; baseline_age=12; followup_age=12; age_change=0; highest_grade=6","school_years_exceed_age_change_plus_1","review","Retain. Completed school years exceed reported age change plus a one-year diagnostic allowance. Age errors, varying followup horizons or school-year counting could explain this; do not cap the value or delete the applicant."
100305,"A_2022",1,"neighborhood",,"source_missing","missing","Keep NA. Exclude from primary controls because coverage differs by cohort."
100306,"A_2020",1,"father_age",,"source_missing","missing","Keep NA. Use available observations for the specific outcome; no outcome imputation in point estimates."
100306,"A_2020",1,"father_educ",,"source_missing","missing","Keep NA. Use available observations for the specific outcome; no outcome imputation in point estimates."
100306,"A_2020",1,"father_income_high",,"source_missing","missing","Keep NA. Use available observations for the specific outcome; no outcome imputation in point estimates."
100306,"A_2020",1,"neighborhood",,"source_missing","missing","Keep NA. Exclude from primary controls because coverage differs by cohort."
100306,"A_2020",1,"ses_stratum",,"source_missing","missing","Keep NA. Optional adjusted model uses cohort mean and a missing indicator."
100307,"A_2022",1,"age_at_survey","baseline=14; followup=15; change=1","age_change_outside_2_to_4_screen","review","Retain recorded ages and outcomes. Screening rule only. Systematic cohort differences require survey-date clarification, not automatic correction."
100307,"A_2022",1,"neighborhood",,"source_missing","missing","Keep NA. Exclude from primary controls because coverage differs by cohort."
100308,"A_2020",0,"father_age",,"source_missing","missing","Keep NA. Use available observations for the specific outcome; no outcome imputation in point estimates."
100308,"A_2020",0,"father_educ",,"source_missing","missing","Keep NA. Use available observations for the specific outcome; no outcome imputation in point estimates."
100308,"A_2020",0,"father_income_high",,"source_missing","missing","Keep NA. Use available observations for the specific outcome; no outcome imputation in point estimates."
100308,"A_2020",0,"mother_age",,"source_missing","missing","Keep NA. Use available observations for the specific outcome; no outcome imputation in point estimates."
100308,"A_2020",0,"mother_educ",,"source_missing","missing","Keep NA. Use available observations for the specific outcome; no outcome imputation in point estimates."
100310,"A_2020",1,"years_in_school","years_in_school=4; baseline_age=13; followup_age=15; age_change=2; highest_grade=8","school_years_exceed_age_change_plus_1","review","Retain. Completed school years exceed reported age change plus a one-year diagnostic allowance. Age errors, varying followup horizons or school-year counting could explain this; do not cap the value or delete the applicant."
100310,"A_2020",1,"neighborhood",,"source_missing","missing","Keep NA. Exclude from primary controls because coverage differs by cohort."
100311,"A_2020",1,"father_age",,"source_missing","missing","Keep NA. Use available observations for the specific outcome; no outcome imputation in point estimates."
100311,"A_2020",1,"father_educ",,"source_missing","missing","Keep NA. Use available observations for the specific outcome; no outcome imputation in point estimates."
100311,"A_2020",1,"father_income_high",,"source_missing","missing","Keep NA. Use available observations for the specific outcome; no outcome imputation in point estimates."
100311,"A_2020",1,"ses_stratum",,"source_missing","missing","Keep NA. Optional adjusted model uses cohort mean and a missing indicator."
100312,"A_2022",1,"age_at_survey","baseline=13; followup=14; change=1","age_change_outside_2_to_4_screen","review","Retain recorded ages and outcomes. Screening rule only. Systematic cohort differences require survey-date clarification, not automatic correction."
100312,"A_2022",1,"neighborhood",,"source_missing","missing","Keep NA. Exclude from primary controls because coverage differs by cohort."
100312,"A_2022",1,"ses_stratum",,"source_missing","missing","Keep NA. Optional adjusted model uses cohort mean and a missing indicator."
100313,"A_2020",0,"father_educ",,"source_missing","missing","Keep NA. Use available observations for the specific outcome; no outcome imputation in point estimates."
100314,"A_2020",0,"years_in_school","years_in_school=4; baseline_age=14; followup_age=16; age_change=2; highest_grade=8","school_years_exceed_age_change_plus_1","review","Retain. Completed school years exceed reported age change plus a one-year diagnostic allowance. Age errors, varying followup horizons or school-year counting could explain this; do not cap the value or delete the applicant."
100315,"B_2018",1,"age_at_survey","baseline=10; followup=15; change=5","age_change_outside_2_to_4_screen","review","Retain recorded ages and outcomes. Screening rule only. Systematic cohort differences require survey-date clarification, not automatic correction."
100315,"B_2018",1,"father_age",,"source_missing","missing","Keep NA. Use available observations for the specific outcome; no outcome imputation in point estimates."
100315,"B_2018",1,"father_educ",,"source_missing","missing","Keep NA. Use available observations for the specific outcome; no outcome imputation in point estimates."
100315,"B_2018",1,"father_income_high",,"source_missing","missing","Keep NA. Use available observations for the specific outcome; no outcome imputation in point estimates."
100315,"B_2018",1,"neighborhood",,"source_missing","missing","Keep NA. Exclude from primary controls because coverage differs by cohort."
100316,"A_2020",1,"years_in_school","years_in_school=4; baseline_age=12; followup_age=14; age_change=2; highest_grade=8","school_years_exceed_age_change_plus_1","review","Retain. Completed school years exceed reported age change plus a one-year diagnostic allowance. Age errors, varying followup horizons or school-year counting could explain this; do not cap the value or delete the applicant."
100316,"A_2020",1,"father_income_high",,"source_missing","missing","Keep NA. Use available observations for the specific outcome; no outcome imputation in point estimates."
100318,"A_2020",0,"neighborhood",,"source_missing","missing","Keep NA. Exclude from primary controls because coverage differs by cohort."
100319,"A_2020",0,"years_in_school","years_in_school=4; baseline_age=14; followup_age=16; age_change=2; highest_grade=8","school_years_exceed_age_change_plus_1","review","Retain. Completed school years exceed reported age change plus a one-year diagnostic allowance. Age errors, varying followup horizons or school-year counting could explain this; do not cap the value or delete the applicant."
100320,"A_2020",1,"years_in_school","years_in_school=4; baseline_age=11; followup_age=13; age_change=2; highest_grade=8","school_years_exceed_age_change_plus_1","review","Retain. Completed school years exceed reported age change plus a one-year diagnostic allowance. Age errors, varying followup horizons or school-year counting could explain this; do not cap the value or delete the applicant."
100321,"A_2020",1,"years_in_school","years_in_school=4; baseline_age=13; followup_age=15; age_change=2; highest_grade=8","school_years_exceed_age_change_plus_1","review","Retain. Completed school years exceed reported age change plus a one-year diagnostic allowance. Age errors, varying followup horizons or school-year counting could explain this; do not cap the value or delete the applicant."
100321,"A_2020",1,"father_age",,"source_missing","missing","Keep NA. Use available observations for the specific outcome; no outcome imputation in point estimates."
100321,"A_2020",1,"father_educ",,"source_missing","missing","Keep NA. Use available observations for the specific outcome; no outcome imputation in point estimates."
100321,"A_2020",1,"father_income_high",,"source_missing","missing","Keep NA. Use available observations for the specific outcome; no outcome imputation in point estimates."
100321,"A_2020",1,"neighborhood",,"source_missing","missing","Keep NA. Exclude from primary controls because coverage differs by cohort."
100322,"A_2022",0,"age_at_survey","baseline=13; followup=14; change=1","age_change_outside_2_to_4_screen","review","Retain recorded ages and outcomes. Screening rule only. Systematic cohort differences require survey-date clarification, not automatic correction."
100322,"A_2022",0,"neighborhood",,"source_missing","missing","Keep NA. Exclude from primary controls because coverage differs by cohort."
100323,"A_2020",0,"father_age",,"source_missing","missing","Keep NA. Use available observations for the specific outcome; no outcome imputation in point estimates."
100323,"A_2020",0,"father_educ",,"source_missing","missing","Keep NA. Use available observations for the specific outcome; no outcome imputation in point estimates."
100323,"A_2020",0,"father_income_high",,"source_missing","missing","Keep NA. Use available observations for the specific outcome; no outcome imputation in point estimates."
100324,"A_2020",1,"years_in_school","years_in_school=4; baseline_age=13; followup_age=15; age_change=2; highest_grade=8","school_years_exceed_age_change_plus_1","review","Retain. Completed school years exceed reported age change plus a one-year diagnostic allowance. Age errors, varying followup horizons or school-year counting could explain this; do not cap the value or delete the applicant."
100324,"A_2020",1,"father_educ",,"source_missing","missing","Keep NA. Use available observations for the specific outcome; no outcome imputation in point estimates."
100324,"A_2020",1,"mother_educ",,"source_missing","missing","Keep NA. Use available observations for the specific outcome; no outcome imputation in point estimates."
100324,"A_2020",1,"neighborhood",,"source_missing","missing","Keep NA. Exclude from primary controls because coverage differs by cohort."
100325,"A_2020",1,"father_educ",,"source_missing","missing","Keep NA. Use available observations for the specific outcome; no outcome imputation in point estimates."
100325,"A_2020",1,"mother_age",,"source_missing","missing","Keep NA. Use available observations for the specific outcome; no outcome imputation in point estimates."
100327,"A_2020",0,"father_age",,"source_missing","missing","Keep NA. Use available observations for the specific outcome; no outcome imputation in point estimates."
100327,"A_2020",0,"father_educ",,"source_missing","missing","Keep NA. Use available observations for the specific outcome; no outcome imputation in point estimates."
100327,"A_2020",0,"father_income_high",,"source_missing","missing","Keep NA. Use available observations for the specific outcome; no outcome imputation in point estimates."
100327,"A_2020",0,"mother_educ",,"source_missing","missing","Keep NA. Use available observations for the specific outcome; no outcome imputation in point estimates."
100328,"A_2022",0,"age_at_survey","baseline=13; followup=14; change=1","age_change_outside_2_to_4_screen","review","Retain recorded ages and outcomes. Screening rule only. Systematic cohort differences require survey-date clarification, not automatic correction."
100328,"A_2022",0,"neighborhood",,"source_missing","missing","Keep NA. Exclude from primary controls because coverage differs by cohort."
100329,"A_2020",0,"age_at_application",,"source_missing","missing","Keep NA. Optional adjusted model uses cohort mean and a missing indicator."
100329,"A_2020",0,"father_age",,"source_missing","missing","Keep NA. Use available observations for the specific outcome; no outcome imputation in point estimates."
100329,"A_2020",0,"father_educ",,"source_missing","missing","Keep NA. Use available observations for the specific outcome; no outcome imputation in point estimates."
100329,"A_2020",0,"father_income_high",,"source_missing","missing","Keep NA. Use available observations for the specific outcome; no outcome imputation in point estimates."
100330,"A_2020",1,"father_educ",,"source_missing","missing","Keep NA. Use available observations for the specific outcome; no outcome imputation in point estimates."
100330,"A_2020",1,"neighborhood",,"source_missing","missing","Keep NA. Exclude from primary controls because coverage differs by cohort."
100330,"A_2020",1,"ses_stratum",,"source_missing","missing","Keep NA. Optional adjusted model uses cohort mean and a missing indicator."
100331,"A_2020",1,"years_in_school","years_in_school=4; baseline_age=12; followup_age=14; age_change=2; highest_grade=8","school_years_exceed_age_change_plus_1","review","Retain. Completed school years exceed reported age change plus a one-year diagnostic allowance. Age errors, varying followup horizons or school-year counting could explain this; do not cap the value or delete the applicant."
100332,"A_2020",0,"years_in_school","years_in_school=4; baseline_age=12; followup_age=14; age_change=2; highest_grade=7","school_years_exceed_age_change_plus_1","review","Retain. Completed school years exceed reported age change plus a one-year diagnostic allowance. Age errors, varying followup horizons or school-year counting could explain this; do not cap the value or delete the applicant."
100332,"A_2020",0,"neighborhood",,"source_missing","missing","Keep NA. Exclude from primary controls because coverage differs by cohort."
100333,"A_2022",1,"age_at_survey","baseline=12; followup=13; change=1","age_change_outside_2_to_4_screen","review","Retain recorded ages and outcomes. Screening rule only. Systematic cohort differences require survey-date clarification, not automatic correction."
100333,"A_2022",1,"neighborhood",,"source_missing","missing","Keep NA. Exclude from primary controls because coverage differs by cohort."
100334,"A_2020",0,"years_in_school","years_in_school=4; baseline_age=13; followup_age=15; age_change=2; highest_grade=8","school_years_exceed_age_change_plus_1","review","Retain. Completed school years exceed reported age change plus a one-year diagnostic allowance. Age errors, varying followup horizons or school-year counting could explain this; do not cap the value or delete the applicant."
100334,"A_2020",0,"father_age",,"source_missing","missing","Keep NA. Use available observations for the specific outcome; no outcome imputation in point estimates."
100334,"A_2020",0,"father_educ",,"source_missing","missing","Keep NA. Use available observations for the specific outcome; no outcome imputation in point estimates."
100334,"A_2020",0,"father_income_high",,"source_missing","missing","Keep NA. Use available observations for the specific outcome; no outcome imputation in point estimates."
100334,"A_2020",0,"neighborhood",,"source_missing","missing","Keep NA. Exclude from primary controls because coverage differs by cohort."
100335,"A_2020",0,"age_at_application",,"source_missing","missing","Keep NA. Optional adjusted model uses cohort mean and a missing indicator."
100335,"A_2020",0,"hours_worked","0","working_but_zero_weekly_hours","review","Retain. Could reflect temporary absence or reference-period differences; do not assume zero means missing."
100336,"A_2020",0,"ses_stratum",,"source_missing","missing","Keep NA. Optional adjusted model uses cohort mean and a missing indicator."
100337,"A_2020",1,"years_in_school","years_in_school=4; baseline_age=15; followup_age=17; age_change=2; highest_grade=7","school_years_exceed_age_change_plus_1","review","Retain. Completed school years exceed reported age change plus a one-year diagnostic allowance. Age errors, varying followup horizons or school-year counting could explain this; do not cap the value or delete the applicant."
100337,"A_2020",1,"ses_stratum",,"source_missing","missing","Keep NA. Optional adjusted model uses cohort mean and a missing indicator."
100338,"A_2020",1,"years_in_school","years_in_school=4; baseline_age=12; followup_age=14; age_change=2; highest_grade=8","school_years_exceed_age_change_plus_1","review","Retain. Completed school years exceed reported age change plus a one-year diagnostic allowance. Age errors, varying followup horizons or school-year counting could explain this; do not cap the value or delete the applicant."
100339,"A_2020",0,"ses_stratum",,"source_missing","missing","Keep NA. Optional adjusted model uses cohort mean and a missing indicator."
100340,"A_2022",0,"age_at_application",,"source_missing","missing","Keep NA. Optional adjusted model uses cohort mean and a missing indicator."
100340,"A_2022",0,"father_age",,"source_missing","missing","Keep NA. Use available observations for the specific outcome; no outcome imputation in point estimates."
100340,"A_2022",0,"father_educ",,"source_missing","missing","Keep NA. Use available observations for the specific outcome; no outcome imputation in point estimates."
100340,"A_2022",0,"father_income_high",,"source_missing","missing","Keep NA. Use available observations for the specific outcome; no outcome imputation in point estimates."
100340,"A_2022",0,"neighborhood",,"source_missing","missing","Keep NA. Exclude from primary controls because coverage differs by cohort."
100340,"A_2022",0,"ses_stratum",,"source_missing","missing","Keep NA. Optional adjusted model uses cohort mean and a missing indicator."
100341,"A_2022",1,"neighborhood",,"source_missing","missing","Keep NA. Exclude from primary controls because coverage differs by cohort."
100342,"A_2022",0,"age_at_survey","baseline=11; followup=12; change=1","age_change_outside_2_to_4_screen","review","Retain recorded ages and outcomes. Screening rule only. Systematic cohort differences require survey-date clarification, not automatic correction."
100342,"A_2022",0,"neighborhood",,"source_missing","missing","Keep NA. Exclude from primary controls because coverage differs by cohort."
100344,"A_2022",1,"age_at_survey","baseline=12; followup=13; change=1","age_change_outside_2_to_4_screen","review","Retain recorded ages and outcomes. Screening rule only. Systematic cohort differences require survey-date clarification, not automatic correction."
100344,"A_2022",1,"neighborhood",,"source_missing","missing","Keep NA. Exclude from primary controls because coverage differs by cohort."
100345,"A_2020",1,"years_in_school","years_in_school=4; baseline_age=13; followup_age=15; age_change=2; highest_grade=8","school_years_exceed_age_change_plus_1","review","Retain. Completed school years exceed reported age change plus a one-year diagnostic allowance. Age errors, varying followup horizons or school-year counting could explain this; do not cap the value or delete the applicant."
100346,"A_2020",0,"neighborhood",,"source_missing","missing","Keep NA. Exclude from primary controls because coverage differs by cohort."
100347,"A_2022",1,"age_at_survey","baseline=11; followup=12; change=1","age_change_outside_2_to_4_screen","review","Retain recorded ages and outcomes. Screening rule only. Systematic cohort differences require survey-date clarification, not automatic correction."
100347,"A_2022",1,"neighborhood",,"source_missing","missing","Keep NA. Exclude from primary controls because coverage differs by cohort."
100349,"B_2018",0,"age_at_survey","baseline=13; followup=18; change=5","age_change_outside_2_to_4_screen","review","Retain recorded ages and outcomes. Screening rule only. Systematic cohort differences require survey-date clarification, not automatic correction."
100349,"B_2018",0,"years_in_school","years_in_school=5; baseline_age=13; followup_age=18; age_change=5; highest_grade=8","school_years_since_allocation_above_4","review","Retain as a requested policy outcome with a timing/definition caveat. Five or six years conflict with a uniform three-year interpretation but may fit the older B2018 cohort. Clarify dates and counting convention; do not cap or infer a correction."
100349,"B_2018",0,"father_age",,"source_missing","missing","Keep NA. Use available observations for the specific outcome; no outcome imputation in point estimates."
100349,"B_2018",0,"father_educ",,"source_missing","missing","Keep NA. Use available observations for the specific outcome; no outcome imputation in point estimates."
100349,"B_2018",0,"father_income_high",,"source_missing","missing","Keep NA. Use available observations for the specific outcome; no outcome imputation in point estimates."
100349,"B_2018",0,"mother_educ",,"source_missing","missing","Keep NA. Use available observations for the specific outcome; no outcome imputation in point estimates."
100349,"B_2018",0,"neighborhood",,"source_missing","missing","Keep NA. Exclude from primary controls because coverage differs by cohort."
100350,"A_2020",0,"years_in_school","years_in_school=4; baseline_age=13; followup_age=15; age_change=2; highest_grade=7","school_years_exceed_age_change_plus_1","review","Retain. Completed school years exceed reported age change plus a one-year diagnostic allowance. Age errors, varying followup horizons or school-year counting could explain this; do not cap the value or delete the applicant."
100350,"A_2020",0,"neighborhood",,"source_missing","missing","Keep NA. Exclude from primary controls because coverage differs by cohort."
100351,"A_2020",0,"years_in_school","years_in_school=4; baseline_age=13; followup_age=15; age_change=2; highest_grade=7","school_years_exceed_age_change_plus_1","review","Retain. Completed school years exceed reported age change plus a one-year diagnostic allowance. Age errors, varying followup horizons or school-year counting could explain this; do not cap the value or delete the applicant."
100351,"A_2020",0,"ses_stratum",,"source_missing","missing","Keep NA. Optional adjusted model uses cohort mean and a missing indicator."
100352,"A_2020",0,"father_age",,"source_missing","missing","Keep NA. Use available observations for the specific outcome; no outcome imputation in point estimates."
100352,"A_2020",0,"father_educ",,"source_missing","missing","Keep NA. Use available observations for the specific outcome; no outcome imputation in point estimates."
100352,"A_2020",0,"father_income_high",,"source_missing","missing","Keep NA. Use available observations for the specific outcome; no outcome imputation in point estimates."
100352,"A_2020",0,"mother_educ",,"source_missing","missing","Keep NA. Use available observations for the specific outcome; no outcome imputation in point estimates."
100354,"B_2018",0,"years_in_school","years_in_school=6; baseline_age=13; followup_age=17; age_change=4; highest_grade=9","school_years_exceed_age_change_plus_1","review","Retain. Completed school years exceed reported age change plus a one-year diagnostic allowance. Age errors, varying followup horizons or school-year counting could explain this; do not cap the value or delete the applicant."
100354,"B_2018",0,"years_in_school","years_in_school=6; baseline_age=13; followup_age=17; age_change=4; highest_grade=9","school_years_since_allocation_above_4","review","Retain as a requested policy outcome with a timing/definition caveat. Five or six years conflict with a uniform three-year interpretation but may fit the older B2018 cohort. Clarify dates and counting convention; do not cap or infer a correction."
100354,"B_2018",0,"father_age",,"source_missing","missing","Keep NA. Use available observations for the specific outcome; no outcome imputation in point estimates."
100354,"B_2018",0,"father_educ",,"source_missing","missing","Keep NA. Use available observations for the specific outcome; no outcome imputation in point estimates."
100354,"B_2018",0,"father_income_high",,"source_missing","missing","Keep NA. Use available observations for the specific outcome; no outcome imputation in point estimates."
100354,"B_2018",0,"neighborhood",,"source_missing","missing","Keep NA. Exclude from primary controls because coverage differs by cohort."
100355,"A_2020",0,"years_in_school","years_in_school=5; baseline_age=13; followup_age=16; age_change=3; highest_grade=8","school_years_exceed_age_change_plus_1","review","Retain. Completed school years exceed reported age change plus a one-year diagnostic allowance. Age errors, varying followup horizons or school-year counting could explain this; do not cap the value or delete the applicant."
100355,"A_2020",0,"years_in_school","years_in_school=5; baseline_age=13; followup_age=16; age_change=3; highest_grade=8","school_years_since_allocation_above_4","review","Retain as a requested policy outcome with a timing/definition caveat. Five or six years conflict with a uniform three-year interpretation but may fit the older B2018 cohort. Clarify dates and counting convention; do not cap or infer a correction."
100355,"A_2020",0,"father_age",,"source_missing","missing","Keep NA. Use available observations for the specific outcome; no outcome imputation in point estimates."
100355,"A_2020",0,"father_educ",,"source_missing","missing","Keep NA. Use available observations for the specific outcome; no outcome imputation in point estimates."
100355,"A_2020",0,"father_income_high",,"source_missing","missing","Keep NA. Use available observations for the specific outcome; no outcome imputation in point estimates."
100356,"A_2022",0,"age_at_survey","baseline=11; followup=12; change=1","age_change_outside_2_to_4_screen","review","Retain recorded ages and outcomes. Screening rule only. Systematic cohort differences require survey-date clarification, not automatic correction."
100356,"A_2022",0,"neighborhood",,"source_missing","missing","Keep NA. Exclude from primary controls because coverage differs by cohort."
100358,"A_2020",1,"years_in_school","years_in_school=4; baseline_age=15; followup_age=17; age_change=2; highest_grade=8","school_years_exceed_age_change_plus_1","review","Retain. Completed school years exceed reported age change plus a one-year diagnostic allowance. Age errors, varying followup horizons or school-year counting could explain this; do not cap the value or delete the applicant."
100358,"A_2020",1,"neighborhood",,"source_missing","missing","Keep NA. Exclude from primary controls because coverage differs by cohort."
100359,"A_2020",0,"years_in_school","years_in_school=6; baseline_age=14; followup_age=17; age_change=3; highest_grade=8","school_years_exceed_age_change_plus_1","review","Retain. Completed school years exceed reported age change plus a one-year diagnostic allowance. Age errors, varying followup horizons or school-year counting could explain this; do not cap the value or delete the applicant."
100359,"A_2020",0,"years_in_school","years_in_school=6; baseline_age=14; followup_age=17; age_change=3; highest_grade=8","school_years_since_allocation_above_4","review","Retain as a requested policy outcome with a timing/definition caveat. Five or six years conflict with a uniform three-year interpretation but may fit the older B2018 cohort. Clarify dates and counting convention; do not cap or infer a correction."
100359,"A_2020",0,"father_age",,"source_missing","missing","Keep NA. Use available observations for the specific outcome; no outcome imputation in point estimates."
100359,"A_2020",0,"father_educ",,"source_missing","missing","Keep NA. Use available observations for the specific outcome; no outcome imputation in point estimates."
100359,"A_2020",0,"father_income_high",,"source_missing","missing","Keep NA. Use available observations for the specific outcome; no outcome imputation in point estimates."
100360,"A_2022",0,"age_at_survey","baseline=12; followup=13; change=1","age_change_outside_2_to_4_screen","review","Retain recorded ages and outcomes. Screening rule only. Systematic cohort differences require survey-date clarification, not automatic correction."
100360,"A_2022",0,"neighborhood",,"source_missing","missing","Keep NA. Exclude from primary controls because coverage differs by cohort."
100360,"A_2022",0,"ses_stratum",,"source_missing","missing","Keep NA. Optional adjusted model uses cohort mean and a missing indicator."
100361,"B_2018",0,"years_in_school","years_in_school=6; baseline_age=11; followup_age=15; age_change=4; highest_grade=9","school_years_exceed_age_change_plus_1","review","Retain. Completed school years exceed reported age change plus a one-year diagnostic allowance. Age errors, varying followup horizons or school-year counting could explain this; do not cap the value or delete the applicant."
100361,"B_2018",0,"years_in_school","years_in_school=6; baseline_age=11; followup_age=15; age_change=4; highest_grade=9","school_years_since_allocation_above_4","review","Retain as a requested policy outcome with a timing/definition caveat. Five or six years conflict with a uniform three-year interpretation but may fit the older B2018 cohort. Clarify dates and counting convention; do not cap or infer a correction."
100361,"B_2018",0,"neighborhood",,"source_missing","missing","Keep NA. Exclude from primary controls because coverage differs by cohort."
100362,"A_2020",0,"years_in_school","years_in_school=4; baseline_age=12; followup_age=14; age_change=2; highest_grade=8","school_years_exceed_age_change_plus_1","review","Retain. Completed school years exceed reported age change plus a one-year diagnostic allowance. Age errors, varying followup horizons or school-year counting could explain this; do not cap the value or delete the applicant."
100363,"B_2018",0,"father_age",,"source_missing","missing","Keep NA. Use available observations for the specific outcome; no outcome imputation in point estimates."
100363,"B_2018",0,"father_educ",,"source_missing","missing","Keep NA. Use available observations for the specific outcome; no outcome imputation in point estimates."
100363,"B_2018",0,"father_income_high",,"source_missing","missing","Keep NA. Use available observations for the specific outcome; no outcome imputation in point estimates."
100363,"B_2018",0,"neighborhood",,"source_missing","missing","Keep NA. Exclude from primary controls because coverage differs by cohort."
100366,"A_2020",0,"ses_stratum",,"source_missing","missing","Keep NA. Optional adjusted model uses cohort mean and a missing indicator."
100367,"A_2020",0,"father_age",,"source_missing","missing","Keep NA. Use available observations for the specific outcome; no outcome imputation in point estimates."
100367,"A_2020",0,"father_educ",,"source_missing","missing","Keep NA. Use available observations for the specific outcome; no outcome imputation in point estimates."
100367,"A_2020",0,"father_income_high",,"source_missing","missing","Keep NA. Use available observations for the specific outcome; no outcome imputation in point estimates."
100367,"A_2020",0,"mother_age",,"source_missing","missing","Keep NA. Use available observations for the specific outcome; no outcome imputation in point estimates."
100367,"A_2020",0,"mother_educ",,"source_missing","missing","Keep NA. Use available observations for the specific outcome; no outcome imputation in point estimates."
100368,"A_2020",0,"age_at_survey","baseline=15; followup=10; change=-5","age_change_outside_2_to_4_screen","review","Retain recorded ages and outcomes. Screening rule only. Systematic cohort differences require survey-date clarification, not automatic correction."
100368,"A_2020",0,"age_at_survey","baseline=15; followup=10; change=-5","age_decreased","inconsistent","Followup age clean set to NA; retain baseline age and schooling outcomes. Cannot determine which source age is wrong. Exclusion sensitivity reported."
100368,"A_2020",0,"years_in_school","years_in_school=6; baseline_age=15; followup_age=10; age_change=-5; highest_grade=9","school_years_exceed_age_change_plus_1","review","Retain. Completed school years exceed reported age change plus a one-year diagnostic allowance. Age errors, varying followup horizons or school-year counting could explain this; do not cap the value or delete the applicant."
100368,"A_2020",0,"years_in_school","years_in_school=6; baseline_age=15; followup_age=10; age_change=-5; highest_grade=9","school_years_since_allocation_above_4","review","Retain as a requested policy outcome with a timing/definition caveat. Five or six years conflict with a uniform three-year interpretation but may fit the older B2018 cohort. Clarify dates and counting convention; do not cap or infer a correction."
100368,"A_2020",0,"neighborhood",,"source_missing","missing","Keep NA. Exclude from primary controls because coverage differs by cohort."
100369,"A_2020",0,"years_in_school","years_in_school=5; baseline_age=14; followup_age=17; age_change=3; highest_grade=10","school_years_exceed_age_change_plus_1","review","Retain. Completed school years exceed reported age change plus a one-year diagnostic allowance. Age errors, varying followup horizons or school-year counting could explain this; do not cap the value or delete the applicant."
100369,"A_2020",0,"years_in_school","years_in_school=5; baseline_age=14; followup_age=17; age_change=3; highest_grade=10","school_years_since_allocation_above_4","review","Retain as a requested policy outcome with a timing/definition caveat. Five or six years conflict with a uniform three-year interpretation but may fit the older B2018 cohort. Clarify dates and counting convention; do not cap or infer a correction."
100369,"A_2020",0,"father_age",,"source_missing","missing","Keep NA. Use available observations for the specific outcome; no outcome imputation in point estimates."
100369,"A_2020",0,"father_educ",,"source_missing","missing","Keep NA. Use available observations for the specific outcome; no outcome imputation in point estimates."
100369,"A_2020",0,"father_income_high",,"source_missing","missing","Keep NA. Use available observations for the specific outcome; no outcome imputation in point estimates."
100370,"A_2020",0,"father_age",,"source_missing","missing","Keep NA. Use available observations for the specific outcome; no outcome imputation in point estimates."
100370,"A_2020",0,"ses_stratum",,"source_missing","missing","Keep NA. Optional adjusted model uses cohort mean and a missing indicator."
100371,"A_2020",1,"neighborhood",,"source_missing","missing","Keep NA. Exclude from primary controls because coverage differs by cohort."
100372,"A_2020",1,"father_age",,"source_missing","missing","Keep NA. Use available observations for the specific outcome; no outcome imputation in point estimates."
100372,"A_2020",1,"father_educ",,"source_missing","missing","Keep NA. Use available observations for the specific outcome; no outcome imputation in point estimates."
100372,"A_2020",1,"father_income_high",,"source_missing","missing","Keep NA. Use available observations for the specific outcome; no outcome imputation in point estimates."
100372,"A_2020",1,"mother_educ",,"source_missing","missing","Keep NA. Use available observations for the specific outcome; no outcome imputation in point estimates."
100373,"A_2020",0,"years_in_school","years_in_school=4; baseline_age=13; followup_age=15; age_change=2; highest_grade=8","school_years_exceed_age_change_plus_1","review","Retain. Completed school years exceed reported age change plus a one-year diagnostic allowance. Age errors, varying followup horizons or school-year counting could explain this; do not cap the value or delete the applicant."
100373,"A_2020",0,"neighborhood",,"source_missing","missing","Keep NA. Exclude from primary controls because coverage differs by cohort."
100373,"A_2020",0,"ses_stratum",,"source_missing","missing","Keep NA. Optional adjusted model uses cohort mean and a missing indicator."
100374,"A_2020",1,"father_age",,"source_missing","missing","Keep NA. Use available observations for the specific outcome; no outcome imputation in point estimates."
100374,"A_2020",1,"father_educ",,"source_missing","missing","Keep NA. Use available observations for the specific outcome; no outcome imputation in point estimates."
100374,"A_2020",1,"father_income_high",,"source_missing","missing","Keep NA. Use available observations for the specific outcome; no outcome imputation in point estimates."
100375,"A_2020",0,"father_age",,"source_missing","missing","Keep NA. Use available observations for the specific outcome; no outcome imputation in point estimates."
100375,"A_2020",0,"father_educ",,"source_missing","missing","Keep NA. Use available observations for the specific outcome; no outcome imputation in point estimates."
100375,"A_2020",0,"father_income_high",,"source_missing","missing","Keep NA. Use available observations for the specific outcome; no outcome imputation in point estimates."
100375,"A_2020",0,"mother_age",,"source_missing","missing","Keep NA. Use available observations for the specific outcome; no outcome imputation in point estimates."
100375,"A_2020",0,"mother_educ",,"source_missing","missing","Keep NA. Use available observations for the specific outcome; no outcome imputation in point estimates."
100375,"A_2020",0,"neighborhood",,"source_missing","missing","Keep NA. Exclude from primary controls because coverage differs by cohort."
100376,"A_2020",1,"years_in_school","years_in_school=4; baseline_age=12; followup_age=14; age_change=2; highest_grade=8","school_years_exceed_age_change_plus_1","review","Retain. Completed school years exceed reported age change plus a one-year diagnostic allowance. Age errors, varying followup horizons or school-year counting could explain this; do not cap the value or delete the applicant."
100377,"A_2020",0,"years_in_school","years_in_school=4; baseline_age=14; followup_age=16; age_change=2; highest_grade=7","school_years_exceed_age_change_plus_1","review","Retain. Completed school years exceed reported age change plus a one-year diagnostic allowance. Age errors, varying followup horizons or school-year counting could explain this; do not cap the value or delete the applicant."
100378,"A_2020",1,"years_in_school","years_in_school=4; baseline_age=13; followup_age=15; age_change=2; highest_grade=8","school_years_exceed_age_change_plus_1","review","Retain. Completed school years exceed reported age change plus a one-year diagnostic allowance. Age errors, varying followup horizons or school-year counting could explain this; do not cap the value or delete the applicant."
100378,"A_2020",1,"neighborhood",,"source_missing","missing","Keep NA. Exclude from primary controls because coverage differs by cohort."
100379,"A_2020",0,"father_educ",,"source_missing","missing","Keep NA. Use available observations for the specific outcome; no outcome imputation in point estimates."
100379,"A_2020",0,"ses_stratum",,"source_missing","missing","Keep NA. Optional adjusted model uses cohort mean and a missing indicator."
100380,"A_2022",1,"age_at_survey","baseline=13; followup=14; change=1","age_change_outside_2_to_4_screen","review","Retain recorded ages and outcomes. Screening rule only. Systematic cohort differences require survey-date clarification, not automatic correction."
100380,"A_2022",1,"neighborhood",,"source_missing","missing","Keep NA. Exclude from primary controls because coverage differs by cohort."
100381,"A_2020",0,"years_in_school","years_in_school=4; baseline_age=12; followup_age=14; age_change=2; highest_grade=8","school_years_exceed_age_change_plus_1","review","Retain. Completed school years exceed reported age change plus a one-year diagnostic allowance. Age errors, varying followup horizons or school-year counting could explain this; do not cap the value or delete the applicant."
100381,"A_2020",0,"ses_stratum",,"source_missing","missing","Keep NA. Optional adjusted model uses cohort mean and a missing indicator."
100382,"A_2020",1,"years_in_school","years_in_school=4; baseline_age=11; followup_age=13; age_change=2; highest_grade=8","school_years_exceed_age_change_plus_1","review","Retain. Completed school years exceed reported age change plus a one-year diagnostic allowance. Age errors, varying followup horizons or school-year counting could explain this; do not cap the value or delete the applicant."
100382,"A_2020",1,"father_age",,"source_missing","missing","Keep NA. Use available observations for the specific outcome; no outcome imputation in point estimates."
100382,"A_2020",1,"father_educ",,"source_missing","missing","Keep NA. Use available observations for the specific outcome; no outcome imputation in point estimates."
100382,"A_2020",1,"father_income_high",,"source_missing","missing","Keep NA. Use available observations for the specific outcome; no outcome imputation in point estimates."
100383,"A_2020",1,"years_in_school","years_in_school=4; baseline_age=13; followup_age=15; age_change=2; highest_grade=8","school_years_exceed_age_change_plus_1","review","Retain. Completed school years exceed reported age change plus a one-year diagnostic allowance. Age errors, varying followup horizons or school-year counting could explain this; do not cap the value or delete the applicant."
100384,"A_2020",1,"years_in_school","years_in_school=4; baseline_age=12; followup_age=14; age_change=2; highest_grade=7","school_years_exceed_age_change_plus_1","review","Retain. Completed school years exceed reported age change plus a one-year diagnostic allowance. Age errors, varying followup horizons or school-year counting could explain this; do not cap the value or delete the applicant."
100384,"A_2020",1,"father_educ",,"source_missing","missing","Keep NA. Use available observations for the specific outcome; no outcome imputation in point estimates."
100384,"A_2020",1,"mother_educ",,"source_missing","missing","Keep NA. Use available observations for the specific outcome; no outcome imputation in point estimates."
100385,"A_2020",1,"father_age",,"source_missing","missing","Keep NA. Use available observations for the specific outcome; no outcome imputation in point estimates."
100385,"A_2020",1,"father_educ",,"source_missing","missing","Keep NA. Use available observations for the specific outcome; no outcome imputation in point estimates."
100385,"A_2020",1,"father_income_high",,"source_missing","missing","Keep NA. Use available observations for the specific outcome; no outcome imputation in point estimates."
100387,"A_2020",0,"years_in_school","years_in_school=4; baseline_age=12; followup_age=14; age_change=2; highest_grade=6","school_years_exceed_age_change_plus_1","review","Retain. Completed school years exceed reported age change plus a one-year diagnostic allowance. Age errors, varying followup horizons or school-year counting could explain this; do not cap the value or delete the applicant."
100387,"A_2020",0,"neighborhood",,"source_missing","missing","Keep NA. Exclude from primary controls because coverage differs by cohort."
100388,"A_2020",0,"years_in_school","years_in_school=4; baseline_age=11; followup_age=13; age_change=2; highest_grade=8","school_years_exceed_age_change_plus_1","review","Retain. Completed school years exceed reported age change plus a one-year diagnostic allowance. Age errors, varying followup horizons or school-year counting could explain this; do not cap the value or delete the applicant."
100389,"A_2020",1,"mother_age","mother_age=14; child_age=14","parent_not_older_than_child","inconsistent","Set derived parent age to NA; retain raw value and applicant. Parent ages are excluded from treatment-effect controls."
100389,"A_2020",1,"years_in_school","years_in_school=4; baseline_age=12; followup_age=14; age_change=2; highest_grade=8","school_years_exceed_age_change_plus_1","review","Retain. Completed school years exceed reported age change plus a one-year diagnostic allowance. Age errors, varying followup horizons or school-year counting could explain this; do not cap the value or delete the applicant."
100390,"A_2020",1,"years_in_school","years_in_school=4; baseline_age=12; followup_age=14; age_change=2; highest_grade=8","school_years_exceed_age_change_plus_1","review","Retain. Completed school years exceed reported age change plus a one-year diagnostic allowance. Age errors, varying followup horizons or school-year counting could explain this; do not cap the value or delete the applicant."
100390,"A_2020",1,"neighborhood",,"source_missing","missing","Keep NA. Exclude from primary controls because coverage differs by cohort."
100391,"A_2020",1,"father_educ",,"source_missing","missing","Keep NA. Use available observations for the specific outcome; no outcome imputation in point estimates."
100391,"A_2020",1,"ses_stratum",,"source_missing","missing","Keep NA. Optional adjusted model uses cohort mean and a missing indicator."
100392,"B_2018",0,"years_in_school","years_in_school=6; baseline_age=13; followup_age=17; age_change=4; highest_grade=9","school_years_exceed_age_change_plus_1","review","Retain. Completed school years exceed reported age change plus a one-year diagnostic allowance. Age errors, varying followup horizons or school-year counting could explain this; do not cap the value or delete the applicant."
100392,"B_2018",0,"years_in_school","years_in_school=6; baseline_age=13; followup_age=17; age_change=4; highest_grade=9","school_years_since_allocation_above_4","review","Retain as a requested policy outcome with a timing/definition caveat. Five or six years conflict with a uniform three-year interpretation but may fit the older B2018 cohort. Clarify dates and counting convention; do not cap or infer a correction."
100392,"B_2018",0,"neighborhood",,"source_missing","missing","Keep NA. Exclude from primary controls because coverage differs by cohort."
100393,"A_2022",0,"age_at_survey","baseline=13; followup=14; change=1","age_change_outside_2_to_4_screen","review","Retain recorded ages and outcomes. Screening rule only. Systematic cohort differences require survey-date clarification, not automatic correction."
100393,"A_2022",0,"neighborhood",,"source_missing","missing","Keep NA. Exclude from primary controls because coverage differs by cohort."
100394,"A_2020",0,"years_in_school","years_in_school=4; baseline_age=13; followup_age=15; age_change=2; highest_grade=8","school_years_exceed_age_change_plus_1","review","Retain. Completed school years exceed reported age change plus a one-year diagnostic allowance. Age errors, varying followup horizons or school-year counting could explain this; do not cap the value or delete the applicant."
100394,"A_2020",0,"father_income_high",,"source_missing","missing","Keep NA. Use available observations for the specific outcome; no outcome imputation in point estimates."
100395,"A_2020",1,"years_in_school","years_in_school=4; baseline_age=12; followup_age=14; age_change=2; highest_grade=6","school_years_exceed_age_change_plus_1","review","Retain. Completed school years exceed reported age change plus a one-year diagnostic allowance. Age errors, varying followup horizons or school-year counting could explain this; do not cap the value or delete the applicant."
100396,"A_2022",1,"age_at_survey","baseline=12; followup=12; change=0","age_change_outside_2_to_4_screen","review","Retain recorded ages and outcomes. Screening rule only. Systematic cohort differences require survey-date clarification, not automatic correction."
100396,"A_2022",1,"years_in_school","years_in_school=2; baseline_age=12; followup_age=12; age_change=0; highest_grade=6","school_years_exceed_age_change_plus_1","review","Retain. Completed school years exceed reported age change plus a one-year diagnostic allowance. Age errors, varying followup horizons or school-year counting could explain this; do not cap the value or delete the applicant."
100396,"A_2022",1,"neighborhood",,"source_missing","missing","Keep NA. Exclude from primary controls because coverage differs by cohort."
100397,"A_2020",0,"years_in_school","years_in_school=4; baseline_age=14; followup_age=16; age_change=2; highest_grade=8","school_years_exceed_age_change_plus_1","review","Retain. Completed school years exceed reported age change plus a one-year diagnostic allowance. Age errors, varying followup horizons or school-year counting could explain this; do not cap the value or delete the applicant."
100397,"A_2020",0,"father_educ",,"source_missing","missing","Keep NA. Use available observations for the specific outcome; no outcome imputation in point estimates."
100397,"A_2020",0,"mother_educ",,"source_missing","missing","Keep NA. Use available observations for the specific outcome; no outcome imputation in point estimates."
100398,"A_2020",0,"years_in_school","years_in_school=4; baseline_age=12; followup_age=14; age_change=2; highest_grade=8","school_years_exceed_age_change_plus_1","review","Retain. Completed school years exceed reported age change plus a one-year diagnostic allowance. Age errors, varying followup horizons or school-year counting could explain this; do not cap the value or delete the applicant."
100398,"A_2020",0,"father_age",,"source_missing","missing","Keep NA. Use available observations for the specific outcome; no outcome imputation in point estimates."
100398,"A_2020",0,"father_educ",,"source_missing","missing","Keep NA. Use available observations for the specific outcome; no outcome imputation in point estimates."
100398,"A_2020",0,"father_income_high",,"source_missing","missing","Keep NA. Use available observations for the specific outcome; no outcome imputation in point estimates."
100398,"A_2020",0,"ses_stratum",,"source_missing","missing","Keep NA. Optional adjusted model uses cohort mean and a missing indicator."
100399,"A_2022",0,"age_at_survey","baseline=16; followup=17; change=1","age_change_outside_2_to_4_screen","review","Retain recorded ages and outcomes. Screening rule only. Systematic cohort differences require survey-date clarification, not automatic correction."
100399,"A_2022",0,"years_in_school","years_in_school=4; baseline_age=16; followup_age=17; age_change=1; highest_grade=8","school_years_exceed_age_change_plus_1","review","Retain. Completed school years exceed reported age change plus a one-year diagnostic allowance. Age errors, varying followup horizons or school-year counting could explain this; do not cap the value or delete the applicant."
100399,"A_2022",0,"neighborhood",,"source_missing","missing","Keep NA. Exclude from primary controls because coverage differs by cohort."
100400,"A_2020",1,"years_in_school","years_in_school=4; baseline_age=12; followup_age=14; age_change=2; highest_grade=8","school_years_exceed_age_change_plus_1","review","Retain. Completed school years exceed reported age change plus a one-year diagnostic allowance. Age errors, varying followup horizons or school-year counting could explain this; do not cap the value or delete the applicant."
100400,"A_2020",1,"neighborhood",,"source_missing","missing","Keep NA. Exclude from primary controls because coverage differs by cohort."
100401,"B_2018",1,"age_at_survey","baseline=12; followup=17; change=5","age_change_outside_2_to_4_screen","review","Retain recorded ages and outcomes. Screening rule only. Systematic cohort differences require survey-date clarification, not automatic correction."
100401,"B_2018",1,"years_in_school","years_in_school=6; baseline_age=12; followup_age=17; age_change=5; highest_grade=9","school_years_since_allocation_above_4","review","Retain as a requested policy outcome with a timing/definition caveat. Five or six years conflict with a uniform three-year interpretation but may fit the older B2018 cohort. Clarify dates and counting convention; do not cap or infer a correction."
100401,"B_2018",1,"father_age",,"source_missing","missing","Keep NA. Use available observations for the specific outcome; no outcome imputation in point estimates."
100401,"B_2018",1,"father_educ",,"source_missing","missing","Keep NA. Use available observations for the specific outcome; no outcome imputation in point estimates."
100401,"B_2018",1,"father_income_high",,"source_missing","missing","Keep NA. Use available observations for the specific outcome; no outcome imputation in point estimates."
100401,"B_2018",1,"neighborhood",,"source_missing","missing","Keep NA. Exclude from primary controls because coverage differs by cohort."
100402,"A_2020",1,"years_in_school","years_in_school=4; baseline_age=12; followup_age=14; age_change=2; highest_grade=8","school_years_exceed_age_change_plus_1","review","Retain. Completed school years exceed reported age change plus a one-year diagnostic allowance. Age errors, varying followup horizons or school-year counting could explain this; do not cap the value or delete the applicant."
100403,"A_2020",0,"neighborhood",,"source_missing","missing","Keep NA. Exclude from primary controls because coverage differs by cohort."
100405,"A_2020",1,"years_in_school","years_in_school=4; baseline_age=12; followup_age=14; age_change=2; highest_grade=8","school_years_exceed_age_change_plus_1","review","Retain. Completed school years exceed reported age change plus a one-year diagnostic allowance. Age errors, varying followup horizons or school-year counting could explain this; do not cap the value or delete the applicant."
100406,"B_2018",0,"father_age",,"source_missing","missing","Keep NA. Use available observations for the specific outcome; no outcome imputation in point estimates."
100406,"B_2018",0,"father_educ",,"source_missing","missing","Keep NA. Use available observations for the specific outcome; no outcome imputation in point estimates."
100406,"B_2018",0,"father_income_high",,"source_missing","missing","Keep NA. Use available observations for the specific outcome; no outcome imputation in point estimates."
100406,"B_2018",0,"neighborhood",,"source_missing","missing","Keep NA. Exclude from primary controls because coverage differs by cohort."
100406,"B_2018",0,"ses_stratum",,"source_missing","missing","Keep NA. Optional adjusted model uses cohort mean and a missing indicator."
100406,"B_2018",0,"hours_worked","0","working_but_zero_weekly_hours","review","Retain. Could reflect temporary absence or reference-period differences; do not assume zero means missing."
100407,"A_2022",1,"age_at_survey","baseline=12; followup=13; change=1","age_change_outside_2_to_4_screen","review","Retain recorded ages and outcomes. Screening rule only. Systematic cohort differences require survey-date clarification, not automatic correction."
100407,"A_2022",1,"neighborhood",,"source_missing","missing","Keep NA. Exclude from primary controls because coverage differs by cohort."
100408,"A_2020",0,"father_age",,"source_missing","missing","Keep NA. Use available observations for the specific outcome; no outcome imputation in point estimates."
100408,"A_2020",0,"neighborhood",,"source_missing","missing","Keep NA. Exclude from primary controls because coverage differs by cohort."
100409,"B_2018",0,"years_in_school","years_in_school=6; baseline_age=15; followup_age=19; age_change=4; highest_grade=8","school_years_exceed_age_change_plus_1","review","Retain. Completed school years exceed reported age change plus a one-year diagnostic allowance. Age errors, varying followup horizons or school-year counting could explain this; do not cap the value or delete the applicant."
100409,"B_2018",0,"years_in_school","years_in_school=6; baseline_age=15; followup_age=19; age_change=4; highest_grade=8","school_years_since_allocation_above_4","review","Retain as a requested policy outcome with a timing/definition caveat. Five or six years conflict with a uniform three-year interpretation but may fit the older B2018 cohort. Clarify dates and counting convention; do not cap or infer a correction."
100409,"B_2018",0,"neighborhood",,"source_missing","missing","Keep NA. Exclude from primary controls because coverage differs by cohort."
100409,"B_2018",0,"ses_stratum",,"source_missing","missing","Keep NA. Optional adjusted model uses cohort mean and a missing indicator."
100411,"B_2018",0,"age_at_survey","baseline=13; followup=18; change=5","age_change_outside_2_to_4_screen","review","Retain recorded ages and outcomes. Screening rule only. Systematic cohort differences require survey-date clarification, not automatic correction."
100411,"B_2018",0,"finished_g6","highest_grade=11; finished_g6=0","completion_flag_disagrees_with_highest_grade","inconsistent","Retain both reports; no source is known authoritative. Main grade result uses reported highest_grade. Sensitivity excludes conflicted applicants."
100411,"B_2018",0,"finished_g7","highest_grade=11; finished_g7=0","completion_flag_disagrees_with_highest_grade","inconsistent","Retain both reports; no source is known authoritative. Main grade result uses reported highest_grade. Sensitivity excludes conflicted applicants."
100411,"B_2018",0,"finished_g8","highest_grade=11; finished_g8=0","completion_flag_disagrees_with_highest_grade","inconsistent","Retain both reports; no source is known authoritative. Main grade result uses reported highest_grade. Sensitivity excludes conflicted applicants."
100411,"B_2018",0,"years_in_school","highest_grade=11; years_in_school=5","school_years_below_grade_progress_assuming_grade5_entry","review","Retain both fields. This screen assumes grade 5 completed at allocation. Missing baseline grade and uncertain counting convention prevent a verified correction."
100411,"B_2018",0,"years_in_school","years_in_school=5; baseline_age=13; followup_age=18; age_change=5; highest_grade=11","school_years_since_allocation_above_4","review","Retain as a requested policy outcome with a timing/definition caveat. Five or six years conflict with a uniform three-year interpretation but may fit the older B2018 cohort. Clarify dates and counting convention; do not cap or infer a correction."
100411,"B_2018",0,"neighborhood",,"source_missing","missing","Keep NA. Exclude from primary controls because coverage differs by cohort."
100412,"A_2020",0,"father_educ",,"source_missing","missing","Keep NA. Use available observations for the specific outcome; no outcome imputation in point estimates."
100412,"A_2020",0,"mother_educ",,"source_missing","missing","Keep NA. Use available observations for the specific outcome; no outcome imputation in point estimates."
100412,"A_2020",0,"ses_stratum",,"source_missing","missing","Keep NA. Optional adjusted model uses cohort mean and a missing indicator."
100413,"A_2020",0,"years_in_school","years_in_school=4; baseline_age=13; followup_age=15; age_change=2; highest_grade=8","school_years_exceed_age_change_plus_1","review","Retain. Completed school years exceed reported age change plus a one-year diagnostic allowance. Age errors, varying followup horizons or school-year counting could explain this; do not cap the value or delete the applicant."
100413,"A_2020",0,"father_age",,"source_missing","missing","Keep NA. Use available observations for the specific outcome; no outcome imputation in point estimates."
100413,"A_2020",0,"father_educ",,"source_missing","missing","Keep NA. Use available observations for the specific outcome; no outcome imputation in point estimates."
100413,"A_2020",0,"father_income_high",,"source_missing","missing","Keep NA. Use available observations for the specific outcome; no outcome imputation in point estimates."
100413,"A_2020",0,"in_private_now",,"source_missing","missing","Keep NA. Use available observations for the specific outcome; no outcome imputation in point estimates."
100414,"A_2020",1,"neighborhood",,"source_missing","missing","Keep NA. Exclude from primary controls because coverage differs by cohort."
100415,"A_2020",1,"years_in_school","years_in_school=4; baseline_age=15; followup_age=17; age_change=2; highest_grade=8","school_years_exceed_age_change_plus_1","review","Retain. Completed school years exceed reported age change plus a one-year diagnostic allowance. Age errors, varying followup horizons or school-year counting could explain this; do not cap the value or delete the applicant."
100416,"A_2020",1,"age_at_application",,"source_missing","missing","Keep NA. Optional adjusted model uses cohort mean and a missing indicator."
100416,"A_2020",1,"neighborhood",,"source_missing","missing","Keep NA. Exclude from primary controls because coverage differs by cohort."
100417,"B_2018",0,"age_at_survey","baseline=11; followup=16; change=5","age_change_outside_2_to_4_screen","review","Retain recorded ages and outcomes. Screening rule only. Systematic cohort differences require survey-date clarification, not automatic correction."
100417,"B_2018",0,"years_in_school","years_in_school=6; baseline_age=11; followup_age=16; age_change=5; highest_grade=9","school_years_since_allocation_above_4","review","Retain as a requested policy outcome with a timing/definition caveat. Five or six years conflict with a uniform three-year interpretation but may fit the older B2018 cohort. Clarify dates and counting convention; do not cap or infer a correction."
100417,"B_2018",0,"neighborhood",,"source_missing","missing","Keep NA. Exclude from primary controls because coverage differs by cohort."
100418,"A_2020",0,"years_in_school","years_in_school=4; baseline_age=12; followup_age=14; age_change=2; highest_grade=7","school_years_exceed_age_change_plus_1","review","Retain. Completed school years exceed reported age change plus a one-year diagnostic allowance. Age errors, varying followup horizons or school-year counting could explain this; do not cap the value or delete the applicant."
100418,"A_2020",0,"father_age",,"source_missing","missing","Keep NA. Use available observations for the specific outcome; no outcome imputation in point estimates."
100418,"A_2020",0,"father_educ",,"source_missing","missing","Keep NA. Use available observations for the specific outcome; no outcome imputation in point estimates."
100418,"A_2020",0,"father_income_high",,"source_missing","missing","Keep NA. Use available observations for the specific outcome; no outcome imputation in point estimates."
100419,"A_2020",0,"age_at_survey","baseline=14; followup=15; change=1","age_change_outside_2_to_4_screen","review","Retain recorded ages and outcomes. Screening rule only. Systematic cohort differences require survey-date clarification, not automatic correction."
100419,"A_2020",0,"years_in_school","years_in_school=5; baseline_age=14; followup_age=15; age_change=1; highest_grade=10","school_years_exceed_age_change_plus_1","review","Retain. Completed school years exceed reported age change plus a one-year diagnostic allowance. Age errors, varying followup horizons or school-year counting could explain this; do not cap the value or delete the applicant."
100419,"A_2020",0,"years_in_school","years_in_school=5; baseline_age=14; followup_age=15; age_change=1; highest_grade=10","school_years_since_allocation_above_4","review","Retain as a requested policy outcome with a timing/definition caveat. Five or six years conflict with a uniform three-year interpretation but may fit the older B2018 cohort. Clarify dates and counting convention; do not cap or infer a correction."
100419,"A_2020",0,"father_age",,"source_missing","missing","Keep NA. Use available observations for the specific outcome; no outcome imputation in point estimates."
100419,"A_2020",0,"father_educ",,"source_missing","missing","Keep NA. Use available observations for the specific outcome; no outcome imputation in point estimates."
100419,"A_2020",0,"father_income_high",,"source_missing","missing","Keep NA. Use available observations for the specific outcome; no outcome imputation in point estimates."
100419,"A_2020",0,"in_school_now",,"source_missing","missing","Keep NA. Use available observations for the specific outcome; no outcome imputation in point estimates."
100420,"A_2020",1,"years_in_school","years_in_school=4; baseline_age=14; followup_age=16; age_change=2; highest_grade=8","school_years_exceed_age_change_plus_1","review","Retain. Completed school years exceed reported age change plus a one-year diagnostic allowance. Age errors, varying followup horizons or school-year counting could explain this; do not cap the value or delete the applicant."
100420,"A_2020",1,"father_age",,"source_missing","missing","Keep NA. Use available observations for the specific outcome; no outcome imputation in point estimates."
100420,"A_2020",1,"father_educ",,"source_missing","missing","Keep NA. Use available observations for the specific outcome; no outcome imputation in point estimates."
100420,"A_2020",1,"father_income_high",,"source_missing","missing","Keep NA. Use available observations for the specific outcome; no outcome imputation in point estimates."
100421,"A_2020",0,"mother_age","mother_age=8; child_age=13","parent_not_older_than_child","inconsistent","Set derived parent age to NA; retain raw value and applicant. Parent ages are excluded from treatment-effect controls."
100421,"A_2020",0,"years_in_school","years_in_school=4; baseline_age=11; followup_age=13; age_change=2; highest_grade=8","school_years_exceed_age_change_plus_1","review","Retain. Completed school years exceed reported age change plus a one-year diagnostic allowance. Age errors, varying followup horizons or school-year counting could explain this; do not cap the value or delete the applicant."
100421,"A_2020",0,"ses_stratum",,"source_missing","missing","Keep NA. Optional adjusted model uses cohort mean and a missing indicator."
100422,"A_2020",1,"years_in_school","years_in_school=4; baseline_age=12; followup_age=14; age_change=2; highest_grade=8","school_years_exceed_age_change_plus_1","review","Retain. Completed school years exceed reported age change plus a one-year diagnostic allowance. Age errors, varying followup horizons or school-year counting could explain this; do not cap the value or delete the applicant."
100423,"A_2020",0,"neighborhood",,"source_missing","missing","Keep NA. Exclude from primary controls because coverage differs by cohort."
100424,"A_2020",0,"years_in_school","years_in_school=4; baseline_age=12; followup_age=14; age_change=2; highest_grade=8","school_years_exceed_age_change_plus_1","review","Retain. Completed school years exceed reported age change plus a one-year diagnostic allowance. Age errors, varying followup horizons or school-year counting could explain this; do not cap the value or delete the applicant."
100424,"A_2020",0,"father_age",,"source_missing","missing","Keep NA. Use available observations for the specific outcome; no outcome imputation in point estimates."
100424,"A_2020",0,"father_educ",,"source_missing","missing","Keep NA. Use available observations for the specific outcome; no outcome imputation in point estimates."
100424,"A_2020",0,"father_income_high",,"source_missing","missing","Keep NA. Use available observations for the specific outcome; no outcome imputation in point estimates."
100425,"A_2020",1,"years_in_school","years_in_school=4; baseline_age=12; followup_age=14; age_change=2; highest_grade=8","school_years_exceed_age_change_plus_1","review","Retain. Completed school years exceed reported age change plus a one-year diagnostic allowance. Age errors, varying followup horizons or school-year counting could explain this; do not cap the value or delete the applicant."
100425,"A_2020",1,"father_educ",,"source_missing","missing","Keep NA. Use available observations for the specific outcome; no outcome imputation in point estimates."
100426,"A_2022",0,"age_at_survey","baseline=14; followup=15; change=1","age_change_outside_2_to_4_screen","review","Retain recorded ages and outcomes. Screening rule only. Systematic cohort differences require survey-date clarification, not automatic correction."
100426,"A_2022",0,"father_income_high",,"source_missing","missing","Keep NA. Use available observations for the specific outcome; no outcome imputation in point estimates."
100426,"A_2022",0,"neighborhood",,"source_missing","missing","Keep NA. Exclude from primary controls because coverage differs by cohort."
100427,"A_2022",0,"age_at_survey","baseline=11; followup=12; change=1","age_change_outside_2_to_4_screen","review","Retain recorded ages and outcomes. Screening rule only. Systematic cohort differences require survey-date clarification, not automatic correction."
100427,"A_2022",0,"neighborhood",,"source_missing","missing","Keep NA. Exclude from primary controls because coverage differs by cohort."
100428,"B_2018",1,"age_at_survey","baseline=13; followup=18; change=5","age_change_outside_2_to_4_screen","review","Retain recorded ages and outcomes. Screening rule only. Systematic cohort differences require survey-date clarification, not automatic correction."
100428,"B_2018",1,"years_in_school","years_in_school=6; baseline_age=13; followup_age=18; age_change=5; highest_grade=9","school_years_since_allocation_above_4","review","Retain as a requested policy outcome with a timing/definition caveat. Five or six years conflict with a uniform three-year interpretation but may fit the older B2018 cohort. Clarify dates and counting convention; do not cap or infer a correction."
100428,"B_2018",1,"father_age",,"source_missing","missing","Keep NA. Use available observations for the specific outcome; no outcome imputation in point estimates."
100428,"B_2018",1,"father_educ",,"source_missing","missing","Keep NA. Use available observations for the specific outcome; no outcome imputation in point estimates."
100428,"B_2018",1,"father_income_high",,"source_missing","missing","Keep NA. Use available observations for the specific outcome; no outcome imputation in point estimates."
100428,"B_2018",1,"neighborhood",,"source_missing","missing","Keep NA. Exclude from primary controls because coverage differs by cohort."
100430,"A_2020",0,"years_in_school","years_in_school=4; baseline_age=12; followup_age=14; age_change=2; highest_grade=8","school_years_exceed_age_change_plus_1","review","Retain. Completed school years exceed reported age change plus a one-year diagnostic allowance. Age errors, varying followup horizons or school-year counting could explain this; do not cap the value or delete the applicant."
100431,"A_2020",1,"neighborhood",,"source_missing","missing","Keep NA. Exclude from primary controls because coverage differs by cohort."
100432,"A_2020",1,"ses_stratum",,"source_missing","missing","Keep NA. Optional adjusted model uses cohort mean and a missing indicator."
100433,"A_2022",0,"age_at_survey","baseline=11; followup=12; change=1","age_change_outside_2_to_4_screen","review","Retain recorded ages and outcomes. Screening rule only. Systematic cohort differences require survey-date clarification, not automatic correction."
100433,"A_2022",0,"neighborhood",,"source_missing","missing","Keep NA. Exclude from primary controls because coverage differs by cohort."
100435,"A_2020",0,"father_age",,"source_missing","missing","Keep NA. Use available observations for the specific outcome; no outcome imputation in point estimates."
100435,"A_2020",0,"father_educ",,"source_missing","missing","Keep NA. Use available observations for the specific outcome; no outcome imputation in point estimates."
100435,"A_2020",0,"father_income_high",,"source_missing","missing","Keep NA. Use available observations for the specific outcome; no outcome imputation in point estimates."
100435,"A_2020",0,"mother_age",,"source_missing","missing","Keep NA. Use available observations for the specific outcome; no outcome imputation in point estimates."
100435,"A_2020",0,"mother_educ",,"source_missing","missing","Keep NA. Use available observations for the specific outcome; no outcome imputation in point estimates."
100435,"A_2020",0,"ses_stratum",,"source_missing","missing","Keep NA. Optional adjusted model uses cohort mean and a missing indicator."
100436,"A_2020",1,"years_in_school","years_in_school=4; baseline_age=12; followup_age=14; age_change=2; highest_grade=8","school_years_exceed_age_change_plus_1","review","Retain. Completed school years exceed reported age change plus a one-year diagnostic allowance. Age errors, varying followup horizons or school-year counting could explain this; do not cap the value or delete the applicant."
100437,"A_2020",1,"years_in_school","years_in_school=5; baseline_age=13; followup_age=15; age_change=2; highest_grade=8","school_years_exceed_age_change_plus_1","review","Retain. Completed school years exceed reported age change plus a one-year diagnostic allowance. Age errors, varying followup horizons or school-year counting could explain this; do not cap the value or delete the applicant."
100437,"A_2020",1,"years_in_school","years_in_school=5; baseline_age=13; followup_age=15; age_change=2; highest_grade=8","school_years_since_allocation_above_4","review","Retain as a requested policy outcome with a timing/definition caveat. Five or six years conflict with a uniform three-year interpretation but may fit the older B2018 cohort. Clarify dates and counting convention; do not cap or infer a correction."
100437,"A_2020",1,"neighborhood",,"source_missing","missing","Keep NA. Exclude from primary controls because coverage differs by cohort."
100438,"A_2020",1,"years_in_school","years_in_school=4; baseline_age=12; followup_age=14; age_change=2; highest_grade=8","school_years_exceed_age_change_plus_1","review","Retain. Completed school years exceed reported age change plus a one-year diagnostic allowance. Age errors, varying followup horizons or school-year counting could explain this; do not cap the value or delete the applicant."
100440,"A_2022",1,"age_at_survey","baseline=15; followup=15; change=0","age_change_outside_2_to_4_screen","review","Retain recorded ages and outcomes. Screening rule only. Systematic cohort differences require survey-date clarification, not automatic correction."
100440,"A_2022",1,"neighborhood",,"source_missing","missing","Keep NA. Exclude from primary controls because coverage differs by cohort."
100440,"A_2022",1,"hours_worked","0","working_but_zero_weekly_hours","review","Retain. Could reflect temporary absence or reference-period differences; do not assume zero means missing."
100441,"A_2020",1,"years_in_school","years_in_school=4; baseline_age=13; followup_age=15; age_change=2; highest_grade=7","school_years_exceed_age_change_plus_1","review","Retain. Completed school years exceed reported age change plus a one-year diagnostic allowance. Age errors, varying followup horizons or school-year counting could explain this; do not cap the value or delete the applicant."
100441,"A_2020",1,"father_age",,"source_missing","missing","Keep NA. Use available observations for the specific outcome; no outcome imputation in point estimates."
100441,"A_2020",1,"father_educ",,"source_missing","missing","Keep NA. Use available observations for the specific outcome; no outcome imputation in point estimates."
100441,"A_2020",1,"father_income_high",,"source_missing","missing","Keep NA. Use available observations for the specific outcome; no outcome imputation in point estimates."
100442,"A_2020",1,"years_in_school","years_in_school=4; baseline_age=13; followup_age=15; age_change=2; highest_grade=8","school_years_exceed_age_change_plus_1","review","Retain. Completed school years exceed reported age change plus a one-year diagnostic allowance. Age errors, varying followup horizons or school-year counting could explain this; do not cap the value or delete the applicant."
100443,"A_2020",1,"neighborhood",,"source_missing","missing","Keep NA. Exclude from primary controls because coverage differs by cohort."
100444,"A_2020",1,"years_in_school","years_in_school=4; baseline_age=12; followup_age=14; age_change=2; highest_grade=8","school_years_exceed_age_change_plus_1","review","Retain. Completed school years exceed reported age change plus a one-year diagnostic allowance. Age errors, varying followup horizons or school-year counting could explain this; do not cap the value or delete the applicant."
100444,"A_2020",1,"father_age",,"source_missing","missing","Keep NA. Use available observations for the specific outcome; no outcome imputation in point estimates."
100444,"A_2020",1,"father_educ",,"source_missing","missing","Keep NA. Use available observations for the specific outcome; no outcome imputation in point estimates."
100444,"A_2020",1,"father_income_high",,"source_missing","missing","Keep NA. Use available observations for the specific outcome; no outcome imputation in point estimates."
100445,"B_2018",0,"age_at_survey","baseline=12; followup=17; change=5","age_change_outside_2_to_4_screen","review","Retain recorded ages and outcomes. Screening rule only. Systematic cohort differences require survey-date clarification, not automatic correction."
100445,"B_2018",0,"years_in_school","years_in_school=6; baseline_age=12; followup_age=17; age_change=5; highest_grade=8","school_years_since_allocation_above_4","review","Retain as a requested policy outcome with a timing/definition caveat. Five or six years conflict with a uniform three-year interpretation but may fit the older B2018 cohort. Clarify dates and counting convention; do not cap or infer a correction."
100445,"B_2018",0,"neighborhood",,"source_missing","missing","Keep NA. Exclude from primary controls because coverage differs by cohort."
100446,"A_2020",1,"years_in_school","years_in_school=4; baseline_age=12; followup_age=14; age_change=2; highest_grade=8","school_years_exceed_age_change_plus_1","review","Retain. Completed school years exceed reported age change plus a one-year diagnostic allowance. Age errors, varying followup horizons or school-year counting could explain this; do not cap the value or delete the applicant."
100446,"A_2020",1,"father_age",,"source_missing","missing","Keep NA. Use available observations for the specific outcome; no outcome imputation in point estimates."
100446,"A_2020",1,"father_educ",,"source_missing","missing","Keep NA. Use available observations for the specific outcome; no outcome imputation in point estimates."
100446,"A_2020",1,"father_income_high",,"source_missing","missing","Keep NA. Use available observations for the specific outcome; no outcome imputation in point estimates."
100447,"A_2020",0,"father_age",,"source_missing","missing","Keep NA. Use available observations for the specific outcome; no outcome imputation in point estimates."
100447,"A_2020",0,"father_educ",,"source_missing","missing","Keep NA. Use available observations for the specific outcome; no outcome imputation in point estimates."
100447,"A_2020",0,"father_income_high",,"source_missing","missing","Keep NA. Use available observations for the specific outcome; no outcome imputation in point estimates."
100448,"A_2020",1,"years_in_school","years_in_school=4; baseline_age=12; followup_age=14; age_change=2; highest_grade=8","school_years_exceed_age_change_plus_1","review","Retain. Completed school years exceed reported age change plus a one-year diagnostic allowance. Age errors, varying followup horizons or school-year counting could explain this; do not cap the value or delete the applicant."
100449,"A_2020",1,"years_in_school","years_in_school=4; baseline_age=13; followup_age=15; age_change=2; highest_grade=7","school_years_exceed_age_change_plus_1","review","Retain. Completed school years exceed reported age change plus a one-year diagnostic allowance. Age errors, varying followup horizons or school-year counting could explain this; do not cap the value or delete the applicant."
100449,"A_2020",1,"in_private_now",,"source_missing","missing","Keep NA. Use available observations for the specific outcome; no outcome imputation in point estimates."
100449,"A_2020",1,"ses_stratum",,"source_missing","missing","Keep NA. Optional adjusted model uses cohort mean and a missing indicator."
100450,"A_2020",1,"years_in_school","years_in_school=4; baseline_age=11; followup_age=13; age_change=2; highest_grade=7","school_years_exceed_age_change_plus_1","review","Retain. Completed school years exceed reported age change plus a one-year diagnostic allowance. Age errors, varying followup horizons or school-year counting could explain this; do not cap the value or delete the applicant."
100451,"A_2020",1,"years_in_school","years_in_school=5; baseline_age=12; followup_age=15; age_change=3; highest_grade=8","school_years_exceed_age_change_plus_1","review","Retain. Completed school years exceed reported age change plus a one-year diagnostic allowance. Age errors, varying followup horizons or school-year counting could explain this; do not cap the value or delete the applicant."
100451,"A_2020",1,"years_in_school","years_in_school=5; baseline_age=12; followup_age=15; age_change=3; highest_grade=8","school_years_since_allocation_above_4","review","Retain as a requested policy outcome with a timing/definition caveat. Five or six years conflict with a uniform three-year interpretation but may fit the older B2018 cohort. Clarify dates and counting convention; do not cap or infer a correction."
100451,"A_2020",1,"neighborhood",,"source_missing","missing","Keep NA. Exclude from primary controls because coverage differs by cohort."
100452,"A_2020",0,"years_in_school","years_in_school=4; baseline_age=14; followup_age=16; age_change=2; highest_grade=7","school_years_exceed_age_change_plus_1","review","Retain. Completed school years exceed reported age change plus a one-year diagnostic allowance. Age errors, varying followup horizons or school-year counting could explain this; do not cap the value or delete the applicant."
100453,"A_2022",1,"age_at_survey","baseline=11; followup=12; change=1","age_change_outside_2_to_4_screen","review","Retain recorded ages and outcomes. Screening rule only. Systematic cohort differences require survey-date clarification, not automatic correction."
100453,"A_2022",1,"father_educ",,"source_missing","missing","Keep NA. Use available observations for the specific outcome; no outcome imputation in point estimates."
100453,"A_2022",1,"father_income_high",,"source_missing","missing","Keep NA. Use available observations for the specific outcome; no outcome imputation in point estimates."
100453,"A_2022",1,"neighborhood",,"source_missing","missing","Keep NA. Exclude from primary controls because coverage differs by cohort."
100454,"A_2022",0,"age_at_survey","baseline=13; followup=14; change=1","age_change_outside_2_to_4_screen","review","Retain recorded ages and outcomes. Screening rule only. Systematic cohort differences require survey-date clarification, not automatic correction."
100454,"A_2022",0,"years_in_school","years_in_school=3; baseline_age=13; followup_age=14; age_change=1; highest_grade=7","school_years_exceed_age_change_plus_1","review","Retain. Completed school years exceed reported age change plus a one-year diagnostic allowance. Age errors, varying followup horizons or school-year counting could explain this; do not cap the value or delete the applicant."
100454,"A_2022",0,"neighborhood",,"source_missing","missing","Keep NA. Exclude from primary controls because coverage differs by cohort."
100456,"A_2022",1,"age_at_survey","baseline=12; followup=12; change=0","age_change_outside_2_to_4_screen","review","Retain recorded ages and outcomes. Screening rule only. Systematic cohort differences require survey-date clarification, not automatic correction."
100456,"A_2022",1,"years_in_school","years_in_school=2; baseline_age=12; followup_age=12; age_change=0; highest_grade=6","school_years_exceed_age_change_plus_1","review","Retain. Completed school years exceed reported age change plus a one-year diagnostic allowance. Age errors, varying followup horizons or school-year counting could explain this; do not cap the value or delete the applicant."
100456,"A_2022",1,"neighborhood",,"source_missing","missing","Keep NA. Exclude from primary controls because coverage differs by cohort."
100457,"A_2022",1,"father_age",,"source_missing","missing","Keep NA. Use available observations for the specific outcome; no outcome imputation in point estimates."
100457,"A_2022",1,"father_educ",,"source_missing","missing","Keep NA. Use available observations for the specific outcome; no outcome imputation in point estimates."
100457,"A_2022",1,"father_income_high",,"source_missing","missing","Keep NA. Use available observations for the specific outcome; no outcome imputation in point estimates."
100457,"A_2022",1,"neighborhood",,"source_missing","missing","Keep NA. Exclude from primary controls because coverage differs by cohort."
100457,"A_2022",1,"ses_stratum",,"source_missing","missing","Keep NA. Optional adjusted model uses cohort mean and a missing indicator."
100458,"A_2020",1,"neighborhood",,"source_missing","missing","Keep NA. Exclude from primary controls because coverage differs by cohort."
100459,"A_2020",1,"father_age",,"source_missing","missing","Keep NA. Use available observations for the specific outcome; no outcome imputation in point estimates."
100459,"A_2020",1,"father_educ",,"source_missing","missing","Keep NA. Use available observations for the specific outcome; no outcome imputation in point estimates."
100459,"A_2020",1,"father_income_high",,"source_missing","missing","Keep NA. Use available observations for the specific outcome; no outcome imputation in point estimates."
100460,"A_2020",0,"years_in_school","years_in_school=4; baseline_age=12; followup_age=14; age_change=2; highest_grade=8","school_years_exceed_age_change_plus_1","review","Retain. Completed school years exceed reported age change plus a one-year diagnostic allowance. Age errors, varying followup horizons or school-year counting could explain this; do not cap the value or delete the applicant."
100460,"A_2020",0,"father_age",,"source_missing","missing","Keep NA. Use available observations for the specific outcome; no outcome imputation in point estimates."
100460,"A_2020",0,"father_educ",,"source_missing","missing","Keep NA. Use available observations for the specific outcome; no outcome imputation in point estimates."
100460,"A_2020",0,"father_income_high",,"source_missing","missing","Keep NA. Use available observations for the specific outcome; no outcome imputation in point estimates."
100461,"A_2020",1,"years_in_school","years_in_school=5; baseline_age=13; followup_age=15; age_change=2; highest_grade=7","school_years_exceed_age_change_plus_1","review","Retain. Completed school years exceed reported age change plus a one-year diagnostic allowance. Age errors, varying followup horizons or school-year counting could explain this; do not cap the value or delete the applicant."
100461,"A_2020",1,"years_in_school","years_in_school=5; baseline_age=13; followup_age=15; age_change=2; highest_grade=7","school_years_since_allocation_above_4","review","Retain as a requested policy outcome with a timing/definition caveat. Five or six years conflict with a uniform three-year interpretation but may fit the older B2018 cohort. Clarify dates and counting convention; do not cap or infer a correction."
100461,"A_2020",1,"father_educ",,"source_missing","missing","Keep NA. Use available observations for the specific outcome; no outcome imputation in point estimates."
100461,"A_2020",1,"father_income_high",,"source_missing","missing","Keep NA. Use available observations for the specific outcome; no outcome imputation in point estimates."
100461,"A_2020",1,"neighborhood",,"source_missing","missing","Keep NA. Exclude from primary controls because coverage differs by cohort."
100462,"A_2020",1,"age_at_application",,"source_missing","missing","Keep NA. Optional adjusted model uses cohort mean and a missing indicator."
100462,"A_2020",1,"father_age",,"source_missing","missing","Keep NA. Use available observations for the specific outcome; no outcome imputation in point estimates."
100462,"A_2020",1,"father_educ",,"source_missing","missing","Keep NA. Use available observations for the specific outcome; no outcome imputation in point estimates."
100462,"A_2020",1,"father_income_high",,"source_missing","missing","Keep NA. Use available observations for the specific outcome; no outcome imputation in point estimates."
100462,"A_2020",1,"hours_worked","0","working_but_zero_weekly_hours","review","Retain. Could reflect temporary absence or reference-period differences; do not assume zero means missing."
100463,"A_2020",0,"years_in_school","years_in_school=4; baseline_age=12; followup_age=14; age_change=2; highest_grade=8","school_years_exceed_age_change_plus_1","review","Retain. Completed school years exceed reported age change plus a one-year diagnostic allowance. Age errors, varying followup horizons or school-year counting could explain this; do not cap the value or delete the applicant."
100464,"B_2018",1,"years_in_school","years_in_school=6; baseline_age=11; followup_age=15; age_change=4; highest_grade=10","school_years_exceed_age_change_plus_1","review","Retain. Completed school years exceed reported age change plus a one-year diagnostic allowance. Age errors, varying followup horizons or school-year counting could explain this; do not cap the value or delete the applicant."
100464,"B_2018",1,"years_in_school","years_in_school=6; baseline_age=11; followup_age=15; age_change=4; highest_grade=10","school_years_since_allocation_above_4","review","Retain as a requested policy outcome with a timing/definition caveat. Five or six years conflict with a uniform three-year interpretation but may fit the older B2018 cohort. Clarify dates and counting convention; do not cap or infer a correction."
100464,"B_2018",1,"neighborhood",,"source_missing","missing","Keep NA. Exclude from primary controls because coverage differs by cohort."
100465,"A_2022",1,"age_at_survey","baseline=12; followup=13; change=1","age_change_outside_2_to_4_screen","review","Retain recorded ages and outcomes. Screening rule only. Systematic cohort differences require survey-date clarification, not automatic correction."
100465,"A_2022",1,"neighborhood",,"source_missing","missing","Keep NA. Exclude from primary controls because coverage differs by cohort."
100466,"A_2020",0,"finished_g6","highest_grade=8; finished_g6=0","completion_flag_disagrees_with_highest_grade","inconsistent","Retain both reports; no source is known authoritative. Main grade result uses reported highest_grade. Sensitivity excludes conflicted applicants."
100466,"A_2020",0,"finished_g7","highest_grade=8; finished_g7=0","completion_flag_disagrees_with_highest_grade","inconsistent","Retain both reports; no source is known authoritative. Main grade result uses reported highest_grade. Sensitivity excludes conflicted applicants."
100466,"A_2020",0,"finished_g8","highest_grade=8; finished_g8=0","completion_flag_disagrees_with_highest_grade","inconsistent","Retain both reports; no source is known authoritative. Main grade result uses reported highest_grade. Sensitivity excludes conflicted applicants."
100466,"A_2020",0,"father_age",,"source_missing","missing","Keep NA. Use available observations for the specific outcome; no outcome imputation in point estimates."
100466,"A_2020",0,"father_educ",,"source_missing","missing","Keep NA. Use available observations for the specific outcome; no outcome imputation in point estimates."
100466,"A_2020",0,"mother_age",,"source_missing","missing","Keep NA. Use available observations for the specific outcome; no outcome imputation in point estimates."
100467,"B_2018",0,"years_in_school","years_in_school=6; baseline_age=14; followup_age=16; age_change=2; highest_grade=9","school_years_exceed_age_change_plus_1","review","Retain. Completed school years exceed reported age change plus a one-year diagnostic allowance. Age errors, varying followup horizons or school-year counting could explain this; do not cap the value or delete the applicant."
100467,"B_2018",0,"years_in_school","years_in_school=6; baseline_age=14; followup_age=16; age_change=2; highest_grade=9","school_years_since_allocation_above_4","review","Retain as a requested policy outcome with a timing/definition caveat. Five or six years conflict with a uniform three-year interpretation but may fit the older B2018 cohort. Clarify dates and counting convention; do not cap or infer a correction."
100467,"B_2018",0,"father_age",,"source_missing","missing","Keep NA. Use available observations for the specific outcome; no outcome imputation in point estimates."
100467,"B_2018",0,"father_educ",,"source_missing","missing","Keep NA. Use available observations for the specific outcome; no outcome imputation in point estimates."
100467,"B_2018",0,"father_income_high",,"source_missing","missing","Keep NA. Use available observations for the specific outcome; no outcome imputation in point estimates."
100467,"B_2018",0,"mother_age",,"source_missing","missing","Keep NA. Use available observations for the specific outcome; no outcome imputation in point estimates."
100467,"B_2018",0,"mother_educ",,"source_missing","missing","Keep NA. Use available observations for the specific outcome; no outcome imputation in point estimates."
100467,"B_2018",0,"neighborhood",,"source_missing","missing","Keep NA. Exclude from primary controls because coverage differs by cohort."
100468,"A_2020",0,"years_in_school","years_in_school=4; baseline_age=12; followup_age=14; age_change=2; highest_grade=8","school_years_exceed_age_change_plus_1","review","Retain. Completed school years exceed reported age change plus a one-year diagnostic allowance. Age errors, varying followup horizons or school-year counting could explain this; do not cap the value or delete the applicant."
100469,"A_2020",1,"years_in_school","years_in_school=4; baseline_age=12; followup_age=14; age_change=2; highest_grade=8","school_years_exceed_age_change_plus_1","review","Retain. Completed school years exceed reported age change plus a one-year diagnostic allowance. Age errors, varying followup horizons or school-year counting could explain this; do not cap the value or delete the applicant."
100470,"A_2020",0,"years_in_school","years_in_school=4; baseline_age=12; followup_age=14; age_change=2; highest_grade=8","school_years_exceed_age_change_plus_1","review","Retain. Completed school years exceed reported age change plus a one-year diagnostic allowance. Age errors, varying followup horizons or school-year counting could explain this; do not cap the value or delete the applicant."
100471,"A_2022",0,"age_at_survey","baseline=14; followup=15; change=1","age_change_outside_2_to_4_screen","review","Retain recorded ages and outcomes. Screening rule only. Systematic cohort differences require survey-date clarification, not automatic correction."
100471,"A_2022",0,"father_age",,"source_missing","missing","Keep NA. Use available observations for the specific outcome; no outcome imputation in point estimates."
100471,"A_2022",0,"father_educ",,"source_missing","missing","Keep NA. Use available observations for the specific outcome; no outcome imputation in point estimates."
100471,"A_2022",0,"father_income_high",,"source_missing","missing","Keep NA. Use available observations for the specific outcome; no outcome imputation in point estimates."
100471,"A_2022",0,"neighborhood",,"source_missing","missing","Keep NA. Exclude from primary controls because coverage differs by cohort."
100472,"A_2020",1,"years_in_school","years_in_school=4; baseline_age=11; followup_age=13; age_change=2; highest_grade=8","school_years_exceed_age_change_plus_1","review","Retain. Completed school years exceed reported age change plus a one-year diagnostic allowance. Age errors, varying followup horizons or school-year counting could explain this; do not cap the value or delete the applicant."
100473,"A_2022",1,"age_at_survey","baseline=14; followup=14; change=0","age_change_outside_2_to_4_screen","review","Retain recorded ages and outcomes. Screening rule only. Systematic cohort differences require survey-date clarification, not automatic correction."
100473,"A_2022",1,"years_in_school","years_in_school=2; baseline_age=14; followup_age=14; age_change=0; highest_grade=6","school_years_exceed_age_change_plus_1","review","Retain. Completed school years exceed reported age change plus a one-year diagnostic allowance. Age errors, varying followup horizons or school-year counting could explain this; do not cap the value or delete the applicant."
100473,"A_2022",1,"father_age",,"source_missing","missing","Keep NA. Use available observations for the specific outcome; no outcome imputation in point estimates."
100473,"A_2022",1,"father_educ",,"source_missing","missing","Keep NA. Use available observations for the specific outcome; no outcome imputation in point estimates."
100473,"A_2022",1,"father_income_high",,"source_missing","missing","Keep NA. Use available observations for the specific outcome; no outcome imputation in point estimates."
100473,"A_2022",1,"neighborhood",,"source_missing","missing","Keep NA. Exclude from primary controls because coverage differs by cohort."
100474,"A_2022",1,"age_at_survey","baseline=11; followup=12; change=1","age_change_outside_2_to_4_screen","review","Retain recorded ages and outcomes. Screening rule only. Systematic cohort differences require survey-date clarification, not automatic correction."
100474,"A_2022",1,"father_age",,"source_missing","missing","Keep NA. Use available observations for the specific outcome; no outcome imputation in point estimates."
100474,"A_2022",1,"father_educ",,"source_missing","missing","Keep NA. Use available observations for the specific outcome; no outcome imputation in point estimates."
100474,"A_2022",1,"father_income_high",,"source_missing","missing","Keep NA. Use available observations for the specific outcome; no outcome imputation in point estimates."
100474,"A_2022",1,"neighborhood",,"source_missing","missing","Keep NA. Exclude from primary controls because coverage differs by cohort."
100475,"A_2020",0,"father_income_high",,"source_missing","missing","Keep NA. Use available observations for the specific outcome; no outcome imputation in point estimates."
100476,"A_2022",0,"age_at_survey","baseline=12; followup=13; change=1","age_change_outside_2_to_4_screen","review","Retain recorded ages and outcomes. Screening rule only. Systematic cohort differences require survey-date clarification, not automatic correction."
100476,"A_2022",0,"neighborhood",,"source_missing","missing","Keep NA. Exclude from primary controls because coverage differs by cohort."
100478,"A_2020",0,"years_in_school","years_in_school=4; baseline_age=13; followup_age=15; age_change=2; highest_grade=8","school_years_exceed_age_change_plus_1","review","Retain. Completed school years exceed reported age change plus a one-year diagnostic allowance. Age errors, varying followup horizons or school-year counting could explain this; do not cap the value or delete the applicant."
100479,"A_2020",0,"years_in_school","years_in_school=4; baseline_age=11; followup_age=13; age_change=2; highest_grade=8","school_years_exceed_age_change_plus_1","review","Retain. Completed school years exceed reported age change plus a one-year diagnostic allowance. Age errors, varying followup horizons or school-year counting could explain this; do not cap the value or delete the applicant."
100480,"A_2020",0,"years_in_school","years_in_school=4; baseline_age=13; followup_age=15; age_change=2; highest_grade=8","school_years_exceed_age_change_plus_1","review","Retain. Completed school years exceed reported age change plus a one-year diagnostic allowance. Age errors, varying followup horizons or school-year counting could explain this; do not cap the value or delete the applicant."
100481,"A_2020",1,"years_in_school","years_in_school=4; baseline_age=12; followup_age=14; age_change=2; highest_grade=8","school_years_exceed_age_change_plus_1","review","Retain. Completed school years exceed reported age change plus a one-year diagnostic allowance. Age errors, varying followup horizons or school-year counting could explain this; do not cap the value or delete the applicant."
100482,"A_2022",1,"age_at_survey","baseline=15; followup=16; change=1","age_change_outside_2_to_4_screen","review","Retain recorded ages and outcomes. Screening rule only. Systematic cohort differences require survey-date clarification, not automatic correction."
100482,"A_2022",1,"neighborhood",,"source_missing","missing","Keep NA. Exclude from primary controls because coverage differs by cohort."
100482,"A_2022",1,"ses_stratum",,"source_missing","missing","Keep NA. Optional adjusted model uses cohort mean and a missing indicator."
100483,"A_2020",1,"ses_stratum",,"source_missing","missing","Keep NA. Optional adjusted model uses cohort mean and a missing indicator."
100484,"A_2022",0,"age_at_survey","baseline=12; followup=13; change=1","age_change_outside_2_to_4_screen","review","Retain recorded ages and outcomes. Screening rule only. Systematic cohort differences require survey-date clarification, not automatic correction."
100484,"A_2022",0,"neighborhood",,"source_missing","missing","Keep NA. Exclude from primary controls because coverage differs by cohort."
100485,"A_2020",0,"neighborhood",,"source_missing","missing","Keep NA. Exclude from primary controls because coverage differs by cohort."
100486,"A_2020",1,"years_in_school","years_in_school=4; baseline_age=15; followup_age=17; age_change=2; highest_grade=8","school_years_exceed_age_change_plus_1","review","Retain. Completed school years exceed reported age change plus a one-year diagnostic allowance. Age errors, varying followup horizons or school-year counting could explain this; do not cap the value or delete the applicant."
100486,"A_2020",1,"neighborhood",,"source_missing","missing","Keep NA. Exclude from primary controls because coverage differs by cohort."
100487,"A_2020",1,"father_age",,"source_missing","missing","Keep NA. Use available observations for the specific outcome; no outcome imputation in point estimates."
100487,"A_2020",1,"father_educ",,"source_missing","missing","Keep NA. Use available observations for the specific outcome; no outcome imputation in point estimates."
100487,"A_2020",1,"father_income_high",,"source_missing","missing","Keep NA. Use available observations for the specific outcome; no outcome imputation in point estimates."
100487,"A_2020",1,"neighborhood",,"source_missing","missing","Keep NA. Exclude from primary controls because coverage differs by cohort."
100487,"A_2020",1,"repeats_g6",,"source_missing","missing","Keep NA. Use available observations for the specific outcome; no outcome imputation in point estimates."
100487,"A_2020",1,"started_g6_private",,"source_missing","missing","Keep NA. Use available observations for the specific outcome; no outcome imputation in point estimates."
100487,"A_2020",1,"started_g7_private",,"source_missing","missing","Keep NA. Use available observations for the specific outcome; no outcome imputation in point estimates."
100488,"A_2020",0,"father_age",,"source_missing","missing","Keep NA. Use available observations for the specific outcome; no outcome imputation in point estimates."
100488,"A_2020",0,"father_educ",,"source_missing","missing","Keep NA. Use available observations for the specific outcome; no outcome imputation in point estimates."
100488,"A_2020",0,"father_income_high",,"source_missing","missing","Keep NA. Use available observations for the specific outcome; no outcome imputation in point estimates."
100489,"A_2020",1,"neighborhood",,"source_missing","missing","Keep NA. Exclude from primary controls because coverage differs by cohort."
100489,"A_2020",1,"ses_stratum",,"source_missing","missing","Keep NA. Optional adjusted model uses cohort mean and a missing indicator."
100490,"A_2020",1,"age_at_survey","baseline=14; followup=15; change=1","age_change_outside_2_to_4_screen","review","Retain recorded ages and outcomes. Screening rule only. Systematic cohort differences require survey-date clarification, not automatic correction."
100490,"A_2020",1,"years_in_school","years_in_school=4; baseline_age=14; followup_age=15; age_change=1; highest_grade=8","school_years_exceed_age_change_plus_1","review","Retain. Completed school years exceed reported age change plus a one-year diagnostic allowance. Age errors, varying followup horizons or school-year counting could explain this; do not cap the value or delete the applicant."
100491,"A_2022",1,"age_at_survey","baseline=12; followup=13; change=1","age_change_outside_2_to_4_screen","review","Retain recorded ages and outcomes. Screening rule only. Systematic cohort differences require survey-date clarification, not automatic correction."
100491,"A_2022",1,"neighborhood",,"source_missing","missing","Keep NA. Exclude from primary controls because coverage differs by cohort."
100494,"B_2018",0,"age_at_survey","baseline=12; followup=18; change=6","age_change_outside_2_to_4_screen","review","Retain recorded ages and outcomes. Screening rule only. Systematic cohort differences require survey-date clarification, not automatic correction."
100494,"B_2018",0,"father_age",,"source_missing","missing","Keep NA. Use available observations for the specific outcome; no outcome imputation in point estimates."
100494,"B_2018",0,"father_educ",,"source_missing","missing","Keep NA. Use available observations for the specific outcome; no outcome imputation in point estimates."
100494,"B_2018",0,"father_income_high",,"source_missing","missing","Keep NA. Use available observations for the specific outcome; no outcome imputation in point estimates."
100494,"B_2018",0,"neighborhood",,"source_missing","missing","Keep NA. Exclude from primary controls because coverage differs by cohort."
100494,"B_2018",0,"ses_stratum",,"source_missing","missing","Keep NA. Optional adjusted model uses cohort mean and a missing indicator."
100495,"B_2018",0,"age_at_survey","baseline=13; followup=18; change=5","age_change_outside_2_to_4_screen","review","Retain recorded ages and outcomes. Screening rule only. Systematic cohort differences require survey-date clarification, not automatic correction."
100495,"B_2018",0,"father_age",,"source_missing","missing","Keep NA. Use available observations for the specific outcome; no outcome imputation in point estimates."
100495,"B_2018",0,"father_educ",,"source_missing","missing","Keep NA. Use available observations for the specific outcome; no outcome imputation in point estimates."
100495,"B_2018",0,"father_income_high",,"source_missing","missing","Keep NA. Use available observations for the specific outcome; no outcome imputation in point estimates."
100495,"B_2018",0,"neighborhood",,"source_missing","missing","Keep NA. Exclude from primary controls because coverage differs by cohort."
100495,"B_2018",0,"ses_stratum",,"source_missing","missing","Keep NA. Optional adjusted model uses cohort mean and a missing indicator."
100496,"B_2018",1,"age_at_survey",,"source_missing","missing","Keep NA. Use available observations for the specific outcome; no outcome imputation in point estimates."
100496,"B_2018",1,"ever_repeated",,"source_missing","missing","Keep NA. Use available observations for the specific outcome; no outcome imputation in point estimates."
100496,"B_2018",1,"father_age",,"source_missing","missing","Keep NA. Use available observations for the specific outcome; no outcome imputation in point estimates."
100496,"B_2018",1,"father_educ",,"source_missing","missing","Keep NA. Use available observations for the specific outcome; no outcome imputation in point estimates."
100496,"B_2018",1,"father_income_high",,"source_missing","missing","Keep NA. Use available observations for the specific outcome; no outcome imputation in point estimates."
100496,"B_2018",1,"finished_g6",,"source_missing","missing","Keep NA. Use available observations for the specific outcome; no outcome imputation in point estimates."
100496,"B_2018",1,"finished_g7",,"source_missing","missing","Keep NA. Use available observations for the specific outcome; no outcome imputation in point estimates."
100496,"B_2018",1,"finished_g8",,"source_missing","missing","Keep NA. Use available observations for the specific outcome; no outcome imputation in point estimates."
100496,"B_2018",1,"has_child",,"source_missing","missing","Keep NA. Use available observations for the specific outcome; no outcome imputation in point estimates."
100496,"B_2018",1,"hours_worked",,"source_missing","missing","Keep NA. Use available observations for the specific outcome; no outcome imputation in point estimates."
100496,"B_2018",1,"in_private_now",,"source_missing","missing","Keep NA. Use available observations for the specific outcome; no outcome imputation in point estimates."
100496,"B_2018",1,"in_school_now",,"source_missing","missing","Keep NA. Use available observations for the specific outcome; no outcome imputation in point estimates."
100496,"B_2018",1,"married_or_cohab",,"source_missing","missing","Keep NA. Use available observations for the specific outcome; no outcome imputation in point estimates."
100496,"B_2018",1,"mother_age",,"source_missing","missing","Keep NA. Use available observations for the specific outcome; no outcome imputation in point estimates."
100496,"B_2018",1,"mother_educ",,"source_missing","missing","Keep NA. Use available observations for the specific outcome; no outcome imputation in point estimates."
100496,"B_2018",1,"neighborhood",,"source_missing","missing","Keep NA. Exclude from primary controls because coverage differs by cohort."
100496,"B_2018",1,"receiving_aid_now",,"source_missing","missing","Keep NA. Use available observations for the specific outcome; no outcome imputation in point estimates."
100496,"B_2018",1,"repeats_g6",,"source_missing","missing","Keep NA. Use available observations for the specific outcome; no outcome imputation in point estimates."
100496,"B_2018",1,"ses_stratum",,"source_missing","missing","Keep NA. Optional adjusted model uses cohort mean and a missing indicator."
100496,"B_2018",1,"started_g6_private",,"source_missing","missing","Keep NA. Use available observations for the specific outcome; no outcome imputation in point estimates."
100496,"B_2018",1,"started_g7_private",,"source_missing","missing","Keep NA. Use available observations for the specific outcome; no outcome imputation in point estimates."
100496,"B_2018",1,"total_repeats",,"source_missing","missing","Keep NA. Use available observations for the specific outcome; no outcome imputation in point estimates."
100496,"B_2018",1,"working",,"source_missing","missing","Keep NA. Use available observations for the specific outcome; no outcome imputation in point estimates."
100496,"B_2018",1,"years_in_school",,"source_missing","missing","Keep NA. Use available observations for the specific outcome; no outcome imputation in point estimates."
100497,"A_2020",1,"years_in_school","years_in_school=4; baseline_age=11; followup_age=13; age_change=2; highest_grade=8","school_years_exceed_age_change_plus_1","review","Retain. Completed school years exceed reported age change plus a one-year diagnostic allowance. Age errors, varying followup horizons or school-year counting could explain this; do not cap the value or delete the applicant."
100497,"A_2020",1,"neighborhood",,"source_missing","missing","Keep NA. Exclude from primary controls because coverage differs by cohort."
100498,"A_2020",1,"years_in_school","years_in_school=4; baseline_age=14; followup_age=16; age_change=2; highest_grade=8","school_years_exceed_age_change_plus_1","review","Retain. Completed school years exceed reported age change plus a one-year diagnostic allowance. Age errors, varying followup horizons or school-year counting could explain this; do not cap the value or delete the applicant."
100500,"A_2022",1,"years_in_school","years_in_school=5; baseline_age=14; followup_age=16; age_change=2; highest_grade=9","school_years_exceed_age_change_plus_1","review","Retain. Completed school years exceed reported age change plus a one-year diagnostic allowance. Age errors, varying followup horizons or school-year counting could explain this; do not cap the value or delete the applicant."
100500,"A_2022",1,"years_in_school","years_in_school=5; baseline_age=14; followup_age=16; age_change=2; highest_grade=9","school_years_since_allocation_above_4","review","Retain as a requested policy outcome with a timing/definition caveat. Five or six years conflict with a uniform three-year interpretation but may fit the older B2018 cohort. Clarify dates and counting convention; do not cap or infer a correction."
100500,"A_2022",1,"neighborhood",,"source_missing","missing","Keep NA. Exclude from primary controls because coverage differs by cohort."
100501,"A_2020",1,"father_age",,"source_missing","missing","Keep NA. Use available observations for the specific outcome; no outcome imputation in point estimates."
100501,"A_2020",1,"father_educ",,"source_missing","missing","Keep NA. Use available observations for the specific outcome; no outcome imputation in point estimates."
100501,"A_2020",1,"father_income_high",,"source_missing","missing","Keep NA. Use available observations for the specific outcome; no outcome imputation in point estimates."
100502,"A_2020",1,"neighborhood",,"source_missing","missing","Keep NA. Exclude from primary controls because coverage differs by cohort."
100504,"A_2020",0,"years_in_school","years_in_school=4; baseline_age=14; followup_age=16; age_change=2; highest_grade=7","school_years_exceed_age_change_plus_1","review","Retain. Completed school years exceed reported age change plus a one-year diagnostic allowance. Age errors, varying followup horizons or school-year counting could explain this; do not cap the value or delete the applicant."
100504,"A_2020",0,"neighborhood",,"source_missing","missing","Keep NA. Exclude from primary controls because coverage differs by cohort."
100504,"A_2020",0,"ses_stratum",,"source_missing","missing","Keep NA. Optional adjusted model uses cohort mean and a missing indicator."
100505,"A_2020",1,"father_age",,"source_missing","missing","Keep NA. Use available observations for the specific outcome; no outcome imputation in point estimates."
100505,"A_2020",1,"father_educ",,"source_missing","missing","Keep NA. Use available observations for the specific outcome; no outcome imputation in point estimates."
100505,"A_2020",1,"father_income_high",,"source_missing","missing","Keep NA. Use available observations for the specific outcome; no outcome imputation in point estimates."
100505,"A_2020",1,"mother_educ",,"source_missing","missing","Keep NA. Use available observations for the specific outcome; no outcome imputation in point estimates."
100506,"A_2022",0,"neighborhood",,"source_missing","missing","Keep NA. Exclude from primary controls because coverage differs by cohort."
100507,"A_2020",1,"years_in_school","years_in_school=4; baseline_age=14; followup_age=16; age_change=2; highest_grade=8","school_years_exceed_age_change_plus_1","review","Retain. Completed school years exceed reported age change plus a one-year diagnostic allowance. Age errors, varying followup horizons or school-year counting could explain this; do not cap the value or delete the applicant."
100508,"A_2020",1,"years_in_school","years_in_school=4; baseline_age=10; followup_age=12; age_change=2; highest_grade=8","school_years_exceed_age_change_plus_1","review","Retain. Completed school years exceed reported age change plus a one-year diagnostic allowance. Age errors, varying followup horizons or school-year counting could explain this; do not cap the value or delete the applicant."
100510,"A_2020",0,"age_at_survey","baseline=16; followup=17; change=1","age_change_outside_2_to_4_screen","review","Retain recorded ages and outcomes. Screening rule only. Systematic cohort differences require survey-date clarification, not automatic correction."
100510,"A_2020",0,"father_income_high",,"source_missing","missing","Keep NA. Use available observations for the specific outcome; no outcome imputation in point estimates."
100510,"A_2020",0,"neighborhood",,"source_missing","missing","Keep NA. Exclude from primary controls because coverage differs by cohort."
100511,"B_2018",0,"years_in_school","years_in_school=6; baseline_age=13; followup_age=16; age_change=3; highest_grade=8","school_years_exceed_age_change_plus_1","review","Retain. Completed school years exceed reported age change plus a one-year diagnostic allowance. Age errors, varying followup horizons or school-year counting could explain this; do not cap the value or delete the applicant."
100511,"B_2018",0,"years_in_school","years_in_school=6; baseline_age=13; followup_age=16; age_change=3; highest_grade=8","school_years_since_allocation_above_4","review","Retain as a requested policy outcome with a timing/definition caveat. Five or six years conflict with a uniform three-year interpretation but may fit the older B2018 cohort. Clarify dates and counting convention; do not cap or infer a correction."
100511,"B_2018",0,"neighborhood",,"source_missing","missing","Keep NA. Exclude from primary controls because coverage differs by cohort."
100513,"A_2020",0,"age_at_survey",,"source_missing","missing","Keep NA. Use available observations for the specific outcome; no outcome imputation in point estimates."
100513,"A_2020",0,"ever_repeated",,"source_missing","missing","Keep NA. Use available observations for the specific outcome; no outcome imputation in point estimates."
100513,"A_2020",0,"father_age",,"source_missing","missing","Keep NA. Use available observations for the specific outcome; no outcome imputation in point estimates."
100513,"A_2020",0,"father_educ",,"source_missing","missing","Keep NA. Use available observations for the specific outcome; no outcome imputation in point estimates."
100513,"A_2020",0,"father_income_high",,"source_missing","missing","Keep NA. Use available observations for the specific outcome; no outcome imputation in point estimates."
100513,"A_2020",0,"finished_g6",,"source_missing","missing","Keep NA. Use available observations for the specific outcome; no outcome imputation in point estimates."
100513,"A_2020",0,"finished_g7",,"source_missing","missing","Keep NA. Use available observations for the specific outcome; no outcome imputation in point estimates."
100513,"A_2020",0,"finished_g8",,"source_missing","missing","Keep NA. Use available observations for the specific outcome; no outcome imputation in point estimates."
100513,"A_2020",0,"has_child",,"source_missing","missing","Keep NA. Use available observations for the specific outcome; no outcome imputation in point estimates."
100513,"A_2020",0,"hours_worked",,"source_missing","missing","Keep NA. Use available observations for the specific outcome; no outcome imputation in point estimates."
100513,"A_2020",0,"in_private_now",,"source_missing","missing","Keep NA. Use available observations for the specific outcome; no outcome imputation in point estimates."
100513,"A_2020",0,"in_school_now",,"source_missing","missing","Keep NA. Use available observations for the specific outcome; no outcome imputation in point estimates."
100513,"A_2020",0,"married_or_cohab",,"source_missing","missing","Keep NA. Use available observations for the specific outcome; no outcome imputation in point estimates."
100513,"A_2020",0,"mother_age",,"source_missing","missing","Keep NA. Use available observations for the specific outcome; no outcome imputation in point estimates."
100513,"A_2020",0,"mother_educ",,"source_missing","missing","Keep NA. Use available observations for the specific outcome; no outcome imputation in point estimates."
100513,"A_2020",0,"receiving_aid_now",,"source_missing","missing","Keep NA. Use available observations for the specific outcome; no outcome imputation in point estimates."
100513,"A_2020",0,"repeats_g6",,"source_missing","missing","Keep NA. Use available observations for the specific outcome; no outcome imputation in point estimates."
100513,"A_2020",0,"ses_stratum",,"source_missing","missing","Keep NA. Optional adjusted model uses cohort mean and a missing indicator."
100513,"A_2020",0,"started_g6_private",,"source_missing","missing","Keep NA. Use available observations for the specific outcome; no outcome imputation in point estimates."
100513,"A_2020",0,"started_g7_private",,"source_missing","missing","Keep NA. Use available observations for the specific outcome; no outcome imputation in point estimates."
100513,"A_2020",0,"total_repeats",,"source_missing","missing","Keep NA. Use available observations for the specific outcome; no outcome imputation in point estimates."
100513,"A_2020",0,"working",,"source_missing","missing","Keep NA. Use available observations for the specific outcome; no outcome imputation in point estimates."
100513,"A_2020",0,"years_in_school",,"source_missing","missing","Keep NA. Use available observations for the specific outcome; no outcome imputation in point estimates."
100514,"A_2020",1,"years_in_school","years_in_school=4; baseline_age=12; followup_age=14; age_change=2; highest_grade=8","school_years_exceed_age_change_plus_1","review","Retain. Completed school years exceed reported age change plus a one-year diagnostic allowance. Age errors, varying followup horizons or school-year counting could explain this; do not cap the value or delete the applicant."
100514,"A_2020",1,"ses_stratum",,"source_missing","missing","Keep NA. Optional adjusted model uses cohort mean and a missing indicator."
100515,"A_2020",1,"years_in_school","years_in_school=4; baseline_age=12; followup_age=14; age_change=2; highest_grade=8","school_years_exceed_age_change_plus_1","review","Retain. Completed school years exceed reported age change plus a one-year diagnostic allowance. Age errors, varying followup horizons or school-year counting could explain this; do not cap the value or delete the applicant."
100515,"A_2020",1,"neighborhood",,"source_missing","missing","Keep NA. Exclude from primary controls because coverage differs by cohort."
100517,"A_2020",0,"years_in_school","years_in_school=4; baseline_age=12; followup_age=14; age_change=2; highest_grade=8","school_years_exceed_age_change_plus_1","review","Retain. Completed school years exceed reported age change plus a one-year diagnostic allowance. Age errors, varying followup horizons or school-year counting could explain this; do not cap the value or delete the applicant."
100517,"A_2020",0,"father_age",,"source_missing","missing","Keep NA. Use available observations for the specific outcome; no outcome imputation in point estimates."
100517,"A_2020",0,"father_educ",,"source_missing","missing","Keep NA. Use available observations for the specific outcome; no outcome imputation in point estimates."
100517,"A_2020",0,"father_income_high",,"source_missing","missing","Keep NA. Use available observations for the specific outcome; no outcome imputation in point estimates."
100518,"B_2018",1,"neighborhood",,"source_missing","missing","Keep NA. Exclude from primary controls because coverage differs by cohort."
100518,"B_2018",1,"hours_worked","0","working_but_zero_weekly_hours","review","Retain. Could reflect temporary absence or reference-period differences; do not assume zero means missing."
100519,"A_2020",1,"years_in_school","years_in_school=4; baseline_age=12; followup_age=14; age_change=2; highest_grade=8","school_years_exceed_age_change_plus_1","review","Retain. Completed school years exceed reported age change plus a one-year diagnostic allowance. Age errors, varying followup horizons or school-year counting could explain this; do not cap the value or delete the applicant."
100519,"A_2020",1,"father_educ",,"source_missing","missing","Keep NA. Use available observations for the specific outcome; no outcome imputation in point estimates."
100520,"A_2020",1,"years_in_school","years_in_school=4; baseline_age=12; followup_age=14; age_change=2; highest_grade=7","school_years_exceed_age_change_plus_1","review","Retain. Completed school years exceed reported age change plus a one-year diagnostic allowance. Age errors, varying followup horizons or school-year counting could explain this; do not cap the value or delete the applicant."
100521,"A_2022",1,"age_at_survey","baseline=12; followup=12; change=0","age_change_outside_2_to_4_screen","review","Retain recorded ages and outcomes. Screening rule only. Systematic cohort differences require survey-date clarification, not automatic correction."
100521,"A_2022",1,"years_in_school","years_in_school=2; baseline_age=12; followup_age=12; age_change=0; highest_grade=6","school_years_exceed_age_change_plus_1","review","Retain. Completed school years exceed reported age change plus a one-year diagnostic allowance. Age errors, varying followup horizons or school-year counting could explain this; do not cap the value or delete the applicant."
100521,"A_2022",1,"father_age",,"source_missing","missing","Keep NA. Use available observations for the specific outcome; no outcome imputation in point estimates."
100521,"A_2022",1,"father_educ",,"source_missing","missing","Keep NA. Use available observations for the specific outcome; no outcome imputation in point estimates."
100521,"A_2022",1,"father_income_high",,"source_missing","missing","Keep NA. Use available observations for the specific outcome; no outcome imputation in point estimates."
100521,"A_2022",1,"mother_age",,"source_missing","missing","Keep NA. Use available observations for the specific outcome; no outcome imputation in point estimates."
100521,"A_2022",1,"mother_educ",,"source_missing","missing","Keep NA. Use available observations for the specific outcome; no outcome imputation in point estimates."
100521,"A_2022",1,"neighborhood",,"source_missing","missing","Keep NA. Exclude from primary controls because coverage differs by cohort."
100522,"A_2022",0,"age_at_survey","baseline=13; followup=14; change=1","age_change_outside_2_to_4_screen","review","Retain recorded ages and outcomes. Screening rule only. Systematic cohort differences require survey-date clarification, not automatic correction."
100522,"A_2022",0,"neighborhood",,"source_missing","missing","Keep NA. Exclude from primary controls because coverage differs by cohort."
100522,"A_2022",0,"ses_stratum",,"source_missing","missing","Keep NA. Optional adjusted model uses cohort mean and a missing indicator."
100523,"A_2020",0,"years_in_school","years_in_school=4; baseline_age=12; followup_age=14; age_change=2; highest_grade=8","school_years_exceed_age_change_plus_1","review","Retain. Completed school years exceed reported age change plus a one-year diagnostic allowance. Age errors, varying followup horizons or school-year counting could explain this; do not cap the value or delete the applicant."
100523,"A_2020",0,"father_age",,"source_missing","missing","Keep NA. Use available observations for the specific outcome; no outcome imputation in point estimates."
100523,"A_2020",0,"father_educ",,"source_missing","missing","Keep NA. Use available observations for the specific outcome; no outcome imputation in point estimates."
100523,"A_2020",0,"mother_age",,"source_missing","missing","Keep NA. Use available observations for the specific outcome; no outcome imputation in point estimates."
100523,"A_2020",0,"mother_educ",,"source_missing","missing","Keep NA. Use available observations for the specific outcome; no outcome imputation in point estimates."
100523,"A_2020",0,"ses_stratum",,"source_missing","missing","Keep NA. Optional adjusted model uses cohort mean and a missing indicator."
100524,"A_2022",1,"age_at_survey","baseline=13; followup=13; change=0","age_change_outside_2_to_4_screen","review","Retain recorded ages and outcomes. Screening rule only. Systematic cohort differences require survey-date clarification, not automatic correction."
100524,"A_2022",1,"years_in_school","years_in_school=2; baseline_age=13; followup_age=13; age_change=0; highest_grade=5","school_years_exceed_age_change_plus_1","review","Retain. Completed school years exceed reported age change plus a one-year diagnostic allowance. Age errors, varying followup horizons or school-year counting could explain this; do not cap the value or delete the applicant."
100524,"A_2022",1,"neighborhood",,"source_missing","missing","Keep NA. Exclude from primary controls because coverage differs by cohort."
100528,"A_2020",0,"neighborhood",,"source_missing","missing","Keep NA. Exclude from primary controls because coverage differs by cohort."
100531,"A_2020",1,"years_in_school","years_in_school=4; baseline_age=12; followup_age=14; age_change=2; highest_grade=8","school_years_exceed_age_change_plus_1","review","Retain. Completed school years exceed reported age change plus a one-year diagnostic allowance. Age errors, varying followup horizons or school-year counting could explain this; do not cap the value or delete the applicant."
100532,"B_2018",1,"age_at_survey","baseline=11; followup=16; change=5","age_change_outside_2_to_4_screen","review","Retain recorded ages and outcomes. Screening rule only. Systematic cohort differences require survey-date clarification, not automatic correction."
100532,"B_2018",1,"years_in_school","years_in_school=6; baseline_age=11; followup_age=16; age_change=5; highest_grade=8","school_years_since_allocation_above_4","review","Retain as a requested policy outcome with a timing/definition caveat. Five or six years conflict with a uniform three-year interpretation but may fit the older B2018 cohort. Clarify dates and counting convention; do not cap or infer a correction."
100532,"B_2018",1,"father_age",,"source_missing","missing","Keep NA. Use available observations for the specific outcome; no outcome imputation in point estimates."
100532,"B_2018",1,"father_educ",,"source_missing","missing","Keep NA. Use available observations for the specific outcome; no outcome imputation in point estimates."
100532,"B_2018",1,"father_income_high",,"source_missing","missing","Keep NA. Use available observations for the specific outcome; no outcome imputation in point estimates."
100532,"B_2018",1,"neighborhood",,"source_missing","missing","Keep NA. Exclude from primary controls because coverage differs by cohort."
100533,"A_2020",0,"years_in_school","years_in_school=4; baseline_age=12; followup_age=14; age_change=2; highest_grade=7","school_years_exceed_age_change_plus_1","review","Retain. Completed school years exceed reported age change plus a one-year diagnostic allowance. Age errors, varying followup horizons or school-year counting could explain this; do not cap the value or delete the applicant."
100533,"A_2020",0,"father_age",,"source_missing","missing","Keep NA. Use available observations for the specific outcome; no outcome imputation in point estimates."
100533,"A_2020",0,"father_income_high",,"source_missing","missing","Keep NA. Use available observations for the specific outcome; no outcome imputation in point estimates."
100534,"A_2022",0,"age_at_survey","baseline=11; followup=12; change=1","age_change_outside_2_to_4_screen","review","Retain recorded ages and outcomes. Screening rule only. Systematic cohort differences require survey-date clarification, not automatic correction."
100534,"A_2022",0,"father_age",,"source_missing","missing","Keep NA. Use available observations for the specific outcome; no outcome imputation in point estimates."
100534,"A_2022",0,"father_educ",,"source_missing","missing","Keep NA. Use available observations for the specific outcome; no outcome imputation in point estimates."
100534,"A_2022",0,"father_income_high",,"source_missing","missing","Keep NA. Use available observations for the specific outcome; no outcome imputation in point estimates."
100534,"A_2022",0,"neighborhood",,"source_missing","missing","Keep NA. Exclude from primary controls because coverage differs by cohort."
100534,"A_2022",0,"ses_stratum",,"source_missing","missing","Keep NA. Optional adjusted model uses cohort mean and a missing indicator."
100535,"A_2020",1,"years_in_school","years_in_school=4; baseline_age=13; followup_age=15; age_change=2; highest_grade=8","school_years_exceed_age_change_plus_1","review","Retain. Completed school years exceed reported age change plus a one-year diagnostic allowance. Age errors, varying followup horizons or school-year counting could explain this; do not cap the value or delete the applicant."
100535,"A_2020",1,"neighborhood",,"source_missing","missing","Keep NA. Exclude from primary controls because coverage differs by cohort."
100536,"A_2020",1,"years_in_school","years_in_school=4; baseline_age=13; followup_age=15; age_change=2; highest_grade=8","school_years_exceed_age_change_plus_1","review","Retain. Completed school years exceed reported age change plus a one-year diagnostic allowance. Age errors, varying followup horizons or school-year counting could explain this; do not cap the value or delete the applicant."
100536,"A_2020",1,"father_age",,"source_missing","missing","Keep NA. Use available observations for the specific outcome; no outcome imputation in point estimates."
100536,"A_2020",1,"father_educ",,"source_missing","missing","Keep NA. Use available observations for the specific outcome; no outcome imputation in point estimates."
100536,"A_2020",1,"father_income_high",,"source_missing","missing","Keep NA. Use available observations for the specific outcome; no outcome imputation in point estimates."
100536,"A_2020",1,"ses_stratum",,"source_missing","missing","Keep NA. Optional adjusted model uses cohort mean and a missing indicator."
100538,"A_2022",0,"age_at_survey","baseline=12; followup=13; change=1","age_change_outside_2_to_4_screen","review","Retain recorded ages and outcomes. Screening rule only. Systematic cohort differences require survey-date clarification, not automatic correction."
100538,"A_2022",0,"highest_grade","highest_grade=4; started_g6_private=1; years_in_school=2","highest_grade_below_expected_entry_history","review","Retain. Grade 6 entry ordinarily follows grade 5, but exact eligibility/history is unverified. Exclusion sensitivity reported; no guessed correction."
100538,"A_2022",0,"father_age",,"source_missing","missing","Keep NA. Use available observations for the specific outcome; no outcome imputation in point estimates."
100538,"A_2022",0,"father_educ",,"source_missing","missing","Keep NA. Use available observations for the specific outcome; no outcome imputation in point estimates."
100538,"A_2022",0,"father_income_high",,"source_missing","missing","Keep NA. Use available observations for the specific outcome; no outcome imputation in point estimates."
100538,"A_2022",0,"neighborhood",,"source_missing","missing","Keep NA. Exclude from primary controls because coverage differs by cohort."
100539,"A_2020",0,"father_educ",,"source_missing","missing","Keep NA. Use available observations for the specific outcome; no outcome imputation in point estimates."
100539,"A_2020",0,"father_income_high",,"source_missing","missing","Keep NA. Use available observations for the specific outcome; no outcome imputation in point estimates."
100540,"A_2022",0,"age_at_survey","baseline=12; followup=13; change=1","age_change_outside_2_to_4_screen","review","Retain recorded ages and outcomes. Screening rule only. Systematic cohort differences require survey-date clarification, not automatic correction."
100540,"A_2022",0,"neighborhood",,"source_missing","missing","Keep NA. Exclude from primary controls because coverage differs by cohort."
100541,"A_2020",0,"years_in_school","years_in_school=4; baseline_age=13; followup_age=15; age_change=2; highest_grade=6","school_years_exceed_age_change_plus_1","review","Retain. Completed school years exceed reported age change plus a one-year diagnostic allowance. Age errors, varying followup horizons or school-year counting could explain this; do not cap the value or delete the applicant."
100541,"A_2020",0,"father_educ",,"source_missing","missing","Keep NA. Use available observations for the specific outcome; no outcome imputation in point estimates."
100541,"A_2020",0,"father_income_high",,"source_missing","missing","Keep NA. Use available observations for the specific outcome; no outcome imputation in point estimates."
100541,"A_2020",0,"neighborhood",,"source_missing","missing","Keep NA. Exclude from primary controls because coverage differs by cohort."
100541,"A_2020",0,"ses_stratum",,"source_missing","missing","Keep NA. Optional adjusted model uses cohort mean and a missing indicator."
100542,"A_2022",0,"age_at_survey","baseline=11; followup=12; change=1","age_change_outside_2_to_4_screen","review","Retain recorded ages and outcomes. Screening rule only. Systematic cohort differences require survey-date clarification, not automatic correction."
100542,"A_2022",0,"father_income_high",,"source_missing","missing","Keep NA. Use available observations for the specific outcome; no outcome imputation in point estimates."
100542,"A_2022",0,"neighborhood",,"source_missing","missing","Keep NA. Exclude from primary controls because coverage differs by cohort."
100543,"A_2020",0,"years_in_school","years_in_school=4; baseline_age=14; followup_age=16; age_change=2; highest_grade=7","school_years_exceed_age_change_plus_1","review","Retain. Completed school years exceed reported age change plus a one-year diagnostic allowance. Age errors, varying followup horizons or school-year counting could explain this; do not cap the value or delete the applicant."
100543,"A_2020",0,"father_age",,"source_missing","missing","Keep NA. Use available observations for the specific outcome; no outcome imputation in point estimates."
100543,"A_2020",0,"father_educ",,"source_missing","missing","Keep NA. Use available observations for the specific outcome; no outcome imputation in point estimates."
100543,"A_2020",0,"father_income_high",,"source_missing","missing","Keep NA. Use available observations for the specific outcome; no outcome imputation in point estimates."
100543,"A_2020",0,"mother_age",,"source_missing","missing","Keep NA. Use available observations for the specific outcome; no outcome imputation in point estimates."
100543,"A_2020",0,"mother_educ",,"source_missing","missing","Keep NA. Use available observations for the specific outcome; no outcome imputation in point estimates."
100544,"A_2020",0,"years_in_school","years_in_school=5; baseline_age=13; followup_age=15; age_change=2; highest_grade=9","school_years_exceed_age_change_plus_1","review","Retain. Completed school years exceed reported age change plus a one-year diagnostic allowance. Age errors, varying followup horizons or school-year counting could explain this; do not cap the value or delete the applicant."
100544,"A_2020",0,"years_in_school","years_in_school=5; baseline_age=13; followup_age=15; age_change=2; highest_grade=9","school_years_since_allocation_above_4","review","Retain as a requested policy outcome with a timing/definition caveat. Five or six years conflict with a uniform three-year interpretation but may fit the older B2018 cohort. Clarify dates and counting convention; do not cap or infer a correction."
100545,"A_2020",1,"ses_stratum",,"source_missing","missing","Keep NA. Optional adjusted model uses cohort mean and a missing indicator."
100546,"A_2020",0,"neighborhood",,"source_missing","missing","Keep NA. Exclude from primary controls because coverage differs by cohort."
100547,"A_2020",0,"years_in_school","years_in_school=4; baseline_age=12; followup_age=14; age_change=2; highest_grade=7","school_years_exceed_age_change_plus_1","review","Retain. Completed school years exceed reported age change plus a one-year diagnostic allowance. Age errors, varying followup horizons or school-year counting could explain this; do not cap the value or delete the applicant."
100548,"A_2020",1,"years_in_school","years_in_school=4; baseline_age=13; followup_age=15; age_change=2; highest_grade=7","school_years_exceed_age_change_plus_1","review","Retain. Completed school years exceed reported age change plus a one-year diagnostic allowance. Age errors, varying followup horizons or school-year counting could explain this; do not cap the value or delete the applicant."
100548,"A_2020",1,"father_age",,"source_missing","missing","Keep NA. Use available observations for the specific outcome; no outcome imputation in point estimates."
100548,"A_2020",1,"father_educ",,"source_missing","missing","Keep NA. Use available observations for the specific outcome; no outcome imputation in point estimates."
100548,"A_2020",1,"father_income_high",,"source_missing","missing","Keep NA. Use available observations for the specific outcome; no outcome imputation in point estimates."
100548,"A_2020",1,"neighborhood",,"source_missing","missing","Keep NA. Exclude from primary controls because coverage differs by cohort."
100548,"A_2020",1,"ses_stratum",,"source_missing","missing","Keep NA. Optional adjusted model uses cohort mean and a missing indicator."
100549,"A_2022",0,"age_at_survey","baseline=11; followup=12; change=1","age_change_outside_2_to_4_screen","review","Retain recorded ages and outcomes. Screening rule only. Systematic cohort differences require survey-date clarification, not automatic correction."
100549,"A_2022",0,"neighborhood",,"source_missing","missing","Keep NA. Exclude from primary controls because coverage differs by cohort."
100550,"A_2020",1,"years_in_school","years_in_school=4; baseline_age=11; followup_age=13; age_change=2; highest_grade=8","school_years_exceed_age_change_plus_1","review","Retain. Completed school years exceed reported age change plus a one-year diagnostic allowance. Age errors, varying followup horizons or school-year counting could explain this; do not cap the value or delete the applicant."
100550,"A_2020",1,"father_income_high",,"source_missing","missing","Keep NA. Use available observations for the specific outcome; no outcome imputation in point estimates."
100550,"A_2020",1,"ses_stratum",,"source_missing","missing","Keep NA. Optional adjusted model uses cohort mean and a missing indicator."
100551,"A_2020",1,"years_in_school","years_in_school=4; baseline_age=12; followup_age=14; age_change=2; highest_grade=8","school_years_exceed_age_change_plus_1","review","Retain. Completed school years exceed reported age change plus a one-year diagnostic allowance. Age errors, varying followup horizons or school-year counting could explain this; do not cap the value or delete the applicant."
100552,"A_2020",1,"years_in_school","years_in_school=4; baseline_age=11; followup_age=13; age_change=2; highest_grade=8","school_years_exceed_age_change_plus_1","review","Retain. Completed school years exceed reported age change plus a one-year diagnostic allowance. Age errors, varying followup horizons or school-year counting could explain this; do not cap the value or delete the applicant."
100554,"A_2020",0,"years_in_school","years_in_school=4; baseline_age=11; followup_age=13; age_change=2; highest_grade=8","school_years_exceed_age_change_plus_1","review","Retain. Completed school years exceed reported age change plus a one-year diagnostic allowance. Age errors, varying followup horizons or school-year counting could explain this; do not cap the value or delete the applicant."
100554,"A_2020",0,"father_age",,"source_missing","missing","Keep NA. Use available observations for the specific outcome; no outcome imputation in point estimates."
100554,"A_2020",0,"father_educ",,"source_missing","missing","Keep NA. Use available observations for the specific outcome; no outcome imputation in point estimates."
100554,"A_2020",0,"father_income_high",,"source_missing","missing","Keep NA. Use available observations for the specific outcome; no outcome imputation in point estimates."
100554,"A_2020",0,"mother_age",,"source_missing","missing","Keep NA. Use available observations for the specific outcome; no outcome imputation in point estimates."
100554,"A_2020",0,"mother_educ",,"source_missing","missing","Keep NA. Use available observations for the specific outcome; no outcome imputation in point estimates."
100555,"A_2022",1,"age_at_survey","baseline=11; followup=12; change=1","age_change_outside_2_to_4_screen","review","Retain recorded ages and outcomes. Screening rule only. Systematic cohort differences require survey-date clarification, not automatic correction."
100555,"A_2022",1,"neighborhood",,"source_missing","missing","Keep NA. Exclude from primary controls because coverage differs by cohort."
100555,"A_2022",1,"ses_stratum",,"source_missing","missing","Keep NA. Optional adjusted model uses cohort mean and a missing indicator."
100556,"A_2020",0,"years_in_school","years_in_school=4; baseline_age=12; followup_age=14; age_change=2; highest_grade=8","school_years_exceed_age_change_plus_1","review","Retain. Completed school years exceed reported age change plus a one-year diagnostic allowance. Age errors, varying followup horizons or school-year counting could explain this; do not cap the value or delete the applicant."
100557,"A_2022",1,"age_at_survey","baseline=15; followup=16; change=1","age_change_outside_2_to_4_screen","review","Retain recorded ages and outcomes. Screening rule only. Systematic cohort differences require survey-date clarification, not automatic correction."
100557,"A_2022",1,"neighborhood",,"source_missing","missing","Keep NA. Exclude from primary controls because coverage differs by cohort."
100558,"A_2020",0,"repeats_g6",,"source_missing","missing","Keep NA. Use available observations for the specific outcome; no outcome imputation in point estimates."
100558,"A_2020",0,"started_g6_private",,"source_missing","missing","Keep NA. Use available observations for the specific outcome; no outcome imputation in point estimates."
100558,"A_2020",0,"started_g7_private",,"source_missing","missing","Keep NA. Use available observations for the specific outcome; no outcome imputation in point estimates."
100559,"A_2020",1,"years_in_school","years_in_school=4; baseline_age=12; followup_age=14; age_change=2; highest_grade=8","school_years_exceed_age_change_plus_1","review","Retain. Completed school years exceed reported age change plus a one-year diagnostic allowance. Age errors, varying followup horizons or school-year counting could explain this; do not cap the value or delete the applicant."
100559,"A_2020",1,"father_age",,"source_missing","missing","Keep NA. Use available observations for the specific outcome; no outcome imputation in point estimates."
100559,"A_2020",1,"father_educ",,"source_missing","missing","Keep NA. Use available observations for the specific outcome; no outcome imputation in point estimates."
100559,"A_2020",1,"father_income_high",,"source_missing","missing","Keep NA. Use available observations for the specific outcome; no outcome imputation in point estimates."
100559,"A_2020",1,"neighborhood",,"source_missing","missing","Keep NA. Exclude from primary controls because coverage differs by cohort."
100560,"A_2020",1,"ses_stratum",,"source_missing","missing","Keep NA. Optional adjusted model uses cohort mean and a missing indicator."
100561,"A_2022",1,"age_at_survey","baseline=11; followup=11; change=0","age_change_outside_2_to_4_screen","review","Retain recorded ages and outcomes. Screening rule only. Systematic cohort differences require survey-date clarification, not automatic correction."
100561,"A_2022",1,"years_in_school","years_in_school=2; baseline_age=11; followup_age=11; age_change=0; highest_grade=6","school_years_exceed_age_change_plus_1","review","Retain. Completed school years exceed reported age change plus a one-year diagnostic allowance. Age errors, varying followup horizons or school-year counting could explain this; do not cap the value or delete the applicant."
100561,"A_2022",1,"neighborhood",,"source_missing","missing","Keep NA. Exclude from primary controls because coverage differs by cohort."
100562,"A_2022",1,"age_at_survey","baseline=12; followup=13; change=1","age_change_outside_2_to_4_screen","review","Retain recorded ages and outcomes. Screening rule only. Systematic cohort differences require survey-date clarification, not automatic correction."
100562,"A_2022",1,"neighborhood",,"source_missing","missing","Keep NA. Exclude from primary controls because coverage differs by cohort."
100563,"A_2022",0,"age_at_survey",,"source_missing","missing","Keep NA. Use available observations for the specific outcome; no outcome imputation in point estimates."
100563,"A_2022",0,"ever_repeated",,"source_missing","missing","Keep NA. Use available observations for the specific outcome; no outcome imputation in point estimates."
100563,"A_2022",0,"father_age",,"source_missing","missing","Keep NA. Use available observations for the specific outcome; no outcome imputation in point estimates."
100563,"A_2022",0,"father_educ",,"source_missing","missing","Keep NA. Use available observations for the specific outcome; no outcome imputation in point estimates."
100563,"A_2022",0,"father_income_high",,"source_missing","missing","Keep NA. Use available observations for the specific outcome; no outcome imputation in point estimates."
100563,"A_2022",0,"finished_g6",,"source_missing","missing","Keep NA. Use available observations for the specific outcome; no outcome imputation in point estimates."
100563,"A_2022",0,"finished_g7",,"source_missing","missing","Keep NA. Use available observations for the specific outcome; no outcome imputation in point estimates."
100563,"A_2022",0,"finished_g8",,"source_missing","missing","Keep NA. Use available observations for the specific outcome; no outcome imputation in point estimates."
100563,"A_2022",0,"has_child",,"source_missing","missing","Keep NA. Use available observations for the specific outcome; no outcome imputation in point estimates."
100563,"A_2022",0,"hours_worked",,"source_missing","missing","Keep NA. Use available observations for the specific outcome; no outcome imputation in point estimates."
100563,"A_2022",0,"in_private_now",,"source_missing","missing","Keep NA. Use available observations for the specific outcome; no outcome imputation in point estimates."
100563,"A_2022",0,"in_school_now",,"source_missing","missing","Keep NA. Use available observations for the specific outcome; no outcome imputation in point estimates."
100563,"A_2022",0,"married_or_cohab",,"source_missing","missing","Keep NA. Use available observations for the specific outcome; no outcome imputation in point estimates."
100563,"A_2022",0,"mother_age",,"source_missing","missing","Keep NA. Use available observations for the specific outcome; no outcome imputation in point estimates."
100563,"A_2022",0,"mother_educ",,"source_missing","missing","Keep NA. Use available observations for the specific outcome; no outcome imputation in point estimates."
100563,"A_2022",0,"neighborhood",,"source_missing","missing","Keep NA. Exclude from primary controls because coverage differs by cohort."
100563,"A_2022",0,"receiving_aid_now",,"source_missing","missing","Keep NA. Use available observations for the specific outcome; no outcome imputation in point estimates."
100563,"A_2022",0,"repeats_g6",,"source_missing","missing","Keep NA. Use available observations for the specific outcome; no outcome imputation in point estimates."
100563,"A_2022",0,"ses_stratum",,"source_missing","missing","Keep NA. Optional adjusted model uses cohort mean and a missing indicator."
100563,"A_2022",0,"started_g6_private",,"source_missing","missing","Keep NA. Use available observations for the specific outcome; no outcome imputation in point estimates."
100563,"A_2022",0,"started_g7_private",,"source_missing","missing","Keep NA. Use available observations for the specific outcome; no outcome imputation in point estimates."
100563,"A_2022",0,"total_repeats",,"source_missing","missing","Keep NA. Use available observations for the specific outcome; no outcome imputation in point estimates."
100563,"A_2022",0,"working",,"source_missing","missing","Keep NA. Use available observations for the specific outcome; no outcome imputation in point estimates."
100563,"A_2022",0,"years_in_school",,"source_missing","missing","Keep NA. Use available observations for the specific outcome; no outcome imputation in point estimates."
100564,"B_2018",1,"years_in_school","years_in_school=6; baseline_age=12; followup_age=16; age_change=4; highest_grade=9","school_years_exceed_age_change_plus_1","review","Retain. Completed school years exceed reported age change plus a one-year diagnostic allowance. Age errors, varying followup horizons or school-year counting could explain this; do not cap the value or delete the applicant."
100564,"B_2018",1,"years_in_school","years_in_school=6; baseline_age=12; followup_age=16; age_change=4; highest_grade=9","school_years_since_allocation_above_4","review","Retain as a requested policy outcome with a timing/definition caveat. Five or six years conflict with a uniform three-year interpretation but may fit the older B2018 cohort. Clarify dates and counting convention; do not cap or infer a correction."
100564,"B_2018",1,"neighborhood",,"source_missing","missing","Keep NA. Exclude from primary controls because coverage differs by cohort."
100565,"A_2022",0,"age_at_survey","baseline=15; followup=16; change=1","age_change_outside_2_to_4_screen","review","Retain recorded ages and outcomes. Screening rule only. Systematic cohort differences require survey-date clarification, not automatic correction."
100565,"A_2022",0,"father_educ",,"source_missing","missing","Keep NA. Use available observations for the specific outcome; no outcome imputation in point estimates."
100565,"A_2022",0,"mother_educ",,"source_missing","missing","Keep NA. Use available observations for the specific outcome; no outcome imputation in point estimates."
100565,"A_2022",0,"neighborhood",,"source_missing","missing","Keep NA. Exclude from primary controls because coverage differs by cohort."
100567,"B_2018",1,"age_at_survey","baseline=13; followup=18; change=5","age_change_outside_2_to_4_screen","review","Retain recorded ages and outcomes. Screening rule only. Systematic cohort differences require survey-date clarification, not automatic correction."
100567,"B_2018",1,"years_in_school","years_in_school=6; baseline_age=13; followup_age=18; age_change=5; highest_grade=9","school_years_since_allocation_above_4","review","Retain as a requested policy outcome with a timing/definition caveat. Five or six years conflict with a uniform three-year interpretation but may fit the older B2018 cohort. Clarify dates and counting convention; do not cap or infer a correction."
100567,"B_2018",1,"father_educ",,"source_missing","missing","Keep NA. Use available observations for the specific outcome; no outcome imputation in point estimates."
100567,"B_2018",1,"mother_educ",,"source_missing","missing","Keep NA. Use available observations for the specific outcome; no outcome imputation in point estimates."
100567,"B_2018",1,"neighborhood",,"source_missing","missing","Keep NA. Exclude from primary controls because coverage differs by cohort."
100567,"B_2018",1,"ses_stratum",,"source_missing","missing","Keep NA. Optional adjusted model uses cohort mean and a missing indicator."
100568,"A_2022",0,"age_at_application",,"source_missing","missing","Keep NA. Optional adjusted model uses cohort mean and a missing indicator."
100568,"A_2022",0,"mother_age",,"source_missing","missing","Keep NA. Use available observations for the specific outcome; no outcome imputation in point estimates."
100568,"A_2022",0,"mother_educ",,"source_missing","missing","Keep NA. Use available observations for the specific outcome; no outcome imputation in point estimates."
100568,"A_2022",0,"neighborhood",,"source_missing","missing","Keep NA. Exclude from primary controls because coverage differs by cohort."
100568,"A_2022",0,"ses_stratum",,"source_missing","missing","Keep NA. Optional adjusted model uses cohort mean and a missing indicator."
100569,"A_2022",1,"age_at_survey","baseline=12; followup=13; change=1","age_change_outside_2_to_4_screen","review","Retain recorded ages and outcomes. Screening rule only. Systematic cohort differences require survey-date clarification, not automatic correction."
100569,"A_2022",1,"father_income_high",,"source_missing","missing","Keep NA. Use available observations for the specific outcome; no outcome imputation in point estimates."
100569,"A_2022",1,"neighborhood",,"source_missing","missing","Keep NA. Exclude from primary controls because coverage differs by cohort."
100570,"A_2020",1,"ses_stratum",,"source_missing","missing","Keep NA. Optional adjusted model uses cohort mean and a missing indicator."
100571,"A_2020",0,"years_in_school","years_in_school=4; baseline_age=12; followup_age=14; age_change=2; highest_grade=8","school_years_exceed_age_change_plus_1","review","Retain. Completed school years exceed reported age change plus a one-year diagnostic allowance. Age errors, varying followup horizons or school-year counting could explain this; do not cap the value or delete the applicant."
100571,"A_2020",0,"neighborhood",,"source_missing","missing","Keep NA. Exclude from primary controls because coverage differs by cohort."
100573,"A_2020",0,"father_age",,"source_missing","missing","Keep NA. Use available observations for the specific outcome; no outcome imputation in point estimates."
100573,"A_2020",0,"father_educ",,"source_missing","missing","Keep NA. Use available observations for the specific outcome; no outcome imputation in point estimates."
100573,"A_2020",0,"father_income_high",,"source_missing","missing","Keep NA. Use available observations for the specific outcome; no outcome imputation in point estimates."
100573,"A_2020",0,"ses_stratum",,"source_missing","missing","Keep NA. Optional adjusted model uses cohort mean and a missing indicator."
100574,"A_2022",1,"age_at_survey","baseline=13; followup=14; change=1","age_change_outside_2_to_4_screen","review","Retain recorded ages and outcomes. Screening rule only. Systematic cohort differences require survey-date clarification, not automatic correction."
100574,"A_2022",1,"neighborhood",,"source_missing","missing","Keep NA. Exclude from primary controls because coverage differs by cohort."
100575,"A_2020",1,"years_in_school","years_in_school=4; baseline_age=12; followup_age=14; age_change=2; highest_grade=8","school_years_exceed_age_change_plus_1","review","Retain. Completed school years exceed reported age change plus a one-year diagnostic allowance. Age errors, varying followup horizons or school-year counting could explain this; do not cap the value or delete the applicant."
100575,"A_2020",1,"ses_stratum",,"source_missing","missing","Keep NA. Optional adjusted model uses cohort mean and a missing indicator."
100576,"A_2022",0,"age_at_survey","baseline=12; followup=13; change=1","age_change_outside_2_to_4_screen","review","Retain recorded ages and outcomes. Screening rule only. Systematic cohort differences require survey-date clarification, not automatic correction."
100576,"A_2022",0,"neighborhood",,"source_missing","missing","Keep NA. Exclude from primary controls because coverage differs by cohort."
100577,"B_2018",0,"years_in_school","years_in_school=6; baseline_age=14; followup_age=18; age_change=4; highest_grade=9","school_years_exceed_age_change_plus_1","review","Retain. Completed school years exceed reported age change plus a one-year diagnostic allowance. Age errors, varying followup horizons or school-year counting could explain this; do not cap the value or delete the applicant."
100577,"B_2018",0,"years_in_school","years_in_school=6; baseline_age=14; followup_age=18; age_change=4; highest_grade=9","school_years_since_allocation_above_4","review","Retain as a requested policy outcome with a timing/definition caveat. Five or six years conflict with a uniform three-year interpretation but may fit the older B2018 cohort. Clarify dates and counting convention; do not cap or infer a correction."
100577,"B_2018",0,"neighborhood",,"source_missing","missing","Keep NA. Exclude from primary controls because coverage differs by cohort."
100577,"B_2018",0,"ses_stratum",,"source_missing","missing","Keep NA. Optional adjusted model uses cohort mean and a missing indicator."
100578,"A_2020",1,"years_in_school","years_in_school=4; baseline_age=13; followup_age=15; age_change=2; highest_grade=8","school_years_exceed_age_change_plus_1","review","Retain. Completed school years exceed reported age change plus a one-year diagnostic allowance. Age errors, varying followup horizons or school-year counting could explain this; do not cap the value or delete the applicant."
100579,"A_2020",1,"years_in_school","years_in_school=4; baseline_age=13; followup_age=15; age_change=2; highest_grade=8","school_years_exceed_age_change_plus_1","review","Retain. Completed school years exceed reported age change plus a one-year diagnostic allowance. Age errors, varying followup horizons or school-year counting could explain this; do not cap the value or delete the applicant."
100579,"A_2020",1,"father_age",,"source_missing","missing","Keep NA. Use available observations for the specific outcome; no outcome imputation in point estimates."
100579,"A_2020",1,"father_educ",,"source_missing","missing","Keep NA. Use available observations for the specific outcome; no outcome imputation in point estimates."
100579,"A_2020",1,"father_income_high",,"source_missing","missing","Keep NA. Use available observations for the specific outcome; no outcome imputation in point estimates."
100580,"A_2020",0,"father_age",,"source_missing","missing","Keep NA. Use available observations for the specific outcome; no outcome imputation in point estimates."
100580,"A_2020",0,"father_educ",,"source_missing","missing","Keep NA. Use available observations for the specific outcome; no outcome imputation in point estimates."
100580,"A_2020",0,"father_income_high",,"source_missing","missing","Keep NA. Use available observations for the specific outcome; no outcome imputation in point estimates."
100580,"A_2020",0,"mother_educ",,"source_missing","missing","Keep NA. Use available observations for the specific outcome; no outcome imputation in point estimates."
100580,"A_2020",0,"neighborhood",,"source_missing","missing","Keep NA. Exclude from primary controls because coverage differs by cohort."
100581,"A_2020",0,"ses_stratum",,"source_missing","missing","Keep NA. Optional adjusted model uses cohort mean and a missing indicator."
100582,"A_2022",0,"age_at_survey","baseline=11; followup=12; change=1","age_change_outside_2_to_4_screen","review","Retain recorded ages and outcomes. Screening rule only. Systematic cohort differences require survey-date clarification, not automatic correction."
100582,"A_2022",0,"father_age",,"source_missing","missing","Keep NA. Use available observations for the specific outcome; no outcome imputation in point estimates."
100582,"A_2022",0,"father_educ",,"source_missing","missing","Keep NA. Use available observations for the specific outcome; no outcome imputation in point estimates."
100582,"A_2022",0,"father_income_high",,"source_missing","missing","Keep NA. Use available observations for the specific outcome; no outcome imputation in point estimates."
100582,"A_2022",0,"neighborhood",,"source_missing","missing","Keep NA. Exclude from primary controls because coverage differs by cohort."
100583,"A_2020",1,"years_in_school","years_in_school=4; baseline_age=12; followup_age=14; age_change=2; highest_grade=8","school_years_exceed_age_change_plus_1","review","Retain. Completed school years exceed reported age change plus a one-year diagnostic allowance. Age errors, varying followup horizons or school-year counting could explain this; do not cap the value or delete the applicant."
100583,"A_2020",1,"father_income_high",,"source_missing","missing","Keep NA. Use available observations for the specific outcome; no outcome imputation in point estimates."
100583,"A_2020",1,"ses_stratum",,"source_missing","missing","Keep NA. Optional adjusted model uses cohort mean and a missing indicator."
100584,"A_2022",1,"age_at_survey","baseline=13; followup=14; change=1","age_change_outside_2_to_4_screen","review","Retain recorded ages and outcomes. Screening rule only. Systematic cohort differences require survey-date clarification, not automatic correction."
100584,"A_2022",1,"father_age",,"source_missing","missing","Keep NA. Use available observations for the specific outcome; no outcome imputation in point estimates."
100584,"A_2022",1,"father_educ",,"source_missing","missing","Keep NA. Use available observations for the specific outcome; no outcome imputation in point estimates."
100584,"A_2022",1,"father_income_high",,"source_missing","missing","Keep NA. Use available observations for the specific outcome; no outcome imputation in point estimates."
100584,"A_2022",1,"neighborhood",,"source_missing","missing","Keep NA. Exclude from primary controls because coverage differs by cohort."
100584,"A_2022",1,"ses_stratum",,"source_missing","missing","Keep NA. Optional adjusted model uses cohort mean and a missing indicator."
100585,"A_2020",1,"years_in_school","years_in_school=6; baseline_age=13; followup_age=15; age_change=2; highest_grade=10","school_years_exceed_age_change_plus_1","review","Retain. Completed school years exceed reported age change plus a one-year diagnostic allowance. Age errors, varying followup horizons or school-year counting could explain this; do not cap the value or delete the applicant."
100585,"A_2020",1,"years_in_school","years_in_school=6; baseline_age=13; followup_age=15; age_change=2; highest_grade=10","school_years_since_allocation_above_4","review","Retain as a requested policy outcome with a timing/definition caveat. Five or six years conflict with a uniform three-year interpretation but may fit the older B2018 cohort. Clarify dates and counting convention; do not cap or infer a correction."
100585,"A_2020",1,"father_educ",,"source_missing","missing","Keep NA. Use available observations for the specific outcome; no outcome imputation in point estimates."
100585,"A_2020",1,"father_income_high",,"source_missing","missing","Keep NA. Use available observations for the specific outcome; no outcome imputation in point estimates."
100585,"A_2020",1,"mother_educ",,"source_missing","missing","Keep NA. Use available observations for the specific outcome; no outcome imputation in point estimates."
100585,"A_2020",1,"neighborhood",,"source_missing","missing","Keep NA. Exclude from primary controls because coverage differs by cohort."
100586,"A_2020",1,"years_in_school","years_in_school=4; baseline_age=12; followup_age=14; age_change=2; highest_grade=8","school_years_exceed_age_change_plus_1","review","Retain. Completed school years exceed reported age change plus a one-year diagnostic allowance. Age errors, varying followup horizons or school-year counting could explain this; do not cap the value or delete the applicant."
100587,"A_2020",1,"neighborhood",,"source_missing","missing","Keep NA. Exclude from primary controls because coverage differs by cohort."
100588,"B_2018",1,"age_at_survey","baseline=12; followup=17; change=5","age_change_outside_2_to_4_screen","review","Retain recorded ages and outcomes. Screening rule only. Systematic cohort differences require survey-date clarification, not automatic correction."
100588,"B_2018",1,"years_in_school","years_in_school=6; baseline_age=12; followup_age=17; age_change=5; highest_grade=9","school_years_since_allocation_above_4","review","Retain as a requested policy outcome with a timing/definition caveat. Five or six years conflict with a uniform three-year interpretation but may fit the older B2018 cohort. Clarify dates and counting convention; do not cap or infer a correction."
100588,"B_2018",1,"father_age",,"source_missing","missing","Keep NA. Use available observations for the specific outcome; no outcome imputation in point estimates."
100588,"B_2018",1,"father_educ",,"source_missing","missing","Keep NA. Use available observations for the specific outcome; no outcome imputation in point estimates."
100588,"B_2018",1,"father_income_high",,"source_missing","missing","Keep NA. Use available observations for the specific outcome; no outcome imputation in point estimates."
100588,"B_2018",1,"mother_educ",,"source_missing","missing","Keep NA. Use available observations for the specific outcome; no outcome imputation in point estimates."
100588,"B_2018",1,"neighborhood",,"source_missing","missing","Keep NA. Exclude from primary controls because coverage differs by cohort."
100588,"B_2018",1,"ses_stratum",,"source_missing","missing","Keep NA. Optional adjusted model uses cohort mean and a missing indicator."
100589,"A_2020",0,"years_in_school","years_in_school=4; baseline_age=13; followup_age=15; age_change=2; highest_grade=8","school_years_exceed_age_change_plus_1","review","Retain. Completed school years exceed reported age change plus a one-year diagnostic allowance. Age errors, varying followup horizons or school-year counting could explain this; do not cap the value or delete the applicant."
100589,"A_2020",0,"neighborhood",,"source_missing","missing","Keep NA. Exclude from primary controls because coverage differs by cohort."
100590,"A_2020",1,"years_in_school","years_in_school=4; baseline_age=11; followup_age=13; age_change=2; highest_grade=8","school_years_exceed_age_change_plus_1","review","Retain. Completed school years exceed reported age change plus a one-year diagnostic allowance. Age errors, varying followup horizons or school-year counting could explain this; do not cap the value or delete the applicant."
100590,"A_2020",1,"neighborhood",,"source_missing","missing","Keep NA. Exclude from primary controls because coverage differs by cohort."
100591,"A_2020",0,"neighborhood",,"source_missing","missing","Keep NA. Exclude from primary controls because coverage differs by cohort."
100592,"A_2020",1,"years_in_school","years_in_school=4; baseline_age=13; followup_age=15; age_change=2; highest_grade=7","school_years_exceed_age_change_plus_1","review","Retain. Completed school years exceed reported age change plus a one-year diagnostic allowance. Age errors, varying followup horizons or school-year counting could explain this; do not cap the value or delete the applicant."
100593,"A_2020",1,"years_in_school","years_in_school=4; baseline_age=14; followup_age=16; age_change=2; highest_grade=8","school_years_exceed_age_change_plus_1","review","Retain. Completed school years exceed reported age change plus a one-year diagnostic allowance. Age errors, varying followup horizons or school-year counting could explain this; do not cap the value or delete the applicant."
100593,"A_2020",1,"ses_stratum",,"source_missing","missing","Keep NA. Optional adjusted model uses cohort mean and a missing indicator."
100594,"A_2020",0,"years_in_school","years_in_school=4; baseline_age=11; followup_age=13; age_change=2; highest_grade=8","school_years_exceed_age_change_plus_1","review","Retain. Completed school years exceed reported age change plus a one-year diagnostic allowance. Age errors, varying followup horizons or school-year counting could explain this; do not cap the value or delete the applicant."
100594,"A_2020",0,"neighborhood",,"source_missing","missing","Keep NA. Exclude from primary controls because coverage differs by cohort."
100595,"A_2020",1,"neighborhood",,"source_missing","missing","Keep NA. Exclude from primary controls because coverage differs by cohort."
100596,"B_2018",1,"years_in_school","years_in_school=6; baseline_age=14; followup_age=17; age_change=3; highest_grade=9","school_years_exceed_age_change_plus_1","review","Retain. Completed school years exceed reported age change plus a one-year diagnostic allowance. Age errors, varying followup horizons or school-year counting could explain this; do not cap the value or delete the applicant."
100596,"B_2018",1,"years_in_school","years_in_school=6; baseline_age=14; followup_age=17; age_change=3; highest_grade=9","school_years_since_allocation_above_4","review","Retain as a requested policy outcome with a timing/definition caveat. Five or six years conflict with a uniform three-year interpretation but may fit the older B2018 cohort. Clarify dates and counting convention; do not cap or infer a correction."
100596,"B_2018",1,"father_educ",,"source_missing","missing","Keep NA. Use available observations for the specific outcome; no outcome imputation in point estimates."
100596,"B_2018",1,"mother_age",,"source_missing","missing","Keep NA. Use available observations for the specific outcome; no outcome imputation in point estimates."
100596,"B_2018",1,"mother_educ",,"source_missing","missing","Keep NA. Use available observations for the specific outcome; no outcome imputation in point estimates."
100596,"B_2018",1,"neighborhood",,"source_missing","missing","Keep NA. Exclude from primary controls because coverage differs by cohort."
100596,"B_2018",1,"ses_stratum",,"source_missing","missing","Keep NA. Optional adjusted model uses cohort mean and a missing indicator."
100598,"A_2020",0,"years_in_school","years_in_school=4; baseline_age=13; followup_age=15; age_change=2; highest_grade=8","school_years_exceed_age_change_plus_1","review","Retain. Completed school years exceed reported age change plus a one-year diagnostic allowance. Age errors, varying followup horizons or school-year counting could explain this; do not cap the value or delete the applicant."
100598,"A_2020",0,"neighborhood",,"source_missing","missing","Keep NA. Exclude from primary controls because coverage differs by cohort."
100599,"A_2020",0,"years_in_school","years_in_school=4; baseline_age=14; followup_age=16; age_change=2; highest_grade=8","school_years_exceed_age_change_plus_1","review","Retain. Completed school years exceed reported age change plus a one-year diagnostic allowance. Age errors, varying followup horizons or school-year counting could explain this; do not cap the value or delete the applicant."
100600,"A_2020",1,"age_at_application",,"source_missing","missing","Keep NA. Optional adjusted model uses cohort mean and a missing indicator."
100601,"A_2022",1,"age_at_survey","baseline=11; followup=12; change=1","age_change_outside_2_to_4_screen","review","Retain recorded ages and outcomes. Screening rule only. Systematic cohort differences require survey-date clarification, not automatic correction."
100601,"A_2022",1,"neighborhood",,"source_missing","missing","Keep NA. Exclude from primary controls because coverage differs by cohort."
100602,"A_2020",0,"years_in_school","years_in_school=4; baseline_age=12; followup_age=14; age_change=2; highest_grade=8","school_years_exceed_age_change_plus_1","review","Retain. Completed school years exceed reported age change plus a one-year diagnostic allowance. Age errors, varying followup horizons or school-year counting could explain this; do not cap the value or delete the applicant."
100603,"A_2022",1,"age_at_survey","baseline=11; followup=12; change=1","age_change_outside_2_to_4_screen","review","Retain recorded ages and outcomes. Screening rule only. Systematic cohort differences require survey-date clarification, not automatic correction."
100603,"A_2022",1,"neighborhood",,"source_missing","missing","Keep NA. Exclude from primary controls because coverage differs by cohort."
100603,"A_2022",1,"ses_stratum",,"source_missing","missing","Keep NA. Optional adjusted model uses cohort mean and a missing indicator."
100604,"A_2022",0,"neighborhood",,"source_missing","missing","Keep NA. Exclude from primary controls because coverage differs by cohort."
100605,"A_2020",0,"years_in_school","years_in_school=4; baseline_age=11; followup_age=13; age_change=2; highest_grade=8","school_years_exceed_age_change_plus_1","review","Retain. Completed school years exceed reported age change plus a one-year diagnostic allowance. Age errors, varying followup horizons or school-year counting could explain this; do not cap the value or delete the applicant."
100606,"B_2018",1,"finished_g6","highest_grade=11; finished_g6=0","completion_flag_disagrees_with_highest_grade","inconsistent","Retain both reports; no source is known authoritative. Main grade result uses reported highest_grade. Sensitivity excludes conflicted applicants."
100606,"B_2018",1,"finished_g7","highest_grade=11; finished_g7=0","completion_flag_disagrees_with_highest_grade","inconsistent","Retain both reports; no source is known authoritative. Main grade result uses reported highest_grade. Sensitivity excludes conflicted applicants."
100606,"B_2018",1,"finished_g8","highest_grade=11; finished_g8=0","completion_flag_disagrees_with_highest_grade","inconsistent","Retain both reports; no source is known authoritative. Main grade result uses reported highest_grade. Sensitivity excludes conflicted applicants."
100606,"B_2018",1,"years_in_school","years_in_school=6; baseline_age=11; followup_age=15; age_change=4; highest_grade=11","school_years_exceed_age_change_plus_1","review","Retain. Completed school years exceed reported age change plus a one-year diagnostic allowance. Age errors, varying followup horizons or school-year counting could explain this; do not cap the value or delete the applicant."
100606,"B_2018",1,"years_in_school","years_in_school=6; baseline_age=11; followup_age=15; age_change=4; highest_grade=11","school_years_since_allocation_above_4","review","Retain as a requested policy outcome with a timing/definition caveat. Five or six years conflict with a uniform three-year interpretation but may fit the older B2018 cohort. Clarify dates and counting convention; do not cap or infer a correction."
100606,"B_2018",1,"father_educ",,"source_missing","missing","Keep NA. Use available observations for the specific outcome; no outcome imputation in point estimates."
100606,"B_2018",1,"father_income_high",,"source_missing","missing","Keep NA. Use available observations for the specific outcome; no outcome imputation in point estimates."
100606,"B_2018",1,"in_private_now",,"source_missing","missing","Keep NA. Use available observations for the specific outcome; no outcome imputation in point estimates."
100606,"B_2018",1,"in_school_now",,"source_missing","missing","Keep NA. Use available observations for the specific outcome; no outcome imputation in point estimates."
100606,"B_2018",1,"neighborhood",,"source_missing","missing","Keep NA. Exclude from primary controls because coverage differs by cohort."
100606,"B_2018",1,"ses_stratum",,"source_missing","missing","Keep NA. Optional adjusted model uses cohort mean and a missing indicator."
100607,"A_2020",0,"years_in_school","years_in_school=5; baseline_age=13; followup_age=15; age_change=2; highest_grade=7","school_years_exceed_age_change_plus_1","review","Retain. Completed school years exceed reported age change plus a one-year diagnostic allowance. Age errors, varying followup horizons or school-year counting could explain this; do not cap the value or delete the applicant."
100607,"A_2020",0,"years_in_school","years_in_school=5; baseline_age=13; followup_age=15; age_change=2; highest_grade=7","school_years_since_allocation_above_4","review","Retain as a requested policy outcome with a timing/definition caveat. Five or six years conflict with a uniform three-year interpretation but may fit the older B2018 cohort. Clarify dates and counting convention; do not cap or infer a correction."
100609,"A_2020",0,"neighborhood",,"source_missing","missing","Keep NA. Exclude from primary controls because coverage differs by cohort."
100609,"A_2020",0,"ses_stratum",,"source_missing","missing","Keep NA. Optional adjusted model uses cohort mean and a missing indicator."
100610,"A_2020",1,"father_age",,"source_missing","missing","Keep NA. Use available observations for the specific outcome; no outcome imputation in point estimates."
100610,"A_2020",1,"father_educ",,"source_missing","missing","Keep NA. Use available observations for the specific outcome; no outcome imputation in point estimates."
100610,"A_2020",1,"father_income_high",,"source_missing","missing","Keep NA. Use available observations for the specific outcome; no outcome imputation in point estimates."
100610,"A_2020",1,"mother_age",,"source_missing","missing","Keep NA. Use available observations for the specific outcome; no outcome imputation in point estimates."
100610,"A_2020",1,"mother_educ",,"source_missing","missing","Keep NA. Use available observations for the specific outcome; no outcome imputation in point estimates."
100610,"A_2020",1,"neighborhood",,"source_missing","missing","Keep NA. Exclude from primary controls because coverage differs by cohort."
100611,"A_2022",1,"age_at_survey","baseline=12; followup=13; change=1","age_change_outside_2_to_4_screen","review","Retain recorded ages and outcomes. Screening rule only. Systematic cohort differences require survey-date clarification, not automatic correction."
100611,"A_2022",1,"father_age",,"source_missing","missing","Keep NA. Use available observations for the specific outcome; no outcome imputation in point estimates."
100611,"A_2022",1,"father_educ",,"source_missing","missing","Keep NA. Use available observations for the specific outcome; no outcome imputation in point estimates."
100611,"A_2022",1,"father_income_high",,"source_missing","missing","Keep NA. Use available observations for the specific outcome; no outcome imputation in point estimates."
100611,"A_2022",1,"neighborhood",,"source_missing","missing","Keep NA. Exclude from primary controls because coverage differs by cohort."
100611,"A_2022",1,"ses_stratum",,"source_missing","missing","Keep NA. Optional adjusted model uses cohort mean and a missing indicator."
100612,"A_2020",1,"years_in_school","years_in_school=4; baseline_age=13; followup_age=15; age_change=2; highest_grade=8","school_years_exceed_age_change_plus_1","review","Retain. Completed school years exceed reported age change plus a one-year diagnostic allowance. Age errors, varying followup horizons or school-year counting could explain this; do not cap the value or delete the applicant."
100612,"A_2020",1,"neighborhood",,"source_missing","missing","Keep NA. Exclude from primary controls because coverage differs by cohort."
100613,"A_2022",1,"age_at_survey","baseline=12; followup=13; change=1","age_change_outside_2_to_4_screen","review","Retain recorded ages and outcomes. Screening rule only. Systematic cohort differences require survey-date clarification, not automatic correction."
100613,"A_2022",1,"neighborhood",,"source_missing","missing","Keep NA. Exclude from primary controls because coverage differs by cohort."
100613,"A_2022",1,"ses_stratum",,"source_missing","missing","Keep NA. Optional adjusted model uses cohort mean and a missing indicator."
100614,"A_2022",0,"age_at_survey","baseline=14; followup=15; change=1","age_change_outside_2_to_4_screen","review","Retain recorded ages and outcomes. Screening rule only. Systematic cohort differences require survey-date clarification, not automatic correction."
100614,"A_2022",0,"mother_age","mother_age=26; child_age=15","parent_age_gap_below_12_or_age_above_80","review","Flag without changing. Biological relation and age validity cannot be verified. Exclude all followup parent ages from controls."
100614,"A_2022",0,"years_in_school","years_in_school=3; baseline_age=14; followup_age=15; age_change=1; highest_grade=6","school_years_exceed_age_change_plus_1","review","Retain. Completed school years exceed reported age change plus a one-year diagnostic allowance. Age errors, varying followup horizons or school-year counting could explain this; do not cap the value or delete the applicant."
100614,"A_2022",0,"neighborhood",,"source_missing","missing","Keep NA. Exclude from primary controls because coverage differs by cohort."
100615,"A_2022",0,"neighborhood",,"source_missing","missing","Keep NA. Exclude from primary controls because coverage differs by cohort."
100615,"A_2022",0,"ses_stratum",,"source_missing","missing","Keep NA. Optional adjusted model uses cohort mean and a missing indicator."
100616,"A_2020",1,"years_in_school","years_in_school=4; baseline_age=14; followup_age=16; age_change=2; highest_grade=8","school_years_exceed_age_change_plus_1","review","Retain. Completed school years exceed reported age change plus a one-year diagnostic allowance. Age errors, varying followup horizons or school-year counting could explain this; do not cap the value or delete the applicant."
100616,"A_2020",1,"neighborhood",,"source_missing","missing","Keep NA. Exclude from primary controls because coverage differs by cohort."
100617,"A_2020",0,"years_in_school","years_in_school=4; baseline_age=12; followup_age=14; age_change=2; highest_grade=8","school_years_exceed_age_change_plus_1","review","Retain. Completed school years exceed reported age change plus a one-year diagnostic allowance. Age errors, varying followup horizons or school-year counting could explain this; do not cap the value or delete the applicant."
100618,"A_2020",0,"years_in_school","years_in_school=4; baseline_age=12; followup_age=14; age_change=2; highest_grade=8","school_years_exceed_age_change_plus_1","review","Retain. Completed school years exceed reported age change plus a one-year diagnostic allowance. Age errors, varying followup horizons or school-year counting could explain this; do not cap the value or delete the applicant."
100619,"A_2020",0,"years_in_school","years_in_school=4; baseline_age=12; followup_age=14; age_change=2; highest_grade=7","school_years_exceed_age_change_plus_1","review","Retain. Completed school years exceed reported age change plus a one-year diagnostic allowance. Age errors, varying followup horizons or school-year counting could explain this; do not cap the value or delete the applicant."
100620,"A_2020",0,"father_educ",,"source_missing","missing","Keep NA. Use available observations for the specific outcome; no outcome imputation in point estimates."
100620,"A_2020",0,"father_income_high",,"source_missing","missing","Keep NA. Use available observations for the specific outcome; no outcome imputation in point estimates."
100620,"A_2020",0,"ses_stratum",,"source_missing","missing","Keep NA. Optional adjusted model uses cohort mean and a missing indicator."
100621,"A_2020",1,"father_income_high",,"source_missing","missing","Keep NA. Use available observations for the specific outcome; no outcome imputation in point estimates."
100621,"A_2020",1,"ses_stratum",,"source_missing","missing","Keep NA. Optional adjusted model uses cohort mean and a missing indicator."
100624,"A_2020",1,"years_in_school","years_in_school=4; baseline_age=12; followup_age=14; age_change=2; highest_grade=8","school_years_exceed_age_change_plus_1","review","Retain. Completed school years exceed reported age change plus a one-year diagnostic allowance. Age errors, varying followup horizons or school-year counting could explain this; do not cap the value or delete the applicant."
100624,"A_2020",1,"neighborhood",,"source_missing","missing","Keep NA. Exclude from primary controls because coverage differs by cohort."
100625,"A_2022",0,"neighborhood",,"source_missing","missing","Keep NA. Exclude from primary controls because coverage differs by cohort."
100626,"A_2022",1,"age_at_survey","baseline=14; followup=14; change=0","age_change_outside_2_to_4_screen","review","Retain recorded ages and outcomes. Screening rule only. Systematic cohort differences require survey-date clarification, not automatic correction."
100626,"A_2022",1,"years_in_school","years_in_school=3; baseline_age=14; followup_age=14; age_change=0; highest_grade=6","school_years_exceed_age_change_plus_1","review","Retain. Completed school years exceed reported age change plus a one-year diagnostic allowance. Age errors, varying followup horizons or school-year counting could explain this; do not cap the value or delete the applicant."
100626,"A_2022",1,"father_age",,"source_missing","missing","Keep NA. Use available observations for the specific outcome; no outcome imputation in point estimates."
100626,"A_2022",1,"father_educ",,"source_missing","missing","Keep NA. Use available observations for the specific outcome; no outcome imputation in point estimates."
100626,"A_2022",1,"father_income_high",,"source_missing","missing","Keep NA. Use available observations for the specific outcome; no outcome imputation in point estimates."
100626,"A_2022",1,"neighborhood",,"source_missing","missing","Keep NA. Exclude from primary controls because coverage differs by cohort."
100627,"A_2020",0,"years_in_school","years_in_school=4; baseline_age=12; followup_age=14; age_change=2; highest_grade=8","school_years_exceed_age_change_plus_1","review","Retain. Completed school years exceed reported age change plus a one-year diagnostic allowance. Age errors, varying followup horizons or school-year counting could explain this; do not cap the value or delete the applicant."
100627,"A_2020",0,"neighborhood",,"source_missing","missing","Keep NA. Exclude from primary controls because coverage differs by cohort."
100628,"A_2022",1,"age_at_survey","baseline=14; followup=11; change=-3","age_change_outside_2_to_4_screen","review","Retain recorded ages and outcomes. Screening rule only. Systematic cohort differences require survey-date clarification, not automatic correction."
100628,"A_2022",1,"age_at_survey","baseline=14; followup=11; change=-3","age_decreased","inconsistent","Followup age clean set to NA; retain baseline age and schooling outcomes. Cannot determine which source age is wrong. Exclusion sensitivity reported."
100628,"A_2022",1,"years_in_school","years_in_school=2; baseline_age=14; followup_age=11; age_change=-3; highest_grade=6","school_years_exceed_age_change_plus_1","review","Retain. Completed school years exceed reported age change plus a one-year diagnostic allowance. Age errors, varying followup horizons or school-year counting could explain this; do not cap the value or delete the applicant."
100628,"A_2022",1,"neighborhood",,"source_missing","missing","Keep NA. Exclude from primary controls because coverage differs by cohort."
100629,"A_2020",0,"father_age",,"source_missing","missing","Keep NA. Use available observations for the specific outcome; no outcome imputation in point estimates."
100629,"A_2020",0,"father_educ",,"source_missing","missing","Keep NA. Use available observations for the specific outcome; no outcome imputation in point estimates."
100629,"A_2020",0,"father_income_high",,"source_missing","missing","Keep NA. Use available observations for the specific outcome; no outcome imputation in point estimates."
100629,"A_2020",0,"neighborhood",,"source_missing","missing","Keep NA. Exclude from primary controls because coverage differs by cohort."
100629,"A_2020",0,"hours_worked","0","working_but_zero_weekly_hours","review","Retain. Could reflect temporary absence or reference-period differences; do not assume zero means missing."
100630,"A_2020",0,"age_at_application",,"source_missing","missing","Keep NA. Optional adjusted model uses cohort mean and a missing indicator."
100630,"A_2020",0,"hours_worked","0","working_but_zero_weekly_hours","review","Retain. Could reflect temporary absence or reference-period differences; do not assume zero means missing."
100631,"A_2020",0,"neighborhood",,"source_missing","missing","Keep NA. Exclude from primary controls because coverage differs by cohort."
100632,"A_2020",1,"years_in_school","years_in_school=4; baseline_age=13; followup_age=15; age_change=2; highest_grade=8","school_years_exceed_age_change_plus_1","review","Retain. Completed school years exceed reported age change plus a one-year diagnostic allowance. Age errors, varying followup horizons or school-year counting could explain this; do not cap the value or delete the applicant."
100633,"A_2020",0,"years_in_school","years_in_school=4; baseline_age=12; followup_age=14; age_change=2; highest_grade=8","school_years_exceed_age_change_plus_1","review","Retain. Completed school years exceed reported age change plus a one-year diagnostic allowance. Age errors, varying followup horizons or school-year counting could explain this; do not cap the value or delete the applicant."
100633,"A_2020",0,"father_age",,"source_missing","missing","Keep NA. Use available observations for the specific outcome; no outcome imputation in point estimates."
100633,"A_2020",0,"father_educ",,"source_missing","missing","Keep NA. Use available observations for the specific outcome; no outcome imputation in point estimates."
100633,"A_2020",0,"father_income_high",,"source_missing","missing","Keep NA. Use available observations for the specific outcome; no outcome imputation in point estimates."
100633,"A_2020",0,"mother_age",,"source_missing","missing","Keep NA. Use available observations for the specific outcome; no outcome imputation in point estimates."
100633,"A_2020",0,"mother_educ",,"source_missing","missing","Keep NA. Use available observations for the specific outcome; no outcome imputation in point estimates."
100633,"A_2020",0,"neighborhood",,"source_missing","missing","Keep NA. Exclude from primary controls because coverage differs by cohort."
100634,"A_2020",0,"years_in_school","years_in_school=4; baseline_age=12; followup_age=14; age_change=2; highest_grade=6","school_years_exceed_age_change_plus_1","review","Retain. Completed school years exceed reported age change plus a one-year diagnostic allowance. Age errors, varying followup horizons or school-year counting could explain this; do not cap the value or delete the applicant."
100637,"A_2020",1,"father_educ",,"source_missing","missing","Keep NA. Use available observations for the specific outcome; no outcome imputation in point estimates."
100637,"A_2020",1,"mother_educ",,"source_missing","missing","Keep NA. Use available observations for the specific outcome; no outcome imputation in point estimates."
100638,"A_2020",0,"years_in_school","years_in_school=6; baseline_age=14; followup_age=16; age_change=2; highest_grade=9","school_years_exceed_age_change_plus_1","review","Retain. Completed school years exceed reported age change plus a one-year diagnostic allowance. Age errors, varying followup horizons or school-year counting could explain this; do not cap the value or delete the applicant."
100638,"A_2020",0,"years_in_school","years_in_school=6; baseline_age=14; followup_age=16; age_change=2; highest_grade=9","school_years_since_allocation_above_4","review","Retain as a requested policy outcome with a timing/definition caveat. Five or six years conflict with a uniform three-year interpretation but may fit the older B2018 cohort. Clarify dates and counting convention; do not cap or infer a correction."
100638,"A_2020",0,"father_age",,"source_missing","missing","Keep NA. Use available observations for the specific outcome; no outcome imputation in point estimates."
100638,"A_2020",0,"father_educ",,"source_missing","missing","Keep NA. Use available observations for the specific outcome; no outcome imputation in point estimates."
100638,"A_2020",0,"father_income_high",,"source_missing","missing","Keep NA. Use available observations for the specific outcome; no outcome imputation in point estimates."
100639,"B_2018",1,"years_in_school","years_in_school=6; baseline_age=NA; followup_age=19; age_change=NA; highest_grade=9","school_years_since_allocation_above_4","review","Retain as a requested policy outcome with a timing/definition caveat. Five or six years conflict with a uniform three-year interpretation but may fit the older B2018 cohort. Clarify dates and counting convention; do not cap or infer a correction."
100639,"B_2018",1,"age_at_application",,"source_missing","missing","Keep NA. Optional adjusted model uses cohort mean and a missing indicator."
100639,"B_2018",1,"father_age",,"source_missing","missing","Keep NA. Use available observations for the specific outcome; no outcome imputation in point estimates."
100639,"B_2018",1,"father_educ",,"source_missing","missing","Keep NA. Use available observations for the specific outcome; no outcome imputation in point estimates."
100639,"B_2018",1,"father_income_high",,"source_missing","missing","Keep NA. Use available observations for the specific outcome; no outcome imputation in point estimates."
100639,"B_2018",1,"neighborhood",,"source_missing","missing","Keep NA. Exclude from primary controls because coverage differs by cohort."
100639,"B_2018",1,"ses_stratum",,"source_missing","missing","Keep NA. Optional adjusted model uses cohort mean and a missing indicator."
100640,"A_2020",0,"neighborhood",,"source_missing","missing","Keep NA. Exclude from primary controls because coverage differs by cohort."
100640,"A_2020",0,"ses_stratum",,"source_missing","missing","Keep NA. Optional adjusted model uses cohort mean and a missing indicator."
100641,"A_2020",1,"age_at_application",,"source_missing","missing","Keep NA. Optional adjusted model uses cohort mean and a missing indicator."
100642,"A_2020",1,"years_in_school","years_in_school=4; baseline_age=14; followup_age=16; age_change=2; highest_grade=8","school_years_exceed_age_change_plus_1","review","Retain. Completed school years exceed reported age change plus a one-year diagnostic allowance. Age errors, varying followup horizons or school-year counting could explain this; do not cap the value or delete the applicant."
100643,"A_2020",0,"father_income_high",,"source_missing","missing","Keep NA. Use available observations for the specific outcome; no outcome imputation in point estimates."
100643,"A_2020",0,"neighborhood",,"source_missing","missing","Keep NA. Exclude from primary controls because coverage differs by cohort."
100644,"A_2020",0,"age_at_application",,"source_missing","missing","Keep NA. Optional adjusted model uses cohort mean and a missing indicator."
100644,"A_2020",0,"father_income_high",,"source_missing","missing","Keep NA. Use available observations for the specific outcome; no outcome imputation in point estimates."
100644,"A_2020",0,"neighborhood",,"source_missing","missing","Keep NA. Exclude from primary controls because coverage differs by cohort."
100645,"A_2020",0,"years_in_school","years_in_school=4; baseline_age=13; followup_age=15; age_change=2; highest_grade=8","school_years_exceed_age_change_plus_1","review","Retain. Completed school years exceed reported age change plus a one-year diagnostic allowance. Age errors, varying followup horizons or school-year counting could explain this; do not cap the value or delete the applicant."
100646,"A_2020",1,"father_age",,"source_missing","missing","Keep NA. Use available observations for the specific outcome; no outcome imputation in point estimates."
100646,"A_2020",1,"father_educ",,"source_missing","missing","Keep NA. Use available observations for the specific outcome; no outcome imputation in point estimates."
100646,"A_2020",1,"father_income_high",,"source_missing","missing","Keep NA. Use available observations for the specific outcome; no outcome imputation in point estimates."
100647,"A_2020",0,"neighborhood",,"source_missing","missing","Keep NA. Exclude from primary controls because coverage differs by cohort."
100649,"B_2018",1,"years_in_school","years_in_school=6; baseline_age=11; followup_age=15; age_change=4; highest_grade=9","school_years_exceed_age_change_plus_1","review","Retain. Completed school years exceed reported age change plus a one-year diagnostic allowance. Age errors, varying followup horizons or school-year counting could explain this; do not cap the value or delete the applicant."
100649,"B_2018",1,"years_in_school","years_in_school=6; baseline_age=11; followup_age=15; age_change=4; highest_grade=9","school_years_since_allocation_above_4","review","Retain as a requested policy outcome with a timing/definition caveat. Five or six years conflict with a uniform three-year interpretation but may fit the older B2018 cohort. Clarify dates and counting convention; do not cap or infer a correction."
100649,"B_2018",1,"father_age",,"source_missing","missing","Keep NA. Use available observations for the specific outcome; no outcome imputation in point estimates."
100649,"B_2018",1,"father_educ",,"source_missing","missing","Keep NA. Use available observations for the specific outcome; no outcome imputation in point estimates."
100649,"B_2018",1,"father_income_high",,"source_missing","missing","Keep NA. Use available observations for the specific outcome; no outcome imputation in point estimates."
100649,"B_2018",1,"neighborhood",,"source_missing","missing","Keep NA. Exclude from primary controls because coverage differs by cohort."
100650,"A_2020",0,"years_in_school","years_in_school=4; baseline_age=14; followup_age=16; age_change=2; highest_grade=8","school_years_exceed_age_change_plus_1","review","Retain. Completed school years exceed reported age change plus a one-year diagnostic allowance. Age errors, varying followup horizons or school-year counting could explain this; do not cap the value or delete the applicant."
100650,"A_2020",0,"father_educ",,"source_missing","missing","Keep NA. Use available observations for the specific outcome; no outcome imputation in point estimates."
100650,"A_2020",0,"father_income_high",,"source_missing","missing","Keep NA. Use available observations for the specific outcome; no outcome imputation in point estimates."
100650,"A_2020",0,"neighborhood",,"source_missing","missing","Keep NA. Exclude from primary controls because coverage differs by cohort."
100651,"A_2022",0,"age_at_survey","baseline=12; followup=12; change=0","age_change_outside_2_to_4_screen","review","Retain recorded ages and outcomes. Screening rule only. Systematic cohort differences require survey-date clarification, not automatic correction."
100651,"A_2022",0,"years_in_school","years_in_school=2; baseline_age=12; followup_age=12; age_change=0; highest_grade=6","school_years_exceed_age_change_plus_1","review","Retain. Completed school years exceed reported age change plus a one-year diagnostic allowance. Age errors, varying followup horizons or school-year counting could explain this; do not cap the value or delete the applicant."
100651,"A_2022",0,"father_educ",,"source_missing","missing","Keep NA. Use available observations for the specific outcome; no outcome imputation in point estimates."
100651,"A_2022",0,"father_income_high",,"source_missing","missing","Keep NA. Use available observations for the specific outcome; no outcome imputation in point estimates."
100651,"A_2022",0,"mother_educ",,"source_missing","missing","Keep NA. Use available observations for the specific outcome; no outcome imputation in point estimates."
100651,"A_2022",0,"neighborhood",,"source_missing","missing","Keep NA. Exclude from primary controls because coverage differs by cohort."
100652,"A_2020",1,"mother_age",,"source_missing","missing","Keep NA. Use available observations for the specific outcome; no outcome imputation in point estimates."
100652,"A_2020",1,"mother_educ",,"source_missing","missing","Keep NA. Use available observations for the specific outcome; no outcome imputation in point estimates."
100652,"A_2020",1,"ses_stratum",,"source_missing","missing","Keep NA. Optional adjusted model uses cohort mean and a missing indicator."
100653,"A_2020",0,"father_educ",,"source_missing","missing","Keep NA. Use available observations for the specific outcome; no outcome imputation in point estimates."
100653,"A_2020",0,"ses_stratum",,"source_missing","missing","Keep NA. Optional adjusted model uses cohort mean and a missing indicator."
100654,"A_2022",1,"age_at_survey","baseline=11; followup=11; change=0","age_change_outside_2_to_4_screen","review","Retain recorded ages and outcomes. Screening rule only. Systematic cohort differences require survey-date clarification, not automatic correction."
100654,"A_2022",1,"years_in_school","years_in_school=2; baseline_age=11; followup_age=11; age_change=0; highest_grade=6","school_years_exceed_age_change_plus_1","review","Retain. Completed school years exceed reported age change plus a one-year diagnostic allowance. Age errors, varying followup horizons or school-year counting could explain this; do not cap the value or delete the applicant."
100654,"A_2022",1,"neighborhood",,"source_missing","missing","Keep NA. Exclude from primary controls because coverage differs by cohort."
100655,"B_2018",1,"age_at_survey","baseline=13; followup=18; change=5","age_change_outside_2_to_4_screen","review","Retain recorded ages and outcomes. Screening rule only. Systematic cohort differences require survey-date clarification, not automatic correction."
100655,"B_2018",1,"years_in_school","years_in_school=6; baseline_age=13; followup_age=18; age_change=5; highest_grade=9","school_years_since_allocation_above_4","review","Retain as a requested policy outcome with a timing/definition caveat. Five or six years conflict with a uniform three-year interpretation but may fit the older B2018 cohort. Clarify dates and counting convention; do not cap or infer a correction."
100655,"B_2018",1,"neighborhood",,"source_missing","missing","Keep NA. Exclude from primary controls because coverage differs by cohort."
100656,"A_2020",1,"ses_stratum",,"source_missing","missing","Keep NA. Optional adjusted model uses cohort mean and a missing indicator."
100657,"A_2022",1,"age_at_survey","baseline=12; followup=13; change=1","age_change_outside_2_to_4_screen","review","Retain recorded ages and outcomes. Screening rule only. Systematic cohort differences require survey-date clarification, not automatic correction."
100657,"A_2022",1,"neighborhood",,"source_missing","missing","Keep NA. Exclude from primary controls because coverage differs by cohort."
100659,"A_2020",1,"father_age","father_age=1; child_age=16","parent_not_older_than_child","inconsistent","Set derived parent age to NA; retain raw value and applicant. Parent ages are excluded from treatment-effect controls."
100659,"A_2020",1,"father_educ",,"source_missing","missing","Keep NA. Use available observations for the specific outcome; no outcome imputation in point estimates."
100659,"A_2020",1,"father_income_high",,"source_missing","missing","Keep NA. Use available observations for the specific outcome; no outcome imputation in point estimates."
100659,"A_2020",1,"ses_stratum",,"source_missing","missing","Keep NA. Optional adjusted model uses cohort mean and a missing indicator."
100660,"A_2020",0,"years_in_school","years_in_school=4; baseline_age=12; followup_age=14; age_change=2; highest_grade=7","school_years_exceed_age_change_plus_1","review","Retain. Completed school years exceed reported age change plus a one-year diagnostic allowance. Age errors, varying followup horizons or school-year counting could explain this; do not cap the value or delete the applicant."
100661,"A_2020",1,"years_in_school","years_in_school=4; baseline_age=12; followup_age=14; age_change=2; highest_grade=8","school_years_exceed_age_change_plus_1","review","Retain. Completed school years exceed reported age change plus a one-year diagnostic allowance. Age errors, varying followup horizons or school-year counting could explain this; do not cap the value or delete the applicant."
100662,"A_2020",1,"years_in_school","years_in_school=4; baseline_age=12; followup_age=14; age_change=2; highest_grade=8","school_years_exceed_age_change_plus_1","review","Retain. Completed school years exceed reported age change plus a one-year diagnostic allowance. Age errors, varying followup horizons or school-year counting could explain this; do not cap the value or delete the applicant."
100664,"A_2022",1,"age_at_survey","baseline=13; followup=14; change=1","age_change_outside_2_to_4_screen","review","Retain recorded ages and outcomes. Screening rule only. Systematic cohort differences require survey-date clarification, not automatic correction."
100664,"A_2022",1,"neighborhood",,"source_missing","missing","Keep NA. Exclude from primary controls because coverage differs by cohort."
100664,"A_2022",1,"ses_stratum",,"source_missing","missing","Keep NA. Optional adjusted model uses cohort mean and a missing indicator."
100665,"A_2020",1,"years_in_school","years_in_school=4; baseline_age=12; followup_age=14; age_change=2; highest_grade=8","school_years_exceed_age_change_plus_1","review","Retain. Completed school years exceed reported age change plus a one-year diagnostic allowance. Age errors, varying followup horizons or school-year counting could explain this; do not cap the value or delete the applicant."
100666,"B_2018",0,"father_income_high",,"source_missing","missing","Keep NA. Use available observations for the specific outcome; no outcome imputation in point estimates."
100666,"B_2018",0,"neighborhood",,"source_missing","missing","Keep NA. Exclude from primary controls because coverage differs by cohort."
100667,"A_2020",1,"ses_stratum",,"source_missing","missing","Keep NA. Optional adjusted model uses cohort mean and a missing indicator."
100668,"A_2020",0,"father_age",,"source_missing","missing","Keep NA. Use available observations for the specific outcome; no outcome imputation in point estimates."
100668,"A_2020",0,"father_educ",,"source_missing","missing","Keep NA. Use available observations for the specific outcome; no outcome imputation in point estimates."
100668,"A_2020",0,"father_income_high",,"source_missing","missing","Keep NA. Use available observations for the specific outcome; no outcome imputation in point estimates."
100669,"B_2018",1,"age_at_survey","baseline=11; followup=16; change=5","age_change_outside_2_to_4_screen","review","Retain recorded ages and outcomes. Screening rule only. Systematic cohort differences require survey-date clarification, not automatic correction."
100669,"B_2018",1,"years_in_school","years_in_school=5; baseline_age=11; followup_age=16; age_change=5; highest_grade=9","school_years_since_allocation_above_4","review","Retain as a requested policy outcome with a timing/definition caveat. Five or six years conflict with a uniform three-year interpretation but may fit the older B2018 cohort. Clarify dates and counting convention; do not cap or infer a correction."
100669,"B_2018",1,"neighborhood",,"source_missing","missing","Keep NA. Exclude from primary controls because coverage differs by cohort."
100670,"A_2020",1,"father_age",,"source_missing","missing","Keep NA. Use available observations for the specific outcome; no outcome imputation in point estimates."
100670,"A_2020",1,"father_educ",,"source_missing","missing","Keep NA. Use available observations for the specific outcome; no outcome imputation in point estimates."
100670,"A_2020",1,"father_income_high",,"source_missing","missing","Keep NA. Use available observations for the specific outcome; no outcome imputation in point estimates."
100671,"A_2020",1,"years_in_school","years_in_school=4; baseline_age=13; followup_age=15; age_change=2; highest_grade=8","school_years_exceed_age_change_plus_1","review","Retain. Completed school years exceed reported age change plus a one-year diagnostic allowance. Age errors, varying followup horizons or school-year counting could explain this; do not cap the value or delete the applicant."
100672,"A_2020",1,"years_in_school","years_in_school=4; baseline_age=14; followup_age=16; age_change=2; highest_grade=8","school_years_exceed_age_change_plus_1","review","Retain. Completed school years exceed reported age change plus a one-year diagnostic allowance. Age errors, varying followup horizons or school-year counting could explain this; do not cap the value or delete the applicant."
100673,"A_2022",1,"age_at_survey","baseline=10; followup=11; change=1","age_change_outside_2_to_4_screen","review","Retain recorded ages and outcomes. Screening rule only. Systematic cohort differences require survey-date clarification, not automatic correction."
100673,"A_2022",1,"neighborhood",,"source_missing","missing","Keep NA. Exclude from primary controls because coverage differs by cohort."
100673,"A_2022",1,"ses_stratum",,"source_missing","missing","Keep NA. Optional adjusted model uses cohort mean and a missing indicator."
100674,"A_2020",0,"years_in_school","years_in_school=4; baseline_age=12; followup_age=14; age_change=2; highest_grade=8","school_years_exceed_age_change_plus_1","review","Retain. Completed school years exceed reported age change plus a one-year diagnostic allowance. Age errors, varying followup horizons or school-year counting could explain this; do not cap the value or delete the applicant."
100675,"B_2018",0,"age_at_survey","baseline=11; followup=16; change=5","age_change_outside_2_to_4_screen","review","Retain recorded ages and outcomes. Screening rule only. Systematic cohort differences require survey-date clarification, not automatic correction."
100675,"B_2018",0,"years_in_school","years_in_school=6; baseline_age=11; followup_age=16; age_change=5; highest_grade=9","school_years_since_allocation_above_4","review","Retain as a requested policy outcome with a timing/definition caveat. Five or six years conflict with a uniform three-year interpretation but may fit the older B2018 cohort. Clarify dates and counting convention; do not cap or infer a correction."
100675,"B_2018",0,"mother_age",,"source_missing","missing","Keep NA. Use available observations for the specific outcome; no outcome imputation in point estimates."
100675,"B_2018",0,"mother_educ",,"source_missing","missing","Keep NA. Use available observations for the specific outcome; no outcome imputation in point estimates."
100675,"B_2018",0,"neighborhood",,"source_missing","missing","Keep NA. Exclude from primary controls because coverage differs by cohort."
100676,"A_2020",0,"repeats_g6",,"source_missing","missing","Keep NA. Use available observations for the specific outcome; no outcome imputation in point estimates."
100676,"A_2020",0,"started_g6_private",,"source_missing","missing","Keep NA. Use available observations for the specific outcome; no outcome imputation in point estimates."
100676,"A_2020",0,"started_g7_private",,"source_missing","missing","Keep NA. Use available observations for the specific outcome; no outcome imputation in point estimates."
100677,"A_2022",1,"age_at_survey","baseline=13; followup=14; change=1","age_change_outside_2_to_4_screen","review","Retain recorded ages and outcomes. Screening rule only. Systematic cohort differences require survey-date clarification, not automatic correction."
100677,"A_2022",1,"father_income_high",,"source_missing","missing","Keep NA. Use available observations for the specific outcome; no outcome imputation in point estimates."
100677,"A_2022",1,"neighborhood",,"source_missing","missing","Keep NA. Exclude from primary controls because coverage differs by cohort."
100677,"A_2022",1,"ses_stratum",,"source_missing","missing","Keep NA. Optional adjusted model uses cohort mean and a missing indicator."
100679,"A_2020",1,"years_in_school","years_in_school=4; baseline_age=11; followup_age=13; age_change=2; highest_grade=8","school_years_exceed_age_change_plus_1","review","Retain. Completed school years exceed reported age change plus a one-year diagnostic allowance. Age errors, varying followup horizons or school-year counting could explain this; do not cap the value or delete the applicant."
100679,"A_2020",1,"father_age",,"source_missing","missing","Keep NA. Use available observations for the specific outcome; no outcome imputation in point estimates."
100679,"A_2020",1,"father_educ",,"source_missing","missing","Keep NA. Use available observations for the specific outcome; no outcome imputation in point estimates."
100679,"A_2020",1,"father_income_high",,"source_missing","missing","Keep NA. Use available observations for the specific outcome; no outcome imputation in point estimates."
100682,"A_2022",1,"age_at_survey","baseline=14; followup=15; change=1","age_change_outside_2_to_4_screen","review","Retain recorded ages and outcomes. Screening rule only. Systematic cohort differences require survey-date clarification, not automatic correction."
100682,"A_2022",1,"neighborhood",,"source_missing","missing","Keep NA. Exclude from primary controls because coverage differs by cohort."
100683,"A_2020",1,"years_in_school","years_in_school=4; baseline_age=12; followup_age=14; age_change=2; highest_grade=8","school_years_exceed_age_change_plus_1","review","Retain. Completed school years exceed reported age change plus a one-year diagnostic allowance. Age errors, varying followup horizons or school-year counting could explain this; do not cap the value or delete the applicant."
100684,"B_2018",0,"years_in_school","years_in_school=6; baseline_age=12; followup_age=16; age_change=4; highest_grade=9","school_years_exceed_age_change_plus_1","review","Retain. Completed school years exceed reported age change plus a one-year diagnostic allowance. Age errors, varying followup horizons or school-year counting could explain this; do not cap the value or delete the applicant."
100684,"B_2018",0,"years_in_school","years_in_school=6; baseline_age=12; followup_age=16; age_change=4; highest_grade=9","school_years_since_allocation_above_4","review","Retain as a requested policy outcome with a timing/definition caveat. Five or six years conflict with a uniform three-year interpretation but may fit the older B2018 cohort. Clarify dates and counting convention; do not cap or infer a correction."
100684,"B_2018",0,"neighborhood",,"source_missing","missing","Keep NA. Exclude from primary controls because coverage differs by cohort."
100685,"A_2020",1,"years_in_school","years_in_school=4; baseline_age=12; followup_age=14; age_change=2; highest_grade=8","school_years_exceed_age_change_plus_1","review","Retain. Completed school years exceed reported age change plus a one-year diagnostic allowance. Age errors, varying followup horizons or school-year counting could explain this; do not cap the value or delete the applicant."
100686,"A_2020",1,"years_in_school","years_in_school=4; baseline_age=12; followup_age=14; age_change=2; highest_grade=7","school_years_exceed_age_change_plus_1","review","Retain. Completed school years exceed reported age change plus a one-year diagnostic allowance. Age errors, varying followup horizons or school-year counting could explain this; do not cap the value or delete the applicant."
100686,"A_2020",1,"neighborhood",,"source_missing","missing","Keep NA. Exclude from primary controls because coverage differs by cohort."
100687,"A_2022",1,"age_at_survey","baseline=11; followup=12; change=1","age_change_outside_2_to_4_screen","review","Retain recorded ages and outcomes. Screening rule only. Systematic cohort differences require survey-date clarification, not automatic correction."
100687,"A_2022",1,"neighborhood",,"source_missing","missing","Keep NA. Exclude from primary controls because coverage differs by cohort."
100688,"A_2020",0,"father_age",,"source_missing","missing","Keep NA. Use available observations for the specific outcome; no outcome imputation in point estimates."
100688,"A_2020",0,"father_educ",,"source_missing","missing","Keep NA. Use available observations for the specific outcome; no outcome imputation in point estimates."
100688,"A_2020",0,"father_income_high",,"source_missing","missing","Keep NA. Use available observations for the specific outcome; no outcome imputation in point estimates."
100688,"A_2020",0,"ses_stratum",,"source_missing","missing","Keep NA. Optional adjusted model uses cohort mean and a missing indicator."
100689,"A_2022",1,"age_at_survey","baseline=12; followup=12; change=0","age_change_outside_2_to_4_screen","review","Retain recorded ages and outcomes. Screening rule only. Systematic cohort differences require survey-date clarification, not automatic correction."
100689,"A_2022",1,"years_in_school","years_in_school=2; baseline_age=12; followup_age=12; age_change=0; highest_grade=6","school_years_exceed_age_change_plus_1","review","Retain. Completed school years exceed reported age change plus a one-year diagnostic allowance. Age errors, varying followup horizons or school-year counting could explain this; do not cap the value or delete the applicant."
100689,"A_2022",1,"neighborhood",,"source_missing","missing","Keep NA. Exclude from primary controls because coverage differs by cohort."
100690,"B_2018",0,"years_in_school","years_in_school=6; baseline_age=12; followup_age=16; age_change=4; highest_grade=9","school_years_exceed_age_change_plus_1","review","Retain. Completed school years exceed reported age change plus a one-year diagnostic allowance. Age errors, varying followup horizons or school-year counting could explain this; do not cap the value or delete the applicant."
100690,"B_2018",0,"years_in_school","years_in_school=6; baseline_age=12; followup_age=16; age_change=4; highest_grade=9","school_years_since_allocation_above_4","review","Retain as a requested policy outcome with a timing/definition caveat. Five or six years conflict with a uniform three-year interpretation but may fit the older B2018 cohort. Clarify dates and counting convention; do not cap or infer a correction."
100690,"B_2018",0,"father_age",,"source_missing","missing","Keep NA. Use available observations for the specific outcome; no outcome imputation in point estimates."
100690,"B_2018",0,"father_educ",,"source_missing","missing","Keep NA. Use available observations for the specific outcome; no outcome imputation in point estimates."
100690,"B_2018",0,"father_income_high",,"source_missing","missing","Keep NA. Use available observations for the specific outcome; no outcome imputation in point estimates."
100690,"B_2018",0,"neighborhood",,"source_missing","missing","Keep NA. Exclude from primary controls because coverage differs by cohort."
100690,"B_2018",0,"ses_stratum",,"source_missing","missing","Keep NA. Optional adjusted model uses cohort mean and a missing indicator."
100691,"A_2020",1,"mother_age",,"source_missing","missing","Keep NA. Use available observations for the specific outcome; no outcome imputation in point estimates."
100691,"A_2020",1,"mother_educ",,"source_missing","missing","Keep NA. Use available observations for the specific outcome; no outcome imputation in point estimates."
100693,"A_2020",0,"father_age",,"source_missing","missing","Keep NA. Use available observations for the specific outcome; no outcome imputation in point estimates."
100693,"A_2020",0,"father_educ",,"source_missing","missing","Keep NA. Use available observations for the specific outcome; no outcome imputation in point estimates."
100693,"A_2020",0,"father_income_high",,"source_missing","missing","Keep NA. Use available observations for the specific outcome; no outcome imputation in point estimates."
100696,"A_2020",1,"father_age",,"source_missing","missing","Keep NA. Use available observations for the specific outcome; no outcome imputation in point estimates."
100696,"A_2020",1,"father_educ",,"source_missing","missing","Keep NA. Use available observations for the specific outcome; no outcome imputation in point estimates."
100696,"A_2020",1,"father_income_high",,"source_missing","missing","Keep NA. Use available observations for the specific outcome; no outcome imputation in point estimates."
100697,"A_2020",1,"years_in_school","years_in_school=4; baseline_age=12; followup_age=14; age_change=2; highest_grade=8","school_years_exceed_age_change_plus_1","review","Retain. Completed school years exceed reported age change plus a one-year diagnostic allowance. Age errors, varying followup horizons or school-year counting could explain this; do not cap the value or delete the applicant."
100697,"A_2020",1,"ses_stratum",,"source_missing","missing","Keep NA. Optional adjusted model uses cohort mean and a missing indicator."
100697,"A_2020",1,"hours_worked","0","working_but_zero_weekly_hours","review","Retain. Could reflect temporary absence or reference-period differences; do not assume zero means missing."
100698,"A_2020",0,"age_at_application",,"source_missing","missing","Keep NA. Optional adjusted model uses cohort mean and a missing indicator."
100699,"A_2020",0,"years_in_school","years_in_school=4; baseline_age=12; followup_age=14; age_change=2; highest_grade=8","school_years_exceed_age_change_plus_1","review","Retain. Completed school years exceed reported age change plus a one-year diagnostic allowance. Age errors, varying followup horizons or school-year counting could explain this; do not cap the value or delete the applicant."
100699,"A_2020",0,"father_age",,"source_missing","missing","Keep NA. Use available observations for the specific outcome; no outcome imputation in point estimates."
100699,"A_2020",0,"father_educ",,"source_missing","missing","Keep NA. Use available observations for the specific outcome; no outcome imputation in point estimates."
100699,"A_2020",0,"mother_educ",,"source_missing","missing","Keep NA. Use available observations for the specific outcome; no outcome imputation in point estimates."
100699,"A_2020",0,"ses_stratum",,"source_missing","missing","Keep NA. Optional adjusted model uses cohort mean and a missing indicator."
100700,"A_2020",1,"years_in_school","years_in_school=4; baseline_age=13; followup_age=15; age_change=2; highest_grade=8","school_years_exceed_age_change_plus_1","review","Retain. Completed school years exceed reported age change plus a one-year diagnostic allowance. Age errors, varying followup horizons or school-year counting could explain this; do not cap the value or delete the applicant."
100700,"A_2020",1,"father_educ",,"source_missing","missing","Keep NA. Use available observations for the specific outcome; no outcome imputation in point estimates."
100700,"A_2020",1,"mother_educ",,"source_missing","missing","Keep NA. Use available observations for the specific outcome; no outcome imputation in point estimates."
100701,"A_2020",0,"father_educ",,"source_missing","missing","Keep NA. Use available observations for the specific outcome; no outcome imputation in point estimates."
100701,"A_2020",0,"father_income_high",,"source_missing","missing","Keep NA. Use available observations for the specific outcome; no outcome imputation in point estimates."
100701,"A_2020",0,"mother_educ",,"source_missing","missing","Keep NA. Use available observations for the specific outcome; no outcome imputation in point estimates."
100702,"A_2022",1,"age_at_survey","baseline=12; followup=13; change=1","age_change_outside_2_to_4_screen","review","Retain recorded ages and outcomes. Screening rule only. Systematic cohort differences require survey-date clarification, not automatic correction."
100702,"A_2022",1,"years_in_school","years_in_school=3; baseline_age=12; followup_age=13; age_change=1; highest_grade=7","school_years_exceed_age_change_plus_1","review","Retain. Completed school years exceed reported age change plus a one-year diagnostic allowance. Age errors, varying followup horizons or school-year counting could explain this; do not cap the value or delete the applicant."
100702,"A_2022",1,"father_educ",,"source_missing","missing","Keep NA. Use available observations for the specific outcome; no outcome imputation in point estimates."
100702,"A_2022",1,"neighborhood",,"source_missing","missing","Keep NA. Exclude from primary controls because coverage differs by cohort."
100702,"A_2022",1,"ses_stratum",,"source_missing","missing","Keep NA. Optional adjusted model uses cohort mean and a missing indicator."
100703,"A_2020",1,"years_in_school","years_in_school=4; baseline_age=13; followup_age=15; age_change=2; highest_grade=8","school_years_exceed_age_change_plus_1","review","Retain. Completed school years exceed reported age change plus a one-year diagnostic allowance. Age errors, varying followup horizons or school-year counting could explain this; do not cap the value or delete the applicant."
100703,"A_2020",1,"father_age",,"source_missing","missing","Keep NA. Use available observations for the specific outcome; no outcome imputation in point estimates."
100704,"A_2020",1,"finished_g6","highest_grade=11; finished_g6=0","completion_flag_disagrees_with_highest_grade","inconsistent","Retain both reports; no source is known authoritative. Main grade result uses reported highest_grade. Sensitivity excludes conflicted applicants."
100704,"A_2020",1,"finished_g7","highest_grade=11; finished_g7=0","completion_flag_disagrees_with_highest_grade","inconsistent","Retain both reports; no source is known authoritative. Main grade result uses reported highest_grade. Sensitivity excludes conflicted applicants."
100704,"A_2020",1,"finished_g8","highest_grade=11; finished_g8=0","completion_flag_disagrees_with_highest_grade","inconsistent","Retain both reports; no source is known authoritative. Main grade result uses reported highest_grade. Sensitivity excludes conflicted applicants."
100704,"A_2020",1,"years_in_school","highest_grade=11; years_in_school=3","school_years_below_grade_progress_assuming_grade5_entry","review","Retain both fields. This screen assumes grade 5 completed at allocation. Missing baseline grade and uncertain counting convention prevent a verified correction."
100704,"A_2020",1,"neighborhood",,"source_missing","missing","Keep NA. Exclude from primary controls because coverage differs by cohort."
100706,"A_2020",1,"years_in_school","years_in_school=6; baseline_age=14; followup_age=17; age_change=3; highest_grade=10","school_years_exceed_age_change_plus_1","review","Retain. Completed school years exceed reported age change plus a one-year diagnostic allowance. Age errors, varying followup horizons or school-year counting could explain this; do not cap the value or delete the applicant."
100706,"A_2020",1,"years_in_school","years_in_school=6; baseline_age=14; followup_age=17; age_change=3; highest_grade=10","school_years_since_allocation_above_4","review","Retain as a requested policy outcome with a timing/definition caveat. Five or six years conflict with a uniform three-year interpretation but may fit the older B2018 cohort. Clarify dates and counting convention; do not cap or infer a correction."
100707,"A_2020",1,"age_at_application",,"source_missing","missing","Keep NA. Optional adjusted model uses cohort mean and a missing indicator."
100709,"B_2018",0,"age_at_survey","baseline=14; followup=19; change=5","age_change_outside_2_to_4_screen","review","Retain recorded ages and outcomes. Screening rule only. Systematic cohort differences require survey-date clarification, not automatic correction."
100709,"B_2018",0,"finished_g6","highest_grade=11; finished_g6=0","completion_flag_disagrees_with_highest_grade","inconsistent","Retain both reports; no source is known authoritative. Main grade result uses reported highest_grade. Sensitivity excludes conflicted applicants."
100709,"B_2018",0,"finished_g7","highest_grade=11; finished_g7=0","completion_flag_disagrees_with_highest_grade","inconsistent","Retain both reports; no source is known authoritative. Main grade result uses reported highest_grade. Sensitivity excludes conflicted applicants."
100709,"B_2018",0,"finished_g8","highest_grade=11; finished_g8=0","completion_flag_disagrees_with_highest_grade","inconsistent","Retain both reports; no source is known authoritative. Main grade result uses reported highest_grade. Sensitivity excludes conflicted applicants."
100709,"B_2018",0,"years_in_school","years_in_school=6; baseline_age=14; followup_age=19; age_change=5; highest_grade=11","school_years_since_allocation_above_4","review","Retain as a requested policy outcome with a timing/definition caveat. Five or six years conflict with a uniform three-year interpretation but may fit the older B2018 cohort. Clarify dates and counting convention; do not cap or infer a correction."
100709,"B_2018",0,"father_educ",,"source_missing","missing","Keep NA. Use available observations for the specific outcome; no outcome imputation in point estimates."
100709,"B_2018",0,"neighborhood",,"source_missing","missing","Keep NA. Exclude from primary controls because coverage differs by cohort."
100709,"B_2018",0,"ses_stratum",,"source_missing","missing","Keep NA. Optional adjusted model uses cohort mean and a missing indicator."
100710,"A_2020",0,"years_in_school","years_in_school=4; baseline_age=12; followup_age=14; age_change=2; highest_grade=8","school_years_exceed_age_change_plus_1","review","Retain. Completed school years exceed reported age change plus a one-year diagnostic allowance. Age errors, varying followup horizons or school-year counting could explain this; do not cap the value or delete the applicant."
100710,"A_2020",0,"father_educ",,"source_missing","missing","Keep NA. Use available observations for the specific outcome; no outcome imputation in point estimates."
100710,"A_2020",0,"father_income_high",,"source_missing","missing","Keep NA. Use available observations for the specific outcome; no outcome imputation in point estimates."
100711,"A_2020",1,"age_at_survey","baseline=14; followup=15; change=1","age_change_outside_2_to_4_screen","review","Retain recorded ages and outcomes. Screening rule only. Systematic cohort differences require survey-date clarification, not automatic correction."
100711,"A_2020",1,"years_in_school","years_in_school=4; baseline_age=14; followup_age=15; age_change=1; highest_grade=8","school_years_exceed_age_change_plus_1","review","Retain. Completed school years exceed reported age change plus a one-year diagnostic allowance. Age errors, varying followup horizons or school-year counting could explain this; do not cap the value or delete the applicant."
100712,"A_2020",1,"years_in_school","years_in_school=5; baseline_age=13; followup_age=15; age_change=2; highest_grade=8","school_years_exceed_age_change_plus_1","review","Retain. Completed school years exceed reported age change plus a one-year diagnostic allowance. Age errors, varying followup horizons or school-year counting could explain this; do not cap the value or delete the applicant."
100712,"A_2020",1,"years_in_school","years_in_school=5; baseline_age=13; followup_age=15; age_change=2; highest_grade=8","school_years_since_allocation_above_4","review","Retain as a requested policy outcome with a timing/definition caveat. Five or six years conflict with a uniform three-year interpretation but may fit the older B2018 cohort. Clarify dates and counting convention; do not cap or infer a correction."
100712,"A_2020",1,"neighborhood",,"source_missing","missing","Keep NA. Exclude from primary controls because coverage differs by cohort."
100713,"A_2022",0,"age_at_application",,"source_missing","missing","Keep NA. Optional adjusted model uses cohort mean and a missing indicator."
100713,"A_2022",0,"neighborhood",,"source_missing","missing","Keep NA. Exclude from primary controls because coverage differs by cohort."
100714,"A_2020",0,"years_in_school","years_in_school=4; baseline_age=14; followup_age=16; age_change=2; highest_grade=8","school_years_exceed_age_change_plus_1","review","Retain. Completed school years exceed reported age change plus a one-year diagnostic allowance. Age errors, varying followup horizons or school-year counting could explain this; do not cap the value or delete the applicant."
100714,"A_2020",0,"father_age",,"source_missing","missing","Keep NA. Use available observations for the specific outcome; no outcome imputation in point estimates."
100714,"A_2020",0,"father_educ",,"source_missing","missing","Keep NA. Use available observations for the specific outcome; no outcome imputation in point estimates."
100714,"A_2020",0,"mother_age",,"source_missing","missing","Keep NA. Use available observations for the specific outcome; no outcome imputation in point estimates."
100714,"A_2020",0,"neighborhood",,"source_missing","missing","Keep NA. Exclude from primary controls because coverage differs by cohort."
100715,"A_2020",1,"years_in_school","years_in_school=4; baseline_age=11; followup_age=13; age_change=2; highest_grade=7","school_years_exceed_age_change_plus_1","review","Retain. Completed school years exceed reported age change plus a one-year diagnostic allowance. Age errors, varying followup horizons or school-year counting could explain this; do not cap the value or delete the applicant."
100716,"A_2020",0,"years_in_school","years_in_school=4; baseline_age=12; followup_age=14; age_change=2; highest_grade=8","school_years_exceed_age_change_plus_1","review","Retain. Completed school years exceed reported age change plus a one-year diagnostic allowance. Age errors, varying followup horizons or school-year counting could explain this; do not cap the value or delete the applicant."
100716,"A_2020",0,"neighborhood",,"source_missing","missing","Keep NA. Exclude from primary controls because coverage differs by cohort."
100717,"B_2018",1,"years_in_school","years_in_school=6; baseline_age=12; followup_age=16; age_change=4; highest_grade=9","school_years_exceed_age_change_plus_1","review","Retain. Completed school years exceed reported age change plus a one-year diagnostic allowance. Age errors, varying followup horizons or school-year counting could explain this; do not cap the value or delete the applicant."
100717,"B_2018",1,"years_in_school","years_in_school=6; baseline_age=12; followup_age=16; age_change=4; highest_grade=9","school_years_since_allocation_above_4","review","Retain as a requested policy outcome with a timing/definition caveat. Five or six years conflict with a uniform three-year interpretation but may fit the older B2018 cohort. Clarify dates and counting convention; do not cap or infer a correction."
100717,"B_2018",1,"father_age",,"source_missing","missing","Keep NA. Use available observations for the specific outcome; no outcome imputation in point estimates."
100717,"B_2018",1,"father_educ",,"source_missing","missing","Keep NA. Use available observations for the specific outcome; no outcome imputation in point estimates."
100717,"B_2018",1,"father_income_high",,"source_missing","missing","Keep NA. Use available observations for the specific outcome; no outcome imputation in point estimates."
100717,"B_2018",1,"neighborhood",,"source_missing","missing","Keep NA. Exclude from primary controls because coverage differs by cohort."
100719,"A_2020",0,"years_in_school","years_in_school=4; baseline_age=12; followup_age=14; age_change=2; highest_grade=6","school_years_exceed_age_change_plus_1","review","Retain. Completed school years exceed reported age change plus a one-year diagnostic allowance. Age errors, varying followup horizons or school-year counting could explain this; do not cap the value or delete the applicant."
100720,"B_2018",0,"years_in_school","years_in_school=6; baseline_age=11; followup_age=15; age_change=4; highest_grade=9","school_years_exceed_age_change_plus_1","review","Retain. Completed school years exceed reported age change plus a one-year diagnostic allowance. Age errors, varying followup horizons or school-year counting could explain this; do not cap the value or delete the applicant."
100720,"B_2018",0,"years_in_school","years_in_school=6; baseline_age=11; followup_age=15; age_change=4; highest_grade=9","school_years_since_allocation_above_4","review","Retain as a requested policy outcome with a timing/definition caveat. Five or six years conflict with a uniform three-year interpretation but may fit the older B2018 cohort. Clarify dates and counting convention; do not cap or infer a correction."
100720,"B_2018",0,"neighborhood",,"source_missing","missing","Keep NA. Exclude from primary controls because coverage differs by cohort."
100721,"A_2020",0,"years_in_school","years_in_school=4; baseline_age=15; followup_age=17; age_change=2; highest_grade=8","school_years_exceed_age_change_plus_1","review","Retain. Completed school years exceed reported age change plus a one-year diagnostic allowance. Age errors, varying followup horizons or school-year counting could explain this; do not cap the value or delete the applicant."
100722,"A_2020",1,"years_in_school","years_in_school=4; baseline_age=12; followup_age=14; age_change=2; highest_grade=8","school_years_exceed_age_change_plus_1","review","Retain. Completed school years exceed reported age change plus a one-year diagnostic allowance. Age errors, varying followup horizons or school-year counting could explain this; do not cap the value or delete the applicant."
100722,"A_2020",1,"mother_educ",,"source_missing","missing","Keep NA. Use available observations for the specific outcome; no outcome imputation in point estimates."
100723,"A_2020",1,"ses_stratum",,"source_missing","missing","Keep NA. Optional adjusted model uses cohort mean and a missing indicator."
100724,"A_2020",0,"years_in_school","years_in_school=4; baseline_age=12; followup_age=14; age_change=2; highest_grade=8","school_years_exceed_age_change_plus_1","review","Retain. Completed school years exceed reported age change plus a one-year diagnostic allowance. Age errors, varying followup horizons or school-year counting could explain this; do not cap the value or delete the applicant."
100725,"A_2020",0,"years_in_school","years_in_school=4; baseline_age=12; followup_age=14; age_change=2; highest_grade=8","school_years_exceed_age_change_plus_1","review","Retain. Completed school years exceed reported age change plus a one-year diagnostic allowance. Age errors, varying followup horizons or school-year counting could explain this; do not cap the value or delete the applicant."
100725,"A_2020",0,"neighborhood",,"source_missing","missing","Keep NA. Exclude from primary controls because coverage differs by cohort."
100726,"A_2020",1,"years_in_school","years_in_school=4; baseline_age=10; followup_age=12; age_change=2; highest_grade=8","school_years_exceed_age_change_plus_1","review","Retain. Completed school years exceed reported age change plus a one-year diagnostic allowance. Age errors, varying followup horizons or school-year counting could explain this; do not cap the value or delete the applicant."
100728,"A_2020",0,"father_educ",,"source_missing","missing","Keep NA. Use available observations for the specific outcome; no outcome imputation in point estimates."
100728,"A_2020",0,"mother_educ",,"source_missing","missing","Keep NA. Use available observations for the specific outcome; no outcome imputation in point estimates."
100728,"A_2020",0,"ses_stratum",,"source_missing","missing","Keep NA. Optional adjusted model uses cohort mean and a missing indicator."
100729,"A_2020",0,"ses_stratum",,"source_missing","missing","Keep NA. Optional adjusted model uses cohort mean and a missing indicator."
100730,"A_2020",0,"age_at_application",,"source_missing","missing","Keep NA. Optional adjusted model uses cohort mean and a missing indicator."
100730,"A_2020",0,"father_income_high",,"source_missing","missing","Keep NA. Use available observations for the specific outcome; no outcome imputation in point estimates."
100731,"A_2020",1,"ses_stratum",,"source_missing","missing","Keep NA. Optional adjusted model uses cohort mean and a missing indicator."
100732,"B_2018",1,"father_age",,"source_missing","missing","Keep NA. Use available observations for the specific outcome; no outcome imputation in point estimates."
100732,"B_2018",1,"father_educ",,"source_missing","missing","Keep NA. Use available observations for the specific outcome; no outcome imputation in point estimates."
100732,"B_2018",1,"father_income_high",,"source_missing","missing","Keep NA. Use available observations for the specific outcome; no outcome imputation in point estimates."
100732,"B_2018",1,"neighborhood",,"source_missing","missing","Keep NA. Exclude from primary controls because coverage differs by cohort."
100732,"B_2018",1,"hours_worked","0","working_but_zero_weekly_hours","review","Retain. Could reflect temporary absence or reference-period differences; do not assume zero means missing."
100733,"A_2020",1,"father_age",,"source_missing","missing","Keep NA. Use available observations for the specific outcome; no outcome imputation in point estimates."
100733,"A_2020",1,"father_educ",,"source_missing","missing","Keep NA. Use available observations for the specific outcome; no outcome imputation in point estimates."
100733,"A_2020",1,"father_income_high",,"source_missing","missing","Keep NA. Use available observations for the specific outcome; no outcome imputation in point estimates."
100733,"A_2020",1,"neighborhood",,"source_missing","missing","Keep NA. Exclude from primary controls because coverage differs by cohort."
100733,"A_2020",1,"ses_stratum",,"source_missing","missing","Keep NA. Optional adjusted model uses cohort mean and a missing indicator."
100734,"A_2022",1,"age_at_survey","baseline=15; followup=16; change=1","age_change_outside_2_to_4_screen","review","Retain recorded ages and outcomes. Screening rule only. Systematic cohort differences require survey-date clarification, not automatic correction."
100734,"A_2022",1,"finished_g6","highest_grade=6; finished_g6=0","completion_flag_disagrees_with_highest_grade","inconsistent","Retain both reports; no source is known authoritative. Main grade result uses reported highest_grade. Sensitivity excludes conflicted applicants."
100734,"A_2022",1,"father_age",,"source_missing","missing","Keep NA. Use available observations for the specific outcome; no outcome imputation in point estimates."
100734,"A_2022",1,"father_educ",,"source_missing","missing","Keep NA. Use available observations for the specific outcome; no outcome imputation in point estimates."
100734,"A_2022",1,"father_income_high",,"source_missing","missing","Keep NA. Use available observations for the specific outcome; no outcome imputation in point estimates."
100734,"A_2022",1,"in_private_now",,"source_missing","missing","Keep NA. Use available observations for the specific outcome; no outcome imputation in point estimates."
100734,"A_2022",1,"neighborhood",,"source_missing","missing","Keep NA. Exclude from primary controls because coverage differs by cohort."
100735,"A_2020",0,"age_at_application",,"source_missing","missing","Keep NA. Optional adjusted model uses cohort mean and a missing indicator."
100736,"A_2020",1,"finished_g6","highest_grade=11; finished_g6=0","completion_flag_disagrees_with_highest_grade","inconsistent","Retain both reports; no source is known authoritative. Main grade result uses reported highest_grade. Sensitivity excludes conflicted applicants."
100736,"A_2020",1,"finished_g7","highest_grade=11; finished_g7=0","completion_flag_disagrees_with_highest_grade","inconsistent","Retain both reports; no source is known authoritative. Main grade result uses reported highest_grade. Sensitivity excludes conflicted applicants."
100736,"A_2020",1,"finished_g8","highest_grade=11; finished_g8=0","completion_flag_disagrees_with_highest_grade","inconsistent","Retain both reports; no source is known authoritative. Main grade result uses reported highest_grade. Sensitivity excludes conflicted applicants."
100736,"A_2020",1,"years_in_school","highest_grade=11; years_in_school=3","school_years_below_grade_progress_assuming_grade5_entry","review","Retain both fields. This screen assumes grade 5 completed at allocation. Missing baseline grade and uncertain counting convention prevent a verified correction."
100736,"A_2020",1,"father_age",,"source_missing","missing","Keep NA. Use available observations for the specific outcome; no outcome imputation in point estimates."
100736,"A_2020",1,"father_educ",,"source_missing","missing","Keep NA. Use available observations for the specific outcome; no outcome imputation in point estimates."
100736,"A_2020",1,"father_income_high",,"source_missing","missing","Keep NA. Use available observations for the specific outcome; no outcome imputation in point estimates."
100736,"A_2020",1,"ses_stratum",,"source_missing","missing","Keep NA. Optional adjusted model uses cohort mean and a missing indicator."
100737,"A_2020",1,"father_age",,"source_missing","missing","Keep NA. Use available observations for the specific outcome; no outcome imputation in point estimates."
100737,"A_2020",1,"father_educ",,"source_missing","missing","Keep NA. Use available observations for the specific outcome; no outcome imputation in point estimates."
100737,"A_2020",1,"father_income_high",,"source_missing","missing","Keep NA. Use available observations for the specific outcome; no outcome imputation in point estimates."
100738,"A_2022",0,"age_at_survey","baseline=11; followup=12; change=1","age_change_outside_2_to_4_screen","review","Retain recorded ages and outcomes. Screening rule only. Systematic cohort differences require survey-date clarification, not automatic correction."
100738,"A_2022",0,"neighborhood",,"source_missing","missing","Keep NA. Exclude from primary controls because coverage differs by cohort."
100739,"A_2020",0,"age_at_application",,"source_missing","missing","Keep NA. Optional adjusted model uses cohort mean and a missing indicator."
100739,"A_2020",0,"hours_worked","0","working_but_zero_weekly_hours","review","Retain. Could reflect temporary absence or reference-period differences; do not assume zero means missing."
100740,"A_2020",1,"years_in_school","years_in_school=4; baseline_age=12; followup_age=14; age_change=2; highest_grade=8","school_years_exceed_age_change_plus_1","review","Retain. Completed school years exceed reported age change plus a one-year diagnostic allowance. Age errors, varying followup horizons or school-year counting could explain this; do not cap the value or delete the applicant."
100742,"A_2020",0,"neighborhood",,"source_missing","missing","Keep NA. Exclude from primary controls because coverage differs by cohort."
100742,"A_2020",0,"ses_stratum",,"source_missing","missing","Keep NA. Optional adjusted model uses cohort mean and a missing indicator."
100745,"A_2020",0,"years_in_school","years_in_school=4; baseline_age=12; followup_age=14; age_change=2; highest_grade=8","school_years_exceed_age_change_plus_1","review","Retain. Completed school years exceed reported age change plus a one-year diagnostic allowance. Age errors, varying followup horizons or school-year counting could explain this; do not cap the value or delete the applicant."
100746,"A_2020",1,"years_in_school","highest_grade=8; years_in_school=2","school_years_below_grade_progress_assuming_grade5_entry","review","Retain both fields. This screen assumes grade 5 completed at allocation. Missing baseline grade and uncertain counting convention prevent a verified correction."
100747,"A_2020",1,"father_age",,"source_missing","missing","Keep NA. Use available observations for the specific outcome; no outcome imputation in point estimates."
100747,"A_2020",1,"father_educ",,"source_missing","missing","Keep NA. Use available observations for the specific outcome; no outcome imputation in point estimates."
100747,"A_2020",1,"father_income_high",,"source_missing","missing","Keep NA. Use available observations for the specific outcome; no outcome imputation in point estimates."
100748,"A_2020",0,"years_in_school","years_in_school=4; baseline_age=16; followup_age=18; age_change=2; highest_grade=8","school_years_exceed_age_change_plus_1","review","Retain. Completed school years exceed reported age change plus a one-year diagnostic allowance. Age errors, varying followup horizons or school-year counting could explain this; do not cap the value or delete the applicant."
100749,"A_2020",1,"years_in_school","years_in_school=4; baseline_age=11; followup_age=13; age_change=2; highest_grade=8","school_years_exceed_age_change_plus_1","review","Retain. Completed school years exceed reported age change plus a one-year diagnostic allowance. Age errors, varying followup horizons or school-year counting could explain this; do not cap the value or delete the applicant."
100750,"A_2020",1,"years_in_school","years_in_school=4; baseline_age=12; followup_age=14; age_change=2; highest_grade=7","school_years_exceed_age_change_plus_1","review","Retain. Completed school years exceed reported age change plus a one-year diagnostic allowance. Age errors, varying followup horizons or school-year counting could explain this; do not cap the value or delete the applicant."
100751,"A_2020",0,"years_in_school","years_in_school=4; baseline_age=11; followup_age=13; age_change=2; highest_grade=8","school_years_exceed_age_change_plus_1","review","Retain. Completed school years exceed reported age change plus a one-year diagnostic allowance. Age errors, varying followup horizons or school-year counting could explain this; do not cap the value or delete the applicant."
100752,"A_2020",1,"ses_stratum",,"source_missing","missing","Keep NA. Optional adjusted model uses cohort mean and a missing indicator."
100753,"A_2020",1,"years_in_school","years_in_school=4; baseline_age=13; followup_age=15; age_change=2; highest_grade=8","school_years_exceed_age_change_plus_1","review","Retain. Completed school years exceed reported age change plus a one-year diagnostic allowance. Age errors, varying followup horizons or school-year counting could explain this; do not cap the value or delete the applicant."
100753,"A_2020",1,"ses_stratum",,"source_missing","missing","Keep NA. Optional adjusted model uses cohort mean and a missing indicator."
100754,"A_2020",1,"years_in_school","years_in_school=4; baseline_age=11; followup_age=13; age_change=2; highest_grade=7","school_years_exceed_age_change_plus_1","review","Retain. Completed school years exceed reported age change plus a one-year diagnostic allowance. Age errors, varying followup horizons or school-year counting could explain this; do not cap the value or delete the applicant."
100754,"A_2020",1,"neighborhood",,"source_missing","missing","Keep NA. Exclude from primary controls because coverage differs by cohort."
100755,"A_2020",1,"years_in_school","years_in_school=4; baseline_age=13; followup_age=15; age_change=2; highest_grade=8","school_years_exceed_age_change_plus_1","review","Retain. Completed school years exceed reported age change plus a one-year diagnostic allowance. Age errors, varying followup horizons or school-year counting could explain this; do not cap the value or delete the applicant."
100755,"A_2020",1,"neighborhood",,"source_missing","missing","Keep NA. Exclude from primary controls because coverage differs by cohort."
100756,"A_2020",1,"father_age",,"source_missing","missing","Keep NA. Use available observations for the specific outcome; no outcome imputation in point estimates."
100756,"A_2020",1,"father_educ",,"source_missing","missing","Keep NA. Use available observations for the specific outcome; no outcome imputation in point estimates."
100756,"A_2020",1,"father_income_high",,"source_missing","missing","Keep NA. Use available observations for the specific outcome; no outcome imputation in point estimates."
100757,"A_2020",1,"neighborhood",,"source_missing","missing","Keep NA. Exclude from primary controls because coverage differs by cohort."
100758,"B_2018",0,"years_in_school","years_in_school=6; baseline_age=12; followup_age=16; age_change=4; highest_grade=9","school_years_exceed_age_change_plus_1","review","Retain. Completed school years exceed reported age change plus a one-year diagnostic allowance. Age errors, varying followup horizons or school-year counting could explain this; do not cap the value or delete the applicant."
100758,"B_2018",0,"years_in_school","years_in_school=6; baseline_age=12; followup_age=16; age_change=4; highest_grade=9","school_years_since_allocation_above_4","review","Retain as a requested policy outcome with a timing/definition caveat. Five or six years conflict with a uniform three-year interpretation but may fit the older B2018 cohort. Clarify dates and counting convention; do not cap or infer a correction."
100758,"B_2018",0,"neighborhood",,"source_missing","missing","Keep NA. Exclude from primary controls because coverage differs by cohort."
100759,"A_2020",0,"years_in_school","highest_grade=8; years_in_school=1","school_years_below_grade_progress_assuming_grade5_entry","review","Retain both fields. This screen assumes grade 5 completed at allocation. Missing baseline grade and uncertain counting convention prevent a verified correction."
100759,"A_2020",0,"in_private_now",,"source_missing","missing","Keep NA. Use available observations for the specific outcome; no outcome imputation in point estimates."
100759,"A_2020",0,"neighborhood",,"source_missing","missing","Keep NA. Exclude from primary controls because coverage differs by cohort."
100759,"A_2020",0,"repeats_g6",,"source_missing","missing","Keep NA. Use available observations for the specific outcome; no outcome imputation in point estimates."
100759,"A_2020",0,"started_g6_private",,"source_missing","missing","Keep NA. Use available observations for the specific outcome; no outcome imputation in point estimates."
100759,"A_2020",0,"started_g7_private",,"source_missing","missing","Keep NA. Use available observations for the specific outcome; no outcome imputation in point estimates."
100760,"A_2020",0,"age_at_application",,"source_missing","missing","Keep NA. Optional adjusted model uses cohort mean and a missing indicator."
100760,"A_2020",0,"father_age",,"source_missing","missing","Keep NA. Use available observations for the specific outcome; no outcome imputation in point estimates."
100760,"A_2020",0,"father_educ",,"source_missing","missing","Keep NA. Use available observations for the specific outcome; no outcome imputation in point estimates."
100760,"A_2020",0,"father_income_high",,"source_missing","missing","Keep NA. Use available observations for the specific outcome; no outcome imputation in point estimates."
100760,"A_2020",0,"mother_age",,"source_missing","missing","Keep NA. Use available observations for the specific outcome; no outcome imputation in point estimates."
100760,"A_2020",0,"mother_educ",,"source_missing","missing","Keep NA. Use available observations for the specific outcome; no outcome imputation in point estimates."
100760,"A_2020",0,"neighborhood",,"source_missing","missing","Keep NA. Exclude from primary controls because coverage differs by cohort."
100761,"B_2018",1,"age_at_survey","baseline=12; followup=17; change=5","age_change_outside_2_to_4_screen","review","Retain recorded ages and outcomes. Screening rule only. Systematic cohort differences require survey-date clarification, not automatic correction."
100761,"B_2018",1,"years_in_school","years_in_school=6; baseline_age=12; followup_age=17; age_change=5; highest_grade=7","school_years_since_allocation_above_4","review","Retain as a requested policy outcome with a timing/definition caveat. Five or six years conflict with a uniform three-year interpretation but may fit the older B2018 cohort. Clarify dates and counting convention; do not cap or infer a correction."
100761,"B_2018",1,"neighborhood",,"source_missing","missing","Keep NA. Exclude from primary controls because coverage differs by cohort."
100762,"A_2020",1,"age_at_application",,"source_missing","missing","Keep NA. Optional adjusted model uses cohort mean and a missing indicator."
100762,"A_2020",1,"father_income_high",,"source_missing","missing","Keep NA. Use available observations for the specific outcome; no outcome imputation in point estimates."
100763,"B_2018",0,"years_in_school","years_in_school=6; baseline_age=13; followup_age=17; age_change=4; highest_grade=9","school_years_exceed_age_change_plus_1","review","Retain. Completed school years exceed reported age change plus a one-year diagnostic allowance. Age errors, varying followup horizons or school-year counting could explain this; do not cap the value or delete the applicant."
100763,"B_2018",0,"years_in_school","years_in_school=6; baseline_age=13; followup_age=17; age_change=4; highest_grade=9","school_years_since_allocation_above_4","review","Retain as a requested policy outcome with a timing/definition caveat. Five or six years conflict with a uniform three-year interpretation but may fit the older B2018 cohort. Clarify dates and counting convention; do not cap or infer a correction."
100763,"B_2018",0,"father_age",,"source_missing","missing","Keep NA. Use available observations for the specific outcome; no outcome imputation in point estimates."
100763,"B_2018",0,"father_educ",,"source_missing","missing","Keep NA. Use available observations for the specific outcome; no outcome imputation in point estimates."
100763,"B_2018",0,"father_income_high",,"source_missing","missing","Keep NA. Use available observations for the specific outcome; no outcome imputation in point estimates."
100763,"B_2018",0,"neighborhood",,"source_missing","missing","Keep NA. Exclude from primary controls because coverage differs by cohort."
100763,"B_2018",0,"ses_stratum",,"source_missing","missing","Keep NA. Optional adjusted model uses cohort mean and a missing indicator."
100764,"A_2020",1,"years_in_school","years_in_school=4; baseline_age=11; followup_age=13; age_change=2; highest_grade=8","school_years_exceed_age_change_plus_1","review","Retain. Completed school years exceed reported age change plus a one-year diagnostic allowance. Age errors, varying followup horizons or school-year counting could explain this; do not cap the value or delete the applicant."
100764,"A_2020",1,"neighborhood",,"source_missing","missing","Keep NA. Exclude from primary controls because coverage differs by cohort."
100765,"A_2022",0,"age_at_survey","baseline=11; followup=11; change=0","age_change_outside_2_to_4_screen","review","Retain recorded ages and outcomes. Screening rule only. Systematic cohort differences require survey-date clarification, not automatic correction."
100765,"A_2022",0,"years_in_school","years_in_school=2; baseline_age=11; followup_age=11; age_change=0; highest_grade=6","school_years_exceed_age_change_plus_1","review","Retain. Completed school years exceed reported age change plus a one-year diagnostic allowance. Age errors, varying followup horizons or school-year counting could explain this; do not cap the value or delete the applicant."
100765,"A_2022",0,"neighborhood",,"source_missing","missing","Keep NA. Exclude from primary controls because coverage differs by cohort."
100766,"A_2020",0,"years_in_school","years_in_school=4; baseline_age=12; followup_age=14; age_change=2; highest_grade=8","school_years_exceed_age_change_plus_1","review","Retain. Completed school years exceed reported age change plus a one-year diagnostic allowance. Age errors, varying followup horizons or school-year counting could explain this; do not cap the value or delete the applicant."
100766,"A_2020",0,"hours_worked","0","working_but_zero_weekly_hours","review","Retain. Could reflect temporary absence or reference-period differences; do not assume zero means missing."
100767,"A_2020",0,"hours_worked","working=0; hours=4","not_working_but_positive_hours","inconsistent","Retain source fields. Show sensitivity excluding conflict for secondary work outcomes."
100767,"A_2020",0,"father_income_high",,"source_missing","missing","Keep NA. Use available observations for the specific outcome; no outcome imputation in point estimates."
100768,"A_2020",0,"father_age",,"source_missing","missing","Keep NA. Use available observations for the specific outcome; no outcome imputation in point estimates."
100768,"A_2020",0,"father_educ",,"source_missing","missing","Keep NA. Use available observations for the specific outcome; no outcome imputation in point estimates."
100768,"A_2020",0,"father_income_high",,"source_missing","missing","Keep NA. Use available observations for the specific outcome; no outcome imputation in point estimates."
100769,"A_2020",0,"finished_g6","highest_grade=11; finished_g6=0","completion_flag_disagrees_with_highest_grade","inconsistent","Retain both reports; no source is known authoritative. Main grade result uses reported highest_grade. Sensitivity excludes conflicted applicants."
100769,"A_2020",0,"finished_g7","highest_grade=11; finished_g7=0","completion_flag_disagrees_with_highest_grade","inconsistent","Retain both reports; no source is known authoritative. Main grade result uses reported highest_grade. Sensitivity excludes conflicted applicants."
100769,"A_2020",0,"finished_g8","highest_grade=11; finished_g8=0","completion_flag_disagrees_with_highest_grade","inconsistent","Retain both reports; no source is known authoritative. Main grade result uses reported highest_grade. Sensitivity excludes conflicted applicants."
100769,"A_2020",0,"years_in_school","highest_grade=11; years_in_school=3","school_years_below_grade_progress_assuming_grade5_entry","review","Retain both fields. This screen assumes grade 5 completed at allocation. Missing baseline grade and uncertain counting convention prevent a verified correction."
100770,"A_2020",1,"years_in_school","years_in_school=4; baseline_age=14; followup_age=16; age_change=2; highest_grade=8","school_years_exceed_age_change_plus_1","review","Retain. Completed school years exceed reported age change plus a one-year diagnostic allowance. Age errors, varying followup horizons or school-year counting could explain this; do not cap the value or delete the applicant."
100771,"A_2020",1,"father_age",,"source_missing","missing","Keep NA. Use available observations for the specific outcome; no outcome imputation in point estimates."
100771,"A_2020",1,"father_educ",,"source_missing","missing","Keep NA. Use available observations for the specific outcome; no outcome imputation in point estimates."
100771,"A_2020",1,"father_income_high",,"source_missing","missing","Keep NA. Use available observations for the specific outcome; no outcome imputation in point estimates."
100771,"A_2020",1,"mother_educ",,"source_missing","missing","Keep NA. Use available observations for the specific outcome; no outcome imputation in point estimates."
100771,"A_2020",1,"ses_stratum",,"source_missing","missing","Keep NA. Optional adjusted model uses cohort mean and a missing indicator."
100772,"A_2022",0,"neighborhood",,"source_missing","missing","Keep NA. Exclude from primary controls because coverage differs by cohort."
100773,"B_2018",0,"age_at_survey","baseline=12; followup=17; change=5","age_change_outside_2_to_4_screen","review","Retain recorded ages and outcomes. Screening rule only. Systematic cohort differences require survey-date clarification, not automatic correction."
100773,"B_2018",0,"years_in_school","years_in_school=6; baseline_age=12; followup_age=17; age_change=5; highest_grade=9","school_years_since_allocation_above_4","review","Retain as a requested policy outcome with a timing/definition caveat. Five or six years conflict with a uniform three-year interpretation but may fit the older B2018 cohort. Clarify dates and counting convention; do not cap or infer a correction."
100773,"B_2018",0,"father_age",,"source_missing","missing","Keep NA. Use available observations for the specific outcome; no outcome imputation in point estimates."
100773,"B_2018",0,"father_educ",,"source_missing","missing","Keep NA. Use available observations for the specific outcome; no outcome imputation in point estimates."
100773,"B_2018",0,"father_income_high",,"source_missing","missing","Keep NA. Use available observations for the specific outcome; no outcome imputation in point estimates."
100773,"B_2018",0,"mother_age",,"source_missing","missing","Keep NA. Use available observations for the specific outcome; no outcome imputation in point estimates."
100773,"B_2018",0,"mother_educ",,"source_missing","missing","Keep NA. Use available observations for the specific outcome; no outcome imputation in point estimates."
100773,"B_2018",0,"neighborhood",,"source_missing","missing","Keep NA. Exclude from primary controls because coverage differs by cohort."
100774,"A_2020",1,"years_in_school","years_in_school=4; baseline_age=12; followup_age=14; age_change=2; highest_grade=8","school_years_exceed_age_change_plus_1","review","Retain. Completed school years exceed reported age change plus a one-year diagnostic allowance. Age errors, varying followup horizons or school-year counting could explain this; do not cap the value or delete the applicant."
100774,"A_2020",1,"father_income_high",,"source_missing","missing","Keep NA. Use available observations for the specific outcome; no outcome imputation in point estimates."
100775,"A_2020",0,"years_in_school","years_in_school=4; baseline_age=12; followup_age=14; age_change=2; highest_grade=8","school_years_exceed_age_change_plus_1","review","Retain. Completed school years exceed reported age change plus a one-year diagnostic allowance. Age errors, varying followup horizons or school-year counting could explain this; do not cap the value or delete the applicant."
100776,"A_2022",1,"age_at_survey","baseline=11; followup=12; change=1","age_change_outside_2_to_4_screen","review","Retain recorded ages and outcomes. Screening rule only. Systematic cohort differences require survey-date clarification, not automatic correction."
100776,"A_2022",1,"neighborhood",,"source_missing","missing","Keep NA. Exclude from primary controls because coverage differs by cohort."
100777,"A_2020",1,"years_in_school","years_in_school=4; baseline_age=13; followup_age=15; age_change=2; highest_grade=8","school_years_exceed_age_change_plus_1","review","Retain. Completed school years exceed reported age change plus a one-year diagnostic allowance. Age errors, varying followup horizons or school-year counting could explain this; do not cap the value or delete the applicant."
100777,"A_2020",1,"neighborhood",,"source_missing","missing","Keep NA. Exclude from primary controls because coverage differs by cohort."
100778,"A_2020",0,"neighborhood",,"source_missing","missing","Keep NA. Exclude from primary controls because coverage differs by cohort."
100779,"A_2022",0,"age_at_survey","baseline=13; followup=13; change=0","age_change_outside_2_to_4_screen","review","Retain recorded ages and outcomes. Screening rule only. Systematic cohort differences require survey-date clarification, not automatic correction."
100779,"A_2022",0,"years_in_school","years_in_school=2; baseline_age=13; followup_age=13; age_change=0; highest_grade=6","school_years_exceed_age_change_plus_1","review","Retain. Completed school years exceed reported age change plus a one-year diagnostic allowance. Age errors, varying followup horizons or school-year counting could explain this; do not cap the value or delete the applicant."
100779,"A_2022",0,"neighborhood",,"source_missing","missing","Keep NA. Exclude from primary controls because coverage differs by cohort."
100779,"A_2022",0,"ses_stratum",,"source_missing","missing","Keep NA. Optional adjusted model uses cohort mean and a missing indicator."
100780,"A_2020",0,"years_in_school","years_in_school=4; baseline_age=12; followup_age=14; age_change=2; highest_grade=8","school_years_exceed_age_change_plus_1","review","Retain. Completed school years exceed reported age change plus a one-year diagnostic allowance. Age errors, varying followup horizons or school-year counting could explain this; do not cap the value or delete the applicant."
100780,"A_2020",0,"ses_stratum",,"source_missing","missing","Keep NA. Optional adjusted model uses cohort mean and a missing indicator."
100782,"A_2020",1,"years_in_school","years_in_school=4; baseline_age=12; followup_age=14; age_change=2; highest_grade=8","school_years_exceed_age_change_plus_1","review","Retain. Completed school years exceed reported age change plus a one-year diagnostic allowance. Age errors, varying followup horizons or school-year counting could explain this; do not cap the value or delete the applicant."
100782,"A_2020",1,"father_age",,"source_missing","missing","Keep NA. Use available observations for the specific outcome; no outcome imputation in point estimates."
100782,"A_2020",1,"father_educ",,"source_missing","missing","Keep NA. Use available observations for the specific outcome; no outcome imputation in point estimates."
100782,"A_2020",1,"father_income_high",,"source_missing","missing","Keep NA. Use available observations for the specific outcome; no outcome imputation in point estimates."
100783,"A_2022",1,"age_at_survey","baseline=11; followup=12; change=1","age_change_outside_2_to_4_screen","review","Retain recorded ages and outcomes. Screening rule only. Systematic cohort differences require survey-date clarification, not automatic correction."
100783,"A_2022",1,"neighborhood",,"source_missing","missing","Keep NA. Exclude from primary controls because coverage differs by cohort."
100784,"A_2022",1,"age_at_survey","baseline=12; followup=12; change=0","age_change_outside_2_to_4_screen","review","Retain recorded ages and outcomes. Screening rule only. Systematic cohort differences require survey-date clarification, not automatic correction."
100784,"A_2022",1,"years_in_school","years_in_school=2; baseline_age=12; followup_age=12; age_change=0; highest_grade=6","school_years_exceed_age_change_plus_1","review","Retain. Completed school years exceed reported age change plus a one-year diagnostic allowance. Age errors, varying followup horizons or school-year counting could explain this; do not cap the value or delete the applicant."
100784,"A_2022",1,"neighborhood",,"source_missing","missing","Keep NA. Exclude from primary controls because coverage differs by cohort."
100785,"A_2020",0,"years_in_school","years_in_school=4; baseline_age=13; followup_age=15; age_change=2; highest_grade=8","school_years_exceed_age_change_plus_1","review","Retain. Completed school years exceed reported age change plus a one-year diagnostic allowance. Age errors, varying followup horizons or school-year counting could explain this; do not cap the value or delete the applicant."
100786,"A_2020",1,"years_in_school","years_in_school=4; baseline_age=12; followup_age=14; age_change=2; highest_grade=8","school_years_exceed_age_change_plus_1","review","Retain. Completed school years exceed reported age change plus a one-year diagnostic allowance. Age errors, varying followup horizons or school-year counting could explain this; do not cap the value or delete the applicant."
100786,"A_2020",1,"father_age",,"source_missing","missing","Keep NA. Use available observations for the specific outcome; no outcome imputation in point estimates."
100786,"A_2020",1,"father_educ",,"source_missing","missing","Keep NA. Use available observations for the specific outcome; no outcome imputation in point estimates."
100786,"A_2020",1,"father_income_high",,"source_missing","missing","Keep NA. Use available observations for the specific outcome; no outcome imputation in point estimates."
100787,"A_2020",1,"years_in_school","years_in_school=4; baseline_age=13; followup_age=15; age_change=2; highest_grade=8","school_years_exceed_age_change_plus_1","review","Retain. Completed school years exceed reported age change plus a one-year diagnostic allowance. Age errors, varying followup horizons or school-year counting could explain this; do not cap the value or delete the applicant."
100788,"A_2020",0,"years_in_school","years_in_school=4; baseline_age=11; followup_age=13; age_change=2; highest_grade=8","school_years_exceed_age_change_plus_1","review","Retain. Completed school years exceed reported age change plus a one-year diagnostic allowance. Age errors, varying followup horizons or school-year counting could explain this; do not cap the value or delete the applicant."
100789,"B_2018",0,"age_at_survey","baseline=14; followup=19; change=5","age_change_outside_2_to_4_screen","review","Retain recorded ages and outcomes. Screening rule only. Systematic cohort differences require survey-date clarification, not automatic correction."
100789,"B_2018",0,"neighborhood",,"source_missing","missing","Keep NA. Exclude from primary controls because coverage differs by cohort."
100791,"A_2020",0,"neighborhood",,"source_missing","missing","Keep NA. Exclude from primary controls because coverage differs by cohort."
100792,"A_2020",1,"neighborhood",,"source_missing","missing","Keep NA. Exclude from primary controls because coverage differs by cohort."
100793,"A_2020",1,"years_in_school","years_in_school=4; baseline_age=12; followup_age=14; age_change=2; highest_grade=8","school_years_exceed_age_change_plus_1","review","Retain. Completed school years exceed reported age change plus a one-year diagnostic allowance. Age errors, varying followup horizons or school-year counting could explain this; do not cap the value or delete the applicant."
100793,"A_2020",1,"father_age",,"source_missing","missing","Keep NA. Use available observations for the specific outcome; no outcome imputation in point estimates."
100793,"A_2020",1,"mother_educ",,"source_missing","missing","Keep NA. Use available observations for the specific outcome; no outcome imputation in point estimates."
100793,"A_2020",1,"neighborhood",,"source_missing","missing","Keep NA. Exclude from primary controls because coverage differs by cohort."
100794,"A_2020",1,"father_age",,"source_missing","missing","Keep NA. Use available observations for the specific outcome; no outcome imputation in point estimates."
100794,"A_2020",1,"father_educ",,"source_missing","missing","Keep NA. Use available observations for the specific outcome; no outcome imputation in point estimates."
100794,"A_2020",1,"father_income_high",,"source_missing","missing","Keep NA. Use available observations for the specific outcome; no outcome imputation in point estimates."
100795,"A_2020",1,"years_in_school","years_in_school=4; baseline_age=11; followup_age=13; age_change=2; highest_grade=8","school_years_exceed_age_change_plus_1","review","Retain. Completed school years exceed reported age change plus a one-year diagnostic allowance. Age errors, varying followup horizons or school-year counting could explain this; do not cap the value or delete the applicant."
100795,"A_2020",1,"neighborhood",,"source_missing","missing","Keep NA. Exclude from primary controls because coverage differs by cohort."
100795,"A_2020",1,"ses_stratum",,"source_missing","missing","Keep NA. Optional adjusted model uses cohort mean and a missing indicator."
100796,"A_2022",0,"age_at_survey","baseline=13; followup=13; change=0","age_change_outside_2_to_4_screen","review","Retain recorded ages and outcomes. Screening rule only. Systematic cohort differences require survey-date clarification, not automatic correction."
100796,"A_2022",0,"years_in_school","years_in_school=2; baseline_age=13; followup_age=13; age_change=0; highest_grade=6","school_years_exceed_age_change_plus_1","review","Retain. Completed school years exceed reported age change plus a one-year diagnostic allowance. Age errors, varying followup horizons or school-year counting could explain this; do not cap the value or delete the applicant."
100796,"A_2022",0,"neighborhood",,"source_missing","missing","Keep NA. Exclude from primary controls because coverage differs by cohort."
100797,"A_2020",0,"father_age",,"source_missing","missing","Keep NA. Use available observations for the specific outcome; no outcome imputation in point estimates."
100797,"A_2020",0,"father_educ",,"source_missing","missing","Keep NA. Use available observations for the specific outcome; no outcome imputation in point estimates."
100797,"A_2020",0,"father_income_high",,"source_missing","missing","Keep NA. Use available observations for the specific outcome; no outcome imputation in point estimates."
100798,"A_2020",0,"years_in_school","years_in_school=4; baseline_age=12; followup_age=14; age_change=2; highest_grade=8","school_years_exceed_age_change_plus_1","review","Retain. Completed school years exceed reported age change plus a one-year diagnostic allowance. Age errors, varying followup horizons or school-year counting could explain this; do not cap the value or delete the applicant."
100798,"A_2020",0,"father_educ",,"source_missing","missing","Keep NA. Use available observations for the specific outcome; no outcome imputation in point estimates."
100798,"A_2020",0,"father_income_high",,"source_missing","missing","Keep NA. Use available observations for the specific outcome; no outcome imputation in point estimates."
100798,"A_2020",0,"ses_stratum",,"source_missing","missing","Keep NA. Optional adjusted model uses cohort mean and a missing indicator."
100799,"B_2018",1,"age_at_survey","baseline=12; followup=17; change=5","age_change_outside_2_to_4_screen","review","Retain recorded ages and outcomes. Screening rule only. Systematic cohort differences require survey-date clarification, not automatic correction."
100799,"B_2018",1,"neighborhood",,"source_missing","missing","Keep NA. Exclude from primary controls because coverage differs by cohort."
100800,"A_2020",0,"years_in_school","years_in_school=4; baseline_age=12; followup_age=14; age_change=2; highest_grade=8","school_years_exceed_age_change_plus_1","review","Retain. Completed school years exceed reported age change plus a one-year diagnostic allowance. Age errors, varying followup horizons or school-year counting could explain this; do not cap the value or delete the applicant."
100800,"A_2020",0,"father_age",,"source_missing","missing","Keep NA. Use available observations for the specific outcome; no outcome imputation in point estimates."
100800,"A_2020",0,"father_educ",,"source_missing","missing","Keep NA. Use available observations for the specific outcome; no outcome imputation in point estimates."
100800,"A_2020",0,"father_income_high",,"source_missing","missing","Keep NA. Use available observations for the specific outcome; no outcome imputation in point estimates."
100801,"B_2018",0,"years_in_school","years_in_school=6; baseline_age=15; followup_age=19; age_change=4; highest_grade=9","school_years_exceed_age_change_plus_1","review","Retain. Completed school years exceed reported age change plus a one-year diagnostic allowance. Age errors, varying followup horizons or school-year counting could explain this; do not cap the value or delete the applicant."
100801,"B_2018",0,"years_in_school","years_in_school=6; baseline_age=15; followup_age=19; age_change=4; highest_grade=9","school_years_since_allocation_above_4","review","Retain as a requested policy outcome with a timing/definition caveat. Five or six years conflict with a uniform three-year interpretation but may fit the older B2018 cohort. Clarify dates and counting convention; do not cap or infer a correction."
100801,"B_2018",0,"neighborhood",,"source_missing","missing","Keep NA. Exclude from primary controls because coverage differs by cohort."
100801,"B_2018",0,"ses_stratum",,"source_missing","missing","Keep NA. Optional adjusted model uses cohort mean and a missing indicator."
100802,"A_2022",1,"age_at_survey","baseline=12; followup=12; change=0","age_change_outside_2_to_4_screen","review","Retain recorded ages and outcomes. Screening rule only. Systematic cohort differences require survey-date clarification, not automatic correction."
100802,"A_2022",1,"years_in_school","years_in_school=2; baseline_age=12; followup_age=12; age_change=0; highest_grade=6","school_years_exceed_age_change_plus_1","review","Retain. Completed school years exceed reported age change plus a one-year diagnostic allowance. Age errors, varying followup horizons or school-year counting could explain this; do not cap the value or delete the applicant."
100802,"A_2022",1,"neighborhood",,"source_missing","missing","Keep NA. Exclude from primary controls because coverage differs by cohort."
100803,"B_2018",0,"years_in_school","years_in_school=6; baseline_age=12; followup_age=16; age_change=4; highest_grade=9","school_years_exceed_age_change_plus_1","review","Retain. Completed school years exceed reported age change plus a one-year diagnostic allowance. Age errors, varying followup horizons or school-year counting could explain this; do not cap the value or delete the applicant."
100803,"B_2018",0,"years_in_school","years_in_school=6; baseline_age=12; followup_age=16; age_change=4; highest_grade=9","school_years_since_allocation_above_4","review","Retain as a requested policy outcome with a timing/definition caveat. Five or six years conflict with a uniform three-year interpretation but may fit the older B2018 cohort. Clarify dates and counting convention; do not cap or infer a correction."
100803,"B_2018",0,"neighborhood",,"source_missing","missing","Keep NA. Exclude from primary controls because coverage differs by cohort."
100804,"A_2020",1,"years_in_school","years_in_school=4; baseline_age=12; followup_age=14; age_change=2; highest_grade=8","school_years_exceed_age_change_plus_1","review","Retain. Completed school years exceed reported age change plus a one-year diagnostic allowance. Age errors, varying followup horizons or school-year counting could explain this; do not cap the value or delete the applicant."
100805,"A_2020",1,"father_income_high",,"source_missing","missing","Keep NA. Use available observations for the specific outcome; no outcome imputation in point estimates."
100806,"A_2020",0,"years_in_school","years_in_school=4; baseline_age=12; followup_age=14; age_change=2; highest_grade=8","school_years_exceed_age_change_plus_1","review","Retain. Completed school years exceed reported age change plus a one-year diagnostic allowance. Age errors, varying followup horizons or school-year counting could explain this; do not cap the value or delete the applicant."
100806,"A_2020",0,"mother_age",,"source_missing","missing","Keep NA. Use available observations for the specific outcome; no outcome imputation in point estimates."
100807,"A_2020",0,"father_age",,"source_missing","missing","Keep NA. Use available observations for the specific outcome; no outcome imputation in point estimates."
100807,"A_2020",0,"father_educ",,"source_missing","missing","Keep NA. Use available observations for the specific outcome; no outcome imputation in point estimates."
100807,"A_2020",0,"father_income_high",,"source_missing","missing","Keep NA. Use available observations for the specific outcome; no outcome imputation in point estimates."
100807,"A_2020",0,"has_child",,"source_missing","missing","Keep NA. Use available observations for the specific outcome; no outcome imputation in point estimates."
100807,"A_2020",0,"in_private_now",,"source_missing","missing","Keep NA. Use available observations for the specific outcome; no outcome imputation in point estimates."
100807,"A_2020",0,"in_school_now",,"source_missing","missing","Keep NA. Use available observations for the specific outcome; no outcome imputation in point estimates."
100807,"A_2020",0,"married_or_cohab",,"source_missing","missing","Keep NA. Use available observations for the specific outcome; no outcome imputation in point estimates."
100807,"A_2020",0,"mother_age",,"source_missing","missing","Keep NA. Use available observations for the specific outcome; no outcome imputation in point estimates."
100807,"A_2020",0,"mother_educ",,"source_missing","missing","Keep NA. Use available observations for the specific outcome; no outcome imputation in point estimates."
100807,"A_2020",0,"repeats_g6",,"source_missing","missing","Keep NA. Use available observations for the specific outcome; no outcome imputation in point estimates."
100807,"A_2020",0,"ses_stratum",,"source_missing","missing","Keep NA. Optional adjusted model uses cohort mean and a missing indicator."
100807,"A_2020",0,"started_g6_private",,"source_missing","missing","Keep NA. Use available observations for the specific outcome; no outcome imputation in point estimates."
100807,"A_2020",0,"started_g7_private",,"source_missing","missing","Keep NA. Use available observations for the specific outcome; no outcome imputation in point estimates."
100810,"A_2020",0,"years_in_school","highest_grade=9; years_in_school=3","school_years_below_grade_progress_assuming_grade5_entry","review","Retain both fields. This screen assumes grade 5 completed at allocation. Missing baseline grade and uncertain counting convention prevent a verified correction."
100810,"A_2020",0,"mother_age",,"source_missing","missing","Keep NA. Use available observations for the specific outcome; no outcome imputation in point estimates."
100810,"A_2020",0,"mother_educ",,"source_missing","missing","Keep NA. Use available observations for the specific outcome; no outcome imputation in point estimates."
100810,"A_2020",0,"ses_stratum",,"source_missing","missing","Keep NA. Optional adjusted model uses cohort mean and a missing indicator."
100811,"A_2020",0,"years_in_school","years_in_school=4; baseline_age=10; followup_age=12; age_change=2; highest_grade=7","school_years_exceed_age_change_plus_1","review","Retain. Completed school years exceed reported age change plus a one-year diagnostic allowance. Age errors, varying followup horizons or school-year counting could explain this; do not cap the value or delete the applicant."
100812,"A_2020",1,"years_in_school","years_in_school=4; baseline_age=12; followup_age=14; age_change=2; highest_grade=7","school_years_exceed_age_change_plus_1","review","Retain. Completed school years exceed reported age change plus a one-year diagnostic allowance. Age errors, varying followup horizons or school-year counting could explain this; do not cap the value or delete the applicant."
100812,"A_2020",1,"father_educ",,"source_missing","missing","Keep NA. Use available observations for the specific outcome; no outcome imputation in point estimates."
100812,"A_2020",1,"father_income_high",,"source_missing","missing","Keep NA. Use available observations for the specific outcome; no outcome imputation in point estimates."
100812,"A_2020",1,"ses_stratum",,"source_missing","missing","Keep NA. Optional adjusted model uses cohort mean and a missing indicator."
100813,"A_2022",1,"age_at_survey","baseline=11; followup=12; change=1","age_change_outside_2_to_4_screen","review","Retain recorded ages and outcomes. Screening rule only. Systematic cohort differences require survey-date clarification, not automatic correction."
100813,"A_2022",1,"father_age",,"source_missing","missing","Keep NA. Use available observations for the specific outcome; no outcome imputation in point estimates."
100813,"A_2022",1,"father_educ",,"source_missing","missing","Keep NA. Use available observations for the specific outcome; no outcome imputation in point estimates."
100813,"A_2022",1,"father_income_high",,"source_missing","missing","Keep NA. Use available observations for the specific outcome; no outcome imputation in point estimates."
100813,"A_2022",1,"mother_age",,"source_missing","missing","Keep NA. Use available observations for the specific outcome; no outcome imputation in point estimates."
100813,"A_2022",1,"mother_educ",,"source_missing","missing","Keep NA. Use available observations for the specific outcome; no outcome imputation in point estimates."
100813,"A_2022",1,"neighborhood",,"source_missing","missing","Keep NA. Exclude from primary controls because coverage differs by cohort."
100814,"A_2020",0,"years_in_school","years_in_school=5; baseline_age=13; followup_age=15; age_change=2; highest_grade=8","school_years_exceed_age_change_plus_1","review","Retain. Completed school years exceed reported age change plus a one-year diagnostic allowance. Age errors, varying followup horizons or school-year counting could explain this; do not cap the value or delete the applicant."
100814,"A_2020",0,"years_in_school","years_in_school=5; baseline_age=13; followup_age=15; age_change=2; highest_grade=8","school_years_since_allocation_above_4","review","Retain as a requested policy outcome with a timing/definition caveat. Five or six years conflict with a uniform three-year interpretation but may fit the older B2018 cohort. Clarify dates and counting convention; do not cap or infer a correction."
100814,"A_2020",0,"neighborhood",,"source_missing","missing","Keep NA. Exclude from primary controls because coverage differs by cohort."
100815,"A_2020",1,"years_in_school","years_in_school=4; baseline_age=12; followup_age=14; age_change=2; highest_grade=8","school_years_exceed_age_change_plus_1","review","Retain. Completed school years exceed reported age change plus a one-year diagnostic allowance. Age errors, varying followup horizons or school-year counting could explain this; do not cap the value or delete the applicant."
100815,"A_2020",1,"father_income_high",,"source_missing","missing","Keep NA. Use available observations for the specific outcome; no outcome imputation in point estimates."
100816,"A_2022",1,"age_at_survey","baseline=12; followup=12; change=0","age_change_outside_2_to_4_screen","review","Retain recorded ages and outcomes. Screening rule only. Systematic cohort differences require survey-date clarification, not automatic correction."
100816,"A_2022",1,"years_in_school","years_in_school=2; baseline_age=12; followup_age=12; age_change=0; highest_grade=6","school_years_exceed_age_change_plus_1","review","Retain. Completed school years exceed reported age change plus a one-year diagnostic allowance. Age errors, varying followup horizons or school-year counting could explain this; do not cap the value or delete the applicant."
100816,"A_2022",1,"neighborhood",,"source_missing","missing","Keep NA. Exclude from primary controls because coverage differs by cohort."
100817,"A_2020",0,"years_in_school","years_in_school=4; baseline_age=12; followup_age=14; age_change=2; highest_grade=8","school_years_exceed_age_change_plus_1","review","Retain. Completed school years exceed reported age change plus a one-year diagnostic allowance. Age errors, varying followup horizons or school-year counting could explain this; do not cap the value or delete the applicant."
100818,"A_2020",1,"years_in_school","years_in_school=4; baseline_age=12; followup_age=14; age_change=2; highest_grade=8","school_years_exceed_age_change_plus_1","review","Retain. Completed school years exceed reported age change plus a one-year diagnostic allowance. Age errors, varying followup horizons or school-year counting could explain this; do not cap the value or delete the applicant."
100818,"A_2020",1,"father_age",,"source_missing","missing","Keep NA. Use available observations for the specific outcome; no outcome imputation in point estimates."
100818,"A_2020",1,"father_educ",,"source_missing","missing","Keep NA. Use available observations for the specific outcome; no outcome imputation in point estimates."
100818,"A_2020",1,"father_income_high",,"source_missing","missing","Keep NA. Use available observations for the specific outcome; no outcome imputation in point estimates."
100819,"A_2020",1,"years_in_school","years_in_school=4; baseline_age=12; followup_age=14; age_change=2; highest_grade=8","school_years_exceed_age_change_plus_1","review","Retain. Completed school years exceed reported age change plus a one-year diagnostic allowance. Age errors, varying followup horizons or school-year counting could explain this; do not cap the value or delete the applicant."
100820,"A_2020",1,"years_in_school","years_in_school=4; baseline_age=12; followup_age=14; age_change=2; highest_grade=8","school_years_exceed_age_change_plus_1","review","Retain. Completed school years exceed reported age change plus a one-year diagnostic allowance. Age errors, varying followup horizons or school-year counting could explain this; do not cap the value or delete the applicant."
100821,"A_2022",0,"age_at_survey","baseline=12; followup=12; change=0","age_change_outside_2_to_4_screen","review","Retain recorded ages and outcomes. Screening rule only. Systematic cohort differences require survey-date clarification, not automatic correction."
100821,"A_2022",0,"years_in_school","years_in_school=2; baseline_age=12; followup_age=12; age_change=0; highest_grade=6","school_years_exceed_age_change_plus_1","review","Retain. Completed school years exceed reported age change plus a one-year diagnostic allowance. Age errors, varying followup horizons or school-year counting could explain this; do not cap the value or delete the applicant."
100821,"A_2022",0,"neighborhood",,"source_missing","missing","Keep NA. Exclude from primary controls because coverage differs by cohort."
100822,"A_2020",0,"neighborhood",,"source_missing","missing","Keep NA. Exclude from primary controls because coverage differs by cohort."
100823,"B_2018",1,"age_at_survey","baseline=11; followup=18; change=7","age_change_outside_2_to_4_screen","review","Retain recorded ages and outcomes. Screening rule only. Systematic cohort differences require survey-date clarification, not automatic correction."
100823,"B_2018",1,"finished_g6","highest_grade=8; finished_g6=0","completion_flag_disagrees_with_highest_grade","inconsistent","Retain both reports; no source is known authoritative. Main grade result uses reported highest_grade. Sensitivity excludes conflicted applicants."
100823,"B_2018",1,"finished_g7","highest_grade=8; finished_g7=0","completion_flag_disagrees_with_highest_grade","inconsistent","Retain both reports; no source is known authoritative. Main grade result uses reported highest_grade. Sensitivity excludes conflicted applicants."
100823,"B_2018",1,"finished_g8","highest_grade=8; finished_g8=0","completion_flag_disagrees_with_highest_grade","inconsistent","Retain both reports; no source is known authoritative. Main grade result uses reported highest_grade. Sensitivity excludes conflicted applicants."
100823,"B_2018",1,"father_educ",,"source_missing","missing","Keep NA. Use available observations for the specific outcome; no outcome imputation in point estimates."
100823,"B_2018",1,"father_income_high",,"source_missing","missing","Keep NA. Use available observations for the specific outcome; no outcome imputation in point estimates."
100823,"B_2018",1,"mother_age",,"source_missing","missing","Keep NA. Use available observations for the specific outcome; no outcome imputation in point estimates."
100823,"B_2018",1,"mother_educ",,"source_missing","missing","Keep NA. Use available observations for the specific outcome; no outcome imputation in point estimates."
100823,"B_2018",1,"neighborhood",,"source_missing","missing","Keep NA. Exclude from primary controls because coverage differs by cohort."
100824,"A_2020",0,"neighborhood",,"source_missing","missing","Keep NA. Exclude from primary controls because coverage differs by cohort."
100825,"B_2018",1,"father_age",,"source_missing","missing","Keep NA. Use available observations for the specific outcome; no outcome imputation in point estimates."
100825,"B_2018",1,"father_educ",,"source_missing","missing","Keep NA. Use available observations for the specific outcome; no outcome imputation in point estimates."
100825,"B_2018",1,"father_income_high",,"source_missing","missing","Keep NA. Use available observations for the specific outcome; no outcome imputation in point estimates."
100825,"B_2018",1,"neighborhood",,"source_missing","missing","Keep NA. Exclude from primary controls because coverage differs by cohort."
100826,"A_2020",0,"father_age",,"source_missing","missing","Keep NA. Use available observations for the specific outcome; no outcome imputation in point estimates."
100826,"A_2020",0,"father_educ",,"source_missing","missing","Keep NA. Use available observations for the specific outcome; no outcome imputation in point estimates."
100826,"A_2020",0,"father_income_high",,"source_missing","missing","Keep NA. Use available observations for the specific outcome; no outcome imputation in point estimates."
100826,"A_2020",0,"mother_educ",,"source_missing","missing","Keep NA. Use available observations for the specific outcome; no outcome imputation in point estimates."
100826,"A_2020",0,"ses_stratum",,"source_missing","missing","Keep NA. Optional adjusted model uses cohort mean and a missing indicator."
100827,"B_2018",1,"age_at_survey","baseline=12; followup=17; change=5","age_change_outside_2_to_4_screen","review","Retain recorded ages and outcomes. Screening rule only. Systematic cohort differences require survey-date clarification, not automatic correction."
100827,"B_2018",1,"years_in_school","years_in_school=6; baseline_age=12; followup_age=17; age_change=5; highest_grade=8","school_years_since_allocation_above_4","review","Retain as a requested policy outcome with a timing/definition caveat. Five or six years conflict with a uniform three-year interpretation but may fit the older B2018 cohort. Clarify dates and counting convention; do not cap or infer a correction."
100827,"B_2018",1,"neighborhood",,"source_missing","missing","Keep NA. Exclude from primary controls because coverage differs by cohort."
100828,"A_2020",0,"years_in_school","years_in_school=4; baseline_age=14; followup_age=16; age_change=2; highest_grade=8","school_years_exceed_age_change_plus_1","review","Retain. Completed school years exceed reported age change plus a one-year diagnostic allowance. Age errors, varying followup horizons or school-year counting could explain this; do not cap the value or delete the applicant."
100829,"A_2022",0,"age_at_survey","baseline=11; followup=12; change=1","age_change_outside_2_to_4_screen","review","Retain recorded ages and outcomes. Screening rule only. Systematic cohort differences require survey-date clarification, not automatic correction."
100829,"A_2022",0,"neighborhood",,"source_missing","missing","Keep NA. Exclude from primary controls because coverage differs by cohort."
100830,"A_2022",1,"age_at_survey","baseline=11; followup=11; change=0","age_change_outside_2_to_4_screen","review","Retain recorded ages and outcomes. Screening rule only. Systematic cohort differences require survey-date clarification, not automatic correction."
100830,"A_2022",1,"years_in_school","years_in_school=2; baseline_age=11; followup_age=11; age_change=0; highest_grade=6","school_years_exceed_age_change_plus_1","review","Retain. Completed school years exceed reported age change plus a one-year diagnostic allowance. Age errors, varying followup horizons or school-year counting could explain this; do not cap the value or delete the applicant."
100830,"A_2022",1,"neighborhood",,"source_missing","missing","Keep NA. Exclude from primary controls because coverage differs by cohort."
100830,"A_2022",1,"ses_stratum",,"source_missing","missing","Keep NA. Optional adjusted model uses cohort mean and a missing indicator."
100831,"A_2020",1,"finished_g6","highest_grade=8; finished_g6=0","completion_flag_disagrees_with_highest_grade","inconsistent","Retain both reports; no source is known authoritative. Main grade result uses reported highest_grade. Sensitivity excludes conflicted applicants."
100831,"A_2020",1,"finished_g7","highest_grade=8; finished_g7=0","completion_flag_disagrees_with_highest_grade","inconsistent","Retain both reports; no source is known authoritative. Main grade result uses reported highest_grade. Sensitivity excludes conflicted applicants."
100831,"A_2020",1,"finished_g8","highest_grade=8; finished_g8=0","completion_flag_disagrees_with_highest_grade","inconsistent","Retain both reports; no source is known authoritative. Main grade result uses reported highest_grade. Sensitivity excludes conflicted applicants."
100831,"A_2020",1,"father_age",,"source_missing","missing","Keep NA. Use available observations for the specific outcome; no outcome imputation in point estimates."
100831,"A_2020",1,"father_educ",,"source_missing","missing","Keep NA. Use available observations for the specific outcome; no outcome imputation in point estimates."
100831,"A_2020",1,"father_income_high",,"source_missing","missing","Keep NA. Use available observations for the specific outcome; no outcome imputation in point estimates."
100831,"A_2020",1,"ses_stratum",,"source_missing","missing","Keep NA. Optional adjusted model uses cohort mean and a missing indicator."
100832,"A_2020",0,"years_in_school","years_in_school=4; baseline_age=11; followup_age=13; age_change=2; highest_grade=8","school_years_exceed_age_change_plus_1","review","Retain. Completed school years exceed reported age change plus a one-year diagnostic allowance. Age errors, varying followup horizons or school-year counting could explain this; do not cap the value or delete the applicant."
100832,"A_2020",0,"father_educ",,"source_missing","missing","Keep NA. Use available observations for the specific outcome; no outcome imputation in point estimates."
100832,"A_2020",0,"father_income_high",,"source_missing","missing","Keep NA. Use available observations for the specific outcome; no outcome imputation in point estimates."
100833,"A_2022",1,"age_at_survey","baseline=12; followup=12; change=0","age_change_outside_2_to_4_screen","review","Retain recorded ages and outcomes. Screening rule only. Systematic cohort differences require survey-date clarification, not automatic correction."
100833,"A_2022",1,"years_in_school","years_in_school=2; baseline_age=12; followup_age=12; age_change=0; highest_grade=6","school_years_exceed_age_change_plus_1","review","Retain. Completed school years exceed reported age change plus a one-year diagnostic allowance. Age errors, varying followup horizons or school-year counting could explain this; do not cap the value or delete the applicant."
100833,"A_2022",1,"neighborhood",,"source_missing","missing","Keep NA. Exclude from primary controls because coverage differs by cohort."
100834,"A_2020",0,"neighborhood",,"source_missing","missing","Keep NA. Exclude from primary controls because coverage differs by cohort."
100835,"A_2020",1,"neighborhood",,"source_missing","missing","Keep NA. Exclude from primary controls because coverage differs by cohort."
100836,"A_2022",1,"age_at_survey","baseline=15; followup=16; change=1","age_change_outside_2_to_4_screen","review","Retain recorded ages and outcomes. Screening rule only. Systematic cohort differences require survey-date clarification, not automatic correction."
100836,"A_2022",1,"years_in_school","years_in_school=3; baseline_age=15; followup_age=16; age_change=1; highest_grade=6","school_years_exceed_age_change_plus_1","review","Retain. Completed school years exceed reported age change plus a one-year diagnostic allowance. Age errors, varying followup horizons or school-year counting could explain this; do not cap the value or delete the applicant."
100836,"A_2022",1,"neighborhood",,"source_missing","missing","Keep NA. Exclude from primary controls because coverage differs by cohort."
100837,"A_2022",0,"age_at_survey","baseline=13; followup=14; change=1","age_change_outside_2_to_4_screen","review","Retain recorded ages and outcomes. Screening rule only. Systematic cohort differences require survey-date clarification, not automatic correction."
100837,"A_2022",0,"father_age",,"source_missing","missing","Keep NA. Use available observations for the specific outcome; no outcome imputation in point estimates."
100837,"A_2022",0,"father_educ",,"source_missing","missing","Keep NA. Use available observations for the specific outcome; no outcome imputation in point estimates."
100837,"A_2022",0,"father_income_high",,"source_missing","missing","Keep NA. Use available observations for the specific outcome; no outcome imputation in point estimates."
100837,"A_2022",0,"neighborhood",,"source_missing","missing","Keep NA. Exclude from primary controls because coverage differs by cohort."
100838,"A_2022",0,"age_at_survey","baseline=15; followup=15; change=0","age_change_outside_2_to_4_screen","review","Retain recorded ages and outcomes. Screening rule only. Systematic cohort differences require survey-date clarification, not automatic correction."
100838,"A_2022",0,"years_in_school","years_in_school=2; baseline_age=15; followup_age=15; age_change=0; highest_grade=6","school_years_exceed_age_change_plus_1","review","Retain. Completed school years exceed reported age change plus a one-year diagnostic allowance. Age errors, varying followup horizons or school-year counting could explain this; do not cap the value or delete the applicant."
100838,"A_2022",0,"father_age",,"source_missing","missing","Keep NA. Use available observations for the specific outcome; no outcome imputation in point estimates."
100838,"A_2022",0,"father_educ",,"source_missing","missing","Keep NA. Use available observations for the specific outcome; no outcome imputation in point estimates."
100838,"A_2022",0,"father_income_high",,"source_missing","missing","Keep NA. Use available observations for the specific outcome; no outcome imputation in point estimates."
100838,"A_2022",0,"neighborhood",,"source_missing","missing","Keep NA. Exclude from primary controls because coverage differs by cohort."
100838,"A_2022",0,"hours_worked","0","working_but_zero_weekly_hours","review","Retain. Could reflect temporary absence or reference-period differences; do not assume zero means missing."
100840,"A_2020",1,"mother_age","mother_age=15; child_age=15","parent_not_older_than_child","inconsistent","Set derived parent age to NA; retain raw value and applicant. Parent ages are excluded from treatment-effect controls."
100840,"A_2020",1,"age_at_application",,"source_missing","missing","Keep NA. Optional adjusted model uses cohort mean and a missing indicator."
100840,"A_2020",1,"neighborhood",,"source_missing","missing","Keep NA. Exclude from primary controls because coverage differs by cohort."
100841,"B_2018",0,"age_at_survey","baseline=11; followup=16; change=5","age_change_outside_2_to_4_screen","review","Retain recorded ages and outcomes. Screening rule only. Systematic cohort differences require survey-date clarification, not automatic correction."
100841,"B_2018",0,"years_in_school","years_in_school=5; baseline_age=11; followup_age=16; age_change=5; highest_grade=7","school_years_since_allocation_above_4","review","Retain as a requested policy outcome with a timing/definition caveat. Five or six years conflict with a uniform three-year interpretation but may fit the older B2018 cohort. Clarify dates and counting convention; do not cap or infer a correction."
100841,"B_2018",0,"father_income_high",,"source_missing","missing","Keep NA. Use available observations for the specific outcome; no outcome imputation in point estimates."
100841,"B_2018",0,"neighborhood",,"source_missing","missing","Keep NA. Exclude from primary controls because coverage differs by cohort."
100842,"A_2020",1,"years_in_school","years_in_school=4; baseline_age=14; followup_age=16; age_change=2; highest_grade=8","school_years_exceed_age_change_plus_1","review","Retain. Completed school years exceed reported age change plus a one-year diagnostic allowance. Age errors, varying followup horizons or school-year counting could explain this; do not cap the value or delete the applicant."
100845,"A_2020",1,"father_age",,"source_missing","missing","Keep NA. Use available observations for the specific outcome; no outcome imputation in point estimates."
100845,"A_2020",1,"father_educ",,"source_missing","missing","Keep NA. Use available observations for the specific outcome; no outcome imputation in point estimates."
100845,"A_2020",1,"father_income_high",,"source_missing","missing","Keep NA. Use available observations for the specific outcome; no outcome imputation in point estimates."
100846,"A_2022",1,"age_at_survey","baseline=13; followup=14; change=1","age_change_outside_2_to_4_screen","review","Retain recorded ages and outcomes. Screening rule only. Systematic cohort differences require survey-date clarification, not automatic correction."
100846,"A_2022",1,"neighborhood",,"source_missing","missing","Keep NA. Exclude from primary controls because coverage differs by cohort."
100847,"B_2018",1,"father_age",,"source_missing","missing","Keep NA. Use available observations for the specific outcome; no outcome imputation in point estimates."
100847,"B_2018",1,"father_educ",,"source_missing","missing","Keep NA. Use available observations for the specific outcome; no outcome imputation in point estimates."
100847,"B_2018",1,"father_income_high",,"source_missing","missing","Keep NA. Use available observations for the specific outcome; no outcome imputation in point estimates."
100847,"B_2018",1,"mother_age",,"source_missing","missing","Keep NA. Use available observations for the specific outcome; no outcome imputation in point estimates."
100847,"B_2018",1,"mother_educ",,"source_missing","missing","Keep NA. Use available observations for the specific outcome; no outcome imputation in point estimates."
100847,"B_2018",1,"neighborhood",,"source_missing","missing","Keep NA. Exclude from primary controls because coverage differs by cohort."
100847,"B_2018",1,"ses_stratum",,"source_missing","missing","Keep NA. Optional adjusted model uses cohort mean and a missing indicator."
100848,"A_2020",0,"years_in_school","years_in_school=4; baseline_age=12; followup_age=14; age_change=2; highest_grade=8","school_years_exceed_age_change_plus_1","review","Retain. Completed school years exceed reported age change plus a one-year diagnostic allowance. Age errors, varying followup horizons or school-year counting could explain this; do not cap the value or delete the applicant."
100849,"A_2022",0,"age_at_survey","baseline=12; followup=10; change=-2","age_change_outside_2_to_4_screen","review","Retain recorded ages and outcomes. Screening rule only. Systematic cohort differences require survey-date clarification, not automatic correction."
100849,"A_2022",0,"age_at_survey","baseline=12; followup=10; change=-2","age_decreased","inconsistent","Followup age clean set to NA; retain baseline age and schooling outcomes. Cannot determine which source age is wrong. Exclusion sensitivity reported."
100849,"A_2022",0,"years_in_school","years_in_school=2; baseline_age=12; followup_age=10; age_change=-2; highest_grade=6","school_years_exceed_age_change_plus_1","review","Retain. Completed school years exceed reported age change plus a one-year diagnostic allowance. Age errors, varying followup horizons or school-year counting could explain this; do not cap the value or delete the applicant."
100849,"A_2022",0,"neighborhood",,"source_missing","missing","Keep NA. Exclude from primary controls because coverage differs by cohort."
100850,"B_2018",1,"age_at_survey","baseline=11; followup=16; change=5","age_change_outside_2_to_4_screen","review","Retain recorded ages and outcomes. Screening rule only. Systematic cohort differences require survey-date clarification, not automatic correction."
100850,"B_2018",1,"years_in_school","years_in_school=6; baseline_age=11; followup_age=16; age_change=5; highest_grade=9","school_years_since_allocation_above_4","review","Retain as a requested policy outcome with a timing/definition caveat. Five or six years conflict with a uniform three-year interpretation but may fit the older B2018 cohort. Clarify dates and counting convention; do not cap or infer a correction."
100850,"B_2018",1,"father_educ",,"source_missing","missing","Keep NA. Use available observations for the specific outcome; no outcome imputation in point estimates."
100850,"B_2018",1,"neighborhood",,"source_missing","missing","Keep NA. Exclude from primary controls because coverage differs by cohort."
100852,"A_2020",1,"father_educ",,"source_missing","missing","Keep NA. Use available observations for the specific outcome; no outcome imputation in point estimates."
100852,"A_2020",1,"father_income_high",,"source_missing","missing","Keep NA. Use available observations for the specific outcome; no outcome imputation in point estimates."
100853,"A_2020",1,"years_in_school","years_in_school=4; baseline_age=14; followup_age=16; age_change=2; highest_grade=8","school_years_exceed_age_change_plus_1","review","Retain. Completed school years exceed reported age change plus a one-year diagnostic allowance. Age errors, varying followup horizons or school-year counting could explain this; do not cap the value or delete the applicant."
100853,"A_2020",1,"father_educ",,"source_missing","missing","Keep NA. Use available observations for the specific outcome; no outcome imputation in point estimates."
100853,"A_2020",1,"father_income_high",,"source_missing","missing","Keep NA. Use available observations for the specific outcome; no outcome imputation in point estimates."
100853,"A_2020",1,"ses_stratum",,"source_missing","missing","Keep NA. Optional adjusted model uses cohort mean and a missing indicator."
100855,"A_2020",0,"years_in_school","years_in_school=4; baseline_age=14; followup_age=16; age_change=2; highest_grade=6","school_years_exceed_age_change_plus_1","review","Retain. Completed school years exceed reported age change plus a one-year diagnostic allowance. Age errors, varying followup horizons or school-year counting could explain this; do not cap the value or delete the applicant."
100856,"A_2020",0,"years_in_school","years_in_school=4; baseline_age=12; followup_age=14; age_change=2; highest_grade=8","school_years_exceed_age_change_plus_1","review","Retain. Completed school years exceed reported age change plus a one-year diagnostic allowance. Age errors, varying followup horizons or school-year counting could explain this; do not cap the value or delete the applicant."
100857,"A_2020",0,"neighborhood",,"source_missing","missing","Keep NA. Exclude from primary controls because coverage differs by cohort."
100858,"A_2020",1,"years_in_school","years_in_school=4; baseline_age=14; followup_age=16; age_change=2; highest_grade=8","school_years_exceed_age_change_plus_1","review","Retain. Completed school years exceed reported age change plus a one-year diagnostic allowance. Age errors, varying followup horizons or school-year counting could explain this; do not cap the value or delete the applicant."
100858,"A_2020",1,"father_age",,"source_missing","missing","Keep NA. Use available observations for the specific outcome; no outcome imputation in point estimates."
100858,"A_2020",1,"father_educ",,"source_missing","missing","Keep NA. Use available observations for the specific outcome; no outcome imputation in point estimates."
100858,"A_2020",1,"father_income_high",,"source_missing","missing","Keep NA. Use available observations for the specific outcome; no outcome imputation in point estimates."
100858,"A_2020",1,"mother_age",,"source_missing","missing","Keep NA. Use available observations for the specific outcome; no outcome imputation in point estimates."
100858,"A_2020",1,"mother_educ",,"source_missing","missing","Keep NA. Use available observations for the specific outcome; no outcome imputation in point estimates."
100860,"B_2018",0,"father_age",,"source_missing","missing","Keep NA. Use available observations for the specific outcome; no outcome imputation in point estimates."
100860,"B_2018",0,"father_educ",,"source_missing","missing","Keep NA. Use available observations for the specific outcome; no outcome imputation in point estimates."
100860,"B_2018",0,"father_income_high",,"source_missing","missing","Keep NA. Use available observations for the specific outcome; no outcome imputation in point estimates."
100860,"B_2018",0,"mother_educ",,"source_missing","missing","Keep NA. Use available observations for the specific outcome; no outcome imputation in point estimates."
100860,"B_2018",0,"neighborhood",,"source_missing","missing","Keep NA. Exclude from primary controls because coverage differs by cohort."
100860,"B_2018",0,"ses_stratum",,"source_missing","missing","Keep NA. Optional adjusted model uses cohort mean and a missing indicator."
100861,"A_2020",0,"years_in_school","years_in_school=4; baseline_age=11; followup_age=13; age_change=2; highest_grade=8","school_years_exceed_age_change_plus_1","review","Retain. Completed school years exceed reported age change plus a one-year diagnostic allowance. Age errors, varying followup horizons or school-year counting could explain this; do not cap the value or delete the applicant."
100861,"A_2020",0,"neighborhood",,"source_missing","missing","Keep NA. Exclude from primary controls because coverage differs by cohort."
100863,"A_2022",0,"age_at_survey","baseline=13; followup=13; change=0","age_change_outside_2_to_4_screen","review","Retain recorded ages and outcomes. Screening rule only. Systematic cohort differences require survey-date clarification, not automatic correction."
100863,"A_2022",0,"years_in_school","years_in_school=2; baseline_age=13; followup_age=13; age_change=0; highest_grade=5","school_years_exceed_age_change_plus_1","review","Retain. Completed school years exceed reported age change plus a one-year diagnostic allowance. Age errors, varying followup horizons or school-year counting could explain this; do not cap the value or delete the applicant."
100863,"A_2022",0,"father_age",,"source_missing","missing","Keep NA. Use available observations for the specific outcome; no outcome imputation in point estimates."
100863,"A_2022",0,"father_educ",,"source_missing","missing","Keep NA. Use available observations for the specific outcome; no outcome imputation in point estimates."
100863,"A_2022",0,"father_income_high",,"source_missing","missing","Keep NA. Use available observations for the specific outcome; no outcome imputation in point estimates."
100863,"A_2022",0,"neighborhood",,"source_missing","missing","Keep NA. Exclude from primary controls because coverage differs by cohort."
100864,"A_2020",1,"years_in_school","years_in_school=4; baseline_age=12; followup_age=14; age_change=2; highest_grade=8","school_years_exceed_age_change_plus_1","review","Retain. Completed school years exceed reported age change plus a one-year diagnostic allowance. Age errors, varying followup horizons or school-year counting could explain this; do not cap the value or delete the applicant."
100866,"A_2020",0,"father_income_high",,"source_missing","missing","Keep NA. Use available observations for the specific outcome; no outcome imputation in point estimates."
100867,"A_2022",0,"age_at_survey","baseline=13; followup=13; change=0","age_change_outside_2_to_4_screen","review","Retain recorded ages and outcomes. Screening rule only. Systematic cohort differences require survey-date clarification, not automatic correction."
100867,"A_2022",0,"years_in_school","years_in_school=3; baseline_age=13; followup_age=13; age_change=0; highest_grade=7","school_years_exceed_age_change_plus_1","review","Retain. Completed school years exceed reported age change plus a one-year diagnostic allowance. Age errors, varying followup horizons or school-year counting could explain this; do not cap the value or delete the applicant."
100867,"A_2022",0,"neighborhood",,"source_missing","missing","Keep NA. Exclude from primary controls because coverage differs by cohort."
100868,"A_2020",1,"neighborhood",,"source_missing","missing","Keep NA. Exclude from primary controls because coverage differs by cohort."
100869,"A_2020",1,"years_in_school","years_in_school=4; baseline_age=11; followup_age=13; age_change=2; highest_grade=8","school_years_exceed_age_change_plus_1","review","Retain. Completed school years exceed reported age change plus a one-year diagnostic allowance. Age errors, varying followup horizons or school-year counting could explain this; do not cap the value or delete the applicant."
100870,"A_2022",1,"age_at_survey","baseline=12; followup=12; change=0","age_change_outside_2_to_4_screen","review","Retain recorded ages and outcomes. Screening rule only. Systematic cohort differences require survey-date clarification, not automatic correction."
100870,"A_2022",1,"years_in_school","years_in_school=2; baseline_age=12; followup_age=12; age_change=0; highest_grade=6","school_years_exceed_age_change_plus_1","review","Retain. Completed school years exceed reported age change plus a one-year diagnostic allowance. Age errors, varying followup horizons or school-year counting could explain this; do not cap the value or delete the applicant."
100870,"A_2022",1,"neighborhood",,"source_missing","missing","Keep NA. Exclude from primary controls because coverage differs by cohort."
100871,"A_2020",0,"father_age",,"source_missing","missing","Keep NA. Use available observations for the specific outcome; no outcome imputation in point estimates."
100871,"A_2020",0,"father_educ",,"source_missing","missing","Keep NA. Use available observations for the specific outcome; no outcome imputation in point estimates."
100871,"A_2020",0,"father_income_high",,"source_missing","missing","Keep NA. Use available observations for the specific outcome; no outcome imputation in point estimates."
100872,"B_2018",0,"age_at_survey","baseline=12; followup=17; change=5","age_change_outside_2_to_4_screen","review","Retain recorded ages and outcomes. Screening rule only. Systematic cohort differences require survey-date clarification, not automatic correction."
100872,"B_2018",0,"years_in_school","years_in_school=6; baseline_age=12; followup_age=17; age_change=5; highest_grade=9","school_years_since_allocation_above_4","review","Retain as a requested policy outcome with a timing/definition caveat. Five or six years conflict with a uniform three-year interpretation but may fit the older B2018 cohort. Clarify dates and counting convention; do not cap or infer a correction."
100872,"B_2018",0,"neighborhood",,"source_missing","missing","Keep NA. Exclude from primary controls because coverage differs by cohort."
100873,"A_2020",1,"years_in_school","years_in_school=4; baseline_age=12; followup_age=14; age_change=2; highest_grade=7","school_years_exceed_age_change_plus_1","review","Retain. Completed school years exceed reported age change plus a one-year diagnostic allowance. Age errors, varying followup horizons or school-year counting could explain this; do not cap the value or delete the applicant."
100874,"A_2020",1,"years_in_school","years_in_school=4; baseline_age=12; followup_age=14; age_change=2; highest_grade=9","school_years_exceed_age_change_plus_1","review","Retain. Completed school years exceed reported age change plus a one-year diagnostic allowance. Age errors, varying followup horizons or school-year counting could explain this; do not cap the value or delete the applicant."
100875,"A_2020",1,"age_at_application",,"source_missing","missing","Keep NA. Optional adjusted model uses cohort mean and a missing indicator."
100875,"A_2020",1,"ses_stratum",,"source_missing","missing","Keep NA. Optional adjusted model uses cohort mean and a missing indicator."
100876,"A_2020",0,"ses_stratum",,"source_missing","missing","Keep NA. Optional adjusted model uses cohort mean and a missing indicator."
100877,"A_2020",0,"father_age",,"source_missing","missing","Keep NA. Use available observations for the specific outcome; no outcome imputation in point estimates."
100877,"A_2020",0,"father_educ",,"source_missing","missing","Keep NA. Use available observations for the specific outcome; no outcome imputation in point estimates."
100877,"A_2020",0,"father_income_high",,"source_missing","missing","Keep NA. Use available observations for the specific outcome; no outcome imputation in point estimates."
100877,"A_2020",0,"ses_stratum",,"source_missing","missing","Keep NA. Optional adjusted model uses cohort mean and a missing indicator."
100878,"A_2020",1,"years_in_school","years_in_school=5; baseline_age=15; followup_age=18; age_change=3; highest_grade=9","school_years_exceed_age_change_plus_1","review","Retain. Completed school years exceed reported age change plus a one-year diagnostic allowance. Age errors, varying followup horizons or school-year counting could explain this; do not cap the value or delete the applicant."
100878,"A_2020",1,"years_in_school","years_in_school=5; baseline_age=15; followup_age=18; age_change=3; highest_grade=9","school_years_since_allocation_above_4","review","Retain as a requested policy outcome with a timing/definition caveat. Five or six years conflict with a uniform three-year interpretation but may fit the older B2018 cohort. Clarify dates and counting convention; do not cap or infer a correction."
100879,"A_2020",1,"years_in_school","years_in_school=4; baseline_age=14; followup_age=16; age_change=2; highest_grade=8","school_years_exceed_age_change_plus_1","review","Retain. Completed school years exceed reported age change plus a one-year diagnostic allowance. Age errors, varying followup horizons or school-year counting could explain this; do not cap the value or delete the applicant."
100879,"A_2020",1,"ses_stratum",,"source_missing","missing","Keep NA. Optional adjusted model uses cohort mean and a missing indicator."
100880,"A_2020",0,"years_in_school","years_in_school=4; baseline_age=15; followup_age=17; age_change=2; highest_grade=8","school_years_exceed_age_change_plus_1","review","Retain. Completed school years exceed reported age change plus a one-year diagnostic allowance. Age errors, varying followup horizons or school-year counting could explain this; do not cap the value or delete the applicant."
100880,"A_2020",0,"neighborhood",,"source_missing","missing","Keep NA. Exclude from primary controls because coverage differs by cohort."
100881,"B_2018",1,"years_in_school","years_in_school=6; baseline_age=11; followup_age=15; age_change=4; highest_grade=9","school_years_exceed_age_change_plus_1","review","Retain. Completed school years exceed reported age change plus a one-year diagnostic allowance. Age errors, varying followup horizons or school-year counting could explain this; do not cap the value or delete the applicant."
100881,"B_2018",1,"years_in_school","years_in_school=6; baseline_age=11; followup_age=15; age_change=4; highest_grade=9","school_years_since_allocation_above_4","review","Retain as a requested policy outcome with a timing/definition caveat. Five or six years conflict with a uniform three-year interpretation but may fit the older B2018 cohort. Clarify dates and counting convention; do not cap or infer a correction."
100881,"B_2018",1,"neighborhood",,"source_missing","missing","Keep NA. Exclude from primary controls because coverage differs by cohort."
100883,"A_2020",1,"years_in_school","years_in_school=4; baseline_age=13; followup_age=15; age_change=2; highest_grade=8","school_years_exceed_age_change_plus_1","review","Retain. Completed school years exceed reported age change plus a one-year diagnostic allowance. Age errors, varying followup horizons or school-year counting could explain this; do not cap the value or delete the applicant."
100883,"A_2020",1,"father_educ",,"source_missing","missing","Keep NA. Use available observations for the specific outcome; no outcome imputation in point estimates."
100883,"A_2020",1,"father_income_high",,"source_missing","missing","Keep NA. Use available observations for the specific outcome; no outcome imputation in point estimates."
100883,"A_2020",1,"ses_stratum",,"source_missing","missing","Keep NA. Optional adjusted model uses cohort mean and a missing indicator."
100885,"A_2020",1,"years_in_school","years_in_school=4; baseline_age=13; followup_age=15; age_change=2; highest_grade=7","school_years_exceed_age_change_plus_1","review","Retain. Completed school years exceed reported age change plus a one-year diagnostic allowance. Age errors, varying followup horizons or school-year counting could explain this; do not cap the value or delete the applicant."
100885,"A_2020",1,"father_educ",,"source_missing","missing","Keep NA. Use available observations for the specific outcome; no outcome imputation in point estimates."
100885,"A_2020",1,"mother_educ",,"source_missing","missing","Keep NA. Use available observations for the specific outcome; no outcome imputation in point estimates."
100886,"A_2020",1,"years_in_school","years_in_school=4; baseline_age=13; followup_age=15; age_change=2; highest_grade=8","school_years_exceed_age_change_plus_1","review","Retain. Completed school years exceed reported age change plus a one-year diagnostic allowance. Age errors, varying followup horizons or school-year counting could explain this; do not cap the value or delete the applicant."
100886,"A_2020",1,"father_age",,"source_missing","missing","Keep NA. Use available observations for the specific outcome; no outcome imputation in point estimates."
100886,"A_2020",1,"father_educ",,"source_missing","missing","Keep NA. Use available observations for the specific outcome; no outcome imputation in point estimates."
100886,"A_2020",1,"father_income_high",,"source_missing","missing","Keep NA. Use available observations for the specific outcome; no outcome imputation in point estimates."
100887,"A_2020",1,"years_in_school","years_in_school=4; baseline_age=12; followup_age=14; age_change=2; highest_grade=8","school_years_exceed_age_change_plus_1","review","Retain. Completed school years exceed reported age change plus a one-year diagnostic allowance. Age errors, varying followup horizons or school-year counting could explain this; do not cap the value or delete the applicant."
100887,"A_2020",1,"neighborhood",,"source_missing","missing","Keep NA. Exclude from primary controls because coverage differs by cohort."
100888,"A_2020",0,"years_in_school","years_in_school=5; baseline_age=14; followup_age=16; age_change=2; highest_grade=8","school_years_exceed_age_change_plus_1","review","Retain. Completed school years exceed reported age change plus a one-year diagnostic allowance. Age errors, varying followup horizons or school-year counting could explain this; do not cap the value or delete the applicant."
100888,"A_2020",0,"years_in_school","years_in_school=5; baseline_age=14; followup_age=16; age_change=2; highest_grade=8","school_years_since_allocation_above_4","review","Retain as a requested policy outcome with a timing/definition caveat. Five or six years conflict with a uniform three-year interpretation but may fit the older B2018 cohort. Clarify dates and counting convention; do not cap or infer a correction."
100889,"A_2022",1,"neighborhood",,"source_missing","missing","Keep NA. Exclude from primary controls because coverage differs by cohort."
100890,"A_2020",0,"years_in_school","years_in_school=4; baseline_age=15; followup_age=17; age_change=2; highest_grade=8","school_years_exceed_age_change_plus_1","review","Retain. Completed school years exceed reported age change plus a one-year diagnostic allowance. Age errors, varying followup horizons or school-year counting could explain this; do not cap the value or delete the applicant."
100890,"A_2020",0,"father_age",,"source_missing","missing","Keep NA. Use available observations for the specific outcome; no outcome imputation in point estimates."
100890,"A_2020",0,"father_educ",,"source_missing","missing","Keep NA. Use available observations for the specific outcome; no outcome imputation in point estimates."
100890,"A_2020",0,"father_income_high",,"source_missing","missing","Keep NA. Use available observations for the specific outcome; no outcome imputation in point estimates."
100890,"A_2020",0,"mother_age",,"source_missing","missing","Keep NA. Use available observations for the specific outcome; no outcome imputation in point estimates."
100891,"A_2022",0,"age_at_survey","baseline=12; followup=13; change=1","age_change_outside_2_to_4_screen","review","Retain recorded ages and outcomes. Screening rule only. Systematic cohort differences require survey-date clarification, not automatic correction."
100891,"A_2022",0,"neighborhood",,"source_missing","missing","Keep NA. Exclude from primary controls because coverage differs by cohort."
100892,"A_2022",1,"age_at_survey","baseline=11; followup=11; change=0","age_change_outside_2_to_4_screen","review","Retain recorded ages and outcomes. Screening rule only. Systematic cohort differences require survey-date clarification, not automatic correction."
100892,"A_2022",1,"years_in_school","years_in_school=2; baseline_age=11; followup_age=11; age_change=0; highest_grade=6","school_years_exceed_age_change_plus_1","review","Retain. Completed school years exceed reported age change plus a one-year diagnostic allowance. Age errors, varying followup horizons or school-year counting could explain this; do not cap the value or delete the applicant."
100892,"A_2022",1,"neighborhood",,"source_missing","missing","Keep NA. Exclude from primary controls because coverage differs by cohort."
100892,"A_2022",1,"ses_stratum",,"source_missing","missing","Keep NA. Optional adjusted model uses cohort mean and a missing indicator."
100893,"A_2020",0,"neighborhood",,"source_missing","missing","Keep NA. Exclude from primary controls because coverage differs by cohort."
100894,"A_2020",1,"years_in_school","years_in_school=4; baseline_age=12; followup_age=14; age_change=2; highest_grade=8","school_years_exceed_age_change_plus_1","review","Retain. Completed school years exceed reported age change plus a one-year diagnostic allowance. Age errors, varying followup horizons or school-year counting could explain this; do not cap the value or delete the applicant."
100894,"A_2020",1,"father_age",,"source_missing","missing","Keep NA. Use available observations for the specific outcome; no outcome imputation in point estimates."
100894,"A_2020",1,"father_educ",,"source_missing","missing","Keep NA. Use available observations for the specific outcome; no outcome imputation in point estimates."
100894,"A_2020",1,"father_income_high",,"source_missing","missing","Keep NA. Use available observations for the specific outcome; no outcome imputation in point estimates."
100894,"A_2020",1,"ses_stratum",,"source_missing","missing","Keep NA. Optional adjusted model uses cohort mean and a missing indicator."
100895,"A_2020",1,"years_in_school","years_in_school=4; baseline_age=12; followup_age=14; age_change=2; highest_grade=8","school_years_exceed_age_change_plus_1","review","Retain. Completed school years exceed reported age change plus a one-year diagnostic allowance. Age errors, varying followup horizons or school-year counting could explain this; do not cap the value or delete the applicant."
100895,"A_2020",1,"father_educ",,"source_missing","missing","Keep NA. Use available observations for the specific outcome; no outcome imputation in point estimates."
100896,"A_2020",0,"years_in_school","years_in_school=6; baseline_age=13; followup_age=15; age_change=2; highest_grade=9","school_years_exceed_age_change_plus_1","review","Retain. Completed school years exceed reported age change plus a one-year diagnostic allowance. Age errors, varying followup horizons or school-year counting could explain this; do not cap the value or delete the applicant."
100896,"A_2020",0,"years_in_school","years_in_school=6; baseline_age=13; followup_age=15; age_change=2; highest_grade=9","school_years_since_allocation_above_4","review","Retain as a requested policy outcome with a timing/definition caveat. Five or six years conflict with a uniform three-year interpretation but may fit the older B2018 cohort. Clarify dates and counting convention; do not cap or infer a correction."
100897,"A_2020",1,"years_in_school","years_in_school=4; baseline_age=12; followup_age=14; age_change=2; highest_grade=8","school_years_exceed_age_change_plus_1","review","Retain. Completed school years exceed reported age change plus a one-year diagnostic allowance. Age errors, varying followup horizons or school-year counting could explain this; do not cap the value or delete the applicant."
100898,"A_2020",1,"years_in_school","years_in_school=4; baseline_age=12; followup_age=14; age_change=2; highest_grade=8","school_years_exceed_age_change_plus_1","review","Retain. Completed school years exceed reported age change plus a one-year diagnostic allowance. Age errors, varying followup horizons or school-year counting could explain this; do not cap the value or delete the applicant."
100898,"A_2020",1,"father_educ",,"source_missing","missing","Keep NA. Use available observations for the specific outcome; no outcome imputation in point estimates."
100898,"A_2020",1,"father_income_high",,"source_missing","missing","Keep NA. Use available observations for the specific outcome; no outcome imputation in point estimates."
100899,"B_2018",1,"years_in_school","years_in_school=5; baseline_age=11; followup_age=14; age_change=3; highest_grade=9","school_years_exceed_age_change_plus_1","review","Retain. Completed school years exceed reported age change plus a one-year diagnostic allowance. Age errors, varying followup horizons or school-year counting could explain this; do not cap the value or delete the applicant."
100899,"B_2018",1,"years_in_school","years_in_school=5; baseline_age=11; followup_age=14; age_change=3; highest_grade=9","school_years_since_allocation_above_4","review","Retain as a requested policy outcome with a timing/definition caveat. Five or six years conflict with a uniform three-year interpretation but may fit the older B2018 cohort. Clarify dates and counting convention; do not cap or infer a correction."
100899,"B_2018",1,"mother_age",,"source_missing","missing","Keep NA. Use available observations for the specific outcome; no outcome imputation in point estimates."
100899,"B_2018",1,"mother_educ",,"source_missing","missing","Keep NA. Use available observations for the specific outcome; no outcome imputation in point estimates."
100899,"B_2018",1,"neighborhood",,"source_missing","missing","Keep NA. Exclude from primary controls because coverage differs by cohort."
100900,"A_2022",0,"age_at_survey","baseline=14; followup=14; change=0","age_change_outside_2_to_4_screen","review","Retain recorded ages and outcomes. Screening rule only. Systematic cohort differences require survey-date clarification, not automatic correction."
100900,"A_2022",0,"years_in_school","years_in_school=3; baseline_age=14; followup_age=14; age_change=0; highest_grade=6","school_years_exceed_age_change_plus_1","review","Retain. Completed school years exceed reported age change plus a one-year diagnostic allowance. Age errors, varying followup horizons or school-year counting could explain this; do not cap the value or delete the applicant."
100900,"A_2022",0,"neighborhood",,"source_missing","missing","Keep NA. Exclude from primary controls because coverage differs by cohort."
100901,"A_2020",1,"father_age",,"source_missing","missing","Keep NA. Use available observations for the specific outcome; no outcome imputation in point estimates."
100901,"A_2020",1,"father_educ",,"source_missing","missing","Keep NA. Use available observations for the specific outcome; no outcome imputation in point estimates."
100901,"A_2020",1,"father_income_high",,"source_missing","missing","Keep NA. Use available observations for the specific outcome; no outcome imputation in point estimates."
100903,"A_2020",0,"father_age",,"source_missing","missing","Keep NA. Use available observations for the specific outcome; no outcome imputation in point estimates."
100903,"A_2020",0,"father_educ",,"source_missing","missing","Keep NA. Use available observations for the specific outcome; no outcome imputation in point estimates."
100903,"A_2020",0,"father_income_high",,"source_missing","missing","Keep NA. Use available observations for the specific outcome; no outcome imputation in point estimates."
100904,"B_2018",1,"age_at_survey","baseline=11; followup=16; change=5","age_change_outside_2_to_4_screen","review","Retain recorded ages and outcomes. Screening rule only. Systematic cohort differences require survey-date clarification, not automatic correction."
100904,"B_2018",1,"years_in_school","years_in_school=6; baseline_age=11; followup_age=16; age_change=5; highest_grade=9","school_years_since_allocation_above_4","review","Retain as a requested policy outcome with a timing/definition caveat. Five or six years conflict with a uniform three-year interpretation but may fit the older B2018 cohort. Clarify dates and counting convention; do not cap or infer a correction."
100904,"B_2018",1,"neighborhood",,"source_missing","missing","Keep NA. Exclude from primary controls because coverage differs by cohort."
100905,"A_2020",0,"years_in_school","years_in_school=4; baseline_age=13; followup_age=15; age_change=2; highest_grade=8","school_years_exceed_age_change_plus_1","review","Retain. Completed school years exceed reported age change plus a one-year diagnostic allowance. Age errors, varying followup horizons or school-year counting could explain this; do not cap the value or delete the applicant."
100905,"A_2020",0,"father_age",,"source_missing","missing","Keep NA. Use available observations for the specific outcome; no outcome imputation in point estimates."
100905,"A_2020",0,"father_educ",,"source_missing","missing","Keep NA. Use available observations for the specific outcome; no outcome imputation in point estimates."
100905,"A_2020",0,"father_income_high",,"source_missing","missing","Keep NA. Use available observations for the specific outcome; no outcome imputation in point estimates."
100906,"A_2020",1,"years_in_school","years_in_school=5; baseline_age=14; followup_age=16; age_change=2; highest_grade=8","school_years_exceed_age_change_plus_1","review","Retain. Completed school years exceed reported age change plus a one-year diagnostic allowance. Age errors, varying followup horizons or school-year counting could explain this; do not cap the value or delete the applicant."
100906,"A_2020",1,"years_in_school","years_in_school=5; baseline_age=14; followup_age=16; age_change=2; highest_grade=8","school_years_since_allocation_above_4","review","Retain as a requested policy outcome with a timing/definition caveat. Five or six years conflict with a uniform three-year interpretation but may fit the older B2018 cohort. Clarify dates and counting convention; do not cap or infer a correction."
100907,"A_2020",0,"years_in_school","years_in_school=4; baseline_age=11; followup_age=13; age_change=2; highest_grade=8","school_years_exceed_age_change_plus_1","review","Retain. Completed school years exceed reported age change plus a one-year diagnostic allowance. Age errors, varying followup horizons or school-year counting could explain this; do not cap the value or delete the applicant."
100908,"A_2022",0,"age_at_survey","baseline=13; followup=14; change=1","age_change_outside_2_to_4_screen","review","Retain recorded ages and outcomes. Screening rule only. Systematic cohort differences require survey-date clarification, not automatic correction."
100908,"A_2022",0,"neighborhood",,"source_missing","missing","Keep NA. Exclude from primary controls because coverage differs by cohort."
100909,"A_2022",0,"age_at_survey","baseline=11; followup=12; change=1","age_change_outside_2_to_4_screen","review","Retain recorded ages and outcomes. Screening rule only. Systematic cohort differences require survey-date clarification, not automatic correction."
100909,"A_2022",0,"neighborhood",,"source_missing","missing","Keep NA. Exclude from primary controls because coverage differs by cohort."
100910,"A_2022",1,"age_at_survey","baseline=17; followup=13; change=-4","age_change_outside_2_to_4_screen","review","Retain recorded ages and outcomes. Screening rule only. Systematic cohort differences require survey-date clarification, not automatic correction."
100910,"A_2022",1,"age_at_survey","baseline=17; followup=13; change=-4","age_decreased","inconsistent","Followup age clean set to NA; retain baseline age and schooling outcomes. Cannot determine which source age is wrong. Exclusion sensitivity reported."
100910,"A_2022",1,"years_in_school","years_in_school=3; baseline_age=17; followup_age=13; age_change=-4; highest_grade=6","school_years_exceed_age_change_plus_1","review","Retain. Completed school years exceed reported age change plus a one-year diagnostic allowance. Age errors, varying followup horizons or school-year counting could explain this; do not cap the value or delete the applicant."
100910,"A_2022",1,"father_age",,"source_missing","missing","Keep NA. Use available observations for the specific outcome; no outcome imputation in point estimates."
100910,"A_2022",1,"father_educ",,"source_missing","missing","Keep NA. Use available observations for the specific outcome; no outcome imputation in point estimates."
100910,"A_2022",1,"father_income_high",,"source_missing","missing","Keep NA. Use available observations for the specific outcome; no outcome imputation in point estimates."
100910,"A_2022",1,"neighborhood",,"source_missing","missing","Keep NA. Exclude from primary controls because coverage differs by cohort."
100911,"A_2022",0,"age_at_survey","baseline=14; followup=15; change=1","age_change_outside_2_to_4_screen","review","Retain recorded ages and outcomes. Screening rule only. Systematic cohort differences require survey-date clarification, not automatic correction."
100911,"A_2022",0,"years_in_school","years_in_school=3; baseline_age=14; followup_age=15; age_change=1; highest_grade=7","school_years_exceed_age_change_plus_1","review","Retain. Completed school years exceed reported age change plus a one-year diagnostic allowance. Age errors, varying followup horizons or school-year counting could explain this; do not cap the value or delete the applicant."
100911,"A_2022",0,"neighborhood",,"source_missing","missing","Keep NA. Exclude from primary controls because coverage differs by cohort."
100911,"A_2022",0,"ses_stratum",,"source_missing","missing","Keep NA. Optional adjusted model uses cohort mean and a missing indicator."
100912,"A_2022",1,"age_at_survey","baseline=11; followup=12; change=1","age_change_outside_2_to_4_screen","review","Retain recorded ages and outcomes. Screening rule only. Systematic cohort differences require survey-date clarification, not automatic correction."
100912,"A_2022",1,"neighborhood",,"source_missing","missing","Keep NA. Exclude from primary controls because coverage differs by cohort."
100914,"B_2018",1,"age_at_survey","baseline=11; followup=16; change=5","age_change_outside_2_to_4_screen","review","Retain recorded ages and outcomes. Screening rule only. Systematic cohort differences require survey-date clarification, not automatic correction."
100914,"B_2018",1,"years_in_school","years_in_school=6; baseline_age=11; followup_age=16; age_change=5; highest_grade=9","school_years_since_allocation_above_4","review","Retain as a requested policy outcome with a timing/definition caveat. Five or six years conflict with a uniform three-year interpretation but may fit the older B2018 cohort. Clarify dates and counting convention; do not cap or infer a correction."
100914,"B_2018",1,"neighborhood",,"source_missing","missing","Keep NA. Exclude from primary controls because coverage differs by cohort."
100915,"A_2022",1,"age_at_survey","baseline=13; followup=14; change=1","age_change_outside_2_to_4_screen","review","Retain recorded ages and outcomes. Screening rule only. Systematic cohort differences require survey-date clarification, not automatic correction."
100915,"A_2022",1,"neighborhood",,"source_missing","missing","Keep NA. Exclude from primary controls because coverage differs by cohort."
100917,"A_2020",1,"years_in_school","years_in_school=4; baseline_age=14; followup_age=16; age_change=2; highest_grade=7","school_years_exceed_age_change_plus_1","review","Retain. Completed school years exceed reported age change plus a one-year diagnostic allowance. Age errors, varying followup horizons or school-year counting could explain this; do not cap the value or delete the applicant."
100918,"A_2020",0,"years_in_school","years_in_school=5; baseline_age=12; followup_age=14; age_change=2; highest_grade=8","school_years_exceed_age_change_plus_1","review","Retain. Completed school years exceed reported age change plus a one-year diagnostic allowance. Age errors, varying followup horizons or school-year counting could explain this; do not cap the value or delete the applicant."
100918,"A_2020",0,"years_in_school","years_in_school=5; baseline_age=12; followup_age=14; age_change=2; highest_grade=8","school_years_since_allocation_above_4","review","Retain as a requested policy outcome with a timing/definition caveat. Five or six years conflict with a uniform three-year interpretation but may fit the older B2018 cohort. Clarify dates and counting convention; do not cap or infer a correction."
100918,"A_2020",0,"father_age",,"source_missing","missing","Keep NA. Use available observations for the specific outcome; no outcome imputation in point estimates."
100918,"A_2020",0,"father_educ",,"source_missing","missing","Keep NA. Use available observations for the specific outcome; no outcome imputation in point estimates."
100918,"A_2020",0,"father_income_high",,"source_missing","missing","Keep NA. Use available observations for the specific outcome; no outcome imputation in point estimates."
100919,"A_2020",0,"age_at_application",,"source_missing","missing","Keep NA. Optional adjusted model uses cohort mean and a missing indicator."
100921,"A_2020",1,"years_in_school","years_in_school=4; baseline_age=12; followup_age=14; age_change=2; highest_grade=8","school_years_exceed_age_change_plus_1","review","Retain. Completed school years exceed reported age change plus a one-year diagnostic allowance. Age errors, varying followup horizons or school-year counting could explain this; do not cap the value or delete the applicant."
100921,"A_2020",1,"father_age",,"source_missing","missing","Keep NA. Use available observations for the specific outcome; no outcome imputation in point estimates."
100921,"A_2020",1,"father_educ",,"source_missing","missing","Keep NA. Use available observations for the specific outcome; no outcome imputation in point estimates."
100921,"A_2020",1,"father_income_high",,"source_missing","missing","Keep NA. Use available observations for the specific outcome; no outcome imputation in point estimates."
100923,"A_2022",1,"age_at_survey","baseline=11; followup=12; change=1","age_change_outside_2_to_4_screen","review","Retain recorded ages and outcomes. Screening rule only. Systematic cohort differences require survey-date clarification, not automatic correction."
100923,"A_2022",1,"father_age",,"source_missing","missing","Keep NA. Use available observations for the specific outcome; no outcome imputation in point estimates."
100923,"A_2022",1,"father_educ",,"source_missing","missing","Keep NA. Use available observations for the specific outcome; no outcome imputation in point estimates."
100923,"A_2022",1,"father_income_high",,"source_missing","missing","Keep NA. Use available observations for the specific outcome; no outcome imputation in point estimates."
100923,"A_2022",1,"neighborhood",,"source_missing","missing","Keep NA. Exclude from primary controls because coverage differs by cohort."
100924,"A_2020",1,"father_educ",,"source_missing","missing","Keep NA. Use available observations for the specific outcome; no outcome imputation in point estimates."
100924,"A_2020",1,"father_income_high",,"source_missing","missing","Keep NA. Use available observations for the specific outcome; no outcome imputation in point estimates."
100925,"A_2020",1,"years_in_school","years_in_school=4; baseline_age=12; followup_age=14; age_change=2; highest_grade=8","school_years_exceed_age_change_plus_1","review","Retain. Completed school years exceed reported age change plus a one-year diagnostic allowance. Age errors, varying followup horizons or school-year counting could explain this; do not cap the value or delete the applicant."
100925,"A_2020",1,"father_educ",,"source_missing","missing","Keep NA. Use available observations for the specific outcome; no outcome imputation in point estimates."
100925,"A_2020",1,"father_income_high",,"source_missing","missing","Keep NA. Use available observations for the specific outcome; no outcome imputation in point estimates."
100925,"A_2020",1,"mother_educ",,"source_missing","missing","Keep NA. Use available observations for the specific outcome; no outcome imputation in point estimates."
100926,"A_2020",1,"years_in_school","years_in_school=4; baseline_age=13; followup_age=15; age_change=2; highest_grade=8","school_years_exceed_age_change_plus_1","review","Retain. Completed school years exceed reported age change plus a one-year diagnostic allowance. Age errors, varying followup horizons or school-year counting could explain this; do not cap the value or delete the applicant."
100927,"A_2022",1,"age_at_survey","baseline=11; followup=12; change=1","age_change_outside_2_to_4_screen","review","Retain recorded ages and outcomes. Screening rule only. Systematic cohort differences require survey-date clarification, not automatic correction."
100927,"A_2022",1,"neighborhood",,"source_missing","missing","Keep NA. Exclude from primary controls because coverage differs by cohort."
100928,"A_2020",0,"years_in_school","years_in_school=4; baseline_age=13; followup_age=15; age_change=2; highest_grade=8","school_years_exceed_age_change_plus_1","review","Retain. Completed school years exceed reported age change plus a one-year diagnostic allowance. Age errors, varying followup horizons or school-year counting could explain this; do not cap the value or delete the applicant."
100928,"A_2020",0,"father_age",,"source_missing","missing","Keep NA. Use available observations for the specific outcome; no outcome imputation in point estimates."
100928,"A_2020",0,"father_educ",,"source_missing","missing","Keep NA. Use available observations for the specific outcome; no outcome imputation in point estimates."
100928,"A_2020",0,"father_income_high",,"source_missing","missing","Keep NA. Use available observations for the specific outcome; no outcome imputation in point estimates."
100928,"A_2020",0,"mother_educ",,"source_missing","missing","Keep NA. Use available observations for the specific outcome; no outcome imputation in point estimates."
100929,"A_2020",0,"years_in_school","years_in_school=4; baseline_age=13; followup_age=15; age_change=2; highest_grade=8","school_years_exceed_age_change_plus_1","review","Retain. Completed school years exceed reported age change plus a one-year diagnostic allowance. Age errors, varying followup horizons or school-year counting could explain this; do not cap the value or delete the applicant."
100929,"A_2020",0,"father_age",,"source_missing","missing","Keep NA. Use available observations for the specific outcome; no outcome imputation in point estimates."
100929,"A_2020",0,"father_educ",,"source_missing","missing","Keep NA. Use available observations for the specific outcome; no outcome imputation in point estimates."
100929,"A_2020",0,"father_income_high",,"source_missing","missing","Keep NA. Use available observations for the specific outcome; no outcome imputation in point estimates."
100929,"A_2020",0,"mother_age",,"source_missing","missing","Keep NA. Use available observations for the specific outcome; no outcome imputation in point estimates."
100929,"A_2020",0,"mother_educ",,"source_missing","missing","Keep NA. Use available observations for the specific outcome; no outcome imputation in point estimates."
100929,"A_2020",0,"ses_stratum",,"source_missing","missing","Keep NA. Optional adjusted model uses cohort mean and a missing indicator."
100930,"A_2020",0,"years_in_school","years_in_school=4; baseline_age=12; followup_age=14; age_change=2; highest_grade=8","school_years_exceed_age_change_plus_1","review","Retain. Completed school years exceed reported age change plus a one-year diagnostic allowance. Age errors, varying followup horizons or school-year counting could explain this; do not cap the value or delete the applicant."
100931,"A_2020",1,"ses_stratum",,"source_missing","missing","Keep NA. Optional adjusted model uses cohort mean and a missing indicator."
100931,"A_2020",1,"hours_worked","0","working_but_zero_weekly_hours","review","Retain. Could reflect temporary absence or reference-period differences; do not assume zero means missing."
100932,"A_2020",0,"years_in_school","years_in_school=4; baseline_age=13; followup_age=15; age_change=2; highest_grade=8","school_years_exceed_age_change_plus_1","review","Retain. Completed school years exceed reported age change plus a one-year diagnostic allowance. Age errors, varying followup horizons or school-year counting could explain this; do not cap the value or delete the applicant."
100933,"A_2020",1,"years_in_school","years_in_school=4; baseline_age=11; followup_age=13; age_change=2; highest_grade=8","school_years_exceed_age_change_plus_1","review","Retain. Completed school years exceed reported age change plus a one-year diagnostic allowance. Age errors, varying followup horizons or school-year counting could explain this; do not cap the value or delete the applicant."
100934,"B_2018",1,"age_at_survey","baseline=11; followup=16; change=5","age_change_outside_2_to_4_screen","review","Retain recorded ages and outcomes. Screening rule only. Systematic cohort differences require survey-date clarification, not automatic correction."
100934,"B_2018",1,"years_in_school","years_in_school=6; baseline_age=11; followup_age=16; age_change=5; highest_grade=9","school_years_since_allocation_above_4","review","Retain as a requested policy outcome with a timing/definition caveat. Five or six years conflict with a uniform three-year interpretation but may fit the older B2018 cohort. Clarify dates and counting convention; do not cap or infer a correction."
100934,"B_2018",1,"father_age",,"source_missing","missing","Keep NA. Use available observations for the specific outcome; no outcome imputation in point estimates."
100934,"B_2018",1,"mother_age",,"source_missing","missing","Keep NA. Use available observations for the specific outcome; no outcome imputation in point estimates."
100934,"B_2018",1,"neighborhood",,"source_missing","missing","Keep NA. Exclude from primary controls because coverage differs by cohort."
100936,"A_2020",1,"father_age",,"source_missing","missing","Keep NA. Use available observations for the specific outcome; no outcome imputation in point estimates."
100936,"A_2020",1,"father_educ",,"source_missing","missing","Keep NA. Use available observations for the specific outcome; no outcome imputation in point estimates."
100936,"A_2020",1,"father_income_high",,"source_missing","missing","Keep NA. Use available observations for the specific outcome; no outcome imputation in point estimates."
100936,"A_2020",1,"mother_educ",,"source_missing","missing","Keep NA. Use available observations for the specific outcome; no outcome imputation in point estimates."
100936,"A_2020",1,"ses_stratum",,"source_missing","missing","Keep NA. Optional adjusted model uses cohort mean and a missing indicator."
100937,"A_2020",0,"neighborhood",,"source_missing","missing","Keep NA. Exclude from primary controls because coverage differs by cohort."
100938,"A_2020",0,"years_in_school","highest_grade=8; years_in_school=0","school_years_below_grade_progress_assuming_grade5_entry","review","Retain both fields. This screen assumes grade 5 completed at allocation. Missing baseline grade and uncertain counting convention prevent a verified correction."
100938,"A_2020",0,"father_age",,"source_missing","missing","Keep NA. Use available observations for the specific outcome; no outcome imputation in point estimates."
100938,"A_2020",0,"father_educ",,"source_missing","missing","Keep NA. Use available observations for the specific outcome; no outcome imputation in point estimates."
100938,"A_2020",0,"father_income_high",,"source_missing","missing","Keep NA. Use available observations for the specific outcome; no outcome imputation in point estimates."
100938,"A_2020",0,"mother_age",,"source_missing","missing","Keep NA. Use available observations for the specific outcome; no outcome imputation in point estimates."
100938,"A_2020",0,"mother_educ",,"source_missing","missing","Keep NA. Use available observations for the specific outcome; no outcome imputation in point estimates."
100938,"A_2020",0,"repeats_g6",,"source_missing","missing","Keep NA. Use available observations for the specific outcome; no outcome imputation in point estimates."
100938,"A_2020",0,"started_g6_private",,"source_missing","missing","Keep NA. Use available observations for the specific outcome; no outcome imputation in point estimates."
100938,"A_2020",0,"started_g7_private",,"source_missing","missing","Keep NA. Use available observations for the specific outcome; no outcome imputation in point estimates."
100939,"A_2020",0,"father_educ",,"source_missing","missing","Keep NA. Use available observations for the specific outcome; no outcome imputation in point estimates."
100939,"A_2020",0,"mother_educ",,"source_missing","missing","Keep NA. Use available observations for the specific outcome; no outcome imputation in point estimates."
100939,"A_2020",0,"neighborhood",,"source_missing","missing","Keep NA. Exclude from primary controls because coverage differs by cohort."
100940,"A_2020",1,"years_in_school","years_in_school=4; baseline_age=12; followup_age=14; age_change=2; highest_grade=8","school_years_exceed_age_change_plus_1","review","Retain. Completed school years exceed reported age change plus a one-year diagnostic allowance. Age errors, varying followup horizons or school-year counting could explain this; do not cap the value or delete the applicant."
100941,"A_2022",1,"age_at_survey","baseline=11; followup=12; change=1","age_change_outside_2_to_4_screen","review","Retain recorded ages and outcomes. Screening rule only. Systematic cohort differences require survey-date clarification, not automatic correction."
100941,"A_2022",1,"years_in_school","years_in_school=3; baseline_age=11; followup_age=12; age_change=1; highest_grade=6","school_years_exceed_age_change_plus_1","review","Retain. Completed school years exceed reported age change plus a one-year diagnostic allowance. Age errors, varying followup horizons or school-year counting could explain this; do not cap the value or delete the applicant."
100941,"A_2022",1,"neighborhood",,"source_missing","missing","Keep NA. Exclude from primary controls because coverage differs by cohort."
100942,"A_2020",0,"years_in_school","years_in_school=4; baseline_age=12; followup_age=14; age_change=2; highest_grade=8","school_years_exceed_age_change_plus_1","review","Retain. Completed school years exceed reported age change plus a one-year diagnostic allowance. Age errors, varying followup horizons or school-year counting could explain this; do not cap the value or delete the applicant."
100943,"B_2018",1,"age_at_survey","baseline=12; followup=17; change=5","age_change_outside_2_to_4_screen","review","Retain recorded ages and outcomes. Screening rule only. Systematic cohort differences require survey-date clarification, not automatic correction."
100943,"B_2018",1,"years_in_school","years_in_school=6; baseline_age=12; followup_age=17; age_change=5; highest_grade=9","school_years_since_allocation_above_4","review","Retain as a requested policy outcome with a timing/definition caveat. Five or six years conflict with a uniform three-year interpretation but may fit the older B2018 cohort. Clarify dates and counting convention; do not cap or infer a correction."
100943,"B_2018",1,"father_age",,"source_missing","missing","Keep NA. Use available observations for the specific outcome; no outcome imputation in point estimates."
100943,"B_2018",1,"father_educ",,"source_missing","missing","Keep NA. Use available observations for the specific outcome; no outcome imputation in point estimates."
100943,"B_2018",1,"father_income_high",,"source_missing","missing","Keep NA. Use available observations for the specific outcome; no outcome imputation in point estimates."
100943,"B_2018",1,"mother_age",,"source_missing","missing","Keep NA. Use available observations for the specific outcome; no outcome imputation in point estimates."
100943,"B_2018",1,"mother_educ",,"source_missing","missing","Keep NA. Use available observations for the specific outcome; no outcome imputation in point estimates."
100943,"B_2018",1,"neighborhood",,"source_missing","missing","Keep NA. Exclude from primary controls because coverage differs by cohort."
100943,"B_2018",1,"ses_stratum",,"source_missing","missing","Keep NA. Optional adjusted model uses cohort mean and a missing indicator."
100944,"B_2018",1,"age_at_survey","baseline=15; followup=20; change=5","age_change_outside_2_to_4_screen","review","Retain recorded ages and outcomes. Screening rule only. Systematic cohort differences require survey-date clarification, not automatic correction."
100944,"B_2018",1,"years_in_school","years_in_school=6; baseline_age=15; followup_age=20; age_change=5; highest_grade=9","school_years_since_allocation_above_4","review","Retain as a requested policy outcome with a timing/definition caveat. Five or six years conflict with a uniform three-year interpretation but may fit the older B2018 cohort. Clarify dates and counting convention; do not cap or infer a correction."
100944,"B_2018",1,"neighborhood",,"source_missing","missing","Keep NA. Exclude from primary controls because coverage differs by cohort."
100945,"A_2022",0,"age_at_survey","baseline=16; followup=16; change=0","age_change_outside_2_to_4_screen","review","Retain recorded ages and outcomes. Screening rule only. Systematic cohort differences require survey-date clarification, not automatic correction."
100945,"A_2022",0,"years_in_school","years_in_school=3; baseline_age=16; followup_age=16; age_change=0; highest_grade=6","school_years_exceed_age_change_plus_1","review","Retain. Completed school years exceed reported age change plus a one-year diagnostic allowance. Age errors, varying followup horizons or school-year counting could explain this; do not cap the value or delete the applicant."
100945,"A_2022",0,"neighborhood",,"source_missing","missing","Keep NA. Exclude from primary controls because coverage differs by cohort."
100947,"A_2020",1,"neighborhood",,"source_missing","missing","Keep NA. Exclude from primary controls because coverage differs by cohort."
100948,"A_2020",0,"age_at_application",,"source_missing","missing","Keep NA. Optional adjusted model uses cohort mean and a missing indicator."
100949,"A_2020",1,"father_age",,"source_missing","missing","Keep NA. Use available observations for the specific outcome; no outcome imputation in point estimates."
100949,"A_2020",1,"father_educ",,"source_missing","missing","Keep NA. Use available observations for the specific outcome; no outcome imputation in point estimates."
100949,"A_2020",1,"father_income_high",,"source_missing","missing","Keep NA. Use available observations for the specific outcome; no outcome imputation in point estimates."
100949,"A_2020",1,"mother_age",,"source_missing","missing","Keep NA. Use available observations for the specific outcome; no outcome imputation in point estimates."
100949,"A_2020",1,"mother_educ",,"source_missing","missing","Keep NA. Use available observations for the specific outcome; no outcome imputation in point estimates."
100950,"B_2018",1,"years_in_school","years_in_school=6; baseline_age=12; followup_age=16; age_change=4; highest_grade=9","school_years_exceed_age_change_plus_1","review","Retain. Completed school years exceed reported age change plus a one-year diagnostic allowance. Age errors, varying followup horizons or school-year counting could explain this; do not cap the value or delete the applicant."
100950,"B_2018",1,"years_in_school","years_in_school=6; baseline_age=12; followup_age=16; age_change=4; highest_grade=9","school_years_since_allocation_above_4","review","Retain as a requested policy outcome with a timing/definition caveat. Five or six years conflict with a uniform three-year interpretation but may fit the older B2018 cohort. Clarify dates and counting convention; do not cap or infer a correction."
100950,"B_2018",1,"neighborhood",,"source_missing","missing","Keep NA. Exclude from primary controls because coverage differs by cohort."
100951,"A_2022",0,"age_at_survey","baseline=11; followup=11; change=0","age_change_outside_2_to_4_screen","review","Retain recorded ages and outcomes. Screening rule only. Systematic cohort differences require survey-date clarification, not automatic correction."
100951,"A_2022",0,"father_age",,"source_missing","missing","Keep NA. Use available observations for the specific outcome; no outcome imputation in point estimates."
100951,"A_2022",0,"father_educ",,"source_missing","missing","Keep NA. Use available observations for the specific outcome; no outcome imputation in point estimates."
100951,"A_2022",0,"father_income_high",,"source_missing","missing","Keep NA. Use available observations for the specific outcome; no outcome imputation in point estimates."
100951,"A_2022",0,"has_child",,"source_missing","missing","Keep NA. Use available observations for the specific outcome; no outcome imputation in point estimates."
100951,"A_2022",0,"married_or_cohab",,"source_missing","missing","Keep NA. Use available observations for the specific outcome; no outcome imputation in point estimates."
100951,"A_2022",0,"mother_age",,"source_missing","missing","Keep NA. Use available observations for the specific outcome; no outcome imputation in point estimates."
100951,"A_2022",0,"mother_educ",,"source_missing","missing","Keep NA. Use available observations for the specific outcome; no outcome imputation in point estimates."
100951,"A_2022",0,"neighborhood",,"source_missing","missing","Keep NA. Exclude from primary controls because coverage differs by cohort."
100951,"A_2022",0,"repeats_g6",,"source_missing","missing","Keep NA. Use available observations for the specific outcome; no outcome imputation in point estimates."
100951,"A_2022",0,"ses_stratum",,"source_missing","missing","Keep NA. Optional adjusted model uses cohort mean and a missing indicator."
100951,"A_2022",0,"started_g6_private",,"source_missing","missing","Keep NA. Use available observations for the specific outcome; no outcome imputation in point estimates."
100951,"A_2022",0,"started_g7_private",,"source_missing","missing","Keep NA. Use available observations for the specific outcome; no outcome imputation in point estimates."
100952,"A_2020",1,"years_in_school","years_in_school=4; baseline_age=12; followup_age=14; age_change=2; highest_grade=8","school_years_exceed_age_change_plus_1","review","Retain. Completed school years exceed reported age change plus a one-year diagnostic allowance. Age errors, varying followup horizons or school-year counting could explain this; do not cap the value or delete the applicant."
100952,"A_2020",1,"mother_age",,"source_missing","missing","Keep NA. Use available observations for the specific outcome; no outcome imputation in point estimates."
100952,"A_2020",1,"mother_educ",,"source_missing","missing","Keep NA. Use available observations for the specific outcome; no outcome imputation in point estimates."
100953,"A_2020",0,"years_in_school","years_in_school=4; baseline_age=13; followup_age=15; age_change=2; highest_grade=7","school_years_exceed_age_change_plus_1","review","Retain. Completed school years exceed reported age change plus a one-year diagnostic allowance. Age errors, varying followup horizons or school-year counting could explain this; do not cap the value or delete the applicant."
100954,"A_2022",1,"age_at_survey","baseline=11; followup=11; change=0","age_change_outside_2_to_4_screen","review","Retain recorded ages and outcomes. Screening rule only. Systematic cohort differences require survey-date clarification, not automatic correction."
100954,"A_2022",1,"years_in_school","years_in_school=2; baseline_age=11; followup_age=11; age_change=0; highest_grade=6","school_years_exceed_age_change_plus_1","review","Retain. Completed school years exceed reported age change plus a one-year diagnostic allowance. Age errors, varying followup horizons or school-year counting could explain this; do not cap the value or delete the applicant."
100954,"A_2022",1,"neighborhood",,"source_missing","missing","Keep NA. Exclude from primary controls because coverage differs by cohort."
100955,"A_2020",0,"father_age",,"source_missing","missing","Keep NA. Use available observations for the specific outcome; no outcome imputation in point estimates."
100955,"A_2020",0,"father_educ",,"source_missing","missing","Keep NA. Use available observations for the specific outcome; no outcome imputation in point estimates."
100955,"A_2020",0,"father_income_high",,"source_missing","missing","Keep NA. Use available observations for the specific outcome; no outcome imputation in point estimates."
100955,"A_2020",0,"neighborhood",,"source_missing","missing","Keep NA. Exclude from primary controls because coverage differs by cohort."
100956,"A_2022",1,"age_at_survey","baseline=11; followup=12; change=1","age_change_outside_2_to_4_screen","review","Retain recorded ages and outcomes. Screening rule only. Systematic cohort differences require survey-date clarification, not automatic correction."
100956,"A_2022",1,"father_income_high",,"source_missing","missing","Keep NA. Use available observations for the specific outcome; no outcome imputation in point estimates."
100956,"A_2022",1,"neighborhood",,"source_missing","missing","Keep NA. Exclude from primary controls because coverage differs by cohort."
100956,"A_2022",1,"ses_stratum",,"source_missing","missing","Keep NA. Optional adjusted model uses cohort mean and a missing indicator."
100957,"A_2020",1,"years_in_school","years_in_school=4; baseline_age=12; followup_age=14; age_change=2; highest_grade=8","school_years_exceed_age_change_plus_1","review","Retain. Completed school years exceed reported age change plus a one-year diagnostic allowance. Age errors, varying followup horizons or school-year counting could explain this; do not cap the value or delete the applicant."
100957,"A_2020",1,"neighborhood",,"source_missing","missing","Keep NA. Exclude from primary controls because coverage differs by cohort."
100958,"A_2020",0,"years_in_school","years_in_school=4; baseline_age=12; followup_age=14; age_change=2; highest_grade=7","school_years_exceed_age_change_plus_1","review","Retain. Completed school years exceed reported age change plus a one-year diagnostic allowance. Age errors, varying followup horizons or school-year counting could explain this; do not cap the value or delete the applicant."
100958,"A_2020",0,"mother_age",,"source_missing","missing","Keep NA. Use available observations for the specific outcome; no outcome imputation in point estimates."
100958,"A_2020",0,"mother_educ",,"source_missing","missing","Keep NA. Use available observations for the specific outcome; no outcome imputation in point estimates."
100959,"A_2020",0,"neighborhood",,"source_missing","missing","Keep NA. Exclude from primary controls because coverage differs by cohort."
100960,"A_2020",1,"years_in_school","years_in_school=4; baseline_age=11; followup_age=13; age_change=2; highest_grade=8","school_years_exceed_age_change_plus_1","review","Retain. Completed school years exceed reported age change plus a one-year diagnostic allowance. Age errors, varying followup horizons or school-year counting could explain this; do not cap the value or delete the applicant."
100961,"A_2020",0,"father_age",,"source_missing","missing","Keep NA. Use available observations for the specific outcome; no outcome imputation in point estimates."
100961,"A_2020",0,"father_educ",,"source_missing","missing","Keep NA. Use available observations for the specific outcome; no outcome imputation in point estimates."
100961,"A_2020",0,"father_income_high",,"source_missing","missing","Keep NA. Use available observations for the specific outcome; no outcome imputation in point estimates."
100962,"A_2022",1,"age_at_survey","baseline=10; followup=11; change=1","age_change_outside_2_to_4_screen","review","Retain recorded ages and outcomes. Screening rule only. Systematic cohort differences require survey-date clarification, not automatic correction."
100962,"A_2022",1,"neighborhood",,"source_missing","missing","Keep NA. Exclude from primary controls because coverage differs by cohort."
100963,"A_2020",0,"years_in_school","years_in_school=4; baseline_age=13; followup_age=15; age_change=2; highest_grade=8","school_years_exceed_age_change_plus_1","review","Retain. Completed school years exceed reported age change plus a one-year diagnostic allowance. Age errors, varying followup horizons or school-year counting could explain this; do not cap the value or delete the applicant."
100965,"B_2018",1,"years_in_school","years_in_school=6; baseline_age=12; followup_age=16; age_change=4; highest_grade=9","school_years_exceed_age_change_plus_1","review","Retain. Completed school years exceed reported age change plus a one-year diagnostic allowance. Age errors, varying followup horizons or school-year counting could explain this; do not cap the value or delete the applicant."
100965,"B_2018",1,"years_in_school","years_in_school=6; baseline_age=12; followup_age=16; age_change=4; highest_grade=9","school_years_since_allocation_above_4","review","Retain as a requested policy outcome with a timing/definition caveat. Five or six years conflict with a uniform three-year interpretation but may fit the older B2018 cohort. Clarify dates and counting convention; do not cap or infer a correction."
100965,"B_2018",1,"father_age",,"source_missing","missing","Keep NA. Use available observations for the specific outcome; no outcome imputation in point estimates."
100965,"B_2018",1,"father_educ",,"source_missing","missing","Keep NA. Use available observations for the specific outcome; no outcome imputation in point estimates."
100965,"B_2018",1,"father_income_high",,"source_missing","missing","Keep NA. Use available observations for the specific outcome; no outcome imputation in point estimates."
100965,"B_2018",1,"mother_age",,"source_missing","missing","Keep NA. Use available observations for the specific outcome; no outcome imputation in point estimates."
100965,"B_2018",1,"mother_educ",,"source_missing","missing","Keep NA. Use available observations for the specific outcome; no outcome imputation in point estimates."
100965,"B_2018",1,"neighborhood",,"source_missing","missing","Keep NA. Exclude from primary controls because coverage differs by cohort."
100965,"B_2018",1,"ses_stratum",,"source_missing","missing","Keep NA. Optional adjusted model uses cohort mean and a missing indicator."
100966,"A_2020",0,"father_educ",,"source_missing","missing","Keep NA. Use available observations for the specific outcome; no outcome imputation in point estimates."
100966,"A_2020",0,"father_income_high",,"source_missing","missing","Keep NA. Use available observations for the specific outcome; no outcome imputation in point estimates."
100966,"A_2020",0,"mother_educ",,"source_missing","missing","Keep NA. Use available observations for the specific outcome; no outcome imputation in point estimates."
100967,"B_2018",1,"years_in_school","years_in_school=6; baseline_age=13; followup_age=17; age_change=4; highest_grade=9","school_years_exceed_age_change_plus_1","review","Retain. Completed school years exceed reported age change plus a one-year diagnostic allowance. Age errors, varying followup horizons or school-year counting could explain this; do not cap the value or delete the applicant."
100967,"B_2018",1,"years_in_school","years_in_school=6; baseline_age=13; followup_age=17; age_change=4; highest_grade=9","school_years_since_allocation_above_4","review","Retain as a requested policy outcome with a timing/definition caveat. Five or six years conflict with a uniform three-year interpretation but may fit the older B2018 cohort. Clarify dates and counting convention; do not cap or infer a correction."
100967,"B_2018",1,"neighborhood",,"source_missing","missing","Keep NA. Exclude from primary controls because coverage differs by cohort."
100968,"A_2020",1,"mother_age",,"source_missing","missing","Keep NA. Use available observations for the specific outcome; no outcome imputation in point estimates."
100968,"A_2020",1,"mother_educ",,"source_missing","missing","Keep NA. Use available observations for the specific outcome; no outcome imputation in point estimates."
100969,"B_2018",1,"father_age",,"source_missing","missing","Keep NA. Use available observations for the specific outcome; no outcome imputation in point estimates."
100969,"B_2018",1,"father_educ",,"source_missing","missing","Keep NA. Use available observations for the specific outcome; no outcome imputation in point estimates."
100969,"B_2018",1,"father_income_high",,"source_missing","missing","Keep NA. Use available observations for the specific outcome; no outcome imputation in point estimates."
100969,"B_2018",1,"neighborhood",,"source_missing","missing","Keep NA. Exclude from primary controls because coverage differs by cohort."
100969,"B_2018",1,"ses_stratum",,"source_missing","missing","Keep NA. Optional adjusted model uses cohort mean and a missing indicator."
100970,"A_2020",0,"years_in_school","years_in_school=4; baseline_age=13; followup_age=15; age_change=2; highest_grade=8","school_years_exceed_age_change_plus_1","review","Retain. Completed school years exceed reported age change plus a one-year diagnostic allowance. Age errors, varying followup horizons or school-year counting could explain this; do not cap the value or delete the applicant."
100970,"A_2020",0,"ses_stratum",,"source_missing","missing","Keep NA. Optional adjusted model uses cohort mean and a missing indicator."
100971,"A_2020",1,"years_in_school","years_in_school=4; baseline_age=14; followup_age=16; age_change=2; highest_grade=8","school_years_exceed_age_change_plus_1","review","Retain. Completed school years exceed reported age change plus a one-year diagnostic allowance. Age errors, varying followup horizons or school-year counting could explain this; do not cap the value or delete the applicant."
100972,"A_2020",1,"years_in_school","years_in_school=4; baseline_age=13; followup_age=15; age_change=2; highest_grade=6","school_years_exceed_age_change_plus_1","review","Retain. Completed school years exceed reported age change plus a one-year diagnostic allowance. Age errors, varying followup horizons or school-year counting could explain this; do not cap the value or delete the applicant."
100973,"A_2020",0,"years_in_school","years_in_school=4; baseline_age=12; followup_age=14; age_change=2; highest_grade=7","school_years_exceed_age_change_plus_1","review","Retain. Completed school years exceed reported age change plus a one-year diagnostic allowance. Age errors, varying followup horizons or school-year counting could explain this; do not cap the value or delete the applicant."
100974,"A_2020",1,"years_in_school","years_in_school=5; baseline_age=13; followup_age=15; age_change=2; highest_grade=8","school_years_exceed_age_change_plus_1","review","Retain. Completed school years exceed reported age change plus a one-year diagnostic allowance. Age errors, varying followup horizons or school-year counting could explain this; do not cap the value or delete the applicant."
100974,"A_2020",1,"years_in_school","years_in_school=5; baseline_age=13; followup_age=15; age_change=2; highest_grade=8","school_years_since_allocation_above_4","review","Retain as a requested policy outcome with a timing/definition caveat. Five or six years conflict with a uniform three-year interpretation but may fit the older B2018 cohort. Clarify dates and counting convention; do not cap or infer a correction."
100975,"A_2020",1,"age_at_application",,"source_missing","missing","Keep NA. Optional adjusted model uses cohort mean and a missing indicator."
100975,"A_2020",1,"mother_educ",,"source_missing","missing","Keep NA. Use available observations for the specific outcome; no outcome imputation in point estimates."
100976,"B_2018",0,"years_in_school","years_in_school=6; baseline_age=12; followup_age=16; age_change=4; highest_grade=9","school_years_exceed_age_change_plus_1","review","Retain. Completed school years exceed reported age change plus a one-year diagnostic allowance. Age errors, varying followup horizons or school-year counting could explain this; do not cap the value or delete the applicant."
100976,"B_2018",0,"years_in_school","years_in_school=6; baseline_age=12; followup_age=16; age_change=4; highest_grade=9","school_years_since_allocation_above_4","review","Retain as a requested policy outcome with a timing/definition caveat. Five or six years conflict with a uniform three-year interpretation but may fit the older B2018 cohort. Clarify dates and counting convention; do not cap or infer a correction."
100976,"B_2018",0,"father_age",,"source_missing","missing","Keep NA. Use available observations for the specific outcome; no outcome imputation in point estimates."
100976,"B_2018",0,"mother_age",,"source_missing","missing","Keep NA. Use available observations for the specific outcome; no outcome imputation in point estimates."
100976,"B_2018",0,"neighborhood",,"source_missing","missing","Keep NA. Exclude from primary controls because coverage differs by cohort."
100976,"B_2018",0,"ses_stratum",,"source_missing","missing","Keep NA. Optional adjusted model uses cohort mean and a missing indicator."
100977,"A_2020",0,"years_in_school","years_in_school=4; baseline_age=12; followup_age=14; age_change=2; highest_grade=7","school_years_exceed_age_change_plus_1","review","Retain. Completed school years exceed reported age change plus a one-year diagnostic allowance. Age errors, varying followup horizons or school-year counting could explain this; do not cap the value or delete the applicant."
100977,"A_2020",0,"father_age",,"source_missing","missing","Keep NA. Use available observations for the specific outcome; no outcome imputation in point estimates."
100977,"A_2020",0,"father_educ",,"source_missing","missing","Keep NA. Use available observations for the specific outcome; no outcome imputation in point estimates."
100977,"A_2020",0,"father_income_high",,"source_missing","missing","Keep NA. Use available observations for the specific outcome; no outcome imputation in point estimates."
100978,"A_2020",0,"years_in_school","years_in_school=4; baseline_age=12; followup_age=14; age_change=2; highest_grade=8","school_years_exceed_age_change_plus_1","review","Retain. Completed school years exceed reported age change plus a one-year diagnostic allowance. Age errors, varying followup horizons or school-year counting could explain this; do not cap the value or delete the applicant."
100978,"A_2020",0,"neighborhood",,"source_missing","missing","Keep NA. Exclude from primary controls because coverage differs by cohort."
100978,"A_2020",0,"ses_stratum",,"source_missing","missing","Keep NA. Optional adjusted model uses cohort mean and a missing indicator."
100980,"A_2022",0,"age_at_survey","baseline=15; followup=15; change=0","age_change_outside_2_to_4_screen","review","Retain recorded ages and outcomes. Screening rule only. Systematic cohort differences require survey-date clarification, not automatic correction."
100980,"A_2022",0,"years_in_school","years_in_school=2; baseline_age=15; followup_age=15; age_change=0; highest_grade=5","school_years_exceed_age_change_plus_1","review","Retain. Completed school years exceed reported age change plus a one-year diagnostic allowance. Age errors, varying followup horizons or school-year counting could explain this; do not cap the value or delete the applicant."
100980,"A_2022",0,"father_age",,"source_missing","missing","Keep NA. Use available observations for the specific outcome; no outcome imputation in point estimates."
100980,"A_2022",0,"father_educ",,"source_missing","missing","Keep NA. Use available observations for the specific outcome; no outcome imputation in point estimates."
100980,"A_2022",0,"father_income_high",,"source_missing","missing","Keep NA. Use available observations for the specific outcome; no outcome imputation in point estimates."
100980,"A_2022",0,"neighborhood",,"source_missing","missing","Keep NA. Exclude from primary controls because coverage differs by cohort."
100982,"B_2018",0,"years_in_school","highest_grade=7; years_in_school=1","school_years_below_grade_progress_assuming_grade5_entry","review","Retain both fields. This screen assumes grade 5 completed at allocation. Missing baseline grade and uncertain counting convention prevent a verified correction."
100982,"B_2018",0,"age_at_application",,"source_missing","missing","Keep NA. Optional adjusted model uses cohort mean and a missing indicator."
100982,"B_2018",0,"father_age",,"source_missing","missing","Keep NA. Use available observations for the specific outcome; no outcome imputation in point estimates."
100982,"B_2018",0,"father_educ",,"source_missing","missing","Keep NA. Use available observations for the specific outcome; no outcome imputation in point estimates."
100982,"B_2018",0,"father_income_high",,"source_missing","missing","Keep NA. Use available observations for the specific outcome; no outcome imputation in point estimates."
100982,"B_2018",0,"neighborhood",,"source_missing","missing","Keep NA. Exclude from primary controls because coverage differs by cohort."
100983,"B_2018",0,"age_at_survey","baseline=11; followup=16; change=5","age_change_outside_2_to_4_screen","review","Retain recorded ages and outcomes. Screening rule only. Systematic cohort differences require survey-date clarification, not automatic correction."
100983,"B_2018",0,"years_in_school","years_in_school=6; baseline_age=11; followup_age=16; age_change=5; highest_grade=9","school_years_since_allocation_above_4","review","Retain as a requested policy outcome with a timing/definition caveat. Five or six years conflict with a uniform three-year interpretation but may fit the older B2018 cohort. Clarify dates and counting convention; do not cap or infer a correction."
100983,"B_2018",0,"neighborhood",,"source_missing","missing","Keep NA. Exclude from primary controls because coverage differs by cohort."
100984,"A_2020",1,"years_in_school","years_in_school=4; baseline_age=16; followup_age=18; age_change=2; highest_grade=8","school_years_exceed_age_change_plus_1","review","Retain. Completed school years exceed reported age change plus a one-year diagnostic allowance. Age errors, varying followup horizons or school-year counting could explain this; do not cap the value or delete the applicant."
100984,"A_2020",1,"father_educ",,"source_missing","missing","Keep NA. Use available observations for the specific outcome; no outcome imputation in point estimates."
100984,"A_2020",1,"father_income_high",,"source_missing","missing","Keep NA. Use available observations for the specific outcome; no outcome imputation in point estimates."
100985,"A_2020",1,"years_in_school","years_in_school=4; baseline_age=12; followup_age=14; age_change=2; highest_grade=8","school_years_exceed_age_change_plus_1","review","Retain. Completed school years exceed reported age change plus a one-year diagnostic allowance. Age errors, varying followup horizons or school-year counting could explain this; do not cap the value or delete the applicant."
100986,"A_2022",1,"age_at_survey","baseline=14; followup=15; change=1","age_change_outside_2_to_4_screen","review","Retain recorded ages and outcomes. Screening rule only. Systematic cohort differences require survey-date clarification, not automatic correction."
100986,"A_2022",1,"neighborhood",,"source_missing","missing","Keep NA. Exclude from primary controls because coverage differs by cohort."
100986,"A_2022",1,"ses_stratum",,"source_missing","missing","Keep NA. Optional adjusted model uses cohort mean and a missing indicator."
100987,"A_2020",1,"hours_worked","0","working_but_zero_weekly_hours","review","Retain. Could reflect temporary absence or reference-period differences; do not assume zero means missing."
100988,"A_2020",1,"years_in_school","years_in_school=4; baseline_age=11; followup_age=13; age_change=2; highest_grade=8","school_years_exceed_age_change_plus_1","review","Retain. Completed school years exceed reported age change plus a one-year diagnostic allowance. Age errors, varying followup horizons or school-year counting could explain this; do not cap the value or delete the applicant."
100989,"A_2020",0,"age_at_application",,"source_missing","missing","Keep NA. Optional adjusted model uses cohort mean and a missing indicator."
100989,"A_2020",0,"father_educ",,"source_missing","missing","Keep NA. Use available observations for the specific outcome; no outcome imputation in point estimates."
100989,"A_2020",0,"father_income_high",,"source_missing","missing","Keep NA. Use available observations for the specific outcome; no outcome imputation in point estimates."
100991,"A_2020",0,"father_age",,"source_missing","missing","Keep NA. Use available observations for the specific outcome; no outcome imputation in point estimates."
100991,"A_2020",0,"father_educ",,"source_missing","missing","Keep NA. Use available observations for the specific outcome; no outcome imputation in point estimates."
100991,"A_2020",0,"father_income_high",,"source_missing","missing","Keep NA. Use available observations for the specific outcome; no outcome imputation in point estimates."
100991,"A_2020",0,"neighborhood",,"source_missing","missing","Keep NA. Exclude from primary controls because coverage differs by cohort."
100992,"A_2022",0,"age_at_survey","baseline=14; followup=14; change=0","age_change_outside_2_to_4_screen","review","Retain recorded ages and outcomes. Screening rule only. Systematic cohort differences require survey-date clarification, not automatic correction."
100992,"A_2022",0,"years_in_school","years_in_school=2; baseline_age=14; followup_age=14; age_change=0; highest_grade=6","school_years_exceed_age_change_plus_1","review","Retain. Completed school years exceed reported age change plus a one-year diagnostic allowance. Age errors, varying followup horizons or school-year counting could explain this; do not cap the value or delete the applicant."
100992,"A_2022",0,"father_age",,"source_missing","missing","Keep NA. Use available observations for the specific outcome; no outcome imputation in point estimates."
100992,"A_2022",0,"father_educ",,"source_missing","missing","Keep NA. Use available observations for the specific outcome; no outcome imputation in point estimates."
100992,"A_2022",0,"father_income_high",,"source_missing","missing","Keep NA. Use available observations for the specific outcome; no outcome imputation in point estimates."
100992,"A_2022",0,"neighborhood",,"source_missing","missing","Keep NA. Exclude from primary controls because coverage differs by cohort."
100993,"A_2022",1,"neighborhood",,"source_missing","missing","Keep NA. Exclude from primary controls because coverage differs by cohort."
100994,"A_2020",0,"years_in_school","years_in_school=4; baseline_age=14; followup_age=16; age_change=2; highest_grade=8","school_years_exceed_age_change_plus_1","review","Retain. Completed school years exceed reported age change plus a one-year diagnostic allowance. Age errors, varying followup horizons or school-year counting could explain this; do not cap the value or delete the applicant."
100994,"A_2020",0,"father_age",,"source_missing","missing","Keep NA. Use available observations for the specific outcome; no outcome imputation in point estimates."
100994,"A_2020",0,"father_educ",,"source_missing","missing","Keep NA. Use available observations for the specific outcome; no outcome imputation in point estimates."
100994,"A_2020",0,"father_income_high",,"source_missing","missing","Keep NA. Use available observations for the specific outcome; no outcome imputation in point estimates."
100994,"A_2020",0,"hours_worked","0","working_but_zero_weekly_hours","review","Retain. Could reflect temporary absence or reference-period differences; do not assume zero means missing."
100995,"A_2022",1,"age_at_survey","baseline=14; followup=14; change=0","age_change_outside_2_to_4_screen","review","Retain recorded ages and outcomes. Screening rule only. Systematic cohort differences require survey-date clarification, not automatic correction."
100995,"A_2022",1,"years_in_school","years_in_school=4; baseline_age=14; followup_age=14; age_change=0; highest_grade=6","school_years_exceed_age_change_plus_1","review","Retain. Completed school years exceed reported age change plus a one-year diagnostic allowance. Age errors, varying followup horizons or school-year counting could explain this; do not cap the value or delete the applicant."
100995,"A_2022",1,"father_age",,"source_missing","missing","Keep NA. Use available observations for the specific outcome; no outcome imputation in point estimates."
100995,"A_2022",1,"father_educ",,"source_missing","missing","Keep NA. Use available observations for the specific outcome; no outcome imputation in point estimates."
100995,"A_2022",1,"father_income_high",,"source_missing","missing","Keep NA. Use available observations for the specific outcome; no outcome imputation in point estimates."
100995,"A_2022",1,"neighborhood",,"source_missing","missing","Keep NA. Exclude from primary controls because coverage differs by cohort."
100995,"A_2022",1,"ses_stratum",,"source_missing","missing","Keep NA. Optional adjusted model uses cohort mean and a missing indicator."
100996,"A_2022",0,"age_at_survey","baseline=15; followup=15; change=0","age_change_outside_2_to_4_screen","review","Retain recorded ages and outcomes. Screening rule only. Systematic cohort differences require survey-date clarification, not automatic correction."
100996,"A_2022",0,"years_in_school","years_in_school=2; baseline_age=15; followup_age=15; age_change=0; highest_grade=6","school_years_exceed_age_change_plus_1","review","Retain. Completed school years exceed reported age change plus a one-year diagnostic allowance. Age errors, varying followup horizons or school-year counting could explain this; do not cap the value or delete the applicant."
100996,"A_2022",0,"neighborhood",,"source_missing","missing","Keep NA. Exclude from primary controls because coverage differs by cohort."
100996,"A_2022",0,"ses_stratum",,"source_missing","missing","Keep NA. Optional adjusted model uses cohort mean and a missing indicator."
100997,"A_2020",0,"years_in_school","years_in_school=4; baseline_age=15; followup_age=17; age_change=2; highest_grade=7","school_years_exceed_age_change_plus_1","review","Retain. Completed school years exceed reported age change plus a one-year diagnostic allowance. Age errors, varying followup horizons or school-year counting could explain this; do not cap the value or delete the applicant."
100997,"A_2020",0,"neighborhood",,"source_missing","missing","Keep NA. Exclude from primary controls because coverage differs by cohort."
100997,"A_2020",0,"ses_stratum",,"source_missing","missing","Keep NA. Optional adjusted model uses cohort mean and a missing indicator."
100998,"B_2018",0,"years_in_school","years_in_school=6; baseline_age=14; followup_age=18; age_change=4; highest_grade=10","school_years_exceed_age_change_plus_1","review","Retain. Completed school years exceed reported age change plus a one-year diagnostic allowance. Age errors, varying followup horizons or school-year counting could explain this; do not cap the value or delete the applicant."
100998,"B_2018",0,"years_in_school","years_in_school=6; baseline_age=14; followup_age=18; age_change=4; highest_grade=10","school_years_since_allocation_above_4","review","Retain as a requested policy outcome with a timing/definition caveat. Five or six years conflict with a uniform three-year interpretation but may fit the older B2018 cohort. Clarify dates and counting convention; do not cap or infer a correction."
100998,"B_2018",0,"neighborhood",,"source_missing","missing","Keep NA. Exclude from primary controls because coverage differs by cohort."
100999,"A_2020",1,"father_age",,"source_missing","missing","Keep NA. Use available observations for the specific outcome; no outcome imputation in point estimates."
100999,"A_2020",1,"father_educ",,"source_missing","missing","Keep NA. Use available observations for the specific outcome; no outcome imputation in point estimates."
100999,"A_2020",1,"father_income_high",,"source_missing","missing","Keep NA. Use available observations for the specific outcome; no outcome imputation in point estimates."
101001,"A_2020",1,"father_age",,"source_missing","missing","Keep NA. Use available observations for the specific outcome; no outcome imputation in point estimates."
101001,"A_2020",1,"father_educ",,"source_missing","missing","Keep NA. Use available observations for the specific outcome; no outcome imputation in point estimates."
101001,"A_2020",1,"mother_age",,"source_missing","missing","Keep NA. Use available observations for the specific outcome; no outcome imputation in point estimates."
101001,"A_2020",1,"mother_educ",,"source_missing","missing","Keep NA. Use available observations for the specific outcome; no outcome imputation in point estimates."
101002,"A_2022",0,"age_at_survey","baseline=13; followup=14; change=1","age_change_outside_2_to_4_screen","review","Retain recorded ages and outcomes. Screening rule only. Systematic cohort differences require survey-date clarification, not automatic correction."
101002,"A_2022",0,"father_age",,"source_missing","missing","Keep NA. Use available observations for the specific outcome; no outcome imputation in point estimates."
101002,"A_2022",0,"father_educ",,"source_missing","missing","Keep NA. Use available observations for the specific outcome; no outcome imputation in point estimates."
101002,"A_2022",0,"father_income_high",,"source_missing","missing","Keep NA. Use available observations for the specific outcome; no outcome imputation in point estimates."
101002,"A_2022",0,"neighborhood",,"source_missing","missing","Keep NA. Exclude from primary controls because coverage differs by cohort."
101003,"A_2022",0,"age_at_survey","baseline=14; followup=13; change=-1","age_change_outside_2_to_4_screen","review","Retain recorded ages and outcomes. Screening rule only. Systematic cohort differences require survey-date clarification, not automatic correction."
101003,"A_2022",0,"age_at_survey","baseline=14; followup=13; change=-1","age_decreased","inconsistent","Followup age clean set to NA; retain baseline age and schooling outcomes. Cannot determine which source age is wrong. Exclusion sensitivity reported."
101003,"A_2022",0,"years_in_school","years_in_school=2; baseline_age=14; followup_age=13; age_change=-1; highest_grade=6","school_years_exceed_age_change_plus_1","review","Retain. Completed school years exceed reported age change plus a one-year diagnostic allowance. Age errors, varying followup horizons or school-year counting could explain this; do not cap the value or delete the applicant."
101003,"A_2022",0,"neighborhood",,"source_missing","missing","Keep NA. Exclude from primary controls because coverage differs by cohort."
101004,"A_2020",0,"years_in_school","years_in_school=4; baseline_age=11; followup_age=13; age_change=2; highest_grade=8","school_years_exceed_age_change_plus_1","review","Retain. Completed school years exceed reported age change plus a one-year diagnostic allowance. Age errors, varying followup horizons or school-year counting could explain this; do not cap the value or delete the applicant."
101005,"A_2020",0,"years_in_school","years_in_school=4; baseline_age=11; followup_age=13; age_change=2; highest_grade=8","school_years_exceed_age_change_plus_1","review","Retain. Completed school years exceed reported age change plus a one-year diagnostic allowance. Age errors, varying followup horizons or school-year counting could explain this; do not cap the value or delete the applicant."
101005,"A_2020",0,"father_educ",,"source_missing","missing","Keep NA. Use available observations for the specific outcome; no outcome imputation in point estimates."
101006,"A_2020",0,"years_in_school","years_in_school=4; baseline_age=15; followup_age=17; age_change=2; highest_grade=8","school_years_exceed_age_change_plus_1","review","Retain. Completed school years exceed reported age change plus a one-year diagnostic allowance. Age errors, varying followup horizons or school-year counting could explain this; do not cap the value or delete the applicant."
101006,"A_2020",0,"neighborhood",,"source_missing","missing","Keep NA. Exclude from primary controls because coverage differs by cohort."
101007,"A_2022",1,"age_at_survey","baseline=11; followup=11; change=0","age_change_outside_2_to_4_screen","review","Retain recorded ages and outcomes. Screening rule only. Systematic cohort differences require survey-date clarification, not automatic correction."
101007,"A_2022",1,"years_in_school","years_in_school=2; baseline_age=11; followup_age=11; age_change=0; highest_grade=6","school_years_exceed_age_change_plus_1","review","Retain. Completed school years exceed reported age change plus a one-year diagnostic allowance. Age errors, varying followup horizons or school-year counting could explain this; do not cap the value or delete the applicant."
101007,"A_2022",1,"neighborhood",,"source_missing","missing","Keep NA. Exclude from primary controls because coverage differs by cohort."
101008,"B_2018",0,"age_at_survey","baseline=12; followup=17; change=5","age_change_outside_2_to_4_screen","review","Retain recorded ages and outcomes. Screening rule only. Systematic cohort differences require survey-date clarification, not automatic correction."
101008,"B_2018",0,"years_in_school","years_in_school=5; baseline_age=12; followup_age=17; age_change=5; highest_grade=9","school_years_since_allocation_above_4","review","Retain as a requested policy outcome with a timing/definition caveat. Five or six years conflict with a uniform three-year interpretation but may fit the older B2018 cohort. Clarify dates and counting convention; do not cap or infer a correction."
101008,"B_2018",0,"neighborhood",,"source_missing","missing","Keep NA. Exclude from primary controls because coverage differs by cohort."
101009,"A_2020",0,"father_age",,"source_missing","missing","Keep NA. Use available observations for the specific outcome; no outcome imputation in point estimates."
101009,"A_2020",0,"father_educ",,"source_missing","missing","Keep NA. Use available observations for the specific outcome; no outcome imputation in point estimates."
101009,"A_2020",0,"father_income_high",,"source_missing","missing","Keep NA. Use available observations for the specific outcome; no outcome imputation in point estimates."
101009,"A_2020",0,"neighborhood",,"source_missing","missing","Keep NA. Exclude from primary controls because coverage differs by cohort."
101010,"B_2018",1,"years_in_school","years_in_school=6; baseline_age=11; followup_age=15; age_change=4; highest_grade=9","school_years_exceed_age_change_plus_1","review","Retain. Completed school years exceed reported age change plus a one-year diagnostic allowance. Age errors, varying followup horizons or school-year counting could explain this; do not cap the value or delete the applicant."
101010,"B_2018",1,"years_in_school","years_in_school=6; baseline_age=11; followup_age=15; age_change=4; highest_grade=9","school_years_since_allocation_above_4","review","Retain as a requested policy outcome with a timing/definition caveat. Five or six years conflict with a uniform three-year interpretation but may fit the older B2018 cohort. Clarify dates and counting convention; do not cap or infer a correction."
101010,"B_2018",1,"neighborhood",,"source_missing","missing","Keep NA. Exclude from primary controls because coverage differs by cohort."
101011,"A_2022",1,"age_at_survey","baseline=11; followup=11; change=0","age_change_outside_2_to_4_screen","review","Retain recorded ages and outcomes. Screening rule only. Systematic cohort differences require survey-date clarification, not automatic correction."
101011,"A_2022",1,"years_in_school","years_in_school=2; baseline_age=11; followup_age=11; age_change=0; highest_grade=5","school_years_exceed_age_change_plus_1","review","Retain. Completed school years exceed reported age change plus a one-year diagnostic allowance. Age errors, varying followup horizons or school-year counting could explain this; do not cap the value or delete the applicant."
101011,"A_2022",1,"neighborhood",,"source_missing","missing","Keep NA. Exclude from primary controls because coverage differs by cohort."
101012,"A_2020",1,"years_in_school","years_in_school=4; baseline_age=12; followup_age=14; age_change=2; highest_grade=8","school_years_exceed_age_change_plus_1","review","Retain. Completed school years exceed reported age change plus a one-year diagnostic allowance. Age errors, varying followup horizons or school-year counting could explain this; do not cap the value or delete the applicant."
101013,"A_2020",0,"mother_age",,"source_missing","missing","Keep NA. Use available observations for the specific outcome; no outcome imputation in point estimates."
101013,"A_2020",0,"mother_educ",,"source_missing","missing","Keep NA. Use available observations for the specific outcome; no outcome imputation in point estimates."
101013,"A_2020",0,"neighborhood",,"source_missing","missing","Keep NA. Exclude from primary controls because coverage differs by cohort."
101015,"A_2020",0,"hours_worked","0","working_but_zero_weekly_hours","review","Retain. Could reflect temporary absence or reference-period differences; do not assume zero means missing."
101016,"A_2020",0,"father_age",,"source_missing","missing","Keep NA. Use available observations for the specific outcome; no outcome imputation in point estimates."
101016,"A_2020",0,"father_educ",,"source_missing","missing","Keep NA. Use available observations for the specific outcome; no outcome imputation in point estimates."
101016,"A_2020",0,"father_income_high",,"source_missing","missing","Keep NA. Use available observations for the specific outcome; no outcome imputation in point estimates."
101016,"A_2020",0,"neighborhood",,"source_missing","missing","Keep NA. Exclude from primary controls because coverage differs by cohort."
101016,"A_2020",0,"ses_stratum",,"source_missing","missing","Keep NA. Optional adjusted model uses cohort mean and a missing indicator."
101018,"A_2020",0,"age_at_survey",,"source_missing","missing","Keep NA. Use available observations for the specific outcome; no outcome imputation in point estimates."
101018,"A_2020",0,"ever_repeated",,"source_missing","missing","Keep NA. Use available observations for the specific outcome; no outcome imputation in point estimates."
101018,"A_2020",0,"father_age",,"source_missing","missing","Keep NA. Use available observations for the specific outcome; no outcome imputation in point estimates."
101018,"A_2020",0,"father_educ",,"source_missing","missing","Keep NA. Use available observations for the specific outcome; no outcome imputation in point estimates."
101018,"A_2020",0,"father_income_high",,"source_missing","missing","Keep NA. Use available observations for the specific outcome; no outcome imputation in point estimates."
101018,"A_2020",0,"finished_g6",,"source_missing","missing","Keep NA. Use available observations for the specific outcome; no outcome imputation in point estimates."
101018,"A_2020",0,"finished_g7",,"source_missing","missing","Keep NA. Use available observations for the specific outcome; no outcome imputation in point estimates."
101018,"A_2020",0,"finished_g8",,"source_missing","missing","Keep NA. Use available observations for the specific outcome; no outcome imputation in point estimates."
101018,"A_2020",0,"has_child",,"source_missing","missing","Keep NA. Use available observations for the specific outcome; no outcome imputation in point estimates."
101018,"A_2020",0,"hours_worked",,"source_missing","missing","Keep NA. Use available observations for the specific outcome; no outcome imputation in point estimates."
101018,"A_2020",0,"in_private_now",,"source_missing","missing","Keep NA. Use available observations for the specific outcome; no outcome imputation in point estimates."
101018,"A_2020",0,"in_school_now",,"source_missing","missing","Keep NA. Use available observations for the specific outcome; no outcome imputation in point estimates."
101018,"A_2020",0,"married_or_cohab",,"source_missing","missing","Keep NA. Use available observations for the specific outcome; no outcome imputation in point estimates."
101018,"A_2020",0,"mother_age",,"source_missing","missing","Keep NA. Use available observations for the specific outcome; no outcome imputation in point estimates."
101018,"A_2020",0,"mother_educ",,"source_missing","missing","Keep NA. Use available observations for the specific outcome; no outcome imputation in point estimates."
101018,"A_2020",0,"receiving_aid_now",,"source_missing","missing","Keep NA. Use available observations for the specific outcome; no outcome imputation in point estimates."
101018,"A_2020",0,"repeats_g6",,"source_missing","missing","Keep NA. Use available observations for the specific outcome; no outcome imputation in point estimates."
101018,"A_2020",0,"ses_stratum",,"source_missing","missing","Keep NA. Optional adjusted model uses cohort mean and a missing indicator."
101018,"A_2020",0,"started_g6_private",,"source_missing","missing","Keep NA. Use available observations for the specific outcome; no outcome imputation in point estimates."
101018,"A_2020",0,"started_g7_private",,"source_missing","missing","Keep NA. Use available observations for the specific outcome; no outcome imputation in point estimates."
101018,"A_2020",0,"total_repeats",,"source_missing","missing","Keep NA. Use available observations for the specific outcome; no outcome imputation in point estimates."
101018,"A_2020",0,"working",,"source_missing","missing","Keep NA. Use available observations for the specific outcome; no outcome imputation in point estimates."
101018,"A_2020",0,"years_in_school",,"source_missing","missing","Keep NA. Use available observations for the specific outcome; no outcome imputation in point estimates."
101019,"A_2020",1,"years_in_school","years_in_school=4; baseline_age=15; followup_age=17; age_change=2; highest_grade=8","school_years_exceed_age_change_plus_1","review","Retain. Completed school years exceed reported age change plus a one-year diagnostic allowance. Age errors, varying followup horizons or school-year counting could explain this; do not cap the value or delete the applicant."
101020,"A_2020",0,"age_at_application",,"source_missing","missing","Keep NA. Optional adjusted model uses cohort mean and a missing indicator."
101021,"A_2020",0,"father_income_high",,"source_missing","missing","Keep NA. Use available observations for the specific outcome; no outcome imputation in point estimates."
101021,"A_2020",0,"neighborhood",,"source_missing","missing","Keep NA. Exclude from primary controls because coverage differs by cohort."
101022,"A_2022",0,"age_at_survey","baseline=13; followup=14; change=1","age_change_outside_2_to_4_screen","review","Retain recorded ages and outcomes. Screening rule only. Systematic cohort differences require survey-date clarification, not automatic correction."
101022,"A_2022",0,"father_age",,"source_missing","missing","Keep NA. Use available observations for the specific outcome; no outcome imputation in point estimates."
101022,"A_2022",0,"father_educ",,"source_missing","missing","Keep NA. Use available observations for the specific outcome; no outcome imputation in point estimates."
101022,"A_2022",0,"father_income_high",,"source_missing","missing","Keep NA. Use available observations for the specific outcome; no outcome imputation in point estimates."
101022,"A_2022",0,"mother_age",,"source_missing","missing","Keep NA. Use available observations for the specific outcome; no outcome imputation in point estimates."
101022,"A_2022",0,"mother_educ",,"source_missing","missing","Keep NA. Use available observations for the specific outcome; no outcome imputation in point estimates."
101022,"A_2022",0,"neighborhood",,"source_missing","missing","Keep NA. Exclude from primary controls because coverage differs by cohort."
101022,"A_2022",0,"ses_stratum",,"source_missing","missing","Keep NA. Optional adjusted model uses cohort mean and a missing indicator."
101023,"A_2020",1,"neighborhood",,"source_missing","missing","Keep NA. Exclude from primary controls because coverage differs by cohort."
101024,"A_2020",0,"neighborhood",,"source_missing","missing","Keep NA. Exclude from primary controls because coverage differs by cohort."
101025,"A_2020",0,"years_in_school","years_in_school=4; baseline_age=12; followup_age=14; age_change=2; highest_grade=8","school_years_exceed_age_change_plus_1","review","Retain. Completed school years exceed reported age change plus a one-year diagnostic allowance. Age errors, varying followup horizons or school-year counting could explain this; do not cap the value or delete the applicant."
101025,"A_2020",0,"father_educ",,"source_missing","missing","Keep NA. Use available observations for the specific outcome; no outcome imputation in point estimates."
101025,"A_2020",0,"father_income_high",,"source_missing","missing","Keep NA. Use available observations for the specific outcome; no outcome imputation in point estimates."
101025,"A_2020",0,"neighborhood",,"source_missing","missing","Keep NA. Exclude from primary controls because coverage differs by cohort."
101026,"A_2022",1,"age_at_survey","baseline=14; followup=13; change=-1","age_change_outside_2_to_4_screen","review","Retain recorded ages and outcomes. Screening rule only. Systematic cohort differences require survey-date clarification, not automatic correction."
101026,"A_2022",1,"age_at_survey","baseline=14; followup=13; change=-1","age_decreased","inconsistent","Followup age clean set to NA; retain baseline age and schooling outcomes. Cannot determine which source age is wrong. Exclusion sensitivity reported."
101026,"A_2022",1,"years_in_school","years_in_school=2; baseline_age=14; followup_age=13; age_change=-1; highest_grade=6","school_years_exceed_age_change_plus_1","review","Retain. Completed school years exceed reported age change plus a one-year diagnostic allowance. Age errors, varying followup horizons or school-year counting could explain this; do not cap the value or delete the applicant."
101026,"A_2022",1,"neighborhood",,"source_missing","missing","Keep NA. Exclude from primary controls because coverage differs by cohort."
101027,"A_2020",1,"neighborhood",,"source_missing","missing","Keep NA. Exclude from primary controls because coverage differs by cohort."
101027,"A_2020",1,"ses_stratum",,"source_missing","missing","Keep NA. Optional adjusted model uses cohort mean and a missing indicator."
101028,"A_2020",0,"years_in_school","years_in_school=4; baseline_age=13; followup_age=15; age_change=2; highest_grade=8","school_years_exceed_age_change_plus_1","review","Retain. Completed school years exceed reported age change plus a one-year diagnostic allowance. Age errors, varying followup horizons or school-year counting could explain this; do not cap the value or delete the applicant."
101028,"A_2020",0,"father_age",,"source_missing","missing","Keep NA. Use available observations for the specific outcome; no outcome imputation in point estimates."
101028,"A_2020",0,"father_educ",,"source_missing","missing","Keep NA. Use available observations for the specific outcome; no outcome imputation in point estimates."
101028,"A_2020",0,"father_income_high",,"source_missing","missing","Keep NA. Use available observations for the specific outcome; no outcome imputation in point estimates."
101029,"A_2020",1,"years_in_school","years_in_school=4; baseline_age=12; followup_age=14; age_change=2; highest_grade=8","school_years_exceed_age_change_plus_1","review","Retain. Completed school years exceed reported age change plus a one-year diagnostic allowance. Age errors, varying followup horizons or school-year counting could explain this; do not cap the value or delete the applicant."
101030,"B_2018",1,"age_at_survey","baseline=13; followup=18; change=5","age_change_outside_2_to_4_screen","review","Retain recorded ages and outcomes. Screening rule only. Systematic cohort differences require survey-date clarification, not automatic correction."
101030,"B_2018",1,"years_in_school","years_in_school=6; baseline_age=13; followup_age=18; age_change=5; highest_grade=9","school_years_since_allocation_above_4","review","Retain as a requested policy outcome with a timing/definition caveat. Five or six years conflict with a uniform three-year interpretation but may fit the older B2018 cohort. Clarify dates and counting convention; do not cap or infer a correction."
101030,"B_2018",1,"neighborhood",,"source_missing","missing","Keep NA. Exclude from primary controls because coverage differs by cohort."
101030,"B_2018",1,"ses_stratum",,"source_missing","missing","Keep NA. Optional adjusted model uses cohort mean and a missing indicator."
101031,"A_2022",0,"age_at_survey","baseline=14; followup=15; change=1","age_change_outside_2_to_4_screen","review","Retain recorded ages and outcomes. Screening rule only. Systematic cohort differences require survey-date clarification, not automatic correction."
101031,"A_2022",0,"father_age",,"source_missing","missing","Keep NA. Use available observations for the specific outcome; no outcome imputation in point estimates."
101031,"A_2022",0,"father_educ",,"source_missing","missing","Keep NA. Use available observations for the specific outcome; no outcome imputation in point estimates."
101031,"A_2022",0,"father_income_high",,"source_missing","missing","Keep NA. Use available observations for the specific outcome; no outcome imputation in point estimates."
101031,"A_2022",0,"neighborhood",,"source_missing","missing","Keep NA. Exclude from primary controls because coverage differs by cohort."
101032,"A_2020",0,"father_age",,"source_missing","missing","Keep NA. Use available observations for the specific outcome; no outcome imputation in point estimates."
101032,"A_2020",0,"father_educ",,"source_missing","missing","Keep NA. Use available observations for the specific outcome; no outcome imputation in point estimates."
101032,"A_2020",0,"father_income_high",,"source_missing","missing","Keep NA. Use available observations for the specific outcome; no outcome imputation in point estimates."
101033,"A_2020",1,"years_in_school","years_in_school=4; baseline_age=11; followup_age=13; age_change=2; highest_grade=8","school_years_exceed_age_change_plus_1","review","Retain. Completed school years exceed reported age change plus a one-year diagnostic allowance. Age errors, varying followup horizons or school-year counting could explain this; do not cap the value or delete the applicant."
101035,"A_2020",0,"age_at_application",,"source_missing","missing","Keep NA. Optional adjusted model uses cohort mean and a missing indicator."
101035,"A_2020",0,"ses_stratum",,"source_missing","missing","Keep NA. Optional adjusted model uses cohort mean and a missing indicator."
101037,"A_2020",1,"father_age",,"source_missing","missing","Keep NA. Use available observations for the specific outcome; no outcome imputation in point estimates."
101037,"A_2020",1,"father_educ",,"source_missing","missing","Keep NA. Use available observations for the specific outcome; no outcome imputation in point estimates."
101037,"A_2020",1,"father_income_high",,"source_missing","missing","Keep NA. Use available observations for the specific outcome; no outcome imputation in point estimates."
101037,"A_2020",1,"neighborhood",,"source_missing","missing","Keep NA. Exclude from primary controls because coverage differs by cohort."
101039,"A_2020",0,"years_in_school","years_in_school=4; baseline_age=13; followup_age=15; age_change=2; highest_grade=8","school_years_exceed_age_change_plus_1","review","Retain. Completed school years exceed reported age change plus a one-year diagnostic allowance. Age errors, varying followup horizons or school-year counting could explain this; do not cap the value or delete the applicant."
101039,"A_2020",0,"hours_worked","0","working_but_zero_weekly_hours","review","Retain. Could reflect temporary absence or reference-period differences; do not assume zero means missing."
101040,"A_2020",1,"years_in_school","years_in_school=4; baseline_age=11; followup_age=13; age_change=2; highest_grade=8","school_years_exceed_age_change_plus_1","review","Retain. Completed school years exceed reported age change plus a one-year diagnostic allowance. Age errors, varying followup horizons or school-year counting could explain this; do not cap the value or delete the applicant."
101041,"A_2020",1,"years_in_school","years_in_school=4; baseline_age=12; followup_age=14; age_change=2; highest_grade=8","school_years_exceed_age_change_plus_1","review","Retain. Completed school years exceed reported age change plus a one-year diagnostic allowance. Age errors, varying followup horizons or school-year counting could explain this; do not cap the value or delete the applicant."
101041,"A_2020",1,"father_age",,"source_missing","missing","Keep NA. Use available observations for the specific outcome; no outcome imputation in point estimates."
101041,"A_2020",1,"father_educ",,"source_missing","missing","Keep NA. Use available observations for the specific outcome; no outcome imputation in point estimates."
101041,"A_2020",1,"ses_stratum",,"source_missing","missing","Keep NA. Optional adjusted model uses cohort mean and a missing indicator."
101042,"A_2020",1,"neighborhood",,"source_missing","missing","Keep NA. Exclude from primary controls because coverage differs by cohort."
101042,"A_2020",1,"ses_stratum",,"source_missing","missing","Keep NA. Optional adjusted model uses cohort mean and a missing indicator."
101043,"A_2020",1,"years_in_school","years_in_school=4; baseline_age=14; followup_age=16; age_change=2; highest_grade=8","school_years_exceed_age_change_plus_1","review","Retain. Completed school years exceed reported age change plus a one-year diagnostic allowance. Age errors, varying followup horizons or school-year counting could explain this; do not cap the value or delete the applicant."
101043,"A_2020",1,"father_educ",,"source_missing","missing","Keep NA. Use available observations for the specific outcome; no outcome imputation in point estimates."
101043,"A_2020",1,"father_income_high",,"source_missing","missing","Keep NA. Use available observations for the specific outcome; no outcome imputation in point estimates."
101044,"A_2020",0,"years_in_school","years_in_school=4; baseline_age=12; followup_age=14; age_change=2; highest_grade=8","school_years_exceed_age_change_plus_1","review","Retain. Completed school years exceed reported age change plus a one-year diagnostic allowance. Age errors, varying followup horizons or school-year counting could explain this; do not cap the value or delete the applicant."
101045,"A_2020",1,"years_in_school","years_in_school=4; baseline_age=11; followup_age=13; age_change=2; highest_grade=8","school_years_exceed_age_change_plus_1","review","Retain. Completed school years exceed reported age change plus a one-year diagnostic allowance. Age errors, varying followup horizons or school-year counting could explain this; do not cap the value or delete the applicant."
101046,"B_2018",1,"father_age",,"source_missing","missing","Keep NA. Use available observations for the specific outcome; no outcome imputation in point estimates."
101046,"B_2018",1,"father_educ",,"source_missing","missing","Keep NA. Use available observations for the specific outcome; no outcome imputation in point estimates."
101046,"B_2018",1,"father_income_high",,"source_missing","missing","Keep NA. Use available observations for the specific outcome; no outcome imputation in point estimates."
101046,"B_2018",1,"mother_age",,"source_missing","missing","Keep NA. Use available observations for the specific outcome; no outcome imputation in point estimates."
101046,"B_2018",1,"mother_educ",,"source_missing","missing","Keep NA. Use available observations for the specific outcome; no outcome imputation in point estimates."
101046,"B_2018",1,"neighborhood",,"source_missing","missing","Keep NA. Exclude from primary controls because coverage differs by cohort."
101046,"B_2018",1,"ses_stratum",,"source_missing","missing","Keep NA. Optional adjusted model uses cohort mean and a missing indicator."
101047,"A_2020",0,"father_age","father_age=19; child_age=15","parent_age_gap_below_12_or_age_above_80","review","Flag without changing. Biological relation and age validity cannot be verified. Exclude all followup parent ages from controls."
101047,"A_2020",0,"neighborhood",,"source_missing","missing","Keep NA. Exclude from primary controls because coverage differs by cohort."
101048,"A_2022",1,"age_at_survey","baseline=11; followup=11; change=0","age_change_outside_2_to_4_screen","review","Retain recorded ages and outcomes. Screening rule only. Systematic cohort differences require survey-date clarification, not automatic correction."
101048,"A_2022",1,"years_in_school","years_in_school=2; baseline_age=11; followup_age=11; age_change=0; highest_grade=6","school_years_exceed_age_change_plus_1","review","Retain. Completed school years exceed reported age change plus a one-year diagnostic allowance. Age errors, varying followup horizons or school-year counting could explain this; do not cap the value or delete the applicant."
101048,"A_2022",1,"father_income_high",,"source_missing","missing","Keep NA. Use available observations for the specific outcome; no outcome imputation in point estimates."
101048,"A_2022",1,"neighborhood",,"source_missing","missing","Keep NA. Exclude from primary controls because coverage differs by cohort."
101049,"A_2020",0,"father_educ",,"source_missing","missing","Keep NA. Use available observations for the specific outcome; no outcome imputation in point estimates."
101049,"A_2020",0,"mother_educ",,"source_missing","missing","Keep NA. Use available observations for the specific outcome; no outcome imputation in point estimates."
101049,"A_2020",0,"ses_stratum",,"source_missing","missing","Keep NA. Optional adjusted model uses cohort mean and a missing indicator."
101050,"A_2020",0,"father_educ",,"source_missing","missing","Keep NA. Use available observations for the specific outcome; no outcome imputation in point estimates."
101050,"A_2020",0,"father_income_high",,"source_missing","missing","Keep NA. Use available observations for the specific outcome; no outcome imputation in point estimates."
101051,"A_2020",1,"years_in_school","years_in_school=4; baseline_age=11; followup_age=13; age_change=2; highest_grade=7","school_years_exceed_age_change_plus_1","review","Retain. Completed school years exceed reported age change plus a one-year diagnostic allowance. Age errors, varying followup horizons or school-year counting could explain this; do not cap the value or delete the applicant."
101051,"A_2020",1,"ses_stratum",,"source_missing","missing","Keep NA. Optional adjusted model uses cohort mean and a missing indicator."
101052,"A_2022",0,"age_at_survey","baseline=12; followup=12; change=0","age_change_outside_2_to_4_screen","review","Retain recorded ages and outcomes. Screening rule only. Systematic cohort differences require survey-date clarification, not automatic correction."
101052,"A_2022",0,"years_in_school","years_in_school=2; baseline_age=12; followup_age=12; age_change=0; highest_grade=6","school_years_exceed_age_change_plus_1","review","Retain. Completed school years exceed reported age change plus a one-year diagnostic allowance. Age errors, varying followup horizons or school-year counting could explain this; do not cap the value or delete the applicant."
101052,"A_2022",0,"neighborhood",,"source_missing","missing","Keep NA. Exclude from primary controls because coverage differs by cohort."
101053,"A_2020",0,"neighborhood",,"source_missing","missing","Keep NA. Exclude from primary controls because coverage differs by cohort."
101053,"A_2020",0,"ses_stratum",,"source_missing","missing","Keep NA. Optional adjusted model uses cohort mean and a missing indicator."
101054,"A_2020",1,"years_in_school","years_in_school=4; baseline_age=12; followup_age=14; age_change=2; highest_grade=8","school_years_exceed_age_change_plus_1","review","Retain. Completed school years exceed reported age change plus a one-year diagnostic allowance. Age errors, varying followup horizons or school-year counting could explain this; do not cap the value or delete the applicant."
101054,"A_2020",1,"father_age",,"source_missing","missing","Keep NA. Use available observations for the specific outcome; no outcome imputation in point estimates."
101054,"A_2020",1,"father_educ",,"source_missing","missing","Keep NA. Use available observations for the specific outcome; no outcome imputation in point estimates."
101054,"A_2020",1,"father_income_high",,"source_missing","missing","Keep NA. Use available observations for the specific outcome; no outcome imputation in point estimates."
101054,"A_2020",1,"neighborhood",,"source_missing","missing","Keep NA. Exclude from primary controls because coverage differs by cohort."
101055,"A_2020",0,"years_in_school","years_in_school=6; baseline_age=15; followup_age=17; age_change=2; highest_grade=9","school_years_exceed_age_change_plus_1","review","Retain. Completed school years exceed reported age change plus a one-year diagnostic allowance. Age errors, varying followup horizons or school-year counting could explain this; do not cap the value or delete the applicant."
101055,"A_2020",0,"years_in_school","years_in_school=6; baseline_age=15; followup_age=17; age_change=2; highest_grade=9","school_years_since_allocation_above_4","review","Retain as a requested policy outcome with a timing/definition caveat. Five or six years conflict with a uniform three-year interpretation but may fit the older B2018 cohort. Clarify dates and counting convention; do not cap or infer a correction."
101057,"A_2020",1,"father_age",,"source_missing","missing","Keep NA. Use available observations for the specific outcome; no outcome imputation in point estimates."
101057,"A_2020",1,"father_educ",,"source_missing","missing","Keep NA. Use available observations for the specific outcome; no outcome imputation in point estimates."
101057,"A_2020",1,"father_income_high",,"source_missing","missing","Keep NA. Use available observations for the specific outcome; no outcome imputation in point estimates."
101058,"A_2020",0,"years_in_school","years_in_school=6; baseline_age=14; followup_age=18; age_change=4; highest_grade=10","school_years_exceed_age_change_plus_1","review","Retain. Completed school years exceed reported age change plus a one-year diagnostic allowance. Age errors, varying followup horizons or school-year counting could explain this; do not cap the value or delete the applicant."
101058,"A_2020",0,"years_in_school","years_in_school=6; baseline_age=14; followup_age=18; age_change=4; highest_grade=10","school_years_since_allocation_above_4","review","Retain as a requested policy outcome with a timing/definition caveat. Five or six years conflict with a uniform three-year interpretation but may fit the older B2018 cohort. Clarify dates and counting convention; do not cap or infer a correction."
101061,"A_2022",1,"age_at_survey","baseline=11; followup=12; change=1","age_change_outside_2_to_4_screen","review","Retain recorded ages and outcomes. Screening rule only. Systematic cohort differences require survey-date clarification, not automatic correction."
101061,"A_2022",1,"father_income_high",,"source_missing","missing","Keep NA. Use available observations for the specific outcome; no outcome imputation in point estimates."
101061,"A_2022",1,"neighborhood",,"source_missing","missing","Keep NA. Exclude from primary controls because coverage differs by cohort."
101062,"A_2020",0,"father_age",,"source_missing","missing","Keep NA. Use available observations for the specific outcome; no outcome imputation in point estimates."
101062,"A_2020",0,"father_educ",,"source_missing","missing","Keep NA. Use available observations for the specific outcome; no outcome imputation in point estimates."
101062,"A_2020",0,"father_income_high",,"source_missing","missing","Keep NA. Use available observations for the specific outcome; no outcome imputation in point estimates."
101062,"A_2020",0,"neighborhood",,"source_missing","missing","Keep NA. Exclude from primary controls because coverage differs by cohort."
101063,"A_2020",1,"years_in_school","years_in_school=4; baseline_age=11; followup_age=13; age_change=2; highest_grade=8","school_years_exceed_age_change_plus_1","review","Retain. Completed school years exceed reported age change plus a one-year diagnostic allowance. Age errors, varying followup horizons or school-year counting could explain this; do not cap the value or delete the applicant."
101064,"A_2020",1,"years_in_school","years_in_school=4; baseline_age=13; followup_age=15; age_change=2; highest_grade=5","school_years_exceed_age_change_plus_1","review","Retain. Completed school years exceed reported age change plus a one-year diagnostic allowance. Age errors, varying followup horizons or school-year counting could explain this; do not cap the value or delete the applicant."
101064,"A_2020",1,"father_educ",,"source_missing","missing","Keep NA. Use available observations for the specific outcome; no outcome imputation in point estimates."
101064,"A_2020",1,"mother_educ",,"source_missing","missing","Keep NA. Use available observations for the specific outcome; no outcome imputation in point estimates."
101065,"A_2022",1,"age_at_survey","baseline=11; followup=12; change=1","age_change_outside_2_to_4_screen","review","Retain recorded ages and outcomes. Screening rule only. Systematic cohort differences require survey-date clarification, not automatic correction."
101065,"A_2022",1,"neighborhood",,"source_missing","missing","Keep NA. Exclude from primary controls because coverage differs by cohort."
101066,"A_2020",0,"neighborhood",,"source_missing","missing","Keep NA. Exclude from primary controls because coverage differs by cohort."
101067,"A_2020",1,"years_in_school","years_in_school=4; baseline_age=12; followup_age=14; age_change=2; highest_grade=8","school_years_exceed_age_change_plus_1","review","Retain. Completed school years exceed reported age change plus a one-year diagnostic allowance. Age errors, varying followup horizons or school-year counting could explain this; do not cap the value or delete the applicant."
101067,"A_2020",1,"father_age",,"source_missing","missing","Keep NA. Use available observations for the specific outcome; no outcome imputation in point estimates."
101067,"A_2020",1,"father_educ",,"source_missing","missing","Keep NA. Use available observations for the specific outcome; no outcome imputation in point estimates."
101067,"A_2020",1,"father_income_high",,"source_missing","missing","Keep NA. Use available observations for the specific outcome; no outcome imputation in point estimates."
101067,"A_2020",1,"neighborhood",,"source_missing","missing","Keep NA. Exclude from primary controls because coverage differs by cohort."
101068,"A_2020",0,"ses_stratum",,"source_missing","missing","Keep NA. Optional adjusted model uses cohort mean and a missing indicator."
101070,"A_2020",0,"father_educ",,"source_missing","missing","Keep NA. Use available observations for the specific outcome; no outcome imputation in point estimates."
101070,"A_2020",0,"mother_educ",,"source_missing","missing","Keep NA. Use available observations for the specific outcome; no outcome imputation in point estimates."
101071,"A_2020",1,"years_in_school","years_in_school=4; baseline_age=11; followup_age=13; age_change=2; highest_grade=8","school_years_exceed_age_change_plus_1","review","Retain. Completed school years exceed reported age change plus a one-year diagnostic allowance. Age errors, varying followup horizons or school-year counting could explain this; do not cap the value or delete the applicant."
101072,"A_2020",1,"ses_stratum",,"source_missing","missing","Keep NA. Optional adjusted model uses cohort mean and a missing indicator."
101073,"A_2020",1,"age_at_application",,"source_missing","missing","Keep NA. Optional adjusted model uses cohort mean and a missing indicator."
101073,"A_2020",1,"ses_stratum",,"source_missing","missing","Keep NA. Optional adjusted model uses cohort mean and a missing indicator."
101074,"A_2022",1,"age_at_survey","baseline=12; followup=13; change=1","age_change_outside_2_to_4_screen","review","Retain recorded ages and outcomes. Screening rule only. Systematic cohort differences require survey-date clarification, not automatic correction."
101074,"A_2022",1,"neighborhood",,"source_missing","missing","Keep NA. Exclude from primary controls because coverage differs by cohort."
101075,"A_2020",0,"years_in_school","years_in_school=4; baseline_age=11; followup_age=13; age_change=2; highest_grade=7","school_years_exceed_age_change_plus_1","review","Retain. Completed school years exceed reported age change plus a one-year diagnostic allowance. Age errors, varying followup horizons or school-year counting could explain this; do not cap the value or delete the applicant."
101077,"A_2020",0,"years_in_school","years_in_school=6; baseline_age=15; followup_age=18; age_change=3; highest_grade=8","school_years_exceed_age_change_plus_1","review","Retain. Completed school years exceed reported age change plus a one-year diagnostic allowance. Age errors, varying followup horizons or school-year counting could explain this; do not cap the value or delete the applicant."
101077,"A_2020",0,"years_in_school","years_in_school=6; baseline_age=15; followup_age=18; age_change=3; highest_grade=8","school_years_since_allocation_above_4","review","Retain as a requested policy outcome with a timing/definition caveat. Five or six years conflict with a uniform three-year interpretation but may fit the older B2018 cohort. Clarify dates and counting convention; do not cap or infer a correction."
101077,"A_2020",0,"neighborhood",,"source_missing","missing","Keep NA. Exclude from primary controls because coverage differs by cohort."
101077,"A_2020",0,"ses_stratum",,"source_missing","missing","Keep NA. Optional adjusted model uses cohort mean and a missing indicator."
101078,"A_2020",0,"age_at_application",,"source_missing","missing","Keep NA. Optional adjusted model uses cohort mean and a missing indicator."
101078,"A_2020",0,"ses_stratum",,"source_missing","missing","Keep NA. Optional adjusted model uses cohort mean and a missing indicator."
101079,"A_2020",0,"neighborhood",,"source_missing","missing","Keep NA. Exclude from primary controls because coverage differs by cohort."
101080,"B_2018",0,"age_at_survey","baseline=10; followup=15; change=5","age_change_outside_2_to_4_screen","review","Retain recorded ages and outcomes. Screening rule only. Systematic cohort differences require survey-date clarification, not automatic correction."
101080,"B_2018",0,"years_in_school","years_in_school=6; baseline_age=10; followup_age=15; age_change=5; highest_grade=9","school_years_since_allocation_above_4","review","Retain as a requested policy outcome with a timing/definition caveat. Five or six years conflict with a uniform three-year interpretation but may fit the older B2018 cohort. Clarify dates and counting convention; do not cap or infer a correction."
101080,"B_2018",0,"mother_age",,"source_missing","missing","Keep NA. Use available observations for the specific outcome; no outcome imputation in point estimates."
101080,"B_2018",0,"mother_educ",,"source_missing","missing","Keep NA. Use available observations for the specific outcome; no outcome imputation in point estimates."
101080,"B_2018",0,"neighborhood",,"source_missing","missing","Keep NA. Exclude from primary controls because coverage differs by cohort."
101081,"A_2020",0,"years_in_school","years_in_school=4; baseline_age=12; followup_age=14; age_change=2; highest_grade=8","school_years_exceed_age_change_plus_1","review","Retain. Completed school years exceed reported age change plus a one-year diagnostic allowance. Age errors, varying followup horizons or school-year counting could explain this; do not cap the value or delete the applicant."
101083,"A_2020",0,"neighborhood",,"source_missing","missing","Keep NA. Exclude from primary controls because coverage differs by cohort."
101084,"A_2020",0,"years_in_school","years_in_school=4; baseline_age=13; followup_age=15; age_change=2; highest_grade=8","school_years_exceed_age_change_plus_1","review","Retain. Completed school years exceed reported age change plus a one-year diagnostic allowance. Age errors, varying followup horizons or school-year counting could explain this; do not cap the value or delete the applicant."
101084,"A_2020",0,"father_income_high",,"source_missing","missing","Keep NA. Use available observations for the specific outcome; no outcome imputation in point estimates."
101084,"A_2020",0,"ses_stratum",,"source_missing","missing","Keep NA. Optional adjusted model uses cohort mean and a missing indicator."
101085,"A_2020",0,"years_in_school","years_in_school=4; baseline_age=12; followup_age=14; age_change=2; highest_grade=8","school_years_exceed_age_change_plus_1","review","Retain. Completed school years exceed reported age change plus a one-year diagnostic allowance. Age errors, varying followup horizons or school-year counting could explain this; do not cap the value or delete the applicant."
101087,"A_2020",0,"age_at_application",,"source_missing","missing","Keep NA. Optional adjusted model uses cohort mean and a missing indicator."
101088,"A_2020",1,"years_in_school","years_in_school=4; baseline_age=14; followup_age=16; age_change=2; highest_grade=8","school_years_exceed_age_change_plus_1","review","Retain. Completed school years exceed reported age change plus a one-year diagnostic allowance. Age errors, varying followup horizons or school-year counting could explain this; do not cap the value or delete the applicant."
101088,"A_2020",1,"father_educ",,"source_missing","missing","Keep NA. Use available observations for the specific outcome; no outcome imputation in point estimates."
101088,"A_2020",1,"mother_educ",,"source_missing","missing","Keep NA. Use available observations for the specific outcome; no outcome imputation in point estimates."
101088,"A_2020",1,"ses_stratum",,"source_missing","missing","Keep NA. Optional adjusted model uses cohort mean and a missing indicator."
101089,"B_2018",1,"age_at_survey","baseline=13; followup=18; change=5","age_change_outside_2_to_4_screen","review","Retain recorded ages and outcomes. Screening rule only. Systematic cohort differences require survey-date clarification, not automatic correction."
101089,"B_2018",1,"years_in_school","years_in_school=6; baseline_age=13; followup_age=18; age_change=5; highest_grade=10","school_years_since_allocation_above_4","review","Retain as a requested policy outcome with a timing/definition caveat. Five or six years conflict with a uniform three-year interpretation but may fit the older B2018 cohort. Clarify dates and counting convention; do not cap or infer a correction."
101089,"B_2018",1,"neighborhood",,"source_missing","missing","Keep NA. Exclude from primary controls because coverage differs by cohort."
101090,"A_2020",1,"hours_worked","0","working_but_zero_weekly_hours","review","Retain. Could reflect temporary absence or reference-period differences; do not assume zero means missing."
101091,"A_2020",0,"years_in_school","years_in_school=4; baseline_age=12; followup_age=14; age_change=2; highest_grade=7","school_years_exceed_age_change_plus_1","review","Retain. Completed school years exceed reported age change plus a one-year diagnostic allowance. Age errors, varying followup horizons or school-year counting could explain this; do not cap the value or delete the applicant."
101091,"A_2020",0,"neighborhood",,"source_missing","missing","Keep NA. Exclude from primary controls because coverage differs by cohort."
101092,"A_2020",1,"age_at_application",,"source_missing","missing","Keep NA. Optional adjusted model uses cohort mean and a missing indicator."
101093,"A_2020",1,"years_in_school","years_in_school=4; baseline_age=13; followup_age=15; age_change=2; highest_grade=8","school_years_exceed_age_change_plus_1","review","Retain. Completed school years exceed reported age change plus a one-year diagnostic allowance. Age errors, varying followup horizons or school-year counting could explain this; do not cap the value or delete the applicant."
101094,"A_2020",1,"years_in_school","years_in_school=4; baseline_age=12; followup_age=14; age_change=2; highest_grade=8","school_years_exceed_age_change_plus_1","review","Retain. Completed school years exceed reported age change plus a one-year diagnostic allowance. Age errors, varying followup horizons or school-year counting could explain this; do not cap the value or delete the applicant."
101095,"A_2022",1,"age_at_survey","baseline=12; followup=13; change=1","age_change_outside_2_to_4_screen","review","Retain recorded ages and outcomes. Screening rule only. Systematic cohort differences require survey-date clarification, not automatic correction."
101095,"A_2022",1,"neighborhood",,"source_missing","missing","Keep NA. Exclude from primary controls because coverage differs by cohort."
101096,"A_2022",0,"age_at_survey","baseline=14; followup=15; change=1","age_change_outside_2_to_4_screen","review","Retain recorded ages and outcomes. Screening rule only. Systematic cohort differences require survey-date clarification, not automatic correction."
101096,"A_2022",0,"father_age",,"source_missing","missing","Keep NA. Use available observations for the specific outcome; no outcome imputation in point estimates."
101096,"A_2022",0,"father_educ",,"source_missing","missing","Keep NA. Use available observations for the specific outcome; no outcome imputation in point estimates."
101096,"A_2022",0,"father_income_high",,"source_missing","missing","Keep NA. Use available observations for the specific outcome; no outcome imputation in point estimates."
101096,"A_2022",0,"neighborhood",,"source_missing","missing","Keep NA. Exclude from primary controls because coverage differs by cohort."
101097,"A_2020",1,"father_age",,"source_missing","missing","Keep NA. Use available observations for the specific outcome; no outcome imputation in point estimates."
101097,"A_2020",1,"father_educ",,"source_missing","missing","Keep NA. Use available observations for the specific outcome; no outcome imputation in point estimates."
101097,"A_2020",1,"father_income_high",,"source_missing","missing","Keep NA. Use available observations for the specific outcome; no outcome imputation in point estimates."
101098,"A_2022",1,"age_at_survey","baseline=12; followup=12; change=0","age_change_outside_2_to_4_screen","review","Retain recorded ages and outcomes. Screening rule only. Systematic cohort differences require survey-date clarification, not automatic correction."
101098,"A_2022",1,"years_in_school","years_in_school=2; baseline_age=12; followup_age=12; age_change=0; highest_grade=6","school_years_exceed_age_change_plus_1","review","Retain. Completed school years exceed reported age change plus a one-year diagnostic allowance. Age errors, varying followup horizons or school-year counting could explain this; do not cap the value or delete the applicant."
101098,"A_2022",1,"neighborhood",,"source_missing","missing","Keep NA. Exclude from primary controls because coverage differs by cohort."
101099,"A_2022",0,"age_at_survey","baseline=11; followup=12; change=1","age_change_outside_2_to_4_screen","review","Retain recorded ages and outcomes. Screening rule only. Systematic cohort differences require survey-date clarification, not automatic correction."
101099,"A_2022",0,"neighborhood",,"source_missing","missing","Keep NA. Exclude from primary controls because coverage differs by cohort."
101101,"A_2020",1,"age_at_survey","baseline=12; followup=13; change=1","age_change_outside_2_to_4_screen","review","Retain recorded ages and outcomes. Screening rule only. Systematic cohort differences require survey-date clarification, not automatic correction."
101101,"A_2020",1,"years_in_school","years_in_school=4; baseline_age=12; followup_age=13; age_change=1; highest_grade=8","school_years_exceed_age_change_plus_1","review","Retain. Completed school years exceed reported age change plus a one-year diagnostic allowance. Age errors, varying followup horizons or school-year counting could explain this; do not cap the value or delete the applicant."
101101,"A_2020",1,"father_age",,"source_missing","missing","Keep NA. Use available observations for the specific outcome; no outcome imputation in point estimates."
101101,"A_2020",1,"father_educ",,"source_missing","missing","Keep NA. Use available observations for the specific outcome; no outcome imputation in point estimates."
101101,"A_2020",1,"father_income_high",,"source_missing","missing","Keep NA. Use available observations for the specific outcome; no outcome imputation in point estimates."
101101,"A_2020",1,"mother_age",,"source_missing","missing","Keep NA. Use available observations for the specific outcome; no outcome imputation in point estimates."
101101,"A_2020",1,"mother_educ",,"source_missing","missing","Keep NA. Use available observations for the specific outcome; no outcome imputation in point estimates."
101101,"A_2020",1,"neighborhood",,"source_missing","missing","Keep NA. Exclude from primary controls because coverage differs by cohort."
101102,"A_2020",1,"years_in_school","years_in_school=4; baseline_age=11; followup_age=13; age_change=2; highest_grade=8","school_years_exceed_age_change_plus_1","review","Retain. Completed school years exceed reported age change plus a one-year diagnostic allowance. Age errors, varying followup horizons or school-year counting could explain this; do not cap the value or delete the applicant."
101102,"A_2020",1,"father_educ",,"source_missing","missing","Keep NA. Use available observations for the specific outcome; no outcome imputation in point estimates."
101102,"A_2020",1,"mother_educ",,"source_missing","missing","Keep NA. Use available observations for the specific outcome; no outcome imputation in point estimates."
101103,"A_2020",0,"neighborhood",,"source_missing","missing","Keep NA. Exclude from primary controls because coverage differs by cohort."
101104,"A_2022",0,"age_at_survey","baseline=12; followup=13; change=1","age_change_outside_2_to_4_screen","review","Retain recorded ages and outcomes. Screening rule only. Systematic cohort differences require survey-date clarification, not automatic correction."
101104,"A_2022",0,"neighborhood",,"source_missing","missing","Keep NA. Exclude from primary controls because coverage differs by cohort."
101107,"A_2020",0,"years_in_school","years_in_school=4; baseline_age=11; followup_age=13; age_change=2; highest_grade=8","school_years_exceed_age_change_plus_1","review","Retain. Completed school years exceed reported age change plus a one-year diagnostic allowance. Age errors, varying followup horizons or school-year counting could explain this; do not cap the value or delete the applicant."
101108,"A_2020",0,"years_in_school","years_in_school=4; baseline_age=12; followup_age=14; age_change=2; highest_grade=8","school_years_exceed_age_change_plus_1","review","Retain. Completed school years exceed reported age change plus a one-year diagnostic allowance. Age errors, varying followup horizons or school-year counting could explain this; do not cap the value or delete the applicant."
101109,"A_2020",1,"years_in_school","years_in_school=4; baseline_age=16; followup_age=18; age_change=2; highest_grade=8","school_years_exceed_age_change_plus_1","review","Retain. Completed school years exceed reported age change plus a one-year diagnostic allowance. Age errors, varying followup horizons or school-year counting could explain this; do not cap the value or delete the applicant."
101110,"A_2020",1,"father_educ",,"source_missing","missing","Keep NA. Use available observations for the specific outcome; no outcome imputation in point estimates."
101110,"A_2020",1,"father_income_high",,"source_missing","missing","Keep NA. Use available observations for the specific outcome; no outcome imputation in point estimates."
101110,"A_2020",1,"neighborhood",,"source_missing","missing","Keep NA. Exclude from primary controls because coverage differs by cohort."
101111,"A_2022",0,"neighborhood",,"source_missing","missing","Keep NA. Exclude from primary controls because coverage differs by cohort."
101112,"A_2020",1,"years_in_school","years_in_school=4; baseline_age=11; followup_age=13; age_change=2; highest_grade=8","school_years_exceed_age_change_plus_1","review","Retain. Completed school years exceed reported age change plus a one-year diagnostic allowance. Age errors, varying followup horizons or school-year counting could explain this; do not cap the value or delete the applicant."
101113,"A_2020",1,"years_in_school","years_in_school=4; baseline_age=13; followup_age=15; age_change=2; highest_grade=8","school_years_exceed_age_change_plus_1","review","Retain. Completed school years exceed reported age change plus a one-year diagnostic allowance. Age errors, varying followup horizons or school-year counting could explain this; do not cap the value or delete the applicant."
101113,"A_2020",1,"father_age",,"source_missing","missing","Keep NA. Use available observations for the specific outcome; no outcome imputation in point estimates."
101113,"A_2020",1,"father_educ",,"source_missing","missing","Keep NA. Use available observations for the specific outcome; no outcome imputation in point estimates."
101113,"A_2020",1,"father_income_high",,"source_missing","missing","Keep NA. Use available observations for the specific outcome; no outcome imputation in point estimates."
101113,"A_2020",1,"ses_stratum",,"source_missing","missing","Keep NA. Optional adjusted model uses cohort mean and a missing indicator."
101114,"A_2020",0,"years_in_school","years_in_school=4; baseline_age=12; followup_age=14; age_change=2; highest_grade=7","school_years_exceed_age_change_plus_1","review","Retain. Completed school years exceed reported age change plus a one-year diagnostic allowance. Age errors, varying followup horizons or school-year counting could explain this; do not cap the value or delete the applicant."
101114,"A_2020",0,"father_educ",,"source_missing","missing","Keep NA. Use available observations for the specific outcome; no outcome imputation in point estimates."
101114,"A_2020",0,"mother_educ",,"source_missing","missing","Keep NA. Use available observations for the specific outcome; no outcome imputation in point estimates."
101114,"A_2020",0,"neighborhood",,"source_missing","missing","Keep NA. Exclude from primary controls because coverage differs by cohort."
101114,"A_2020",0,"ses_stratum",,"source_missing","missing","Keep NA. Optional adjusted model uses cohort mean and a missing indicator."
101115,"A_2020",0,"years_in_school","years_in_school=4; baseline_age=13; followup_age=15; age_change=2; highest_grade=7","school_years_exceed_age_change_plus_1","review","Retain. Completed school years exceed reported age change plus a one-year diagnostic allowance. Age errors, varying followup horizons or school-year counting could explain this; do not cap the value or delete the applicant."
101115,"A_2020",0,"ses_stratum",,"source_missing","missing","Keep NA. Optional adjusted model uses cohort mean and a missing indicator."
101117,"A_2020",0,"years_in_school","years_in_school=4; baseline_age=11; followup_age=13; age_change=2; highest_grade=8","school_years_exceed_age_change_plus_1","review","Retain. Completed school years exceed reported age change plus a one-year diagnostic allowance. Age errors, varying followup horizons or school-year counting could explain this; do not cap the value or delete the applicant."
101117,"A_2020",0,"neighborhood",,"source_missing","missing","Keep NA. Exclude from primary controls because coverage differs by cohort."
101118,"B_2018",1,"years_in_school","years_in_school=6; baseline_age=11; followup_age=15; age_change=4; highest_grade=9","school_years_exceed_age_change_plus_1","review","Retain. Completed school years exceed reported age change plus a one-year diagnostic allowance. Age errors, varying followup horizons or school-year counting could explain this; do not cap the value or delete the applicant."
101118,"B_2018",1,"years_in_school","years_in_school=6; baseline_age=11; followup_age=15; age_change=4; highest_grade=9","school_years_since_allocation_above_4","review","Retain as a requested policy outcome with a timing/definition caveat. Five or six years conflict with a uniform three-year interpretation but may fit the older B2018 cohort. Clarify dates and counting convention; do not cap or infer a correction."
101118,"B_2018",1,"neighborhood",,"source_missing","missing","Keep NA. Exclude from primary controls because coverage differs by cohort."
101119,"A_2020",0,"years_in_school","years_in_school=4; baseline_age=15; followup_age=17; age_change=2; highest_grade=8","school_years_exceed_age_change_plus_1","review","Retain. Completed school years exceed reported age change plus a one-year diagnostic allowance. Age errors, varying followup horizons or school-year counting could explain this; do not cap the value or delete the applicant."
101119,"A_2020",0,"father_age",,"source_missing","missing","Keep NA. Use available observations for the specific outcome; no outcome imputation in point estimates."
101119,"A_2020",0,"father_educ",,"source_missing","missing","Keep NA. Use available observations for the specific outcome; no outcome imputation in point estimates."
101119,"A_2020",0,"father_income_high",,"source_missing","missing","Keep NA. Use available observations for the specific outcome; no outcome imputation in point estimates."
101119,"A_2020",0,"neighborhood",,"source_missing","missing","Keep NA. Exclude from primary controls because coverage differs by cohort."
101121,"B_2018",0,"years_in_school","years_in_school=5; baseline_age=12; followup_age=16; age_change=4; highest_grade=8","school_years_since_allocation_above_4","review","Retain as a requested policy outcome with a timing/definition caveat. Five or six years conflict with a uniform three-year interpretation but may fit the older B2018 cohort. Clarify dates and counting convention; do not cap or infer a correction."
101121,"B_2018",0,"father_age",,"source_missing","missing","Keep NA. Use available observations for the specific outcome; no outcome imputation in point estimates."
101121,"B_2018",0,"father_educ",,"source_missing","missing","Keep NA. Use available observations for the specific outcome; no outcome imputation in point estimates."
101121,"B_2018",0,"father_income_high",,"source_missing","missing","Keep NA. Use available observations for the specific outcome; no outcome imputation in point estimates."
101121,"B_2018",0,"neighborhood",,"source_missing","missing","Keep NA. Exclude from primary controls because coverage differs by cohort."
101122,"A_2020",1,"years_in_school","years_in_school=4; baseline_age=13; followup_age=15; age_change=2; highest_grade=8","school_years_exceed_age_change_plus_1","review","Retain. Completed school years exceed reported age change plus a one-year diagnostic allowance. Age errors, varying followup horizons or school-year counting could explain this; do not cap the value or delete the applicant."
101123,"A_2020",0,"neighborhood",,"source_missing","missing","Keep NA. Exclude from primary controls because coverage differs by cohort."
101123,"A_2020",0,"ses_stratum",,"source_missing","missing","Keep NA. Optional adjusted model uses cohort mean and a missing indicator."
101124,"A_2020",0,"age_at_application",,"source_missing","missing","Keep NA. Optional adjusted model uses cohort mean and a missing indicator."
101124,"A_2020",0,"mother_age",,"source_missing","missing","Keep NA. Use available observations for the specific outcome; no outcome imputation in point estimates."
101124,"A_2020",0,"mother_educ",,"source_missing","missing","Keep NA. Use available observations for the specific outcome; no outcome imputation in point estimates."
101125,"A_2020",0,"age_at_survey","baseline=13; followup=18; change=5","age_change_outside_2_to_4_screen","review","Retain recorded ages and outcomes. Screening rule only. Systematic cohort differences require survey-date clarification, not automatic correction."
101125,"A_2020",0,"ses_stratum",,"source_missing","missing","Keep NA. Optional adjusted model uses cohort mean and a missing indicator."
101126,"A_2020",1,"age_at_survey","baseline=13; followup=14; change=1","age_change_outside_2_to_4_screen","review","Retain recorded ages and outcomes. Screening rule only. Systematic cohort differences require survey-date clarification, not automatic correction."
101126,"A_2020",1,"years_in_school","years_in_school=4; baseline_age=13; followup_age=14; age_change=1; highest_grade=8","school_years_exceed_age_change_plus_1","review","Retain. Completed school years exceed reported age change plus a one-year diagnostic allowance. Age errors, varying followup horizons or school-year counting could explain this; do not cap the value or delete the applicant."
101127,"A_2020",0,"neighborhood",,"source_missing","missing","Keep NA. Exclude from primary controls because coverage differs by cohort."
101127,"A_2020",0,"hours_worked","0","working_but_zero_weekly_hours","review","Retain. Could reflect temporary absence or reference-period differences; do not assume zero means missing."
101130,"A_2020",0,"years_in_school","years_in_school=4; baseline_age=11; followup_age=13; age_change=2; highest_grade=6","school_years_exceed_age_change_plus_1","review","Retain. Completed school years exceed reported age change plus a one-year diagnostic allowance. Age errors, varying followup horizons or school-year counting could explain this; do not cap the value or delete the applicant."
101131,"A_2020",0,"neighborhood",,"source_missing","missing","Keep NA. Exclude from primary controls because coverage differs by cohort."
101132,"A_2020",1,"father_age",,"source_missing","missing","Keep NA. Use available observations for the specific outcome; no outcome imputation in point estimates."
101132,"A_2020",1,"father_educ",,"source_missing","missing","Keep NA. Use available observations for the specific outcome; no outcome imputation in point estimates."
101132,"A_2020",1,"father_income_high",,"source_missing","missing","Keep NA. Use available observations for the specific outcome; no outcome imputation in point estimates."
101133,"A_2020",0,"years_in_school","years_in_school=5; baseline_age=12; followup_age=14; age_change=2; highest_grade=8","school_years_exceed_age_change_plus_1","review","Retain. Completed school years exceed reported age change plus a one-year diagnostic allowance. Age errors, varying followup horizons or school-year counting could explain this; do not cap the value or delete the applicant."
101133,"A_2020",0,"years_in_school","years_in_school=5; baseline_age=12; followup_age=14; age_change=2; highest_grade=8","school_years_since_allocation_above_4","review","Retain as a requested policy outcome with a timing/definition caveat. Five or six years conflict with a uniform three-year interpretation but may fit the older B2018 cohort. Clarify dates and counting convention; do not cap or infer a correction."
101133,"A_2020",0,"neighborhood",,"source_missing","missing","Keep NA. Exclude from primary controls because coverage differs by cohort."
101134,"B_2018",0,"years_in_school","years_in_school=6; baseline_age=10; followup_age=14; age_change=4; highest_grade=9","school_years_exceed_age_change_plus_1","review","Retain. Completed school years exceed reported age change plus a one-year diagnostic allowance. Age errors, varying followup horizons or school-year counting could explain this; do not cap the value or delete the applicant."
101134,"B_2018",0,"years_in_school","years_in_school=6; baseline_age=10; followup_age=14; age_change=4; highest_grade=9","school_years_since_allocation_above_4","review","Retain as a requested policy outcome with a timing/definition caveat. Five or six years conflict with a uniform three-year interpretation but may fit the older B2018 cohort. Clarify dates and counting convention; do not cap or infer a correction."
101134,"B_2018",0,"neighborhood",,"source_missing","missing","Keep NA. Exclude from primary controls because coverage differs by cohort."
101135,"B_2018",1,"age_at_survey","baseline=11; followup=16; change=5","age_change_outside_2_to_4_screen","review","Retain recorded ages and outcomes. Screening rule only. Systematic cohort differences require survey-date clarification, not automatic correction."
101135,"B_2018",1,"years_in_school","years_in_school=6; baseline_age=11; followup_age=16; age_change=5; highest_grade=9","school_years_since_allocation_above_4","review","Retain as a requested policy outcome with a timing/definition caveat. Five or six years conflict with a uniform three-year interpretation but may fit the older B2018 cohort. Clarify dates and counting convention; do not cap or infer a correction."
101135,"B_2018",1,"father_educ",,"source_missing","missing","Keep NA. Use available observations for the specific outcome; no outcome imputation in point estimates."
101135,"B_2018",1,"mother_educ",,"source_missing","missing","Keep NA. Use available observations for the specific outcome; no outcome imputation in point estimates."
101135,"B_2018",1,"neighborhood",,"source_missing","missing","Keep NA. Exclude from primary controls because coverage differs by cohort."
101136,"A_2022",0,"age_at_survey","baseline=12; followup=12; change=0","age_change_outside_2_to_4_screen","review","Retain recorded ages and outcomes. Screening rule only. Systematic cohort differences require survey-date clarification, not automatic correction."
101136,"A_2022",0,"years_in_school","years_in_school=2; baseline_age=12; followup_age=12; age_change=0; highest_grade=6","school_years_exceed_age_change_plus_1","review","Retain. Completed school years exceed reported age change plus a one-year diagnostic allowance. Age errors, varying followup horizons or school-year counting could explain this; do not cap the value or delete the applicant."
101136,"A_2022",0,"neighborhood",,"source_missing","missing","Keep NA. Exclude from primary controls because coverage differs by cohort."
101137,"A_2020",1,"years_in_school","years_in_school=4; baseline_age=12; followup_age=14; age_change=2; highest_grade=7","school_years_exceed_age_change_plus_1","review","Retain. Completed school years exceed reported age change plus a one-year diagnostic allowance. Age errors, varying followup horizons or school-year counting could explain this; do not cap the value or delete the applicant."
101137,"A_2020",1,"father_educ",,"source_missing","missing","Keep NA. Use available observations for the specific outcome; no outcome imputation in point estimates."
101137,"A_2020",1,"father_income_high",,"source_missing","missing","Keep NA. Use available observations for the specific outcome; no outcome imputation in point estimates."
101137,"A_2020",1,"neighborhood",,"source_missing","missing","Keep NA. Exclude from primary controls because coverage differs by cohort."
101138,"A_2020",1,"father_age",,"source_missing","missing","Keep NA. Use available observations for the specific outcome; no outcome imputation in point estimates."
101138,"A_2020",1,"father_educ",,"source_missing","missing","Keep NA. Use available observations for the specific outcome; no outcome imputation in point estimates."
101138,"A_2020",1,"father_income_high",,"source_missing","missing","Keep NA. Use available observations for the specific outcome; no outcome imputation in point estimates."
101138,"A_2020",1,"neighborhood",,"source_missing","missing","Keep NA. Exclude from primary controls because coverage differs by cohort."
101138,"A_2020",1,"ses_stratum",,"source_missing","missing","Keep NA. Optional adjusted model uses cohort mean and a missing indicator."
101139,"B_2018",0,"neighborhood",,"source_missing","missing","Keep NA. Exclude from primary controls because coverage differs by cohort."
101139,"B_2018",0,"repeats_g6",,"source_missing","missing","Keep NA. Use available observations for the specific outcome; no outcome imputation in point estimates."
101139,"B_2018",0,"started_g6_private",,"source_missing","missing","Keep NA. Use available observations for the specific outcome; no outcome imputation in point estimates."
101139,"B_2018",0,"started_g7_private",,"source_missing","missing","Keep NA. Use available observations for the specific outcome; no outcome imputation in point estimates."
101140,"B_2018",0,"years_in_school","years_in_school=6; baseline_age=14; followup_age=18; age_change=4; highest_grade=9","school_years_exceed_age_change_plus_1","review","Retain. Completed school years exceed reported age change plus a one-year diagnostic allowance. Age errors, varying followup horizons or school-year counting could explain this; do not cap the value or delete the applicant."
101140,"B_2018",0,"years_in_school","years_in_school=6; baseline_age=14; followup_age=18; age_change=4; highest_grade=9","school_years_since_allocation_above_4","review","Retain as a requested policy outcome with a timing/definition caveat. Five or six years conflict with a uniform three-year interpretation but may fit the older B2018 cohort. Clarify dates and counting convention; do not cap or infer a correction."
101140,"B_2018",0,"neighborhood",,"source_missing","missing","Keep NA. Exclude from primary controls because coverage differs by cohort."
101141,"A_2022",1,"father_age",,"source_missing","missing","Keep NA. Use available observations for the specific outcome; no outcome imputation in point estimates."
101141,"A_2022",1,"father_educ",,"source_missing","missing","Keep NA. Use available observations for the specific outcome; no outcome imputation in point estimates."
101141,"A_2022",1,"father_income_high",,"source_missing","missing","Keep NA. Use available observations for the specific outcome; no outcome imputation in point estimates."
101141,"A_2022",1,"neighborhood",,"source_missing","missing","Keep NA. Exclude from primary controls because coverage differs by cohort."
101141,"A_2022",1,"ses_stratum",,"source_missing","missing","Keep NA. Optional adjusted model uses cohort mean and a missing indicator."
101142,"A_2022",1,"age_at_survey","baseline=11; followup=12; change=1","age_change_outside_2_to_4_screen","review","Retain recorded ages and outcomes. Screening rule only. Systematic cohort differences require survey-date clarification, not automatic correction."
101142,"A_2022",1,"father_educ",,"source_missing","missing","Keep NA. Use available observations for the specific outcome; no outcome imputation in point estimates."
101142,"A_2022",1,"father_income_high",,"source_missing","missing","Keep NA. Use available observations for the specific outcome; no outcome imputation in point estimates."
101142,"A_2022",1,"mother_educ",,"source_missing","missing","Keep NA. Use available observations for the specific outcome; no outcome imputation in point estimates."
101142,"A_2022",1,"neighborhood",,"source_missing","missing","Keep NA. Exclude from primary controls because coverage differs by cohort."
101142,"A_2022",1,"ses_stratum",,"source_missing","missing","Keep NA. Optional adjusted model uses cohort mean and a missing indicator."
101143,"A_2020",1,"years_in_school","years_in_school=4; baseline_age=12; followup_age=14; age_change=2; highest_grade=8","school_years_exceed_age_change_plus_1","review","Retain. Completed school years exceed reported age change plus a one-year diagnostic allowance. Age errors, varying followup horizons or school-year counting could explain this; do not cap the value or delete the applicant."
101144,"B_2018",0,"age_at_survey","baseline=14; followup=19; change=5","age_change_outside_2_to_4_screen","review","Retain recorded ages and outcomes. Screening rule only. Systematic cohort differences require survey-date clarification, not automatic correction."
101144,"B_2018",0,"years_in_school","years_in_school=6; baseline_age=14; followup_age=19; age_change=5; highest_grade=9","school_years_since_allocation_above_4","review","Retain as a requested policy outcome with a timing/definition caveat. Five or six years conflict with a uniform three-year interpretation but may fit the older B2018 cohort. Clarify dates and counting convention; do not cap or infer a correction."
101144,"B_2018",0,"neighborhood",,"source_missing","missing","Keep NA. Exclude from primary controls because coverage differs by cohort."
101145,"B_2018",1,"age_at_survey","baseline=15; followup=20; change=5","age_change_outside_2_to_4_screen","review","Retain recorded ages and outcomes. Screening rule only. Systematic cohort differences require survey-date clarification, not automatic correction."
101145,"B_2018",1,"father_age",,"source_missing","missing","Keep NA. Use available observations for the specific outcome; no outcome imputation in point estimates."
101145,"B_2018",1,"father_educ",,"source_missing","missing","Keep NA. Use available observations for the specific outcome; no outcome imputation in point estimates."
101145,"B_2018",1,"father_income_high",,"source_missing","missing","Keep NA. Use available observations for the specific outcome; no outcome imputation in point estimates."
101145,"B_2018",1,"neighborhood",,"source_missing","missing","Keep NA. Exclude from primary controls because coverage differs by cohort."
101146,"A_2022",1,"age_at_survey","baseline=14; followup=15; change=1","age_change_outside_2_to_4_screen","review","Retain recorded ages and outcomes. Screening rule only. Systematic cohort differences require survey-date clarification, not automatic correction."
101146,"A_2022",1,"neighborhood",,"source_missing","missing","Keep NA. Exclude from primary controls because coverage differs by cohort."
101147,"A_2022",0,"age_at_survey","baseline=16; followup=16; change=0","age_change_outside_2_to_4_screen","review","Retain recorded ages and outcomes. Screening rule only. Systematic cohort differences require survey-date clarification, not automatic correction."
101147,"A_2022",0,"father_age",,"source_missing","missing","Keep NA. Use available observations for the specific outcome; no outcome imputation in point estimates."
101147,"A_2022",0,"father_educ",,"source_missing","missing","Keep NA. Use available observations for the specific outcome; no outcome imputation in point estimates."
101147,"A_2022",0,"father_income_high",,"source_missing","missing","Keep NA. Use available observations for the specific outcome; no outcome imputation in point estimates."
101147,"A_2022",0,"neighborhood",,"source_missing","missing","Keep NA. Exclude from primary controls because coverage differs by cohort."
101148,"A_2020",1,"years_in_school","years_in_school=4; baseline_age=16; followup_age=18; age_change=2; highest_grade=8","school_years_exceed_age_change_plus_1","review","Retain. Completed school years exceed reported age change plus a one-year diagnostic allowance. Age errors, varying followup horizons or school-year counting could explain this; do not cap the value or delete the applicant."
101151,"A_2020",0,"years_in_school","years_in_school=5; baseline_age=15; followup_age=18; age_change=3; highest_grade=8","school_years_exceed_age_change_plus_1","review","Retain. Completed school years exceed reported age change plus a one-year diagnostic allowance. Age errors, varying followup horizons or school-year counting could explain this; do not cap the value or delete the applicant."
101151,"A_2020",0,"years_in_school","years_in_school=5; baseline_age=15; followup_age=18; age_change=3; highest_grade=8","school_years_since_allocation_above_4","review","Retain as a requested policy outcome with a timing/definition caveat. Five or six years conflict with a uniform three-year interpretation but may fit the older B2018 cohort. Clarify dates and counting convention; do not cap or infer a correction."
101151,"A_2020",0,"mother_age",,"source_missing","missing","Keep NA. Use available observations for the specific outcome; no outcome imputation in point estimates."
101151,"A_2020",0,"mother_educ",,"source_missing","missing","Keep NA. Use available observations for the specific outcome; no outcome imputation in point estimates."
101151,"A_2020",0,"ses_stratum",,"source_missing","missing","Keep NA. Optional adjusted model uses cohort mean and a missing indicator."
101152,"B_2018",1,"age_at_survey","baseline=12; followup=17; change=5","age_change_outside_2_to_4_screen","review","Retain recorded ages and outcomes. Screening rule only. Systematic cohort differences require survey-date clarification, not automatic correction."
101152,"B_2018",1,"years_in_school","years_in_school=6; baseline_age=12; followup_age=17; age_change=5; highest_grade=8","school_years_since_allocation_above_4","review","Retain as a requested policy outcome with a timing/definition caveat. Five or six years conflict with a uniform three-year interpretation but may fit the older B2018 cohort. Clarify dates and counting convention; do not cap or infer a correction."
101152,"B_2018",1,"neighborhood",,"source_missing","missing","Keep NA. Exclude from primary controls because coverage differs by cohort."
101152,"B_2018",1,"ses_stratum",,"source_missing","missing","Keep NA. Optional adjusted model uses cohort mean and a missing indicator."
101153,"A_2020",1,"years_in_school","years_in_school=4; baseline_age=12; followup_age=14; age_change=2; highest_grade=8","school_years_exceed_age_change_plus_1","review","Retain. Completed school years exceed reported age change plus a one-year diagnostic allowance. Age errors, varying followup horizons or school-year counting could explain this; do not cap the value or delete the applicant."
101154,"A_2020",1,"years_in_school","years_in_school=4; baseline_age=14; followup_age=16; age_change=2; highest_grade=8","school_years_exceed_age_change_plus_1","review","Retain. Completed school years exceed reported age change plus a one-year diagnostic allowance. Age errors, varying followup horizons or school-year counting could explain this; do not cap the value or delete the applicant."
101154,"A_2020",1,"father_age",,"source_missing","missing","Keep NA. Use available observations for the specific outcome; no outcome imputation in point estimates."
101154,"A_2020",1,"father_educ",,"source_missing","missing","Keep NA. Use available observations for the specific outcome; no outcome imputation in point estimates."
101154,"A_2020",1,"father_income_high",,"source_missing","missing","Keep NA. Use available observations for the specific outcome; no outcome imputation in point estimates."
101154,"A_2020",1,"mother_age",,"source_missing","missing","Keep NA. Use available observations for the specific outcome; no outcome imputation in point estimates."
101154,"A_2020",1,"mother_educ",,"source_missing","missing","Keep NA. Use available observations for the specific outcome; no outcome imputation in point estimates."
101155,"A_2020",0,"years_in_school","years_in_school=4; baseline_age=13; followup_age=15; age_change=2; highest_grade=8","school_years_exceed_age_change_plus_1","review","Retain. Completed school years exceed reported age change plus a one-year diagnostic allowance. Age errors, varying followup horizons or school-year counting could explain this; do not cap the value or delete the applicant."
101156,"A_2020",1,"years_in_school","years_in_school=4; baseline_age=13; followup_age=15; age_change=2; highest_grade=8","school_years_exceed_age_change_plus_1","review","Retain. Completed school years exceed reported age change plus a one-year diagnostic allowance. Age errors, varying followup horizons or school-year counting could explain this; do not cap the value or delete the applicant."
101156,"A_2020",1,"neighborhood",,"source_missing","missing","Keep NA. Exclude from primary controls because coverage differs by cohort."
101157,"B_2018",1,"age_at_survey","baseline=12; followup=17; change=5","age_change_outside_2_to_4_screen","review","Retain recorded ages and outcomes. Screening rule only. Systematic cohort differences require survey-date clarification, not automatic correction."
101157,"B_2018",1,"years_in_school","years_in_school=6; baseline_age=12; followup_age=17; age_change=5; highest_grade=8","school_years_since_allocation_above_4","review","Retain as a requested policy outcome with a timing/definition caveat. Five or six years conflict with a uniform three-year interpretation but may fit the older B2018 cohort. Clarify dates and counting convention; do not cap or infer a correction."
101157,"B_2018",1,"father_educ",,"source_missing","missing","Keep NA. Use available observations for the specific outcome; no outcome imputation in point estimates."
101157,"B_2018",1,"mother_educ",,"source_missing","missing","Keep NA. Use available observations for the specific outcome; no outcome imputation in point estimates."
101157,"B_2018",1,"neighborhood",,"source_missing","missing","Keep NA. Exclude from primary controls because coverage differs by cohort."
101157,"B_2018",1,"ses_stratum",,"source_missing","missing","Keep NA. Optional adjusted model uses cohort mean and a missing indicator."
101159,"A_2022",0,"age_at_survey","baseline=15; followup=16; change=1","age_change_outside_2_to_4_screen","review","Retain recorded ages and outcomes. Screening rule only. Systematic cohort differences require survey-date clarification, not automatic correction."
101159,"A_2022",0,"ever_repeated",,"source_missing","missing","Keep NA. Use available observations for the specific outcome; no outcome imputation in point estimates."
101159,"A_2022",0,"father_educ",,"source_missing","missing","Keep NA. Use available observations for the specific outcome; no outcome imputation in point estimates."
101159,"A_2022",0,"finished_g6",,"source_missing","missing","Keep NA. Use available observations for the specific outcome; no outcome imputation in point estimates."
101159,"A_2022",0,"finished_g7",,"source_missing","missing","Keep NA. Use available observations for the specific outcome; no outcome imputation in point estimates."
101159,"A_2022",0,"finished_g8",,"source_missing","missing","Keep NA. Use available observations for the specific outcome; no outcome imputation in point estimates."
101159,"A_2022",0,"has_child",,"source_missing","missing","Keep NA. Use available observations for the specific outcome; no outcome imputation in point estimates."
101159,"A_2022",0,"hours_worked",,"source_missing","missing","Keep NA. Use available observations for the specific outcome; no outcome imputation in point estimates."
101159,"A_2022",0,"married_or_cohab",,"source_missing","missing","Keep NA. Use available observations for the specific outcome; no outcome imputation in point estimates."
101159,"A_2022",0,"neighborhood",,"source_missing","missing","Keep NA. Exclude from primary controls because coverage differs by cohort."
101159,"A_2022",0,"receiving_aid_now",,"source_missing","missing","Keep NA. Use available observations for the specific outcome; no outcome imputation in point estimates."
101159,"A_2022",0,"repeats_g6",,"source_missing","missing","Keep NA. Use available observations for the specific outcome; no outcome imputation in point estimates."
101159,"A_2022",0,"total_repeats",,"source_missing","missing","Keep NA. Use available observations for the specific outcome; no outcome imputation in point estimates."
101159,"A_2022",0,"working",,"source_missing","missing","Keep NA. Use available observations for the specific outcome; no outcome imputation in point estimates."
101159,"A_2022",0,"years_in_school",,"source_missing","missing","Keep NA. Use available observations for the specific outcome; no outcome imputation in point estimates."
101160,"A_2020",1,"years_in_school","years_in_school=4; baseline_age=13; followup_age=15; age_change=2; highest_grade=8","school_years_exceed_age_change_plus_1","review","Retain. Completed school years exceed reported age change plus a one-year diagnostic allowance. Age errors, varying followup horizons or school-year counting could explain this; do not cap the value or delete the applicant."
101160,"A_2020",1,"father_age",,"source_missing","missing","Keep NA. Use available observations for the specific outcome; no outcome imputation in point estimates."
101160,"A_2020",1,"father_educ",,"source_missing","missing","Keep NA. Use available observations for the specific outcome; no outcome imputation in point estimates."
101160,"A_2020",1,"mother_age",,"source_missing","missing","Keep NA. Use available observations for the specific outcome; no outcome imputation in point estimates."
101160,"A_2020",1,"mother_educ",,"source_missing","missing","Keep NA. Use available observations for the specific outcome; no outcome imputation in point estimates."
101160,"A_2020",1,"neighborhood",,"source_missing","missing","Keep NA. Exclude from primary controls because coverage differs by cohort."
101162,"A_2020",0,"years_in_school","years_in_school=4; baseline_age=12; followup_age=14; age_change=2; highest_grade=8","school_years_exceed_age_change_plus_1","review","Retain. Completed school years exceed reported age change plus a one-year diagnostic allowance. Age errors, varying followup horizons or school-year counting could explain this; do not cap the value or delete the applicant."
101162,"A_2020",0,"father_educ",,"source_missing","missing","Keep NA. Use available observations for the specific outcome; no outcome imputation in point estimates."
101162,"A_2020",0,"mother_educ",,"source_missing","missing","Keep NA. Use available observations for the specific outcome; no outcome imputation in point estimates."
101163,"A_2020",0,"years_in_school","years_in_school=4; baseline_age=12; followup_age=14; age_change=2; highest_grade=8","school_years_exceed_age_change_plus_1","review","Retain. Completed school years exceed reported age change plus a one-year diagnostic allowance. Age errors, varying followup horizons or school-year counting could explain this; do not cap the value or delete the applicant."
101163,"A_2020",0,"father_age",,"source_missing","missing","Keep NA. Use available observations for the specific outcome; no outcome imputation in point estimates."
101163,"A_2020",0,"father_educ",,"source_missing","missing","Keep NA. Use available observations for the specific outcome; no outcome imputation in point estimates."
101163,"A_2020",0,"father_income_high",,"source_missing","missing","Keep NA. Use available observations for the specific outcome; no outcome imputation in point estimates."
101164,"A_2020",0,"years_in_school","years_in_school=5; baseline_age=15; followup_age=18; age_change=3; highest_grade=8","school_years_exceed_age_change_plus_1","review","Retain. Completed school years exceed reported age change plus a one-year diagnostic allowance. Age errors, varying followup horizons or school-year counting could explain this; do not cap the value or delete the applicant."
101164,"A_2020",0,"years_in_school","years_in_school=5; baseline_age=15; followup_age=18; age_change=3; highest_grade=8","school_years_since_allocation_above_4","review","Retain as a requested policy outcome with a timing/definition caveat. Five or six years conflict with a uniform three-year interpretation but may fit the older B2018 cohort. Clarify dates and counting convention; do not cap or infer a correction."
101165,"A_2020",0,"mother_age",,"source_missing","missing","Keep NA. Use available observations for the specific outcome; no outcome imputation in point estimates."
101165,"A_2020",0,"mother_educ",,"source_missing","missing","Keep NA. Use available observations for the specific outcome; no outcome imputation in point estimates."
101166,"A_2020",1,"years_in_school","years_in_school=5; baseline_age=NA; followup_age=18; age_change=NA; highest_grade=9","school_years_since_allocation_above_4","review","Retain as a requested policy outcome with a timing/definition caveat. Five or six years conflict with a uniform three-year interpretation but may fit the older B2018 cohort. Clarify dates and counting convention; do not cap or infer a correction."
101166,"A_2020",1,"age_at_application",,"source_missing","missing","Keep NA. Optional adjusted model uses cohort mean and a missing indicator."
101166,"A_2020",1,"neighborhood",,"source_missing","missing","Keep NA. Exclude from primary controls because coverage differs by cohort."
101166,"A_2020",1,"ses_stratum",,"source_missing","missing","Keep NA. Optional adjusted model uses cohort mean and a missing indicator."
101167,"A_2020",0,"years_in_school","years_in_school=4; baseline_age=10; followup_age=12; age_change=2; highest_grade=7","school_years_exceed_age_change_plus_1","review","Retain. Completed school years exceed reported age change plus a one-year diagnostic allowance. Age errors, varying followup horizons or school-year counting could explain this; do not cap the value or delete the applicant."
101167,"A_2020",0,"father_age",,"source_missing","missing","Keep NA. Use available observations for the specific outcome; no outcome imputation in point estimates."
101167,"A_2020",0,"father_educ",,"source_missing","missing","Keep NA. Use available observations for the specific outcome; no outcome imputation in point estimates."
101167,"A_2020",0,"father_income_high",,"source_missing","missing","Keep NA. Use available observations for the specific outcome; no outcome imputation in point estimates."
101167,"A_2020",0,"ses_stratum",,"source_missing","missing","Keep NA. Optional adjusted model uses cohort mean and a missing indicator."
101168,"A_2020",0,"years_in_school","years_in_school=4; baseline_age=12; followup_age=14; age_change=2; highest_grade=8","school_years_exceed_age_change_plus_1","review","Retain. Completed school years exceed reported age change plus a one-year diagnostic allowance. Age errors, varying followup horizons or school-year counting could explain this; do not cap the value or delete the applicant."
101169,"A_2020",0,"years_in_school","years_in_school=5; baseline_age=15; followup_age=18; age_change=3; highest_grade=9","school_years_exceed_age_change_plus_1","review","Retain. Completed school years exceed reported age change plus a one-year diagnostic allowance. Age errors, varying followup horizons or school-year counting could explain this; do not cap the value or delete the applicant."
101169,"A_2020",0,"years_in_school","years_in_school=5; baseline_age=15; followup_age=18; age_change=3; highest_grade=9","school_years_since_allocation_above_4","review","Retain as a requested policy outcome with a timing/definition caveat. Five or six years conflict with a uniform three-year interpretation but may fit the older B2018 cohort. Clarify dates and counting convention; do not cap or infer a correction."
101169,"A_2020",0,"father_educ",,"source_missing","missing","Keep NA. Use available observations for the specific outcome; no outcome imputation in point estimates."
101170,"A_2022",1,"age_at_survey","baseline=14; followup=15; change=1","age_change_outside_2_to_4_screen","review","Retain recorded ages and outcomes. Screening rule only. Systematic cohort differences require survey-date clarification, not automatic correction."
101170,"A_2022",1,"neighborhood",,"source_missing","missing","Keep NA. Exclude from primary controls because coverage differs by cohort."
101171,"A_2020",1,"years_in_school","years_in_school=4; baseline_age=12; followup_age=14; age_change=2; highest_grade=8","school_years_exceed_age_change_plus_1","review","Retain. Completed school years exceed reported age change plus a one-year diagnostic allowance. Age errors, varying followup horizons or school-year counting could explain this; do not cap the value or delete the applicant."
101171,"A_2020",1,"father_age",,"source_missing","missing","Keep NA. Use available observations for the specific outcome; no outcome imputation in point estimates."
101171,"A_2020",1,"father_educ",,"source_missing","missing","Keep NA. Use available observations for the specific outcome; no outcome imputation in point estimates."
101171,"A_2020",1,"father_income_high",,"source_missing","missing","Keep NA. Use available observations for the specific outcome; no outcome imputation in point estimates."
101173,"B_2018",1,"age_at_survey","baseline=9; followup=14; change=5","age_change_outside_2_to_4_screen","review","Retain recorded ages and outcomes. Screening rule only. Systematic cohort differences require survey-date clarification, not automatic correction."
101173,"B_2018",1,"finished_g6","highest_grade=10; finished_g6=0","completion_flag_disagrees_with_highest_grade","inconsistent","Retain both reports; no source is known authoritative. Main grade result uses reported highest_grade. Sensitivity excludes conflicted applicants."
101173,"B_2018",1,"finished_g7","highest_grade=10; finished_g7=0","completion_flag_disagrees_with_highest_grade","inconsistent","Retain both reports; no source is known authoritative. Main grade result uses reported highest_grade. Sensitivity excludes conflicted applicants."
101173,"B_2018",1,"finished_g8","highest_grade=10; finished_g8=0","completion_flag_disagrees_with_highest_grade","inconsistent","Retain both reports; no source is known authoritative. Main grade result uses reported highest_grade. Sensitivity excludes conflicted applicants."
101173,"B_2018",1,"years_in_school","years_in_school=6; baseline_age=9; followup_age=14; age_change=5; highest_grade=10","school_years_since_allocation_above_4","review","Retain as a requested policy outcome with a timing/definition caveat. Five or six years conflict with a uniform three-year interpretation but may fit the older B2018 cohort. Clarify dates and counting convention; do not cap or infer a correction."
101173,"B_2018",1,"neighborhood",,"source_missing","missing","Keep NA. Exclude from primary controls because coverage differs by cohort."
101174,"A_2020",1,"years_in_school","years_in_school=4; baseline_age=13; followup_age=15; age_change=2; highest_grade=7","school_years_exceed_age_change_plus_1","review","Retain. Completed school years exceed reported age change plus a one-year diagnostic allowance. Age errors, varying followup horizons or school-year counting could explain this; do not cap the value or delete the applicant."
101174,"A_2020",1,"neighborhood",,"source_missing","missing","Keep NA. Exclude from primary controls because coverage differs by cohort."
101175,"A_2022",1,"age_at_survey","baseline=13; followup=13; change=0","age_change_outside_2_to_4_screen","review","Retain recorded ages and outcomes. Screening rule only. Systematic cohort differences require survey-date clarification, not automatic correction."
101175,"A_2022",1,"years_in_school","years_in_school=2; baseline_age=13; followup_age=13; age_change=0; highest_grade=6","school_years_exceed_age_change_plus_1","review","Retain. Completed school years exceed reported age change plus a one-year diagnostic allowance. Age errors, varying followup horizons or school-year counting could explain this; do not cap the value or delete the applicant."
101175,"A_2022",1,"neighborhood",,"source_missing","missing","Keep NA. Exclude from primary controls because coverage differs by cohort."
101176,"A_2020",0,"years_in_school","years_in_school=4; baseline_age=12; followup_age=14; age_change=2; highest_grade=8","school_years_exceed_age_change_plus_1","review","Retain. Completed school years exceed reported age change plus a one-year diagnostic allowance. Age errors, varying followup horizons or school-year counting could explain this; do not cap the value or delete the applicant."
101177,"A_2020",0,"neighborhood",,"source_missing","missing","Keep NA. Exclude from primary controls because coverage differs by cohort."
101177,"A_2020",0,"ses_stratum",,"source_missing","missing","Keep NA. Optional adjusted model uses cohort mean and a missing indicator."
101178,"A_2020",0,"years_in_school","years_in_school=4; baseline_age=12; followup_age=14; age_change=2; highest_grade=8","school_years_exceed_age_change_plus_1","review","Retain. Completed school years exceed reported age change plus a one-year diagnostic allowance. Age errors, varying followup horizons or school-year counting could explain this; do not cap the value or delete the applicant."
101178,"A_2020",0,"neighborhood",,"source_missing","missing","Keep NA. Exclude from primary controls because coverage differs by cohort."
101179,"A_2020",0,"years_in_school","years_in_school=4; baseline_age=12; followup_age=14; age_change=2; highest_grade=8","school_years_exceed_age_change_plus_1","review","Retain. Completed school years exceed reported age change plus a one-year diagnostic allowance. Age errors, varying followup horizons or school-year counting could explain this; do not cap the value or delete the applicant."
101180,"A_2020",1,"father_educ",,"source_missing","missing","Keep NA. Use available observations for the specific outcome; no outcome imputation in point estimates."
101180,"A_2020",1,"mother_educ",,"source_missing","missing","Keep NA. Use available observations for the specific outcome; no outcome imputation in point estimates."
101182,"A_2020",1,"neighborhood",,"source_missing","missing","Keep NA. Exclude from primary controls because coverage differs by cohort."
101183,"B_2018",0,"years_in_school","years_in_school=6; baseline_age=15; followup_age=19; age_change=4; highest_grade=9","school_years_exceed_age_change_plus_1","review","Retain. Completed school years exceed reported age change plus a one-year diagnostic allowance. Age errors, varying followup horizons or school-year counting could explain this; do not cap the value or delete the applicant."
101183,"B_2018",0,"years_in_school","years_in_school=6; baseline_age=15; followup_age=19; age_change=4; highest_grade=9","school_years_since_allocation_above_4","review","Retain as a requested policy outcome with a timing/definition caveat. Five or six years conflict with a uniform three-year interpretation but may fit the older B2018 cohort. Clarify dates and counting convention; do not cap or infer a correction."
101183,"B_2018",0,"father_age",,"source_missing","missing","Keep NA. Use available observations for the specific outcome; no outcome imputation in point estimates."
101183,"B_2018",0,"father_educ",,"source_missing","missing","Keep NA. Use available observations for the specific outcome; no outcome imputation in point estimates."
101183,"B_2018",0,"father_income_high",,"source_missing","missing","Keep NA. Use available observations for the specific outcome; no outcome imputation in point estimates."
101183,"B_2018",0,"neighborhood",,"source_missing","missing","Keep NA. Exclude from primary controls because coverage differs by cohort."
101183,"B_2018",0,"ses_stratum",,"source_missing","missing","Keep NA. Optional adjusted model uses cohort mean and a missing indicator."
101184,"A_2020",1,"years_in_school","years_in_school=4; baseline_age=15; followup_age=17; age_change=2; highest_grade=8","school_years_exceed_age_change_plus_1","review","Retain. Completed school years exceed reported age change plus a one-year diagnostic allowance. Age errors, varying followup horizons or school-year counting could explain this; do not cap the value or delete the applicant."
101184,"A_2020",1,"father_income_high",,"source_missing","missing","Keep NA. Use available observations for the specific outcome; no outcome imputation in point estimates."
101184,"A_2020",1,"ses_stratum",,"source_missing","missing","Keep NA. Optional adjusted model uses cohort mean and a missing indicator."
101186,"A_2020",1,"years_in_school","highest_grade=10; years_in_school=4","school_years_below_grade_progress_assuming_grade5_entry","review","Retain both fields. This screen assumes grade 5 completed at allocation. Missing baseline grade and uncertain counting convention prevent a verified correction."
101186,"A_2020",1,"father_age",,"source_missing","missing","Keep NA. Use available observations for the specific outcome; no outcome imputation in point estimates."
101186,"A_2020",1,"father_educ",,"source_missing","missing","Keep NA. Use available observations for the specific outcome; no outcome imputation in point estimates."
101186,"A_2020",1,"father_income_high",,"source_missing","missing","Keep NA. Use available observations for the specific outcome; no outcome imputation in point estimates."
101187,"A_2020",0,"years_in_school","years_in_school=4; baseline_age=13; followup_age=15; age_change=2; highest_grade=7","school_years_exceed_age_change_plus_1","review","Retain. Completed school years exceed reported age change plus a one-year diagnostic allowance. Age errors, varying followup horizons or school-year counting could explain this; do not cap the value or delete the applicant."
101187,"A_2020",0,"father_age",,"source_missing","missing","Keep NA. Use available observations for the specific outcome; no outcome imputation in point estimates."
101187,"A_2020",0,"father_educ",,"source_missing","missing","Keep NA. Use available observations for the specific outcome; no outcome imputation in point estimates."
101187,"A_2020",0,"father_income_high",,"source_missing","missing","Keep NA. Use available observations for the specific outcome; no outcome imputation in point estimates."
101188,"A_2020",0,"father_educ",,"source_missing","missing","Keep NA. Use available observations for the specific outcome; no outcome imputation in point estimates."
101188,"A_2020",0,"mother_educ",,"source_missing","missing","Keep NA. Use available observations for the specific outcome; no outcome imputation in point estimates."
101188,"A_2020",0,"neighborhood",,"source_missing","missing","Keep NA. Exclude from primary controls because coverage differs by cohort."
101189,"A_2022",0,"age_at_survey","baseline=12; followup=13; change=1","age_change_outside_2_to_4_screen","review","Retain recorded ages and outcomes. Screening rule only. Systematic cohort differences require survey-date clarification, not automatic correction."
101189,"A_2022",0,"neighborhood",,"source_missing","missing","Keep NA. Exclude from primary controls because coverage differs by cohort."
101190,"A_2020",0,"years_in_school","years_in_school=4; baseline_age=11; followup_age=13; age_change=2; highest_grade=7","school_years_exceed_age_change_plus_1","review","Retain. Completed school years exceed reported age change plus a one-year diagnostic allowance. Age errors, varying followup horizons or school-year counting could explain this; do not cap the value or delete the applicant."
101190,"A_2020",0,"neighborhood",,"source_missing","missing","Keep NA. Exclude from primary controls because coverage differs by cohort."
101191,"B_2018",0,"years_in_school","years_in_school=6; baseline_age=15; followup_age=19; age_change=4; highest_grade=9","school_years_exceed_age_change_plus_1","review","Retain. Completed school years exceed reported age change plus a one-year diagnostic allowance. Age errors, varying followup horizons or school-year counting could explain this; do not cap the value or delete the applicant."
101191,"B_2018",0,"years_in_school","years_in_school=6; baseline_age=15; followup_age=19; age_change=4; highest_grade=9","school_years_since_allocation_above_4","review","Retain as a requested policy outcome with a timing/definition caveat. Five or six years conflict with a uniform three-year interpretation but may fit the older B2018 cohort. Clarify dates and counting convention; do not cap or infer a correction."
101191,"B_2018",0,"mother_age",,"source_missing","missing","Keep NA. Use available observations for the specific outcome; no outcome imputation in point estimates."
101191,"B_2018",0,"mother_educ",,"source_missing","missing","Keep NA. Use available observations for the specific outcome; no outcome imputation in point estimates."
101191,"B_2018",0,"neighborhood",,"source_missing","missing","Keep NA. Exclude from primary controls because coverage differs by cohort."
101192,"A_2020",0,"father_age",,"source_missing","missing","Keep NA. Use available observations for the specific outcome; no outcome imputation in point estimates."
101192,"A_2020",0,"father_educ",,"source_missing","missing","Keep NA. Use available observations for the specific outcome; no outcome imputation in point estimates."
101192,"A_2020",0,"father_income_high",,"source_missing","missing","Keep NA. Use available observations for the specific outcome; no outcome imputation in point estimates."
101193,"A_2020",0,"years_in_school","years_in_school=4; baseline_age=12; followup_age=14; age_change=2; highest_grade=7","school_years_exceed_age_change_plus_1","review","Retain. Completed school years exceed reported age change plus a one-year diagnostic allowance. Age errors, varying followup horizons or school-year counting could explain this; do not cap the value or delete the applicant."
101193,"A_2020",0,"neighborhood",,"source_missing","missing","Keep NA. Exclude from primary controls because coverage differs by cohort."
101194,"B_2018",1,"father_age",,"source_missing","missing","Keep NA. Use available observations for the specific outcome; no outcome imputation in point estimates."
101194,"B_2018",1,"father_educ",,"source_missing","missing","Keep NA. Use available observations for the specific outcome; no outcome imputation in point estimates."
101194,"B_2018",1,"father_income_high",,"source_missing","missing","Keep NA. Use available observations for the specific outcome; no outcome imputation in point estimates."
101194,"B_2018",1,"neighborhood",,"source_missing","missing","Keep NA. Exclude from primary controls because coverage differs by cohort."
101194,"B_2018",1,"ses_stratum",,"source_missing","missing","Keep NA. Optional adjusted model uses cohort mean and a missing indicator."
101195,"A_2020",0,"years_in_school","years_in_school=4; baseline_age=11; followup_age=13; age_change=2; highest_grade=8","school_years_exceed_age_change_plus_1","review","Retain. Completed school years exceed reported age change plus a one-year diagnostic allowance. Age errors, varying followup horizons or school-year counting could explain this; do not cap the value or delete the applicant."
101195,"A_2020",0,"ses_stratum",,"source_missing","missing","Keep NA. Optional adjusted model uses cohort mean and a missing indicator."
101196,"A_2022",0,"age_at_survey","baseline=14; followup=14; change=0","age_change_outside_2_to_4_screen","review","Retain recorded ages and outcomes. Screening rule only. Systematic cohort differences require survey-date clarification, not automatic correction."
101196,"A_2022",0,"years_in_school","years_in_school=2; baseline_age=14; followup_age=14; age_change=0; highest_grade=6","school_years_exceed_age_change_plus_1","review","Retain. Completed school years exceed reported age change plus a one-year diagnostic allowance. Age errors, varying followup horizons or school-year counting could explain this; do not cap the value or delete the applicant."
101196,"A_2022",0,"father_educ",,"source_missing","missing","Keep NA. Use available observations for the specific outcome; no outcome imputation in point estimates."
101196,"A_2022",0,"mother_educ",,"source_missing","missing","Keep NA. Use available observations for the specific outcome; no outcome imputation in point estimates."
101196,"A_2022",0,"neighborhood",,"source_missing","missing","Keep NA. Exclude from primary controls because coverage differs by cohort."
101196,"A_2022",0,"ses_stratum",,"source_missing","missing","Keep NA. Optional adjusted model uses cohort mean and a missing indicator."
101198,"A_2022",0,"age_at_survey","baseline=11; followup=11; change=0","age_change_outside_2_to_4_screen","review","Retain recorded ages and outcomes. Screening rule only. Systematic cohort differences require survey-date clarification, not automatic correction."
101198,"A_2022",0,"years_in_school","years_in_school=2; baseline_age=11; followup_age=11; age_change=0; highest_grade=6","school_years_exceed_age_change_plus_1","review","Retain. Completed school years exceed reported age change plus a one-year diagnostic allowance. Age errors, varying followup horizons or school-year counting could explain this; do not cap the value or delete the applicant."
101198,"A_2022",0,"father_educ",,"source_missing","missing","Keep NA. Use available observations for the specific outcome; no outcome imputation in point estimates."
101198,"A_2022",0,"neighborhood",,"source_missing","missing","Keep NA. Exclude from primary controls because coverage differs by cohort."
101199,"A_2020",1,"years_in_school","years_in_school=4; baseline_age=13; followup_age=15; age_change=2; highest_grade=8","school_years_exceed_age_change_plus_1","review","Retain. Completed school years exceed reported age change plus a one-year diagnostic allowance. Age errors, varying followup horizons or school-year counting could explain this; do not cap the value or delete the applicant."
101199,"A_2020",1,"father_educ",,"source_missing","missing","Keep NA. Use available observations for the specific outcome; no outcome imputation in point estimates."
101199,"A_2020",1,"father_income_high",,"source_missing","missing","Keep NA. Use available observations for the specific outcome; no outcome imputation in point estimates."
101199,"A_2020",1,"mother_educ",,"source_missing","missing","Keep NA. Use available observations for the specific outcome; no outcome imputation in point estimates."
101200,"A_2020",1,"neighborhood",,"source_missing","missing","Keep NA. Exclude from primary controls because coverage differs by cohort."
101201,"A_2020",0,"years_in_school","years_in_school=4; baseline_age=12; followup_age=14; age_change=2; highest_grade=7","school_years_exceed_age_change_plus_1","review","Retain. Completed school years exceed reported age change plus a one-year diagnostic allowance. Age errors, varying followup horizons or school-year counting could explain this; do not cap the value or delete the applicant."
101201,"A_2020",0,"ses_stratum",,"source_missing","missing","Keep NA. Optional adjusted model uses cohort mean and a missing indicator."
101202,"A_2020",0,"years_in_school","years_in_school=4; baseline_age=16; followup_age=18; age_change=2; highest_grade=7","school_years_exceed_age_change_plus_1","review","Retain. Completed school years exceed reported age change plus a one-year diagnostic allowance. Age errors, varying followup horizons or school-year counting could explain this; do not cap the value or delete the applicant."
101202,"A_2020",0,"father_educ",,"source_missing","missing","Keep NA. Use available observations for the specific outcome; no outcome imputation in point estimates."
101202,"A_2020",0,"father_income_high",,"source_missing","missing","Keep NA. Use available observations for the specific outcome; no outcome imputation in point estimates."
101203,"A_2020",0,"mother_age",,"source_missing","missing","Keep NA. Use available observations for the specific outcome; no outcome imputation in point estimates."
101203,"A_2020",0,"mother_educ",,"source_missing","missing","Keep NA. Use available observations for the specific outcome; no outcome imputation in point estimates."
101204,"A_2020",1,"years_in_school","years_in_school=4; baseline_age=13; followup_age=15; age_change=2; highest_grade=8","school_years_exceed_age_change_plus_1","review","Retain. Completed school years exceed reported age change plus a one-year diagnostic allowance. Age errors, varying followup horizons or school-year counting could explain this; do not cap the value or delete the applicant."
101205,"A_2020",1,"years_in_school","years_in_school=4; baseline_age=11; followup_age=13; age_change=2; highest_grade=8","school_years_exceed_age_change_plus_1","review","Retain. Completed school years exceed reported age change plus a one-year diagnostic allowance. Age errors, varying followup horizons or school-year counting could explain this; do not cap the value or delete the applicant."
101205,"A_2020",1,"neighborhood",,"source_missing","missing","Keep NA. Exclude from primary controls because coverage differs by cohort."
101207,"A_2020",1,"father_educ",,"source_missing","missing","Keep NA. Use available observations for the specific outcome; no outcome imputation in point estimates."
101207,"A_2020",1,"father_income_high",,"source_missing","missing","Keep NA. Use available observations for the specific outcome; no outcome imputation in point estimates."
101209,"A_2020",0,"neighborhood",,"source_missing","missing","Keep NA. Exclude from primary controls because coverage differs by cohort."
101210,"A_2020",0,"years_in_school","years_in_school=4; baseline_age=12; followup_age=14; age_change=2; highest_grade=8","school_years_exceed_age_change_plus_1","review","Retain. Completed school years exceed reported age change plus a one-year diagnostic allowance. Age errors, varying followup horizons or school-year counting could explain this; do not cap the value or delete the applicant."
101210,"A_2020",0,"ses_stratum",,"source_missing","missing","Keep NA. Optional adjusted model uses cohort mean and a missing indicator."
101211,"B_2018",0,"age_at_survey","baseline=14; followup=19; change=5","age_change_outside_2_to_4_screen","review","Retain recorded ages and outcomes. Screening rule only. Systematic cohort differences require survey-date clarification, not automatic correction."
101211,"B_2018",0,"years_in_school","years_in_school=5; baseline_age=14; followup_age=19; age_change=5; highest_grade=9","school_years_since_allocation_above_4","review","Retain as a requested policy outcome with a timing/definition caveat. Five or six years conflict with a uniform three-year interpretation but may fit the older B2018 cohort. Clarify dates and counting convention; do not cap or infer a correction."
101211,"B_2018",0,"father_age",,"source_missing","missing","Keep NA. Use available observations for the specific outcome; no outcome imputation in point estimates."
101211,"B_2018",0,"father_educ",,"source_missing","missing","Keep NA. Use available observations for the specific outcome; no outcome imputation in point estimates."
101211,"B_2018",0,"father_income_high",,"source_missing","missing","Keep NA. Use available observations for the specific outcome; no outcome imputation in point estimates."
101211,"B_2018",0,"mother_age",,"source_missing","missing","Keep NA. Use available observations for the specific outcome; no outcome imputation in point estimates."
101211,"B_2018",0,"mother_educ",,"source_missing","missing","Keep NA. Use available observations for the specific outcome; no outcome imputation in point estimates."
101211,"B_2018",0,"neighborhood",,"source_missing","missing","Keep NA. Exclude from primary controls because coverage differs by cohort."
101212,"A_2020",1,"father_age",,"source_missing","missing","Keep NA. Use available observations for the specific outcome; no outcome imputation in point estimates."
101212,"A_2020",1,"father_educ",,"source_missing","missing","Keep NA. Use available observations for the specific outcome; no outcome imputation in point estimates."
101212,"A_2020",1,"father_income_high",,"source_missing","missing","Keep NA. Use available observations for the specific outcome; no outcome imputation in point estimates."
101213,"A_2020",1,"age_at_application",,"source_missing","missing","Keep NA. Optional adjusted model uses cohort mean and a missing indicator."
101213,"A_2020",1,"father_age",,"source_missing","missing","Keep NA. Use available observations for the specific outcome; no outcome imputation in point estimates."
101213,"A_2020",1,"father_educ",,"source_missing","missing","Keep NA. Use available observations for the specific outcome; no outcome imputation in point estimates."
101213,"A_2020",1,"father_income_high",,"source_missing","missing","Keep NA. Use available observations for the specific outcome; no outcome imputation in point estimates."
101213,"A_2020",1,"neighborhood",,"source_missing","missing","Keep NA. Exclude from primary controls because coverage differs by cohort."
101214,"B_2018",1,"age_at_survey","baseline=14; followup=19; change=5","age_change_outside_2_to_4_screen","review","Retain recorded ages and outcomes. Screening rule only. Systematic cohort differences require survey-date clarification, not automatic correction."
101214,"B_2018",1,"father_age",,"source_missing","missing","Keep NA. Use available observations for the specific outcome; no outcome imputation in point estimates."
101214,"B_2018",1,"father_educ",,"source_missing","missing","Keep NA. Use available observations for the specific outcome; no outcome imputation in point estimates."
101214,"B_2018",1,"father_income_high",,"source_missing","missing","Keep NA. Use available observations for the specific outcome; no outcome imputation in point estimates."
101214,"B_2018",1,"neighborhood",,"source_missing","missing","Keep NA. Exclude from primary controls because coverage differs by cohort."
101215,"A_2020",1,"years_in_school","years_in_school=4; baseline_age=13; followup_age=15; age_change=2; highest_grade=8","school_years_exceed_age_change_plus_1","review","Retain. Completed school years exceed reported age change plus a one-year diagnostic allowance. Age errors, varying followup horizons or school-year counting could explain this; do not cap the value or delete the applicant."
101216,"A_2020",1,"years_in_school","years_in_school=4; baseline_age=11; followup_age=13; age_change=2; highest_grade=8","school_years_exceed_age_change_plus_1","review","Retain. Completed school years exceed reported age change plus a one-year diagnostic allowance. Age errors, varying followup horizons or school-year counting could explain this; do not cap the value or delete the applicant."
101216,"A_2020",1,"father_educ",,"source_missing","missing","Keep NA. Use available observations for the specific outcome; no outcome imputation in point estimates."
101216,"A_2020",1,"mother_educ",,"source_missing","missing","Keep NA. Use available observations for the specific outcome; no outcome imputation in point estimates."
101217,"A_2020",0,"years_in_school","years_in_school=4; baseline_age=12; followup_age=14; age_change=2; highest_grade=8","school_years_exceed_age_change_plus_1","review","Retain. Completed school years exceed reported age change plus a one-year diagnostic allowance. Age errors, varying followup horizons or school-year counting could explain this; do not cap the value or delete the applicant."
101218,"A_2020",0,"father_educ",,"source_missing","missing","Keep NA. Use available observations for the specific outcome; no outcome imputation in point estimates."
101218,"A_2020",0,"mother_educ",,"source_missing","missing","Keep NA. Use available observations for the specific outcome; no outcome imputation in point estimates."
101219,"A_2020",1,"ses_stratum",,"source_missing","missing","Keep NA. Optional adjusted model uses cohort mean and a missing indicator."
101219,"A_2020",1,"hours_worked","0","working_but_zero_weekly_hours","review","Retain. Could reflect temporary absence or reference-period differences; do not assume zero means missing."
101220,"A_2020",1,"father_age",,"source_missing","missing","Keep NA. Use available observations for the specific outcome; no outcome imputation in point estimates."
101220,"A_2020",1,"father_educ",,"source_missing","missing","Keep NA. Use available observations for the specific outcome; no outcome imputation in point estimates."
101220,"A_2020",1,"father_income_high",,"source_missing","missing","Keep NA. Use available observations for the specific outcome; no outcome imputation in point estimates."
101222,"A_2020",1,"years_in_school","years_in_school=4; baseline_age=12; followup_age=14; age_change=2; highest_grade=8","school_years_exceed_age_change_plus_1","review","Retain. Completed school years exceed reported age change plus a one-year diagnostic allowance. Age errors, varying followup horizons or school-year counting could explain this; do not cap the value or delete the applicant."
101223,"A_2022",0,"age_at_survey","baseline=13; followup=13; change=0","age_change_outside_2_to_4_screen","review","Retain recorded ages and outcomes. Screening rule only. Systematic cohort differences require survey-date clarification, not automatic correction."
101223,"A_2022",0,"years_in_school","years_in_school=2; baseline_age=13; followup_age=13; age_change=0; highest_grade=6","school_years_exceed_age_change_plus_1","review","Retain. Completed school years exceed reported age change plus a one-year diagnostic allowance. Age errors, varying followup horizons or school-year counting could explain this; do not cap the value or delete the applicant."
101223,"A_2022",0,"father_income_high",,"source_missing","missing","Keep NA. Use available observations for the specific outcome; no outcome imputation in point estimates."
101223,"A_2022",0,"mother_age",,"source_missing","missing","Keep NA. Use available observations for the specific outcome; no outcome imputation in point estimates."
101223,"A_2022",0,"mother_educ",,"source_missing","missing","Keep NA. Use available observations for the specific outcome; no outcome imputation in point estimates."
101223,"A_2022",0,"neighborhood",,"source_missing","missing","Keep NA. Exclude from primary controls because coverage differs by cohort."
101224,"A_2022",0,"age_at_survey","baseline=11; followup=11; change=0","age_change_outside_2_to_4_screen","review","Retain recorded ages and outcomes. Screening rule only. Systematic cohort differences require survey-date clarification, not automatic correction."
101224,"A_2022",0,"years_in_school","years_in_school=2; baseline_age=11; followup_age=11; age_change=0; highest_grade=6","school_years_exceed_age_change_plus_1","review","Retain. Completed school years exceed reported age change plus a one-year diagnostic allowance. Age errors, varying followup horizons or school-year counting could explain this; do not cap the value or delete the applicant."
101224,"A_2022",0,"neighborhood",,"source_missing","missing","Keep NA. Exclude from primary controls because coverage differs by cohort."
101225,"A_2022",0,"age_at_survey","baseline=11; followup=12; change=1","age_change_outside_2_to_4_screen","review","Retain recorded ages and outcomes. Screening rule only. Systematic cohort differences require survey-date clarification, not automatic correction."
101225,"A_2022",0,"neighborhood",,"source_missing","missing","Keep NA. Exclude from primary controls because coverage differs by cohort."
101225,"A_2022",0,"ses_stratum",,"source_missing","missing","Keep NA. Optional adjusted model uses cohort mean and a missing indicator."
101226,"A_2020",1,"father_income_high",,"source_missing","missing","Keep NA. Use available observations for the specific outcome; no outcome imputation in point estimates."
101227,"A_2020",1,"years_in_school","years_in_school=4; baseline_age=12; followup_age=14; age_change=2; highest_grade=8","school_years_exceed_age_change_plus_1","review","Retain. Completed school years exceed reported age change plus a one-year diagnostic allowance. Age errors, varying followup horizons or school-year counting could explain this; do not cap the value or delete the applicant."
101227,"A_2020",1,"father_age",,"source_missing","missing","Keep NA. Use available observations for the specific outcome; no outcome imputation in point estimates."
101227,"A_2020",1,"father_educ",,"source_missing","missing","Keep NA. Use available observations for the specific outcome; no outcome imputation in point estimates."
101227,"A_2020",1,"father_income_high",,"source_missing","missing","Keep NA. Use available observations for the specific outcome; no outcome imputation in point estimates."
101228,"A_2020",0,"ses_stratum",,"source_missing","missing","Keep NA. Optional adjusted model uses cohort mean and a missing indicator."
101229,"A_2020",1,"years_in_school","years_in_school=4; baseline_age=13; followup_age=15; age_change=2; highest_grade=8","school_years_exceed_age_change_plus_1","review","Retain. Completed school years exceed reported age change plus a one-year diagnostic allowance. Age errors, varying followup horizons or school-year counting could explain this; do not cap the value or delete the applicant."
101233,"A_2020",1,"neighborhood",,"source_missing","missing","Keep NA. Exclude from primary controls because coverage differs by cohort."
101234,"A_2020",1,"years_in_school","years_in_school=4; baseline_age=14; followup_age=16; age_change=2; highest_grade=8","school_years_exceed_age_change_plus_1","review","Retain. Completed school years exceed reported age change plus a one-year diagnostic allowance. Age errors, varying followup horizons or school-year counting could explain this; do not cap the value or delete the applicant."
101235,"A_2022",0,"age_at_survey","baseline=13; followup=13; change=0","age_change_outside_2_to_4_screen","review","Retain recorded ages and outcomes. Screening rule only. Systematic cohort differences require survey-date clarification, not automatic correction."
101235,"A_2022",0,"years_in_school","years_in_school=2; baseline_age=13; followup_age=13; age_change=0; highest_grade=6","school_years_exceed_age_change_plus_1","review","Retain. Completed school years exceed reported age change plus a one-year diagnostic allowance. Age errors, varying followup horizons or school-year counting could explain this; do not cap the value or delete the applicant."
101235,"A_2022",0,"neighborhood",,"source_missing","missing","Keep NA. Exclude from primary controls because coverage differs by cohort."
101236,"A_2020",1,"age_at_survey","baseline=11; followup=12; change=1","age_change_outside_2_to_4_screen","review","Retain recorded ages and outcomes. Screening rule only. Systematic cohort differences require survey-date clarification, not automatic correction."
101236,"A_2020",1,"years_in_school","years_in_school=4; baseline_age=11; followup_age=12; age_change=1; highest_grade=8","school_years_exceed_age_change_plus_1","review","Retain. Completed school years exceed reported age change plus a one-year diagnostic allowance. Age errors, varying followup horizons or school-year counting could explain this; do not cap the value or delete the applicant."
101237,"A_2020",0,"age_at_application",,"source_missing","missing","Keep NA. Optional adjusted model uses cohort mean and a missing indicator."
101237,"A_2020",0,"age_at_survey",,"source_missing","missing","Keep NA. Use available observations for the specific outcome; no outcome imputation in point estimates."
101237,"A_2020",0,"ever_repeated",,"source_missing","missing","Keep NA. Use available observations for the specific outcome; no outcome imputation in point estimates."
101237,"A_2020",0,"father_age",,"source_missing","missing","Keep NA. Use available observations for the specific outcome; no outcome imputation in point estimates."
101237,"A_2020",0,"father_educ",,"source_missing","missing","Keep NA. Use available observations for the specific outcome; no outcome imputation in point estimates."
101237,"A_2020",0,"father_income_high",,"source_missing","missing","Keep NA. Use available observations for the specific outcome; no outcome imputation in point estimates."
101237,"A_2020",0,"finished_g6",,"source_missing","missing","Keep NA. Use available observations for the specific outcome; no outcome imputation in point estimates."
101237,"A_2020",0,"finished_g7",,"source_missing","missing","Keep NA. Use available observations for the specific outcome; no outcome imputation in point estimates."
101237,"A_2020",0,"finished_g8",,"source_missing","missing","Keep NA. Use available observations for the specific outcome; no outcome imputation in point estimates."
101237,"A_2020",0,"has_child",,"source_missing","missing","Keep NA. Use available observations for the specific outcome; no outcome imputation in point estimates."
101237,"A_2020",0,"hours_worked",,"source_missing","missing","Keep NA. Use available observations for the specific outcome; no outcome imputation in point estimates."
101237,"A_2020",0,"in_private_now",,"source_missing","missing","Keep NA. Use available observations for the specific outcome; no outcome imputation in point estimates."
101237,"A_2020",0,"in_school_now",,"source_missing","missing","Keep NA. Use available observations for the specific outcome; no outcome imputation in point estimates."
101237,"A_2020",0,"married_or_cohab",,"source_missing","missing","Keep NA. Use available observations for the specific outcome; no outcome imputation in point estimates."
101237,"A_2020",0,"mother_age",,"source_missing","missing","Keep NA. Use available observations for the specific outcome; no outcome imputation in point estimates."
101237,"A_2020",0,"mother_educ",,"source_missing","missing","Keep NA. Use available observations for the specific outcome; no outcome imputation in point estimates."
101237,"A_2020",0,"neighborhood",,"source_missing","missing","Keep NA. Exclude from primary controls because coverage differs by cohort."
101237,"A_2020",0,"receiving_aid_now",,"source_missing","missing","Keep NA. Use available observations for the specific outcome; no outcome imputation in point estimates."
101237,"A_2020",0,"repeats_g6",,"source_missing","missing","Keep NA. Use available observations for the specific outcome; no outcome imputation in point estimates."
101237,"A_2020",0,"ses_stratum",,"source_missing","missing","Keep NA. Optional adjusted model uses cohort mean and a missing indicator."
101237,"A_2020",0,"started_g6_private",,"source_missing","missing","Keep NA. Use available observations for the specific outcome; no outcome imputation in point estimates."
101237,"A_2020",0,"started_g7_private",,"source_missing","missing","Keep NA. Use available observations for the specific outcome; no outcome imputation in point estimates."
101237,"A_2020",0,"total_repeats",,"source_missing","missing","Keep NA. Use available observations for the specific outcome; no outcome imputation in point estimates."
101237,"A_2020",0,"working",,"source_missing","missing","Keep NA. Use available observations for the specific outcome; no outcome imputation in point estimates."
101237,"A_2020",0,"years_in_school",,"source_missing","missing","Keep NA. Use available observations for the specific outcome; no outcome imputation in point estimates."
101238,"A_2020",0,"years_in_school","years_in_school=4; baseline_age=12; followup_age=14; age_change=2; highest_grade=8","school_years_exceed_age_change_plus_1","review","Retain. Completed school years exceed reported age change plus a one-year diagnostic allowance. Age errors, varying followup horizons or school-year counting could explain this; do not cap the value or delete the applicant."
101238,"A_2020",0,"father_educ",,"source_missing","missing","Keep NA. Use available observations for the specific outcome; no outcome imputation in point estimates."
101238,"A_2020",0,"father_income_high",,"source_missing","missing","Keep NA. Use available observations for the specific outcome; no outcome imputation in point estimates."
101239,"A_2020",0,"age_at_survey","baseline=15; followup=16; change=1","age_change_outside_2_to_4_screen","review","Retain recorded ages and outcomes. Screening rule only. Systematic cohort differences require survey-date clarification, not automatic correction."
101239,"A_2020",0,"years_in_school","years_in_school=3; baseline_age=15; followup_age=16; age_change=1; highest_grade=7","school_years_exceed_age_change_plus_1","review","Retain. Completed school years exceed reported age change plus a one-year diagnostic allowance. Age errors, varying followup horizons or school-year counting could explain this; do not cap the value or delete the applicant."
101240,"A_2020",0,"father_age",,"source_missing","missing","Keep NA. Use available observations for the specific outcome; no outcome imputation in point estimates."
101240,"A_2020",0,"father_educ",,"source_missing","missing","Keep NA. Use available observations for the specific outcome; no outcome imputation in point estimates."
101240,"A_2020",0,"father_income_high",,"source_missing","missing","Keep NA. Use available observations for the specific outcome; no outcome imputation in point estimates."
101240,"A_2020",0,"in_private_now",,"source_missing","missing","Keep NA. Use available observations for the specific outcome; no outcome imputation in point estimates."
101241,"A_2020",0,"years_in_school","years_in_school=4; baseline_age=12; followup_age=14; age_change=2; highest_grade=8","school_years_exceed_age_change_plus_1","review","Retain. Completed school years exceed reported age change plus a one-year diagnostic allowance. Age errors, varying followup horizons or school-year counting could explain this; do not cap the value or delete the applicant."
101242,"A_2020",0,"father_age",,"source_missing","missing","Keep NA. Use available observations for the specific outcome; no outcome imputation in point estimates."
101242,"A_2020",0,"father_educ",,"source_missing","missing","Keep NA. Use available observations for the specific outcome; no outcome imputation in point estimates."
101242,"A_2020",0,"father_income_high",,"source_missing","missing","Keep NA. Use available observations for the specific outcome; no outcome imputation in point estimates."
101243,"A_2020",1,"neighborhood",,"source_missing","missing","Keep NA. Exclude from primary controls because coverage differs by cohort."
101244,"A_2020",1,"father_age",,"source_missing","missing","Keep NA. Use available observations for the specific outcome; no outcome imputation in point estimates."
101244,"A_2020",1,"father_educ",,"source_missing","missing","Keep NA. Use available observations for the specific outcome; no outcome imputation in point estimates."
101244,"A_2020",1,"father_income_high",,"source_missing","missing","Keep NA. Use available observations for the specific outcome; no outcome imputation in point estimates."
101246,"A_2020",1,"years_in_school","years_in_school=4; baseline_age=13; followup_age=15; age_change=2; highest_grade=8","school_years_exceed_age_change_plus_1","review","Retain. Completed school years exceed reported age change plus a one-year diagnostic allowance. Age errors, varying followup horizons or school-year counting could explain this; do not cap the value or delete the applicant."
101246,"A_2020",1,"father_age",,"source_missing","missing","Keep NA. Use available observations for the specific outcome; no outcome imputation in point estimates."
101246,"A_2020",1,"father_educ",,"source_missing","missing","Keep NA. Use available observations for the specific outcome; no outcome imputation in point estimates."
101246,"A_2020",1,"father_income_high",,"source_missing","missing","Keep NA. Use available observations for the specific outcome; no outcome imputation in point estimates."
101247,"A_2022",0,"age_at_survey","baseline=12; followup=13; change=1","age_change_outside_2_to_4_screen","review","Retain recorded ages and outcomes. Screening rule only. Systematic cohort differences require survey-date clarification, not automatic correction."
101247,"A_2022",0,"neighborhood",,"source_missing","missing","Keep NA. Exclude from primary controls because coverage differs by cohort."
101248,"A_2020",1,"years_in_school","years_in_school=4; baseline_age=12; followup_age=14; age_change=2; highest_grade=7","school_years_exceed_age_change_plus_1","review","Retain. Completed school years exceed reported age change plus a one-year diagnostic allowance. Age errors, varying followup horizons or school-year counting could explain this; do not cap the value or delete the applicant."
101248,"A_2020",1,"neighborhood",,"source_missing","missing","Keep NA. Exclude from primary controls because coverage differs by cohort."
101249,"A_2020",0,"father_age",,"source_missing","missing","Keep NA. Use available observations for the specific outcome; no outcome imputation in point estimates."
101249,"A_2020",0,"father_educ",,"source_missing","missing","Keep NA. Use available observations for the specific outcome; no outcome imputation in point estimates."
101249,"A_2020",0,"mother_age",,"source_missing","missing","Keep NA. Use available observations for the specific outcome; no outcome imputation in point estimates."
101249,"A_2020",0,"mother_educ",,"source_missing","missing","Keep NA. Use available observations for the specific outcome; no outcome imputation in point estimates."
101250,"A_2022",0,"age_at_survey","baseline=12; followup=13; change=1","age_change_outside_2_to_4_screen","review","Retain recorded ages and outcomes. Screening rule only. Systematic cohort differences require survey-date clarification, not automatic correction."
101250,"A_2022",0,"father_educ",,"source_missing","missing","Keep NA. Use available observations for the specific outcome; no outcome imputation in point estimates."
101250,"A_2022",0,"father_income_high",,"source_missing","missing","Keep NA. Use available observations for the specific outcome; no outcome imputation in point estimates."
101250,"A_2022",0,"neighborhood",,"source_missing","missing","Keep NA. Exclude from primary controls because coverage differs by cohort."
101251,"A_2020",1,"years_in_school","years_in_school=4; baseline_age=12; followup_age=14; age_change=2; highest_grade=8","school_years_exceed_age_change_plus_1","review","Retain. Completed school years exceed reported age change plus a one-year diagnostic allowance. Age errors, varying followup horizons or school-year counting could explain this; do not cap the value or delete the applicant."
101252,"A_2022",0,"age_at_survey","baseline=15; followup=15; change=0","age_change_outside_2_to_4_screen","review","Retain recorded ages and outcomes. Screening rule only. Systematic cohort differences require survey-date clarification, not automatic correction."
101252,"A_2022",0,"years_in_school","years_in_school=2; baseline_age=15; followup_age=15; age_change=0; highest_grade=6","school_years_exceed_age_change_plus_1","review","Retain. Completed school years exceed reported age change plus a one-year diagnostic allowance. Age errors, varying followup horizons or school-year counting could explain this; do not cap the value or delete the applicant."
101252,"A_2022",0,"neighborhood",,"source_missing","missing","Keep NA. Exclude from primary controls because coverage differs by cohort."
101253,"B_2018",0,"age_at_survey","baseline=11; followup=16; change=5","age_change_outside_2_to_4_screen","review","Retain recorded ages and outcomes. Screening rule only. Systematic cohort differences require survey-date clarification, not automatic correction."
101253,"B_2018",0,"years_in_school","years_in_school=6; baseline_age=11; followup_age=16; age_change=5; highest_grade=8","school_years_since_allocation_above_4","review","Retain as a requested policy outcome with a timing/definition caveat. Five or six years conflict with a uniform three-year interpretation but may fit the older B2018 cohort. Clarify dates and counting convention; do not cap or infer a correction."
101253,"B_2018",0,"neighborhood",,"source_missing","missing","Keep NA. Exclude from primary controls because coverage differs by cohort."
101253,"B_2018",0,"ses_stratum",,"source_missing","missing","Keep NA. Optional adjusted model uses cohort mean and a missing indicator."
101254,"B_2018",0,"years_in_school","years_in_school=6; baseline_age=12; followup_age=16; age_change=4; highest_grade=9","school_years_exceed_age_change_plus_1","review","Retain. Completed school years exceed reported age change plus a one-year diagnostic allowance. Age errors, varying followup horizons or school-year counting could explain this; do not cap the value or delete the applicant."
101254,"B_2018",0,"years_in_school","years_in_school=6; baseline_age=12; followup_age=16; age_change=4; highest_grade=9","school_years_since_allocation_above_4","review","Retain as a requested policy outcome with a timing/definition caveat. Five or six years conflict with a uniform three-year interpretation but may fit the older B2018 cohort. Clarify dates and counting convention; do not cap or infer a correction."
101254,"B_2018",0,"neighborhood",,"source_missing","missing","Keep NA. Exclude from primary controls because coverage differs by cohort."
101255,"B_2018",0,"years_in_school","years_in_school=5; baseline_age=12; followup_age=16; age_change=4; highest_grade=8","school_years_since_allocation_above_4","review","Retain as a requested policy outcome with a timing/definition caveat. Five or six years conflict with a uniform three-year interpretation but may fit the older B2018 cohort. Clarify dates and counting convention; do not cap or infer a correction."
101255,"B_2018",0,"neighborhood",,"source_missing","missing","Keep NA. Exclude from primary controls because coverage differs by cohort."
101256,"A_2020",0,"ever_repeated",,"source_missing","missing","Keep NA. Use available observations for the specific outcome; no outcome imputation in point estimates."
101256,"A_2020",0,"finished_g6",,"source_missing","missing","Keep NA. Use available observations for the specific outcome; no outcome imputation in point estimates."
101256,"A_2020",0,"finished_g7",,"source_missing","missing","Keep NA. Use available observations for the specific outcome; no outcome imputation in point estimates."
101256,"A_2020",0,"finished_g8",,"source_missing","missing","Keep NA. Use available observations for the specific outcome; no outcome imputation in point estimates."
101256,"A_2020",0,"has_child",,"source_missing","missing","Keep NA. Use available observations for the specific outcome; no outcome imputation in point estimates."
101256,"A_2020",0,"hours_worked",,"source_missing","missing","Keep NA. Use available observations for the specific outcome; no outcome imputation in point estimates."
101256,"A_2020",0,"married_or_cohab",,"source_missing","missing","Keep NA. Use available observations for the specific outcome; no outcome imputation in point estimates."
101256,"A_2020",0,"receiving_aid_now",,"source_missing","missing","Keep NA. Use available observations for the specific outcome; no outcome imputation in point estimates."
101256,"A_2020",0,"repeats_g6",,"source_missing","missing","Keep NA. Use available observations for the specific outcome; no outcome imputation in point estimates."
101256,"A_2020",0,"total_repeats",,"source_missing","missing","Keep NA. Use available observations for the specific outcome; no outcome imputation in point estimates."
101256,"A_2020",0,"working",,"source_missing","missing","Keep NA. Use available observations for the specific outcome; no outcome imputation in point estimates."
101256,"A_2020",0,"years_in_school",,"source_missing","missing","Keep NA. Use available observations for the specific outcome; no outcome imputation in point estimates."
101257,"A_2020",1,"years_in_school","years_in_school=4; baseline_age=12; followup_age=14; age_change=2; highest_grade=8","school_years_exceed_age_change_plus_1","review","Retain. Completed school years exceed reported age change plus a one-year diagnostic allowance. Age errors, varying followup horizons or school-year counting could explain this; do not cap the value or delete the applicant."
101257,"A_2020",1,"father_educ",,"source_missing","missing","Keep NA. Use available observations for the specific outcome; no outcome imputation in point estimates."
101257,"A_2020",1,"father_income_high",,"source_missing","missing","Keep NA. Use available observations for the specific outcome; no outcome imputation in point estimates."
101258,"A_2020",0,"father_age",,"source_missing","missing","Keep NA. Use available observations for the specific outcome; no outcome imputation in point estimates."
101258,"A_2020",0,"father_educ",,"source_missing","missing","Keep NA. Use available observations for the specific outcome; no outcome imputation in point estimates."
101258,"A_2020",0,"father_income_high",,"source_missing","missing","Keep NA. Use available observations for the specific outcome; no outcome imputation in point estimates."
101259,"A_2020",1,"years_in_school","years_in_school=4; baseline_age=14; followup_age=16; age_change=2; highest_grade=7","school_years_exceed_age_change_plus_1","review","Retain. Completed school years exceed reported age change plus a one-year diagnostic allowance. Age errors, varying followup horizons or school-year counting could explain this; do not cap the value or delete the applicant."
101259,"A_2020",1,"father_age",,"source_missing","missing","Keep NA. Use available observations for the specific outcome; no outcome imputation in point estimates."
101259,"A_2020",1,"father_educ",,"source_missing","missing","Keep NA. Use available observations for the specific outcome; no outcome imputation in point estimates."
101259,"A_2020",1,"father_income_high",,"source_missing","missing","Keep NA. Use available observations for the specific outcome; no outcome imputation in point estimates."
101259,"A_2020",1,"mother_age",,"source_missing","missing","Keep NA. Use available observations for the specific outcome; no outcome imputation in point estimates."
101259,"A_2020",1,"mother_educ",,"source_missing","missing","Keep NA. Use available observations for the specific outcome; no outcome imputation in point estimates."
101259,"A_2020",1,"neighborhood",,"source_missing","missing","Keep NA. Exclude from primary controls because coverage differs by cohort."
101259,"A_2020",1,"ses_stratum",,"source_missing","missing","Keep NA. Optional adjusted model uses cohort mean and a missing indicator."
101260,"A_2022",1,"age_at_survey","baseline=13; followup=14; change=1","age_change_outside_2_to_4_screen","review","Retain recorded ages and outcomes. Screening rule only. Systematic cohort differences require survey-date clarification, not automatic correction."
101260,"A_2022",1,"neighborhood",,"source_missing","missing","Keep NA. Exclude from primary controls because coverage differs by cohort."
101261,"B_2018",1,"years_in_school","years_in_school=6; baseline_age=13; followup_age=17; age_change=4; highest_grade=9","school_years_exceed_age_change_plus_1","review","Retain. Completed school years exceed reported age change plus a one-year diagnostic allowance. Age errors, varying followup horizons or school-year counting could explain this; do not cap the value or delete the applicant."
101261,"B_2018",1,"years_in_school","years_in_school=6; baseline_age=13; followup_age=17; age_change=4; highest_grade=9","school_years_since_allocation_above_4","review","Retain as a requested policy outcome with a timing/definition caveat. Five or six years conflict with a uniform three-year interpretation but may fit the older B2018 cohort. Clarify dates and counting convention; do not cap or infer a correction."
101261,"B_2018",1,"father_age",,"source_missing","missing","Keep NA. Use available observations for the specific outcome; no outcome imputation in point estimates."
101261,"B_2018",1,"father_educ",,"source_missing","missing","Keep NA. Use available observations for the specific outcome; no outcome imputation in point estimates."
101261,"B_2018",1,"father_income_high",,"source_missing","missing","Keep NA. Use available observations for the specific outcome; no outcome imputation in point estimates."
101261,"B_2018",1,"mother_age",,"source_missing","missing","Keep NA. Use available observations for the specific outcome; no outcome imputation in point estimates."
101261,"B_2018",1,"mother_educ",,"source_missing","missing","Keep NA. Use available observations for the specific outcome; no outcome imputation in point estimates."
101261,"B_2018",1,"neighborhood",,"source_missing","missing","Keep NA. Exclude from primary controls because coverage differs by cohort."
101261,"B_2018",1,"ses_stratum",,"source_missing","missing","Keep NA. Optional adjusted model uses cohort mean and a missing indicator."
101261,"B_2018",1,"hours_worked","0","working_but_zero_weekly_hours","review","Retain. Could reflect temporary absence or reference-period differences; do not assume zero means missing."
101262,"A_2020",0,"years_in_school","years_in_school=4; baseline_age=13; followup_age=15; age_change=2; highest_grade=8","school_years_exceed_age_change_plus_1","review","Retain. Completed school years exceed reported age change plus a one-year diagnostic allowance. Age errors, varying followup horizons or school-year counting could explain this; do not cap the value or delete the applicant."
101262,"A_2020",0,"father_age",,"source_missing","missing","Keep NA. Use available observations for the specific outcome; no outcome imputation in point estimates."
101262,"A_2020",0,"father_educ",,"source_missing","missing","Keep NA. Use available observations for the specific outcome; no outcome imputation in point estimates."
101262,"A_2020",0,"father_income_high",,"source_missing","missing","Keep NA. Use available observations for the specific outcome; no outcome imputation in point estimates."
101262,"A_2020",0,"ses_stratum",,"source_missing","missing","Keep NA. Optional adjusted model uses cohort mean and a missing indicator."
101263,"A_2022",1,"age_at_survey","baseline=11; followup=12; change=1","age_change_outside_2_to_4_screen","review","Retain recorded ages and outcomes. Screening rule only. Systematic cohort differences require survey-date clarification, not automatic correction."
101263,"A_2022",1,"neighborhood",,"source_missing","missing","Keep NA. Exclude from primary controls because coverage differs by cohort."
101264,"A_2022",1,"age_at_survey","baseline=12; followup=12; change=0","age_change_outside_2_to_4_screen","review","Retain recorded ages and outcomes. Screening rule only. Systematic cohort differences require survey-date clarification, not automatic correction."
101264,"A_2022",1,"years_in_school","years_in_school=2; baseline_age=12; followup_age=12; age_change=0; highest_grade=6","school_years_exceed_age_change_plus_1","review","Retain. Completed school years exceed reported age change plus a one-year diagnostic allowance. Age errors, varying followup horizons or school-year counting could explain this; do not cap the value or delete the applicant."
101264,"A_2022",1,"father_educ",,"source_missing","missing","Keep NA. Use available observations for the specific outcome; no outcome imputation in point estimates."
101264,"A_2022",1,"neighborhood",,"source_missing","missing","Keep NA. Exclude from primary controls because coverage differs by cohort."
101265,"A_2020",0,"father_age",,"source_missing","missing","Keep NA. Use available observations for the specific outcome; no outcome imputation in point estimates."
101265,"A_2020",0,"father_educ",,"source_missing","missing","Keep NA. Use available observations for the specific outcome; no outcome imputation in point estimates."
101265,"A_2020",0,"father_income_high",,"source_missing","missing","Keep NA. Use available observations for the specific outcome; no outcome imputation in point estimates."
101265,"A_2020",0,"ses_stratum",,"source_missing","missing","Keep NA. Optional adjusted model uses cohort mean and a missing indicator."
101266,"A_2020",1,"years_in_school","years_in_school=4; baseline_age=13; followup_age=15; age_change=2; highest_grade=8","school_years_exceed_age_change_plus_1","review","Retain. Completed school years exceed reported age change plus a one-year diagnostic allowance. Age errors, varying followup horizons or school-year counting could explain this; do not cap the value or delete the applicant."
101266,"A_2020",1,"father_age",,"source_missing","missing","Keep NA. Use available observations for the specific outcome; no outcome imputation in point estimates."
101266,"A_2020",1,"father_educ",,"source_missing","missing","Keep NA. Use available observations for the specific outcome; no outcome imputation in point estimates."
101266,"A_2020",1,"father_income_high",,"source_missing","missing","Keep NA. Use available observations for the specific outcome; no outcome imputation in point estimates."
101267,"A_2020",0,"father_income_high",,"source_missing","missing","Keep NA. Use available observations for the specific outcome; no outcome imputation in point estimates."
101267,"A_2020",0,"ses_stratum",,"source_missing","missing","Keep NA. Optional adjusted model uses cohort mean and a missing indicator."
101269,"A_2020",1,"age_at_survey",,"source_missing","missing","Keep NA. Use available observations for the specific outcome; no outcome imputation in point estimates."
101269,"A_2020",1,"ever_repeated",,"source_missing","missing","Keep NA. Use available observations for the specific outcome; no outcome imputation in point estimates."
101269,"A_2020",1,"father_age",,"source_missing","missing","Keep NA. Use available observations for the specific outcome; no outcome imputation in point estimates."
101269,"A_2020",1,"father_educ",,"source_missing","missing","Keep NA. Use available observations for the specific outcome; no outcome imputation in point estimates."
101269,"A_2020",1,"father_income_high",,"source_missing","missing","Keep NA. Use available observations for the specific outcome; no outcome imputation in point estimates."
101269,"A_2020",1,"finished_g6",,"source_missing","missing","Keep NA. Use available observations for the specific outcome; no outcome imputation in point estimates."
101269,"A_2020",1,"finished_g7",,"source_missing","missing","Keep NA. Use available observations for the specific outcome; no outcome imputation in point estimates."
101269,"A_2020",1,"finished_g8",,"source_missing","missing","Keep NA. Use available observations for the specific outcome; no outcome imputation in point estimates."
101269,"A_2020",1,"has_child",,"source_missing","missing","Keep NA. Use available observations for the specific outcome; no outcome imputation in point estimates."
101269,"A_2020",1,"hours_worked",,"source_missing","missing","Keep NA. Use available observations for the specific outcome; no outcome imputation in point estimates."
101269,"A_2020",1,"in_private_now",,"source_missing","missing","Keep NA. Use available observations for the specific outcome; no outcome imputation in point estimates."
101269,"A_2020",1,"in_school_now",,"source_missing","missing","Keep NA. Use available observations for the specific outcome; no outcome imputation in point estimates."
101269,"A_2020",1,"married_or_cohab",,"source_missing","missing","Keep NA. Use available observations for the specific outcome; no outcome imputation in point estimates."
101269,"A_2020",1,"mother_age",,"source_missing","missing","Keep NA. Use available observations for the specific outcome; no outcome imputation in point estimates."
101269,"A_2020",1,"mother_educ",,"source_missing","missing","Keep NA. Use available observations for the specific outcome; no outcome imputation in point estimates."
101269,"A_2020",1,"receiving_aid_now",,"source_missing","missing","Keep NA. Use available observations for the specific outcome; no outcome imputation in point estimates."
101269,"A_2020",1,"repeats_g6",,"source_missing","missing","Keep NA. Use available observations for the specific outcome; no outcome imputation in point estimates."
101269,"A_2020",1,"ses_stratum",,"source_missing","missing","Keep NA. Optional adjusted model uses cohort mean and a missing indicator."
101269,"A_2020",1,"started_g6_private",,"source_missing","missing","Keep NA. Use available observations for the specific outcome; no outcome imputation in point estimates."
101269,"A_2020",1,"started_g7_private",,"source_missing","missing","Keep NA. Use available observations for the specific outcome; no outcome imputation in point estimates."
101269,"A_2020",1,"total_repeats",,"source_missing","missing","Keep NA. Use available observations for the specific outcome; no outcome imputation in point estimates."
101269,"A_2020",1,"working",,"source_missing","missing","Keep NA. Use available observations for the specific outcome; no outcome imputation in point estimates."
101269,"A_2020",1,"years_in_school",,"source_missing","missing","Keep NA. Use available observations for the specific outcome; no outcome imputation in point estimates."
101270,"B_2018",0,"age_at_survey","baseline=10; followup=15; change=5","age_change_outside_2_to_4_screen","review","Retain recorded ages and outcomes. Screening rule only. Systematic cohort differences require survey-date clarification, not automatic correction."
101270,"B_2018",0,"years_in_school","years_in_school=6; baseline_age=10; followup_age=15; age_change=5; highest_grade=9","school_years_since_allocation_above_4","review","Retain as a requested policy outcome with a timing/definition caveat. Five or six years conflict with a uniform three-year interpretation but may fit the older B2018 cohort. Clarify dates and counting convention; do not cap or infer a correction."
101270,"B_2018",0,"mother_age",,"source_missing","missing","Keep NA. Use available observations for the specific outcome; no outcome imputation in point estimates."
101270,"B_2018",0,"mother_educ",,"source_missing","missing","Keep NA. Use available observations for the specific outcome; no outcome imputation in point estimates."
101270,"B_2018",0,"neighborhood",,"source_missing","missing","Keep NA. Exclude from primary controls because coverage differs by cohort."
101271,"A_2020",1,"years_in_school","years_in_school=4; baseline_age=12; followup_age=14; age_change=2; highest_grade=8","school_years_exceed_age_change_plus_1","review","Retain. Completed school years exceed reported age change plus a one-year diagnostic allowance. Age errors, varying followup horizons or school-year counting could explain this; do not cap the value or delete the applicant."
101271,"A_2020",1,"father_educ",,"source_missing","missing","Keep NA. Use available observations for the specific outcome; no outcome imputation in point estimates."
101271,"A_2020",1,"mother_educ",,"source_missing","missing","Keep NA. Use available observations for the specific outcome; no outcome imputation in point estimates."
101272,"A_2020",0,"years_in_school","years_in_school=4; baseline_age=12; followup_age=14; age_change=2; highest_grade=8","school_years_exceed_age_change_plus_1","review","Retain. Completed school years exceed reported age change plus a one-year diagnostic allowance. Age errors, varying followup horizons or school-year counting could explain this; do not cap the value or delete the applicant."
101272,"A_2020",0,"neighborhood",,"source_missing","missing","Keep NA. Exclude from primary controls because coverage differs by cohort."
101273,"A_2020",1,"hours_worked","0","working_but_zero_weekly_hours","review","Retain. Could reflect temporary absence or reference-period differences; do not assume zero means missing."
101274,"A_2020",1,"years_in_school","years_in_school=4; baseline_age=11; followup_age=13; age_change=2; highest_grade=8","school_years_exceed_age_change_plus_1","review","Retain. Completed school years exceed reported age change plus a one-year diagnostic allowance. Age errors, varying followup horizons or school-year counting could explain this; do not cap the value or delete the applicant."
101274,"A_2020",1,"neighborhood",,"source_missing","missing","Keep NA. Exclude from primary controls because coverage differs by cohort."
101276,"A_2020",0,"neighborhood",,"source_missing","missing","Keep NA. Exclude from primary controls because coverage differs by cohort."
101277,"A_2020",0,"years_in_school","years_in_school=4; baseline_age=12; followup_age=14; age_change=2; highest_grade=8","school_years_exceed_age_change_plus_1","review","Retain. Completed school years exceed reported age change plus a one-year diagnostic allowance. Age errors, varying followup horizons or school-year counting could explain this; do not cap the value or delete the applicant."
101277,"A_2020",0,"hours_worked","0","working_but_zero_weekly_hours","review","Retain. Could reflect temporary absence or reference-period differences; do not assume zero means missing."
101278,"A_2020",0,"father_income_high",,"source_missing","missing","Keep NA. Use available observations for the specific outcome; no outcome imputation in point estimates."
101279,"A_2022",0,"age_at_survey","baseline=12; followup=13; change=1","age_change_outside_2_to_4_screen","review","Retain recorded ages and outcomes. Screening rule only. Systematic cohort differences require survey-date clarification, not automatic correction."
101279,"A_2022",0,"neighborhood",,"source_missing","missing","Keep NA. Exclude from primary controls because coverage differs by cohort."
101280,"A_2022",0,"age_at_survey","baseline=16; followup=17; change=1","age_change_outside_2_to_4_screen","review","Retain recorded ages and outcomes. Screening rule only. Systematic cohort differences require survey-date clarification, not automatic correction."
101280,"A_2022",0,"father_age",,"source_missing","missing","Keep NA. Use available observations for the specific outcome; no outcome imputation in point estimates."
101280,"A_2022",0,"father_educ",,"source_missing","missing","Keep NA. Use available observations for the specific outcome; no outcome imputation in point estimates."
101280,"A_2022",0,"father_income_high",,"source_missing","missing","Keep NA. Use available observations for the specific outcome; no outcome imputation in point estimates."
101280,"A_2022",0,"neighborhood",,"source_missing","missing","Keep NA. Exclude from primary controls because coverage differs by cohort."
101281,"B_2018",1,"age_at_survey","baseline=12; followup=17; change=5","age_change_outside_2_to_4_screen","review","Retain recorded ages and outcomes. Screening rule only. Systematic cohort differences require survey-date clarification, not automatic correction."
101281,"B_2018",1,"years_in_school","years_in_school=6; baseline_age=12; followup_age=17; age_change=5; highest_grade=9","school_years_since_allocation_above_4","review","Retain as a requested policy outcome with a timing/definition caveat. Five or six years conflict with a uniform three-year interpretation but may fit the older B2018 cohort. Clarify dates and counting convention; do not cap or infer a correction."
101281,"B_2018",1,"neighborhood",,"source_missing","missing","Keep NA. Exclude from primary controls because coverage differs by cohort."
101282,"A_2022",0,"neighborhood",,"source_missing","missing","Keep NA. Exclude from primary controls because coverage differs by cohort."
101283,"A_2020",0,"years_in_school","years_in_school=4; baseline_age=12; followup_age=14; age_change=2; highest_grade=8","school_years_exceed_age_change_plus_1","review","Retain. Completed school years exceed reported age change plus a one-year diagnostic allowance. Age errors, varying followup horizons or school-year counting could explain this; do not cap the value or delete the applicant."
101284,"A_2022",1,"age_at_survey","baseline=12; followup=12; change=0","age_change_outside_2_to_4_screen","review","Retain recorded ages and outcomes. Screening rule only. Systematic cohort differences require survey-date clarification, not automatic correction."
101284,"A_2022",1,"years_in_school","years_in_school=2; baseline_age=12; followup_age=12; age_change=0; highest_grade=6","school_years_exceed_age_change_plus_1","review","Retain. Completed school years exceed reported age change plus a one-year diagnostic allowance. Age errors, varying followup horizons or school-year counting could explain this; do not cap the value or delete the applicant."
101284,"A_2022",1,"neighborhood",,"source_missing","missing","Keep NA. Exclude from primary controls because coverage differs by cohort."
101285,"A_2020",0,"years_in_school","years_in_school=4; baseline_age=12; followup_age=14; age_change=2; highest_grade=8","school_years_exceed_age_change_plus_1","review","Retain. Completed school years exceed reported age change plus a one-year diagnostic allowance. Age errors, varying followup horizons or school-year counting could explain this; do not cap the value or delete the applicant."
101285,"A_2020",0,"neighborhood",,"source_missing","missing","Keep NA. Exclude from primary controls because coverage differs by cohort."
101286,"B_2018",1,"age_at_survey","baseline=13; followup=18; change=5","age_change_outside_2_to_4_screen","review","Retain recorded ages and outcomes. Screening rule only. Systematic cohort differences require survey-date clarification, not automatic correction."
101286,"B_2018",1,"years_in_school","years_in_school=6; baseline_age=13; followup_age=18; age_change=5; highest_grade=9","school_years_since_allocation_above_4","review","Retain as a requested policy outcome with a timing/definition caveat. Five or six years conflict with a uniform three-year interpretation but may fit the older B2018 cohort. Clarify dates and counting convention; do not cap or infer a correction."
101286,"B_2018",1,"neighborhood",,"source_missing","missing","Keep NA. Exclude from primary controls because coverage differs by cohort."
101287,"A_2020",0,"neighborhood",,"source_missing","missing","Keep NA. Exclude from primary controls because coverage differs by cohort."
101288,"A_2020",1,"years_in_school","years_in_school=4; baseline_age=12; followup_age=14; age_change=2; highest_grade=7","school_years_exceed_age_change_plus_1","review","Retain. Completed school years exceed reported age change plus a one-year diagnostic allowance. Age errors, varying followup horizons or school-year counting could explain this; do not cap the value or delete the applicant."
101289,"A_2020",0,"neighborhood",,"source_missing","missing","Keep NA. Exclude from primary controls because coverage differs by cohort."
101292,"A_2022",1,"age_at_survey","baseline=11; followup=12; change=1","age_change_outside_2_to_4_screen","review","Retain recorded ages and outcomes. Screening rule only. Systematic cohort differences require survey-date clarification, not automatic correction."
101292,"A_2022",1,"neighborhood",,"source_missing","missing","Keep NA. Exclude from primary controls because coverage differs by cohort."
101292,"A_2022",1,"ses_stratum",,"source_missing","missing","Keep NA. Optional adjusted model uses cohort mean and a missing indicator."
101293,"B_2018",1,"age_at_survey","baseline=10; followup=15; change=5","age_change_outside_2_to_4_screen","review","Retain recorded ages and outcomes. Screening rule only. Systematic cohort differences require survey-date clarification, not automatic correction."
101293,"B_2018",1,"years_in_school","years_in_school=6; baseline_age=10; followup_age=15; age_change=5; highest_grade=9","school_years_since_allocation_above_4","review","Retain as a requested policy outcome with a timing/definition caveat. Five or six years conflict with a uniform three-year interpretation but may fit the older B2018 cohort. Clarify dates and counting convention; do not cap or infer a correction."
101293,"B_2018",1,"father_age",,"source_missing","missing","Keep NA. Use available observations for the specific outcome; no outcome imputation in point estimates."
101293,"B_2018",1,"father_educ",,"source_missing","missing","Keep NA. Use available observations for the specific outcome; no outcome imputation in point estimates."
101293,"B_2018",1,"father_income_high",,"source_missing","missing","Keep NA. Use available observations for the specific outcome; no outcome imputation in point estimates."
101293,"B_2018",1,"neighborhood",,"source_missing","missing","Keep NA. Exclude from primary controls because coverage differs by cohort."
101293,"B_2018",1,"ses_stratum",,"source_missing","missing","Keep NA. Optional adjusted model uses cohort mean and a missing indicator."
101294,"A_2020",1,"years_in_school","years_in_school=4; baseline_age=12; followup_age=14; age_change=2; highest_grade=8","school_years_exceed_age_change_plus_1","review","Retain. Completed school years exceed reported age change plus a one-year diagnostic allowance. Age errors, varying followup horizons or school-year counting could explain this; do not cap the value or delete the applicant."
101294,"A_2020",1,"father_educ",,"source_missing","missing","Keep NA. Use available observations for the specific outcome; no outcome imputation in point estimates."
101294,"A_2020",1,"father_income_high",,"source_missing","missing","Keep NA. Use available observations for the specific outcome; no outcome imputation in point estimates."
101295,"A_2022",0,"age_at_survey","baseline=14; followup=15; change=1","age_change_outside_2_to_4_screen","review","Retain recorded ages and outcomes. Screening rule only. Systematic cohort differences require survey-date clarification, not automatic correction."
101295,"A_2022",0,"neighborhood",,"source_missing","missing","Keep NA. Exclude from primary controls because coverage differs by cohort."
101296,"A_2020",0,"age_at_application",,"source_missing","missing","Keep NA. Optional adjusted model uses cohort mean and a missing indicator."
101296,"A_2020",0,"father_age",,"source_missing","missing","Keep NA. Use available observations for the specific outcome; no outcome imputation in point estimates."
101296,"A_2020",0,"father_educ",,"source_missing","missing","Keep NA. Use available observations for the specific outcome; no outcome imputation in point estimates."
101296,"A_2020",0,"father_income_high",,"source_missing","missing","Keep NA. Use available observations for the specific outcome; no outcome imputation in point estimates."
101297,"A_2020",0,"years_in_school","years_in_school=4; baseline_age=15; followup_age=17; age_change=2; highest_grade=7","school_years_exceed_age_change_plus_1","review","Retain. Completed school years exceed reported age change plus a one-year diagnostic allowance. Age errors, varying followup horizons or school-year counting could explain this; do not cap the value or delete the applicant."
101297,"A_2020",0,"father_educ",,"source_missing","missing","Keep NA. Use available observations for the specific outcome; no outcome imputation in point estimates."
101297,"A_2020",0,"mother_educ",,"source_missing","missing","Keep NA. Use available observations for the specific outcome; no outcome imputation in point estimates."
101299,"A_2020",0,"years_in_school","years_in_school=4; baseline_age=11; followup_age=13; age_change=2; highest_grade=8","school_years_exceed_age_change_plus_1","review","Retain. Completed school years exceed reported age change plus a one-year diagnostic allowance. Age errors, varying followup horizons or school-year counting could explain this; do not cap the value or delete the applicant."
101299,"A_2020",0,"father_educ",,"source_missing","missing","Keep NA. Use available observations for the specific outcome; no outcome imputation in point estimates."
101299,"A_2020",0,"father_income_high",,"source_missing","missing","Keep NA. Use available observations for the specific outcome; no outcome imputation in point estimates."
101299,"A_2020",0,"mother_educ",,"source_missing","missing","Keep NA. Use available observations for the specific outcome; no outcome imputation in point estimates."
101299,"A_2020",0,"neighborhood",,"source_missing","missing","Keep NA. Exclude from primary controls because coverage differs by cohort."
101303,"A_2020",1,"years_in_school","years_in_school=4; baseline_age=14; followup_age=16; age_change=2; highest_grade=8","school_years_exceed_age_change_plus_1","review","Retain. Completed school years exceed reported age change plus a one-year diagnostic allowance. Age errors, varying followup horizons or school-year counting could explain this; do not cap the value or delete the applicant."
101304,"A_2022",1,"age_at_survey","baseline=11; followup=11; change=0","age_change_outside_2_to_4_screen","review","Retain recorded ages and outcomes. Screening rule only. Systematic cohort differences require survey-date clarification, not automatic correction."
101304,"A_2022",1,"years_in_school","years_in_school=2; baseline_age=11; followup_age=11; age_change=0; highest_grade=6","school_years_exceed_age_change_plus_1","review","Retain. Completed school years exceed reported age change plus a one-year diagnostic allowance. Age errors, varying followup horizons or school-year counting could explain this; do not cap the value or delete the applicant."
101304,"A_2022",1,"neighborhood",,"source_missing","missing","Keep NA. Exclude from primary controls because coverage differs by cohort."
101305,"A_2022",0,"age_at_survey","baseline=11; followup=11; change=0","age_change_outside_2_to_4_screen","review","Retain recorded ages and outcomes. Screening rule only. Systematic cohort differences require survey-date clarification, not automatic correction."
101305,"A_2022",0,"years_in_school","years_in_school=2; baseline_age=11; followup_age=11; age_change=0; highest_grade=6","school_years_exceed_age_change_plus_1","review","Retain. Completed school years exceed reported age change plus a one-year diagnostic allowance. Age errors, varying followup horizons or school-year counting could explain this; do not cap the value or delete the applicant."
101305,"A_2022",0,"neighborhood",,"source_missing","missing","Keep NA. Exclude from primary controls because coverage differs by cohort."
101306,"A_2020",0,"father_age",,"source_missing","missing","Keep NA. Use available observations for the specific outcome; no outcome imputation in point estimates."
101306,"A_2020",0,"father_educ",,"source_missing","missing","Keep NA. Use available observations for the specific outcome; no outcome imputation in point estimates."
101306,"A_2020",0,"father_income_high",,"source_missing","missing","Keep NA. Use available observations for the specific outcome; no outcome imputation in point estimates."
101306,"A_2020",0,"neighborhood",,"source_missing","missing","Keep NA. Exclude from primary controls because coverage differs by cohort."
101307,"A_2020",0,"mother_educ",,"source_missing","missing","Keep NA. Use available observations for the specific outcome; no outcome imputation in point estimates."
101308,"A_2022",0,"age_at_survey","baseline=13; followup=14; change=1","age_change_outside_2_to_4_screen","review","Retain recorded ages and outcomes. Screening rule only. Systematic cohort differences require survey-date clarification, not automatic correction."
101308,"A_2022",0,"neighborhood",,"source_missing","missing","Keep NA. Exclude from primary controls because coverage differs by cohort."
101309,"A_2022",1,"age_at_survey","baseline=13; followup=14; change=1","age_change_outside_2_to_4_screen","review","Retain recorded ages and outcomes. Screening rule only. Systematic cohort differences require survey-date clarification, not automatic correction."
101309,"A_2022",1,"neighborhood",,"source_missing","missing","Keep NA. Exclude from primary controls because coverage differs by cohort."
101309,"A_2022",1,"ses_stratum",,"source_missing","missing","Keep NA. Optional adjusted model uses cohort mean and a missing indicator."
101310,"A_2022",0,"age_at_survey","baseline=12; followup=13; change=1","age_change_outside_2_to_4_screen","review","Retain recorded ages and outcomes. Screening rule only. Systematic cohort differences require survey-date clarification, not automatic correction."
101310,"A_2022",0,"neighborhood",,"source_missing","missing","Keep NA. Exclude from primary controls because coverage differs by cohort."
101312,"B_2018",0,"age_at_survey","baseline=11; followup=16; change=5","age_change_outside_2_to_4_screen","review","Retain recorded ages and outcomes. Screening rule only. Systematic cohort differences require survey-date clarification, not automatic correction."
101312,"B_2018",0,"years_in_school","years_in_school=6; baseline_age=11; followup_age=16; age_change=5; highest_grade=9","school_years_since_allocation_above_4","review","Retain as a requested policy outcome with a timing/definition caveat. Five or six years conflict with a uniform three-year interpretation but may fit the older B2018 cohort. Clarify dates and counting convention; do not cap or infer a correction."
101312,"B_2018",0,"neighborhood",,"source_missing","missing","Keep NA. Exclude from primary controls because coverage differs by cohort."
101313,"A_2022",0,"age_at_survey","baseline=12; followup=13; change=1","age_change_outside_2_to_4_screen","review","Retain recorded ages and outcomes. Screening rule only. Systematic cohort differences require survey-date clarification, not automatic correction."
101313,"A_2022",0,"father_income_high",,"source_missing","missing","Keep NA. Use available observations for the specific outcome; no outcome imputation in point estimates."
101313,"A_2022",0,"neighborhood",,"source_missing","missing","Keep NA. Exclude from primary controls because coverage differs by cohort."
101314,"A_2020",1,"father_educ",,"source_missing","missing","Keep NA. Use available observations for the specific outcome; no outcome imputation in point estimates."
101314,"A_2020",1,"father_income_high",,"source_missing","missing","Keep NA. Use available observations for the specific outcome; no outcome imputation in point estimates."
101315,"A_2020",1,"years_in_school","years_in_school=4; baseline_age=13; followup_age=15; age_change=2; highest_grade=8","school_years_exceed_age_change_plus_1","review","Retain. Completed school years exceed reported age change plus a one-year diagnostic allowance. Age errors, varying followup horizons or school-year counting could explain this; do not cap the value or delete the applicant."
101316,"A_2022",0,"age_at_survey","baseline=12; followup=13; change=1","age_change_outside_2_to_4_screen","review","Retain recorded ages and outcomes. Screening rule only. Systematic cohort differences require survey-date clarification, not automatic correction."
101316,"A_2022",0,"years_in_school","years_in_school=3; baseline_age=12; followup_age=13; age_change=1; highest_grade=7","school_years_exceed_age_change_plus_1","review","Retain. Completed school years exceed reported age change plus a one-year diagnostic allowance. Age errors, varying followup horizons or school-year counting could explain this; do not cap the value or delete the applicant."
101316,"A_2022",0,"father_age",,"source_missing","missing","Keep NA. Use available observations for the specific outcome; no outcome imputation in point estimates."
101316,"A_2022",0,"father_educ",,"source_missing","missing","Keep NA. Use available observations for the specific outcome; no outcome imputation in point estimates."
101316,"A_2022",0,"father_income_high",,"source_missing","missing","Keep NA. Use available observations for the specific outcome; no outcome imputation in point estimates."
101316,"A_2022",0,"has_child",,"source_missing","missing","Keep NA. Use available observations for the specific outcome; no outcome imputation in point estimates."
101316,"A_2022",0,"neighborhood",,"source_missing","missing","Keep NA. Exclude from primary controls because coverage differs by cohort."
101317,"A_2020",0,"age_at_application",,"source_missing","missing","Keep NA. Optional adjusted model uses cohort mean and a missing indicator."
101317,"A_2020",0,"father_age",,"source_missing","missing","Keep NA. Use available observations for the specific outcome; no outcome imputation in point estimates."
101317,"A_2020",0,"father_educ",,"source_missing","missing","Keep NA. Use available observations for the specific outcome; no outcome imputation in point estimates."
101317,"A_2020",0,"father_income_high",,"source_missing","missing","Keep NA. Use available observations for the specific outcome; no outcome imputation in point estimates."
101317,"A_2020",0,"mother_educ",,"source_missing","missing","Keep NA. Use available observations for the specific outcome; no outcome imputation in point estimates."
101317,"A_2020",0,"neighborhood",,"source_missing","missing","Keep NA. Exclude from primary controls because coverage differs by cohort."
101319,"A_2020",1,"years_in_school","years_in_school=4; baseline_age=13; followup_age=15; age_change=2; highest_grade=8","school_years_exceed_age_change_plus_1","review","Retain. Completed school years exceed reported age change plus a one-year diagnostic allowance. Age errors, varying followup horizons or school-year counting could explain this; do not cap the value or delete the applicant."
101320,"A_2020",0,"years_in_school","years_in_school=4; baseline_age=11; followup_age=13; age_change=2; highest_grade=8","school_years_exceed_age_change_plus_1","review","Retain. Completed school years exceed reported age change plus a one-year diagnostic allowance. Age errors, varying followup horizons or school-year counting could explain this; do not cap the value or delete the applicant."
101321,"A_2020",0,"father_age",,"source_missing","missing","Keep NA. Use available observations for the specific outcome; no outcome imputation in point estimates."
101321,"A_2020",0,"father_educ",,"source_missing","missing","Keep NA. Use available observations for the specific outcome; no outcome imputation in point estimates."
101321,"A_2020",0,"father_income_high",,"source_missing","missing","Keep NA. Use available observations for the specific outcome; no outcome imputation in point estimates."
101321,"A_2020",0,"mother_age",,"source_missing","missing","Keep NA. Use available observations for the specific outcome; no outcome imputation in point estimates."
101321,"A_2020",0,"mother_educ",,"source_missing","missing","Keep NA. Use available observations for the specific outcome; no outcome imputation in point estimates."
101322,"A_2020",0,"years_in_school","years_in_school=4; baseline_age=11; followup_age=13; age_change=2; highest_grade=7","school_years_exceed_age_change_plus_1","review","Retain. Completed school years exceed reported age change plus a one-year diagnostic allowance. Age errors, varying followup horizons or school-year counting could explain this; do not cap the value or delete the applicant."
101322,"A_2020",0,"father_educ",,"source_missing","missing","Keep NA. Use available observations for the specific outcome; no outcome imputation in point estimates."
101323,"A_2020",0,"ses_stratum",,"source_missing","missing","Keep NA. Optional adjusted model uses cohort mean and a missing indicator."
101324,"A_2020",1,"years_in_school","years_in_school=4; baseline_age=12; followup_age=14; age_change=2; highest_grade=8","school_years_exceed_age_change_plus_1","review","Retain. Completed school years exceed reported age change plus a one-year diagnostic allowance. Age errors, varying followup horizons or school-year counting could explain this; do not cap the value or delete the applicant."
101325,"B_2018",1,"age_at_survey","baseline=12; followup=17; change=5","age_change_outside_2_to_4_screen","review","Retain recorded ages and outcomes. Screening rule only. Systematic cohort differences require survey-date clarification, not automatic correction."
101325,"B_2018",1,"neighborhood",,"source_missing","missing","Keep NA. Exclude from primary controls because coverage differs by cohort."
101326,"B_2018",1,"age_at_survey","baseline=15; followup=20; change=5","age_change_outside_2_to_4_screen","review","Retain recorded ages and outcomes. Screening rule only. Systematic cohort differences require survey-date clarification, not automatic correction."
101326,"B_2018",1,"father_age",,"source_missing","missing","Keep NA. Use available observations for the specific outcome; no outcome imputation in point estimates."
101326,"B_2018",1,"father_educ",,"source_missing","missing","Keep NA. Use available observations for the specific outcome; no outcome imputation in point estimates."
101326,"B_2018",1,"father_income_high",,"source_missing","missing","Keep NA. Use available observations for the specific outcome; no outcome imputation in point estimates."
101326,"B_2018",1,"neighborhood",,"source_missing","missing","Keep NA. Exclude from primary controls because coverage differs by cohort."
101327,"A_2020",0,"age_at_application",,"source_missing","missing","Keep NA. Optional adjusted model uses cohort mean and a missing indicator."
101327,"A_2020",0,"father_educ",,"source_missing","missing","Keep NA. Use available observations for the specific outcome; no outcome imputation in point estimates."
101327,"A_2020",0,"father_income_high",,"source_missing","missing","Keep NA. Use available observations for the specific outcome; no outcome imputation in point estimates."
101328,"B_2018",1,"age_at_survey","baseline=10; followup=15; change=5","age_change_outside_2_to_4_screen","review","Retain recorded ages and outcomes. Screening rule only. Systematic cohort differences require survey-date clarification, not automatic correction."
101328,"B_2018",1,"years_in_school","years_in_school=6; baseline_age=10; followup_age=15; age_change=5; highest_grade=9","school_years_since_allocation_above_4","review","Retain as a requested policy outcome with a timing/definition caveat. Five or six years conflict with a uniform three-year interpretation but may fit the older B2018 cohort. Clarify dates and counting convention; do not cap or infer a correction."
101328,"B_2018",1,"neighborhood",,"source_missing","missing","Keep NA. Exclude from primary controls because coverage differs by cohort."
101329,"A_2020",0,"mother_age","mother_age=16; child_age=16","parent_not_older_than_child","inconsistent","Set derived parent age to NA; retain raw value and applicant. Parent ages are excluded from treatment-effect controls."
101329,"A_2020",0,"ses_stratum",,"source_missing","missing","Keep NA. Optional adjusted model uses cohort mean and a missing indicator."
101330,"A_2020",0,"years_in_school","years_in_school=5; baseline_age=15; followup_age=18; age_change=3; highest_grade=9","school_years_exceed_age_change_plus_1","review","Retain. Completed school years exceed reported age change plus a one-year diagnostic allowance. Age errors, varying followup horizons or school-year counting could explain this; do not cap the value or delete the applicant."
101330,"A_2020",0,"years_in_school","years_in_school=5; baseline_age=15; followup_age=18; age_change=3; highest_grade=9","school_years_since_allocation_above_4","review","Retain as a requested policy outcome with a timing/definition caveat. Five or six years conflict with a uniform three-year interpretation but may fit the older B2018 cohort. Clarify dates and counting convention; do not cap or infer a correction."
101330,"A_2020",0,"mother_educ",,"source_missing","missing","Keep NA. Use available observations for the specific outcome; no outcome imputation in point estimates."
101330,"A_2020",0,"neighborhood",,"source_missing","missing","Keep NA. Exclude from primary controls because coverage differs by cohort."
101330,"A_2020",0,"ses_stratum",,"source_missing","missing","Keep NA. Optional adjusted model uses cohort mean and a missing indicator."
101332,"A_2022",0,"neighborhood",,"source_missing","missing","Keep NA. Exclude from primary controls because coverage differs by cohort."
101332,"A_2022",0,"ses_stratum",,"source_missing","missing","Keep NA. Optional adjusted model uses cohort mean and a missing indicator."
101333,"A_2022",1,"age_at_survey","baseline=12; followup=13; change=1","age_change_outside_2_to_4_screen","review","Retain recorded ages and outcomes. Screening rule only. Systematic cohort differences require survey-date clarification, not automatic correction."
101333,"A_2022",1,"neighborhood",,"source_missing","missing","Keep NA. Exclude from primary controls because coverage differs by cohort."
101334,"A_2020",0,"father_age",,"source_missing","missing","Keep NA. Use available observations for the specific outcome; no outcome imputation in point estimates."
101334,"A_2020",0,"father_educ",,"source_missing","missing","Keep NA. Use available observations for the specific outcome; no outcome imputation in point estimates."
101334,"A_2020",0,"father_income_high",,"source_missing","missing","Keep NA. Use available observations for the specific outcome; no outcome imputation in point estimates."
101334,"A_2020",0,"ses_stratum",,"source_missing","missing","Keep NA. Optional adjusted model uses cohort mean and a missing indicator."
101335,"B_2018",1,"age_at_survey","baseline=14; followup=19; change=5","age_change_outside_2_to_4_screen","review","Retain recorded ages and outcomes. Screening rule only. Systematic cohort differences require survey-date clarification, not automatic correction."
101335,"B_2018",1,"mother_age",,"source_missing","missing","Keep NA. Use available observations for the specific outcome; no outcome imputation in point estimates."
101335,"B_2018",1,"mother_educ",,"source_missing","missing","Keep NA. Use available observations for the specific outcome; no outcome imputation in point estimates."
101335,"B_2018",1,"neighborhood",,"source_missing","missing","Keep NA. Exclude from primary controls because coverage differs by cohort."
101335,"B_2018",1,"hours_worked","0","working_but_zero_weekly_hours","review","Retain. Could reflect temporary absence or reference-period differences; do not assume zero means missing."
101336,"A_2020",0,"years_in_school","years_in_school=4; baseline_age=13; followup_age=15; age_change=2; highest_grade=7","school_years_exceed_age_change_plus_1","review","Retain. Completed school years exceed reported age change plus a one-year diagnostic allowance. Age errors, varying followup horizons or school-year counting could explain this; do not cap the value or delete the applicant."
101336,"A_2020",0,"father_age",,"source_missing","missing","Keep NA. Use available observations for the specific outcome; no outcome imputation in point estimates."
101336,"A_2020",0,"father_educ",,"source_missing","missing","Keep NA. Use available observations for the specific outcome; no outcome imputation in point estimates."
101336,"A_2020",0,"father_income_high",,"source_missing","missing","Keep NA. Use available observations for the specific outcome; no outcome imputation in point estimates."
101338,"A_2022",1,"age_at_survey","baseline=11; followup=12; change=1","age_change_outside_2_to_4_screen","review","Retain recorded ages and outcomes. Screening rule only. Systematic cohort differences require survey-date clarification, not automatic correction."
101338,"A_2022",1,"neighborhood",,"source_missing","missing","Keep NA. Exclude from primary controls because coverage differs by cohort."
101340,"A_2020",0,"years_in_school","years_in_school=4; baseline_age=12; followup_age=14; age_change=2; highest_grade=8","school_years_exceed_age_change_plus_1","review","Retain. Completed school years exceed reported age change plus a one-year diagnostic allowance. Age errors, varying followup horizons or school-year counting could explain this; do not cap the value or delete the applicant."
101340,"A_2020",0,"neighborhood",,"source_missing","missing","Keep NA. Exclude from primary controls because coverage differs by cohort."
101341,"A_2020",0,"years_in_school","years_in_school=4; baseline_age=12; followup_age=14; age_change=2; highest_grade=8","school_years_exceed_age_change_plus_1","review","Retain. Completed school years exceed reported age change plus a one-year diagnostic allowance. Age errors, varying followup horizons or school-year counting could explain this; do not cap the value or delete the applicant."
101342,"A_2020",1,"years_in_school","years_in_school=4; baseline_age=12; followup_age=14; age_change=2; highest_grade=7","school_years_exceed_age_change_plus_1","review","Retain. Completed school years exceed reported age change plus a one-year diagnostic allowance. Age errors, varying followup horizons or school-year counting could explain this; do not cap the value or delete the applicant."
101343,"B_2018",0,"age_at_survey","baseline=12; followup=17; change=5","age_change_outside_2_to_4_screen","review","Retain recorded ages and outcomes. Screening rule only. Systematic cohort differences require survey-date clarification, not automatic correction."
101343,"B_2018",0,"years_in_school","years_in_school=6; baseline_age=12; followup_age=17; age_change=5; highest_grade=9","school_years_since_allocation_above_4","review","Retain as a requested policy outcome with a timing/definition caveat. Five or six years conflict with a uniform three-year interpretation but may fit the older B2018 cohort. Clarify dates and counting convention; do not cap or infer a correction."
101343,"B_2018",0,"father_age",,"source_missing","missing","Keep NA. Use available observations for the specific outcome; no outcome imputation in point estimates."
101343,"B_2018",0,"father_educ",,"source_missing","missing","Keep NA. Use available observations for the specific outcome; no outcome imputation in point estimates."
101343,"B_2018",0,"father_income_high",,"source_missing","missing","Keep NA. Use available observations for the specific outcome; no outcome imputation in point estimates."
101343,"B_2018",0,"neighborhood",,"source_missing","missing","Keep NA. Exclude from primary controls because coverage differs by cohort."
101343,"B_2018",0,"ses_stratum",,"source_missing","missing","Keep NA. Optional adjusted model uses cohort mean and a missing indicator."
101345,"A_2020",0,"years_in_school","years_in_school=4; baseline_age=13; followup_age=15; age_change=2; highest_grade=7","school_years_exceed_age_change_plus_1","review","Retain. Completed school years exceed reported age change plus a one-year diagnostic allowance. Age errors, varying followup horizons or school-year counting could explain this; do not cap the value or delete the applicant."
101345,"A_2020",0,"father_educ",,"source_missing","missing","Keep NA. Use available observations for the specific outcome; no outcome imputation in point estimates."
101345,"A_2020",0,"mother_educ",,"source_missing","missing","Keep NA. Use available observations for the specific outcome; no outcome imputation in point estimates."
101346,"A_2020",1,"age_at_application",,"source_missing","missing","Keep NA. Optional adjusted model uses cohort mean and a missing indicator."
101346,"A_2020",1,"ses_stratum",,"source_missing","missing","Keep NA. Optional adjusted model uses cohort mean and a missing indicator."
101347,"A_2020",0,"years_in_school","years_in_school=4; baseline_age=15; followup_age=17; age_change=2; highest_grade=8","school_years_exceed_age_change_plus_1","review","Retain. Completed school years exceed reported age change plus a one-year diagnostic allowance. Age errors, varying followup horizons or school-year counting could explain this; do not cap the value or delete the applicant."
101348,"A_2020",1,"father_educ",,"source_missing","missing","Keep NA. Use available observations for the specific outcome; no outcome imputation in point estimates."
101348,"A_2020",1,"father_income_high",,"source_missing","missing","Keep NA. Use available observations for the specific outcome; no outcome imputation in point estimates."
101349,"A_2020",1,"father_age",,"source_missing","missing","Keep NA. Use available observations for the specific outcome; no outcome imputation in point estimates."
101349,"A_2020",1,"father_educ",,"source_missing","missing","Keep NA. Use available observations for the specific outcome; no outcome imputation in point estimates."
101349,"A_2020",1,"father_income_high",,"source_missing","missing","Keep NA. Use available observations for the specific outcome; no outcome imputation in point estimates."
101350,"B_2018",0,"years_in_school","years_in_school=6; baseline_age=12; followup_age=16; age_change=4; highest_grade=9","school_years_exceed_age_change_plus_1","review","Retain. Completed school years exceed reported age change plus a one-year diagnostic allowance. Age errors, varying followup horizons or school-year counting could explain this; do not cap the value or delete the applicant."
101350,"B_2018",0,"years_in_school","years_in_school=6; baseline_age=12; followup_age=16; age_change=4; highest_grade=9","school_years_since_allocation_above_4","review","Retain as a requested policy outcome with a timing/definition caveat. Five or six years conflict with a uniform three-year interpretation but may fit the older B2018 cohort. Clarify dates and counting convention; do not cap or infer a correction."
101350,"B_2018",0,"neighborhood",,"source_missing","missing","Keep NA. Exclude from primary controls because coverage differs by cohort."
101350,"B_2018",0,"ses_stratum",,"source_missing","missing","Keep NA. Optional adjusted model uses cohort mean and a missing indicator."
101351,"A_2022",0,"age_at_survey","baseline=12; followup=13; change=1","age_change_outside_2_to_4_screen","review","Retain recorded ages and outcomes. Screening rule only. Systematic cohort differences require survey-date clarification, not automatic correction."
101351,"A_2022",0,"father_income_high",,"source_missing","missing","Keep NA. Use available observations for the specific outcome; no outcome imputation in point estimates."
101351,"A_2022",0,"neighborhood",,"source_missing","missing","Keep NA. Exclude from primary controls because coverage differs by cohort."
101352,"A_2020",0,"mother_educ",,"source_missing","missing","Keep NA. Use available observations for the specific outcome; no outcome imputation in point estimates."
101352,"A_2020",0,"ses_stratum",,"source_missing","missing","Keep NA. Optional adjusted model uses cohort mean and a missing indicator."
101353,"A_2020",0,"years_in_school","years_in_school=4; baseline_age=12; followup_age=14; age_change=2; highest_grade=8","school_years_exceed_age_change_plus_1","review","Retain. Completed school years exceed reported age change plus a one-year diagnostic allowance. Age errors, varying followup horizons or school-year counting could explain this; do not cap the value or delete the applicant."
101353,"A_2020",0,"neighborhood",,"source_missing","missing","Keep NA. Exclude from primary controls because coverage differs by cohort."
101354,"A_2020",1,"age_at_application",,"source_missing","missing","Keep NA. Optional adjusted model uses cohort mean and a missing indicator."
101355,"A_2022",0,"age_at_survey","baseline=16; followup=16; change=0","age_change_outside_2_to_4_screen","review","Retain recorded ages and outcomes. Screening rule only. Systematic cohort differences require survey-date clarification, not automatic correction."
101355,"A_2022",0,"neighborhood",,"source_missing","missing","Keep NA. Exclude from primary controls because coverage differs by cohort."
101356,"A_2020",0,"years_in_school","years_in_school=6; baseline_age=14; followup_age=16; age_change=2; highest_grade=8","school_years_exceed_age_change_plus_1","review","Retain. Completed school years exceed reported age change plus a one-year diagnostic allowance. Age errors, varying followup horizons or school-year counting could explain this; do not cap the value or delete the applicant."
101356,"A_2020",0,"years_in_school","years_in_school=6; baseline_age=14; followup_age=16; age_change=2; highest_grade=8","school_years_since_allocation_above_4","review","Retain as a requested policy outcome with a timing/definition caveat. Five or six years conflict with a uniform three-year interpretation but may fit the older B2018 cohort. Clarify dates and counting convention; do not cap or infer a correction."
101357,"A_2022",0,"age_at_application",,"source_missing","missing","Keep NA. Optional adjusted model uses cohort mean and a missing indicator."
101357,"A_2022",0,"mother_age",,"source_missing","missing","Keep NA. Use available observations for the specific outcome; no outcome imputation in point estimates."
101357,"A_2022",0,"mother_educ",,"source_missing","missing","Keep NA. Use available observations for the specific outcome; no outcome imputation in point estimates."
101357,"A_2022",0,"neighborhood",,"source_missing","missing","Keep NA. Exclude from primary controls because coverage differs by cohort."
101358,"A_2020",0,"years_in_school","years_in_school=4; baseline_age=11; followup_age=13; age_change=2; highest_grade=8","school_years_exceed_age_change_plus_1","review","Retain. Completed school years exceed reported age change plus a one-year diagnostic allowance. Age errors, varying followup horizons or school-year counting could explain this; do not cap the value or delete the applicant."
101358,"A_2020",0,"father_age",,"source_missing","missing","Keep NA. Use available observations for the specific outcome; no outcome imputation in point estimates."
101358,"A_2020",0,"father_educ",,"source_missing","missing","Keep NA. Use available observations for the specific outcome; no outcome imputation in point estimates."
101358,"A_2020",0,"father_income_high",,"source_missing","missing","Keep NA. Use available observations for the specific outcome; no outcome imputation in point estimates."
101360,"A_2022",1,"age_at_survey","baseline=12; followup=12; change=0","age_change_outside_2_to_4_screen","review","Retain recorded ages and outcomes. Screening rule only. Systematic cohort differences require survey-date clarification, not automatic correction."
101360,"A_2022",1,"years_in_school","years_in_school=2; baseline_age=12; followup_age=12; age_change=0; highest_grade=6","school_years_exceed_age_change_plus_1","review","Retain. Completed school years exceed reported age change plus a one-year diagnostic allowance. Age errors, varying followup horizons or school-year counting could explain this; do not cap the value or delete the applicant."
101360,"A_2022",1,"father_age",,"source_missing","missing","Keep NA. Use available observations for the specific outcome; no outcome imputation in point estimates."
101360,"A_2022",1,"father_educ",,"source_missing","missing","Keep NA. Use available observations for the specific outcome; no outcome imputation in point estimates."
101360,"A_2022",1,"father_income_high",,"source_missing","missing","Keep NA. Use available observations for the specific outcome; no outcome imputation in point estimates."
101360,"A_2022",1,"neighborhood",,"source_missing","missing","Keep NA. Exclude from primary controls because coverage differs by cohort."
101360,"A_2022",1,"ses_stratum",,"source_missing","missing","Keep NA. Optional adjusted model uses cohort mean and a missing indicator."
101361,"B_2018",1,"age_at_survey","baseline=10; followup=15; change=5","age_change_outside_2_to_4_screen","review","Retain recorded ages and outcomes. Screening rule only. Systematic cohort differences require survey-date clarification, not automatic correction."
101361,"B_2018",1,"years_in_school","years_in_school=6; baseline_age=10; followup_age=15; age_change=5; highest_grade=9","school_years_since_allocation_above_4","review","Retain as a requested policy outcome with a timing/definition caveat. Five or six years conflict with a uniform three-year interpretation but may fit the older B2018 cohort. Clarify dates and counting convention; do not cap or infer a correction."
101361,"B_2018",1,"neighborhood",,"source_missing","missing","Keep NA. Exclude from primary controls because coverage differs by cohort."
101362,"A_2020",1,"years_in_school","years_in_school=4; baseline_age=12; followup_age=14; age_change=2; highest_grade=8","school_years_exceed_age_change_plus_1","review","Retain. Completed school years exceed reported age change plus a one-year diagnostic allowance. Age errors, varying followup horizons or school-year counting could explain this; do not cap the value or delete the applicant."
101362,"A_2020",1,"neighborhood",,"source_missing","missing","Keep NA. Exclude from primary controls because coverage differs by cohort."
101363,"A_2020",0,"years_in_school","years_in_school=4; baseline_age=13; followup_age=15; age_change=2; highest_grade=8","school_years_exceed_age_change_plus_1","review","Retain. Completed school years exceed reported age change plus a one-year diagnostic allowance. Age errors, varying followup horizons or school-year counting could explain this; do not cap the value or delete the applicant."
101363,"A_2020",0,"neighborhood",,"source_missing","missing","Keep NA. Exclude from primary controls because coverage differs by cohort."
101364,"A_2020",0,"neighborhood",,"source_missing","missing","Keep NA. Exclude from primary controls because coverage differs by cohort."
101364,"A_2020",0,"ses_stratum",,"source_missing","missing","Keep NA. Optional adjusted model uses cohort mean and a missing indicator."
101365,"A_2020",0,"years_in_school","years_in_school=4; baseline_age=12; followup_age=14; age_change=2; highest_grade=6","school_years_exceed_age_change_plus_1","review","Retain. Completed school years exceed reported age change plus a one-year diagnostic allowance. Age errors, varying followup horizons or school-year counting could explain this; do not cap the value or delete the applicant."
101366,"A_2022",0,"age_at_survey","baseline=11; followup=12; change=1","age_change_outside_2_to_4_screen","review","Retain recorded ages and outcomes. Screening rule only. Systematic cohort differences require survey-date clarification, not automatic correction."
101366,"A_2022",0,"father_educ",,"source_missing","missing","Keep NA. Use available observations for the specific outcome; no outcome imputation in point estimates."
101366,"A_2022",0,"father_income_high",,"source_missing","missing","Keep NA. Use available observations for the specific outcome; no outcome imputation in point estimates."
101366,"A_2022",0,"neighborhood",,"source_missing","missing","Keep NA. Exclude from primary controls because coverage differs by cohort."
101368,"A_2020",1,"father_educ",,"source_missing","missing","Keep NA. Use available observations for the specific outcome; no outcome imputation in point estimates."
101368,"A_2020",1,"father_income_high",,"source_missing","missing","Keep NA. Use available observations for the specific outcome; no outcome imputation in point estimates."
101370,"A_2022",1,"age_at_survey","baseline=13; followup=14; change=1","age_change_outside_2_to_4_screen","review","Retain recorded ages and outcomes. Screening rule only. Systematic cohort differences require survey-date clarification, not automatic correction."
101370,"A_2022",1,"neighborhood",,"source_missing","missing","Keep NA. Exclude from primary controls because coverage differs by cohort."
101371,"B_2018",0,"years_in_school","years_in_school=6; baseline_age=13; followup_age=17; age_change=4; highest_grade=9","school_years_exceed_age_change_plus_1","review","Retain. Completed school years exceed reported age change plus a one-year diagnostic allowance. Age errors, varying followup horizons or school-year counting could explain this; do not cap the value or delete the applicant."
101371,"B_2018",0,"years_in_school","years_in_school=6; baseline_age=13; followup_age=17; age_change=4; highest_grade=9","school_years_since_allocation_above_4","review","Retain as a requested policy outcome with a timing/definition caveat. Five or six years conflict with a uniform three-year interpretation but may fit the older B2018 cohort. Clarify dates and counting convention; do not cap or infer a correction."
101371,"B_2018",0,"father_age",,"source_missing","missing","Keep NA. Use available observations for the specific outcome; no outcome imputation in point estimates."
101371,"B_2018",0,"father_educ",,"source_missing","missing","Keep NA. Use available observations for the specific outcome; no outcome imputation in point estimates."
101371,"B_2018",0,"father_income_high",,"source_missing","missing","Keep NA. Use available observations for the specific outcome; no outcome imputation in point estimates."
101371,"B_2018",0,"mother_age",,"source_missing","missing","Keep NA. Use available observations for the specific outcome; no outcome imputation in point estimates."
101371,"B_2018",0,"mother_educ",,"source_missing","missing","Keep NA. Use available observations for the specific outcome; no outcome imputation in point estimates."
101371,"B_2018",0,"neighborhood",,"source_missing","missing","Keep NA. Exclude from primary controls because coverage differs by cohort."
101372,"A_2022",1,"age_at_survey","baseline=11; followup=12; change=1","age_change_outside_2_to_4_screen","review","Retain recorded ages and outcomes. Screening rule only. Systematic cohort differences require survey-date clarification, not automatic correction."
101372,"A_2022",1,"neighborhood",,"source_missing","missing","Keep NA. Exclude from primary controls because coverage differs by cohort."
101373,"A_2020",1,"father_age",,"source_missing","missing","Keep NA. Use available observations for the specific outcome; no outcome imputation in point estimates."
101373,"A_2020",1,"father_educ",,"source_missing","missing","Keep NA. Use available observations for the specific outcome; no outcome imputation in point estimates."
101373,"A_2020",1,"father_income_high",,"source_missing","missing","Keep NA. Use available observations for the specific outcome; no outcome imputation in point estimates."
101373,"A_2020",1,"ses_stratum",,"source_missing","missing","Keep NA. Optional adjusted model uses cohort mean and a missing indicator."
101374,"A_2020",0,"age_at_survey","baseline=14; followup=15; change=1","age_change_outside_2_to_4_screen","review","Retain recorded ages and outcomes. Screening rule only. Systematic cohort differences require survey-date clarification, not automatic correction."
101374,"A_2020",0,"father_age",,"source_missing","missing","Keep NA. Use available observations for the specific outcome; no outcome imputation in point estimates."
101374,"A_2020",0,"father_educ",,"source_missing","missing","Keep NA. Use available observations for the specific outcome; no outcome imputation in point estimates."
101374,"A_2020",0,"father_income_high",,"source_missing","missing","Keep NA. Use available observations for the specific outcome; no outcome imputation in point estimates."
101374,"A_2020",0,"repeats_g6",,"source_missing","missing","Keep NA. Use available observations for the specific outcome; no outcome imputation in point estimates."
101374,"A_2020",0,"started_g6_private",,"source_missing","missing","Keep NA. Use available observations for the specific outcome; no outcome imputation in point estimates."
101374,"A_2020",0,"started_g7_private",,"source_missing","missing","Keep NA. Use available observations for the specific outcome; no outcome imputation in point estimates."
101375,"A_2020",1,"years_in_school","years_in_school=4; baseline_age=13; followup_age=15; age_change=2; highest_grade=8","school_years_exceed_age_change_plus_1","review","Retain. Completed school years exceed reported age change plus a one-year diagnostic allowance. Age errors, varying followup horizons or school-year counting could explain this; do not cap the value or delete the applicant."
101376,"A_2022",0,"age_at_survey","baseline=12; followup=13; change=1","age_change_outside_2_to_4_screen","review","Retain recorded ages and outcomes. Screening rule only. Systematic cohort differences require survey-date clarification, not automatic correction."
101376,"A_2022",0,"mother_age",,"source_missing","missing","Keep NA. Use available observations for the specific outcome; no outcome imputation in point estimates."
101376,"A_2022",0,"mother_educ",,"source_missing","missing","Keep NA. Use available observations for the specific outcome; no outcome imputation in point estimates."
101376,"A_2022",0,"neighborhood",,"source_missing","missing","Keep NA. Exclude from primary controls because coverage differs by cohort."
101376,"A_2022",0,"ses_stratum",,"source_missing","missing","Keep NA. Optional adjusted model uses cohort mean and a missing indicator."
101377,"A_2022",0,"age_at_survey","baseline=12; followup=13; change=1","age_change_outside_2_to_4_screen","review","Retain recorded ages and outcomes. Screening rule only. Systematic cohort differences require survey-date clarification, not automatic correction."
101377,"A_2022",0,"neighborhood",,"source_missing","missing","Keep NA. Exclude from primary controls because coverage differs by cohort."
101378,"A_2020",0,"father_age",,"source_missing","missing","Keep NA. Use available observations for the specific outcome; no outcome imputation in point estimates."
101378,"A_2020",0,"father_educ",,"source_missing","missing","Keep NA. Use available observations for the specific outcome; no outcome imputation in point estimates."
101378,"A_2020",0,"father_income_high",,"source_missing","missing","Keep NA. Use available observations for the specific outcome; no outcome imputation in point estimates."
101378,"A_2020",0,"mother_educ",,"source_missing","missing","Keep NA. Use available observations for the specific outcome; no outcome imputation in point estimates."
101378,"A_2020",0,"ses_stratum",,"source_missing","missing","Keep NA. Optional adjusted model uses cohort mean and a missing indicator."
101379,"B_2018",1,"years_in_school","years_in_school=6; baseline_age=10; followup_age=14; age_change=4; highest_grade=9","school_years_exceed_age_change_plus_1","review","Retain. Completed school years exceed reported age change plus a one-year diagnostic allowance. Age errors, varying followup horizons or school-year counting could explain this; do not cap the value or delete the applicant."
101379,"B_2018",1,"years_in_school","years_in_school=6; baseline_age=10; followup_age=14; age_change=4; highest_grade=9","school_years_since_allocation_above_4","review","Retain as a requested policy outcome with a timing/definition caveat. Five or six years conflict with a uniform three-year interpretation but may fit the older B2018 cohort. Clarify dates and counting convention; do not cap or infer a correction."
101379,"B_2018",1,"neighborhood",,"source_missing","missing","Keep NA. Exclude from primary controls because coverage differs by cohort."
101380,"A_2020",0,"neighborhood",,"source_missing","missing","Keep NA. Exclude from primary controls because coverage differs by cohort."
101380,"A_2020",0,"ses_stratum",,"source_missing","missing","Keep NA. Optional adjusted model uses cohort mean and a missing indicator."
101381,"A_2020",0,"years_in_school","years_in_school=4; baseline_age=12; followup_age=14; age_change=2; highest_grade=8","school_years_exceed_age_change_plus_1","review","Retain. Completed school years exceed reported age change plus a one-year diagnostic allowance. Age errors, varying followup horizons or school-year counting could explain this; do not cap the value or delete the applicant."
101382,"A_2020",0,"years_in_school","years_in_school=4; baseline_age=15; followup_age=17; age_change=2; highest_grade=6","school_years_exceed_age_change_plus_1","review","Retain. Completed school years exceed reported age change plus a one-year diagnostic allowance. Age errors, varying followup horizons or school-year counting could explain this; do not cap the value or delete the applicant."
101382,"A_2020",0,"father_age",,"source_missing","missing","Keep NA. Use available observations for the specific outcome; no outcome imputation in point estimates."
101382,"A_2020",0,"father_educ",,"source_missing","missing","Keep NA. Use available observations for the specific outcome; no outcome imputation in point estimates."
101382,"A_2020",0,"father_income_high",,"source_missing","missing","Keep NA. Use available observations for the specific outcome; no outcome imputation in point estimates."
101383,"A_2022",1,"age_at_survey","baseline=12; followup=12; change=0","age_change_outside_2_to_4_screen","review","Retain recorded ages and outcomes. Screening rule only. Systematic cohort differences require survey-date clarification, not automatic correction."
101383,"A_2022",1,"years_in_school","years_in_school=2; baseline_age=12; followup_age=12; age_change=0; highest_grade=6","school_years_exceed_age_change_plus_1","review","Retain. Completed school years exceed reported age change plus a one-year diagnostic allowance. Age errors, varying followup horizons or school-year counting could explain this; do not cap the value or delete the applicant."
101383,"A_2022",1,"neighborhood",,"source_missing","missing","Keep NA. Exclude from primary controls because coverage differs by cohort."
101384,"A_2020",0,"father_age",,"source_missing","missing","Keep NA. Use available observations for the specific outcome; no outcome imputation in point estimates."
101384,"A_2020",0,"father_educ",,"source_missing","missing","Keep NA. Use available observations for the specific outcome; no outcome imputation in point estimates."
101384,"A_2020",0,"father_income_high",,"source_missing","missing","Keep NA. Use available observations for the specific outcome; no outcome imputation in point estimates."
101384,"A_2020",0,"mother_educ",,"source_missing","missing","Keep NA. Use available observations for the specific outcome; no outcome imputation in point estimates."
101384,"A_2020",0,"ses_stratum",,"source_missing","missing","Keep NA. Optional adjusted model uses cohort mean and a missing indicator."
101385,"A_2020",0,"years_in_school","years_in_school=4; baseline_age=13; followup_age=15; age_change=2; highest_grade=7","school_years_exceed_age_change_plus_1","review","Retain. Completed school years exceed reported age change plus a one-year diagnostic allowance. Age errors, varying followup horizons or school-year counting could explain this; do not cap the value or delete the applicant."
101385,"A_2020",0,"father_educ",,"source_missing","missing","Keep NA. Use available observations for the specific outcome; no outcome imputation in point estimates."
101385,"A_2020",0,"father_income_high",,"source_missing","missing","Keep NA. Use available observations for the specific outcome; no outcome imputation in point estimates."
101385,"A_2020",0,"neighborhood",,"source_missing","missing","Keep NA. Exclude from primary controls because coverage differs by cohort."
101385,"A_2020",0,"ses_stratum",,"source_missing","missing","Keep NA. Optional adjusted model uses cohort mean and a missing indicator."
101386,"A_2020",0,"neighborhood",,"source_missing","missing","Keep NA. Exclude from primary controls because coverage differs by cohort."
101387,"B_2018",0,"years_in_school","years_in_school=6; baseline_age=13; followup_age=17; age_change=4; highest_grade=8","school_years_exceed_age_change_plus_1","review","Retain. Completed school years exceed reported age change plus a one-year diagnostic allowance. Age errors, varying followup horizons or school-year counting could explain this; do not cap the value or delete the applicant."
101387,"B_2018",0,"years_in_school","years_in_school=6; baseline_age=13; followup_age=17; age_change=4; highest_grade=8","school_years_since_allocation_above_4","review","Retain as a requested policy outcome with a timing/definition caveat. Five or six years conflict with a uniform three-year interpretation but may fit the older B2018 cohort. Clarify dates and counting convention; do not cap or infer a correction."
101387,"B_2018",0,"neighborhood",,"source_missing","missing","Keep NA. Exclude from primary controls because coverage differs by cohort."
101388,"A_2020",0,"years_in_school","years_in_school=5; baseline_age=14; followup_age=16; age_change=2; highest_grade=8","school_years_exceed_age_change_plus_1","review","Retain. Completed school years exceed reported age change plus a one-year diagnostic allowance. Age errors, varying followup horizons or school-year counting could explain this; do not cap the value or delete the applicant."
101388,"A_2020",0,"years_in_school","years_in_school=5; baseline_age=14; followup_age=16; age_change=2; highest_grade=8","school_years_since_allocation_above_4","review","Retain as a requested policy outcome with a timing/definition caveat. Five or six years conflict with a uniform three-year interpretation but may fit the older B2018 cohort. Clarify dates and counting convention; do not cap or infer a correction."
101390,"A_2020",1,"years_in_school","years_in_school=4; baseline_age=14; followup_age=16; age_change=2; highest_grade=8","school_years_exceed_age_change_plus_1","review","Retain. Completed school years exceed reported age change plus a one-year diagnostic allowance. Age errors, varying followup horizons or school-year counting could explain this; do not cap the value or delete the applicant."
101390,"A_2020",1,"father_age",,"source_missing","missing","Keep NA. Use available observations for the specific outcome; no outcome imputation in point estimates."
101390,"A_2020",1,"father_educ",,"source_missing","missing","Keep NA. Use available observations for the specific outcome; no outcome imputation in point estimates."
101391,"A_2020",0,"years_in_school","years_in_school=5; baseline_age=13; followup_age=17; age_change=4; highest_grade=9","school_years_since_allocation_above_4","review","Retain as a requested policy outcome with a timing/definition caveat. Five or six years conflict with a uniform three-year interpretation but may fit the older B2018 cohort. Clarify dates and counting convention; do not cap or infer a correction."
101391,"A_2020",0,"father_age",,"source_missing","missing","Keep NA. Use available observations for the specific outcome; no outcome imputation in point estimates."
101391,"A_2020",0,"father_educ",,"source_missing","missing","Keep NA. Use available observations for the specific outcome; no outcome imputation in point estimates."
101391,"A_2020",0,"father_income_high",,"source_missing","missing","Keep NA. Use available observations for the specific outcome; no outcome imputation in point estimates."
101391,"A_2020",0,"ses_stratum",,"source_missing","missing","Keep NA. Optional adjusted model uses cohort mean and a missing indicator."
101392,"A_2020",0,"years_in_school","years_in_school=5; baseline_age=13; followup_age=15; age_change=2; highest_grade=9","school_years_exceed_age_change_plus_1","review","Retain. Completed school years exceed reported age change plus a one-year diagnostic allowance. Age errors, varying followup horizons or school-year counting could explain this; do not cap the value or delete the applicant."
101392,"A_2020",0,"years_in_school","years_in_school=5; baseline_age=13; followup_age=15; age_change=2; highest_grade=9","school_years_since_allocation_above_4","review","Retain as a requested policy outcome with a timing/definition caveat. Five or six years conflict with a uniform three-year interpretation but may fit the older B2018 cohort. Clarify dates and counting convention; do not cap or infer a correction."
101392,"A_2020",0,"neighborhood",,"source_missing","missing","Keep NA. Exclude from primary controls because coverage differs by cohort."
101393,"B_2018",0,"years_in_school","years_in_school=5; baseline_age=NA; followup_age=18; age_change=NA; highest_grade=8","school_years_since_allocation_above_4","review","Retain as a requested policy outcome with a timing/definition caveat. Five or six years conflict with a uniform three-year interpretation but may fit the older B2018 cohort. Clarify dates and counting convention; do not cap or infer a correction."
101393,"B_2018",0,"age_at_application",,"source_missing","missing","Keep NA. Optional adjusted model uses cohort mean and a missing indicator."
101393,"B_2018",0,"mother_age",,"source_missing","missing","Keep NA. Use available observations for the specific outcome; no outcome imputation in point estimates."
101393,"B_2018",0,"mother_educ",,"source_missing","missing","Keep NA. Use available observations for the specific outcome; no outcome imputation in point estimates."
101393,"B_2018",0,"neighborhood",,"source_missing","missing","Keep NA. Exclude from primary controls because coverage differs by cohort."
101394,"A_2020",1,"years_in_school","years_in_school=4; baseline_age=12; followup_age=14; age_change=2; highest_grade=7","school_years_exceed_age_change_plus_1","review","Retain. Completed school years exceed reported age change plus a one-year diagnostic allowance. Age errors, varying followup horizons or school-year counting could explain this; do not cap the value or delete the applicant."
101394,"A_2020",1,"father_educ",,"source_missing","missing","Keep NA. Use available observations for the specific outcome; no outcome imputation in point estimates."
101394,"A_2020",1,"father_income_high",,"source_missing","missing","Keep NA. Use available observations for the specific outcome; no outcome imputation in point estimates."
101394,"A_2020",1,"ses_stratum",,"source_missing","missing","Keep NA. Optional adjusted model uses cohort mean and a missing indicator."
101396,"A_2020",1,"years_in_school","years_in_school=4; baseline_age=12; followup_age=14; age_change=2; highest_grade=8","school_years_exceed_age_change_plus_1","review","Retain. Completed school years exceed reported age change plus a one-year diagnostic allowance. Age errors, varying followup horizons or school-year counting could explain this; do not cap the value or delete the applicant."
101396,"A_2020",1,"neighborhood",,"source_missing","missing","Keep NA. Exclude from primary controls because coverage differs by cohort."
101397,"B_2018",1,"age_at_survey","baseline=14; followup=19; change=5","age_change_outside_2_to_4_screen","review","Retain recorded ages and outcomes. Screening rule only. Systematic cohort differences require survey-date clarification, not automatic correction."
101397,"B_2018",1,"neighborhood",,"source_missing","missing","Keep NA. Exclude from primary controls because coverage differs by cohort."
101398,"A_2020",0,"years_in_school","years_in_school=4; baseline_age=12; followup_age=14; age_change=2; highest_grade=8","school_years_exceed_age_change_plus_1","review","Retain. Completed school years exceed reported age change plus a one-year diagnostic allowance. Age errors, varying followup horizons or school-year counting could explain this; do not cap the value or delete the applicant."
101398,"A_2020",0,"father_age",,"source_missing","missing","Keep NA. Use available observations for the specific outcome; no outcome imputation in point estimates."
101398,"A_2020",0,"father_educ",,"source_missing","missing","Keep NA. Use available observations for the specific outcome; no outcome imputation in point estimates."
101398,"A_2020",0,"father_income_high",,"source_missing","missing","Keep NA. Use available observations for the specific outcome; no outcome imputation in point estimates."
101400,"A_2020",1,"years_in_school","years_in_school=4; baseline_age=12; followup_age=14; age_change=2; highest_grade=8","school_years_exceed_age_change_plus_1","review","Retain. Completed school years exceed reported age change plus a one-year diagnostic allowance. Age errors, varying followup horizons or school-year counting could explain this; do not cap the value or delete the applicant."
101400,"A_2020",1,"father_educ",,"source_missing","missing","Keep NA. Use available observations for the specific outcome; no outcome imputation in point estimates."
101400,"A_2020",1,"neighborhood",,"source_missing","missing","Keep NA. Exclude from primary controls because coverage differs by cohort."
101401,"A_2020",0,"years_in_school","years_in_school=4; baseline_age=13; followup_age=15; age_change=2; highest_grade=8","school_years_exceed_age_change_plus_1","review","Retain. Completed school years exceed reported age change plus a one-year diagnostic allowance. Age errors, varying followup horizons or school-year counting could explain this; do not cap the value or delete the applicant."
101402,"B_2018",1,"age_at_survey","baseline=11; followup=16; change=5","age_change_outside_2_to_4_screen","review","Retain recorded ages and outcomes. Screening rule only. Systematic cohort differences require survey-date clarification, not automatic correction."
101402,"B_2018",1,"years_in_school","years_in_school=6; baseline_age=11; followup_age=16; age_change=5; highest_grade=10","school_years_since_allocation_above_4","review","Retain as a requested policy outcome with a timing/definition caveat. Five or six years conflict with a uniform three-year interpretation but may fit the older B2018 cohort. Clarify dates and counting convention; do not cap or infer a correction."
101402,"B_2018",1,"neighborhood",,"source_missing","missing","Keep NA. Exclude from primary controls because coverage differs by cohort."
101403,"A_2020",0,"years_in_school","years_in_school=4; baseline_age=12; followup_age=14; age_change=2; highest_grade=8","school_years_exceed_age_change_plus_1","review","Retain. Completed school years exceed reported age change plus a one-year diagnostic allowance. Age errors, varying followup horizons or school-year counting could explain this; do not cap the value or delete the applicant."
101403,"A_2020",0,"ses_stratum",,"source_missing","missing","Keep NA. Optional adjusted model uses cohort mean and a missing indicator."
101404,"A_2020",1,"years_in_school","years_in_school=4; baseline_age=13; followup_age=15; age_change=2; highest_grade=8","school_years_exceed_age_change_plus_1","review","Retain. Completed school years exceed reported age change plus a one-year diagnostic allowance. Age errors, varying followup horizons or school-year counting could explain this; do not cap the value or delete the applicant."
101404,"A_2020",1,"father_educ",,"source_missing","missing","Keep NA. Use available observations for the specific outcome; no outcome imputation in point estimates."
101404,"A_2020",1,"father_income_high",,"source_missing","missing","Keep NA. Use available observations for the specific outcome; no outcome imputation in point estimates."
101405,"A_2020",1,"years_in_school","years_in_school=4; baseline_age=13; followup_age=15; age_change=2; highest_grade=8","school_years_exceed_age_change_plus_1","review","Retain. Completed school years exceed reported age change plus a one-year diagnostic allowance. Age errors, varying followup horizons or school-year counting could explain this; do not cap the value or delete the applicant."
101405,"A_2020",1,"ses_stratum",,"source_missing","missing","Keep NA. Optional adjusted model uses cohort mean and a missing indicator."
101406,"A_2020",1,"age_at_application",,"source_missing","missing","Keep NA. Optional adjusted model uses cohort mean and a missing indicator."
101406,"A_2020",1,"father_income_high",,"source_missing","missing","Keep NA. Use available observations for the specific outcome; no outcome imputation in point estimates."
101407,"A_2020",0,"years_in_school","years_in_school=4; baseline_age=14; followup_age=16; age_change=2; highest_grade=8","school_years_exceed_age_change_plus_1","review","Retain. Completed school years exceed reported age change plus a one-year diagnostic allowance. Age errors, varying followup horizons or school-year counting could explain this; do not cap the value or delete the applicant."
101408,"A_2020",1,"neighborhood",,"source_missing","missing","Keep NA. Exclude from primary controls because coverage differs by cohort."
101409,"A_2020",1,"years_in_school","years_in_school=4; baseline_age=15; followup_age=17; age_change=2; highest_grade=8","school_years_exceed_age_change_plus_1","review","Retain. Completed school years exceed reported age change plus a one-year diagnostic allowance. Age errors, varying followup horizons or school-year counting could explain this; do not cap the value or delete the applicant."
101410,"A_2022",1,"age_at_survey","baseline=13; followup=13; change=0","age_change_outside_2_to_4_screen","review","Retain recorded ages and outcomes. Screening rule only. Systematic cohort differences require survey-date clarification, not automatic correction."
101410,"A_2022",1,"years_in_school","years_in_school=2; baseline_age=13; followup_age=13; age_change=0; highest_grade=6","school_years_exceed_age_change_plus_1","review","Retain. Completed school years exceed reported age change plus a one-year diagnostic allowance. Age errors, varying followup horizons or school-year counting could explain this; do not cap the value or delete the applicant."
101410,"A_2022",1,"neighborhood",,"source_missing","missing","Keep NA. Exclude from primary controls because coverage differs by cohort."
101410,"A_2022",1,"ses_stratum",,"source_missing","missing","Keep NA. Optional adjusted model uses cohort mean and a missing indicator."
101411,"A_2022",0,"age_at_survey","baseline=12; followup=12; change=0","age_change_outside_2_to_4_screen","review","Retain recorded ages and outcomes. Screening rule only. Systematic cohort differences require survey-date clarification, not automatic correction."
101411,"A_2022",0,"years_in_school","years_in_school=2; baseline_age=12; followup_age=12; age_change=0; highest_grade=6","school_years_exceed_age_change_plus_1","review","Retain. Completed school years exceed reported age change plus a one-year diagnostic allowance. Age errors, varying followup horizons or school-year counting could explain this; do not cap the value or delete the applicant."
101411,"A_2022",0,"father_age",,"source_missing","missing","Keep NA. Use available observations for the specific outcome; no outcome imputation in point estimates."
101411,"A_2022",0,"father_educ",,"source_missing","missing","Keep NA. Use available observations for the specific outcome; no outcome imputation in point estimates."
101411,"A_2022",0,"father_income_high",,"source_missing","missing","Keep NA. Use available observations for the specific outcome; no outcome imputation in point estimates."
101411,"A_2022",0,"neighborhood",,"source_missing","missing","Keep NA. Exclude from primary controls because coverage differs by cohort."
101412,"A_2020",1,"age_at_application",,"source_missing","missing","Keep NA. Optional adjusted model uses cohort mean and a missing indicator."
101412,"A_2020",1,"ses_stratum",,"source_missing","missing","Keep NA. Optional adjusted model uses cohort mean and a missing indicator."
101413,"B_2018",0,"age_at_survey","baseline=12; followup=17; change=5","age_change_outside_2_to_4_screen","review","Retain recorded ages and outcomes. Screening rule only. Systematic cohort differences require survey-date clarification, not automatic correction."
101413,"B_2018",0,"years_in_school","years_in_school=6; baseline_age=12; followup_age=17; age_change=5; highest_grade=8","school_years_since_allocation_above_4","review","Retain as a requested policy outcome with a timing/definition caveat. Five or six years conflict with a uniform three-year interpretation but may fit the older B2018 cohort. Clarify dates and counting convention; do not cap or infer a correction."
101413,"B_2018",0,"father_age",,"source_missing","missing","Keep NA. Use available observations for the specific outcome; no outcome imputation in point estimates."
101413,"B_2018",0,"father_educ",,"source_missing","missing","Keep NA. Use available observations for the specific outcome; no outcome imputation in point estimates."
101413,"B_2018",0,"father_income_high",,"source_missing","missing","Keep NA. Use available observations for the specific outcome; no outcome imputation in point estimates."
101413,"B_2018",0,"neighborhood",,"source_missing","missing","Keep NA. Exclude from primary controls because coverage differs by cohort."
101415,"A_2020",0,"years_in_school","years_in_school=6; baseline_age=16; followup_age=18; age_change=2; highest_grade=10","school_years_exceed_age_change_plus_1","review","Retain. Completed school years exceed reported age change plus a one-year diagnostic allowance. Age errors, varying followup horizons or school-year counting could explain this; do not cap the value or delete the applicant."
101415,"A_2020",0,"years_in_school","years_in_school=6; baseline_age=16; followup_age=18; age_change=2; highest_grade=10","school_years_since_allocation_above_4","review","Retain as a requested policy outcome with a timing/definition caveat. Five or six years conflict with a uniform three-year interpretation but may fit the older B2018 cohort. Clarify dates and counting convention; do not cap or infer a correction."
101416,"A_2020",0,"years_in_school","years_in_school=5; baseline_age=14; followup_age=17; age_change=3; highest_grade=10","school_years_exceed_age_change_plus_1","review","Retain. Completed school years exceed reported age change plus a one-year diagnostic allowance. Age errors, varying followup horizons or school-year counting could explain this; do not cap the value or delete the applicant."
101416,"A_2020",0,"years_in_school","years_in_school=5; baseline_age=14; followup_age=17; age_change=3; highest_grade=10","school_years_since_allocation_above_4","review","Retain as a requested policy outcome with a timing/definition caveat. Five or six years conflict with a uniform three-year interpretation but may fit the older B2018 cohort. Clarify dates and counting convention; do not cap or infer a correction."
101417,"A_2020",1,"years_in_school","years_in_school=4; baseline_age=12; followup_age=14; age_change=2; highest_grade=7","school_years_exceed_age_change_plus_1","review","Retain. Completed school years exceed reported age change plus a one-year diagnostic allowance. Age errors, varying followup horizons or school-year counting could explain this; do not cap the value or delete the applicant."
101417,"A_2020",1,"father_age",,"source_missing","missing","Keep NA. Use available observations for the specific outcome; no outcome imputation in point estimates."
101417,"A_2020",1,"father_educ",,"source_missing","missing","Keep NA. Use available observations for the specific outcome; no outcome imputation in point estimates."
101417,"A_2020",1,"father_income_high",,"source_missing","missing","Keep NA. Use available observations for the specific outcome; no outcome imputation in point estimates."
101418,"A_2020",1,"father_educ",,"source_missing","missing","Keep NA. Use available observations for the specific outcome; no outcome imputation in point estimates."
101418,"A_2020",1,"father_income_high",,"source_missing","missing","Keep NA. Use available observations for the specific outcome; no outcome imputation in point estimates."
101419,"A_2020",1,"father_educ",,"source_missing","missing","Keep NA. Use available observations for the specific outcome; no outcome imputation in point estimates."
101419,"A_2020",1,"mother_educ",,"source_missing","missing","Keep NA. Use available observations for the specific outcome; no outcome imputation in point estimates."
101420,"A_2022",1,"age_at_survey","baseline=13; followup=14; change=1","age_change_outside_2_to_4_screen","review","Retain recorded ages and outcomes. Screening rule only. Systematic cohort differences require survey-date clarification, not automatic correction."
101420,"A_2022",1,"years_in_school","years_in_school=3; baseline_age=13; followup_age=14; age_change=1; highest_grade=6","school_years_exceed_age_change_plus_1","review","Retain. Completed school years exceed reported age change plus a one-year diagnostic allowance. Age errors, varying followup horizons or school-year counting could explain this; do not cap the value or delete the applicant."
101420,"A_2022",1,"father_income_high",,"source_missing","missing","Keep NA. Use available observations for the specific outcome; no outcome imputation in point estimates."
101420,"A_2022",1,"neighborhood",,"source_missing","missing","Keep NA. Exclude from primary controls because coverage differs by cohort."
101421,"A_2022",1,"age_at_survey","baseline=14; followup=15; change=1","age_change_outside_2_to_4_screen","review","Retain recorded ages and outcomes. Screening rule only. Systematic cohort differences require survey-date clarification, not automatic correction."
101421,"A_2022",1,"years_in_school","years_in_school=4; baseline_age=14; followup_age=15; age_change=1; highest_grade=6","school_years_exceed_age_change_plus_1","review","Retain. Completed school years exceed reported age change plus a one-year diagnostic allowance. Age errors, varying followup horizons or school-year counting could explain this; do not cap the value or delete the applicant."
101421,"A_2022",1,"neighborhood",,"source_missing","missing","Keep NA. Exclude from primary controls because coverage differs by cohort."
101422,"A_2020",0,"years_in_school","years_in_school=4; baseline_age=11; followup_age=13; age_change=2; highest_grade=8","school_years_exceed_age_change_plus_1","review","Retain. Completed school years exceed reported age change plus a one-year diagnostic allowance. Age errors, varying followup horizons or school-year counting could explain this; do not cap the value or delete the applicant."
101422,"A_2020",0,"father_age",,"source_missing","missing","Keep NA. Use available observations for the specific outcome; no outcome imputation in point estimates."
101422,"A_2020",0,"father_educ",,"source_missing","missing","Keep NA. Use available observations for the specific outcome; no outcome imputation in point estimates."
101422,"A_2020",0,"father_income_high",,"source_missing","missing","Keep NA. Use available observations for the specific outcome; no outcome imputation in point estimates."
101424,"A_2020",0,"years_in_school","years_in_school=4; baseline_age=12; followup_age=14; age_change=2; highest_grade=7","school_years_exceed_age_change_plus_1","review","Retain. Completed school years exceed reported age change plus a one-year diagnostic allowance. Age errors, varying followup horizons or school-year counting could explain this; do not cap the value or delete the applicant."
101424,"A_2020",0,"father_educ",,"source_missing","missing","Keep NA. Use available observations for the specific outcome; no outcome imputation in point estimates."
101424,"A_2020",0,"mother_educ",,"source_missing","missing","Keep NA. Use available observations for the specific outcome; no outcome imputation in point estimates."
101425,"A_2022",1,"age_at_survey","baseline=14; followup=14; change=0","age_change_outside_2_to_4_screen","review","Retain recorded ages and outcomes. Screening rule only. Systematic cohort differences require survey-date clarification, not automatic correction."
101425,"A_2022",1,"years_in_school","years_in_school=2; baseline_age=14; followup_age=14; age_change=0; highest_grade=6","school_years_exceed_age_change_plus_1","review","Retain. Completed school years exceed reported age change plus a one-year diagnostic allowance. Age errors, varying followup horizons or school-year counting could explain this; do not cap the value or delete the applicant."
101425,"A_2022",1,"neighborhood",,"source_missing","missing","Keep NA. Exclude from primary controls because coverage differs by cohort."
101426,"B_2018",1,"years_in_school","years_in_school=6; baseline_age=13; followup_age=17; age_change=4; highest_grade=9","school_years_exceed_age_change_plus_1","review","Retain. Completed school years exceed reported age change plus a one-year diagnostic allowance. Age errors, varying followup horizons or school-year counting could explain this; do not cap the value or delete the applicant."
101426,"B_2018",1,"years_in_school","years_in_school=6; baseline_age=13; followup_age=17; age_change=4; highest_grade=9","school_years_since_allocation_above_4","review","Retain as a requested policy outcome with a timing/definition caveat. Five or six years conflict with a uniform three-year interpretation but may fit the older B2018 cohort. Clarify dates and counting convention; do not cap or infer a correction."
101426,"B_2018",1,"neighborhood",,"source_missing","missing","Keep NA. Exclude from primary controls because coverage differs by cohort."
101428,"A_2022",0,"age_at_survey","baseline=11; followup=12; change=1","age_change_outside_2_to_4_screen","review","Retain recorded ages and outcomes. Screening rule only. Systematic cohort differences require survey-date clarification, not automatic correction."
101428,"A_2022",0,"neighborhood",,"source_missing","missing","Keep NA. Exclude from primary controls because coverage differs by cohort."
101429,"A_2022",0,"age_at_survey","baseline=14; followup=14; change=0","age_change_outside_2_to_4_screen","review","Retain recorded ages and outcomes. Screening rule only. Systematic cohort differences require survey-date clarification, not automatic correction."
101429,"A_2022",0,"years_in_school","years_in_school=3; baseline_age=14; followup_age=14; age_change=0; highest_grade=6","school_years_exceed_age_change_plus_1","review","Retain. Completed school years exceed reported age change plus a one-year diagnostic allowance. Age errors, varying followup horizons or school-year counting could explain this; do not cap the value or delete the applicant."
101429,"A_2022",0,"father_age",,"source_missing","missing","Keep NA. Use available observations for the specific outcome; no outcome imputation in point estimates."
101429,"A_2022",0,"father_income_high",,"source_missing","missing","Keep NA. Use available observations for the specific outcome; no outcome imputation in point estimates."
101429,"A_2022",0,"mother_age",,"source_missing","missing","Keep NA. Use available observations for the specific outcome; no outcome imputation in point estimates."
101429,"A_2022",0,"mother_educ",,"source_missing","missing","Keep NA. Use available observations for the specific outcome; no outcome imputation in point estimates."
101429,"A_2022",0,"neighborhood",,"source_missing","missing","Keep NA. Exclude from primary controls because coverage differs by cohort."
101430,"A_2020",1,"years_in_school","years_in_school=4; baseline_age=14; followup_age=16; age_change=2; highest_grade=8","school_years_exceed_age_change_plus_1","review","Retain. Completed school years exceed reported age change plus a one-year diagnostic allowance. Age errors, varying followup horizons or school-year counting could explain this; do not cap the value or delete the applicant."
101430,"A_2020",1,"ses_stratum",,"source_missing","missing","Keep NA. Optional adjusted model uses cohort mean and a missing indicator."
101431,"A_2020",1,"years_in_school","years_in_school=4; baseline_age=12; followup_age=14; age_change=2; highest_grade=6","school_years_exceed_age_change_plus_1","review","Retain. Completed school years exceed reported age change plus a one-year diagnostic allowance. Age errors, varying followup horizons or school-year counting could explain this; do not cap the value or delete the applicant."
101432,"A_2020",0,"years_in_school","years_in_school=4; baseline_age=12; followup_age=14; age_change=2; highest_grade=8","school_years_exceed_age_change_plus_1","review","Retain. Completed school years exceed reported age change plus a one-year diagnostic allowance. Age errors, varying followup horizons or school-year counting could explain this; do not cap the value or delete the applicant."
101433,"A_2022",0,"age_at_survey","baseline=14; followup=15; change=1","age_change_outside_2_to_4_screen","review","Retain recorded ages and outcomes. Screening rule only. Systematic cohort differences require survey-date clarification, not automatic correction."
101433,"A_2022",0,"father_age",,"source_missing","missing","Keep NA. Use available observations for the specific outcome; no outcome imputation in point estimates."
101433,"A_2022",0,"father_educ",,"source_missing","missing","Keep NA. Use available observations for the specific outcome; no outcome imputation in point estimates."
101433,"A_2022",0,"father_income_high",,"source_missing","missing","Keep NA. Use available observations for the specific outcome; no outcome imputation in point estimates."
101433,"A_2022",0,"neighborhood",,"source_missing","missing","Keep NA. Exclude from primary controls because coverage differs by cohort."
101434,"A_2020",0,"neighborhood",,"source_missing","missing","Keep NA. Exclude from primary controls because coverage differs by cohort."
101435,"A_2020",1,"years_in_school","years_in_school=4; baseline_age=14; followup_age=16; age_change=2; highest_grade=8","school_years_exceed_age_change_plus_1","review","Retain. Completed school years exceed reported age change plus a one-year diagnostic allowance. Age errors, varying followup horizons or school-year counting could explain this; do not cap the value or delete the applicant."
101436,"A_2020",1,"years_in_school","years_in_school=4; baseline_age=12; followup_age=14; age_change=2; highest_grade=8","school_years_exceed_age_change_plus_1","review","Retain. Completed school years exceed reported age change plus a one-year diagnostic allowance. Age errors, varying followup horizons or school-year counting could explain this; do not cap the value or delete the applicant."
101438,"B_2018",0,"age_at_survey","baseline=12; followup=17; change=5","age_change_outside_2_to_4_screen","review","Retain recorded ages and outcomes. Screening rule only. Systematic cohort differences require survey-date clarification, not automatic correction."
101438,"B_2018",0,"years_in_school","years_in_school=6; baseline_age=12; followup_age=17; age_change=5; highest_grade=9","school_years_since_allocation_above_4","review","Retain as a requested policy outcome with a timing/definition caveat. Five or six years conflict with a uniform three-year interpretation but may fit the older B2018 cohort. Clarify dates and counting convention; do not cap or infer a correction."
101438,"B_2018",0,"mother_age",,"source_missing","missing","Keep NA. Use available observations for the specific outcome; no outcome imputation in point estimates."
101438,"B_2018",0,"mother_educ",,"source_missing","missing","Keep NA. Use available observations for the specific outcome; no outcome imputation in point estimates."
101438,"B_2018",0,"neighborhood",,"source_missing","missing","Keep NA. Exclude from primary controls because coverage differs by cohort."
101438,"B_2018",0,"ses_stratum",,"source_missing","missing","Keep NA. Optional adjusted model uses cohort mean and a missing indicator."
101439,"A_2020",1,"years_in_school","years_in_school=4; baseline_age=14; followup_age=16; age_change=2; highest_grade=8","school_years_exceed_age_change_plus_1","review","Retain. Completed school years exceed reported age change plus a one-year diagnostic allowance. Age errors, varying followup horizons or school-year counting could explain this; do not cap the value or delete the applicant."
101440,"A_2020",0,"years_in_school","years_in_school=4; baseline_age=11; followup_age=13; age_change=2; highest_grade=8","school_years_exceed_age_change_plus_1","review","Retain. Completed school years exceed reported age change plus a one-year diagnostic allowance. Age errors, varying followup horizons or school-year counting could explain this; do not cap the value or delete the applicant."
101441,"A_2020",0,"ses_stratum",,"source_missing","missing","Keep NA. Optional adjusted model uses cohort mean and a missing indicator."
101442,"A_2020",1,"neighborhood",,"source_missing","missing","Keep NA. Exclude from primary controls because coverage differs by cohort."
101443,"B_2018",0,"father_educ",,"source_missing","missing","Keep NA. Use available observations for the specific outcome; no outcome imputation in point estimates."
101443,"B_2018",0,"father_income_high",,"source_missing","missing","Keep NA. Use available observations for the specific outcome; no outcome imputation in point estimates."
101443,"B_2018",0,"neighborhood",,"source_missing","missing","Keep NA. Exclude from primary controls because coverage differs by cohort."
101444,"A_2020",1,"years_in_school","years_in_school=4; baseline_age=12; followup_age=14; age_change=2; highest_grade=8","school_years_exceed_age_change_plus_1","review","Retain. Completed school years exceed reported age change plus a one-year diagnostic allowance. Age errors, varying followup horizons or school-year counting could explain this; do not cap the value or delete the applicant."
101444,"A_2020",1,"neighborhood",,"source_missing","missing","Keep NA. Exclude from primary controls because coverage differs by cohort."
101445,"A_2022",1,"age_at_survey","baseline=12; followup=12; change=0","age_change_outside_2_to_4_screen","review","Retain recorded ages and outcomes. Screening rule only. Systematic cohort differences require survey-date clarification, not automatic correction."
101445,"A_2022",1,"years_in_school","years_in_school=2; baseline_age=12; followup_age=12; age_change=0; highest_grade=6","school_years_exceed_age_change_plus_1","review","Retain. Completed school years exceed reported age change plus a one-year diagnostic allowance. Age errors, varying followup horizons or school-year counting could explain this; do not cap the value or delete the applicant."
101445,"A_2022",1,"neighborhood",,"source_missing","missing","Keep NA. Exclude from primary controls because coverage differs by cohort."
101446,"A_2020",1,"father_age",,"source_missing","missing","Keep NA. Use available observations for the specific outcome; no outcome imputation in point estimates."
101446,"A_2020",1,"father_educ",,"source_missing","missing","Keep NA. Use available observations for the specific outcome; no outcome imputation in point estimates."
101446,"A_2020",1,"father_income_high",,"source_missing","missing","Keep NA. Use available observations for the specific outcome; no outcome imputation in point estimates."
101446,"A_2020",1,"has_child",,"source_missing","missing","Keep NA. Use available observations for the specific outcome; no outcome imputation in point estimates."
101446,"A_2020",1,"married_or_cohab",,"source_missing","missing","Keep NA. Use available observations for the specific outcome; no outcome imputation in point estimates."
101446,"A_2020",1,"ses_stratum",,"source_missing","missing","Keep NA. Optional adjusted model uses cohort mean and a missing indicator."
101447,"A_2020",1,"years_in_school","years_in_school=4; baseline_age=13; followup_age=15; age_change=2; highest_grade=8","school_years_exceed_age_change_plus_1","review","Retain. Completed school years exceed reported age change plus a one-year diagnostic allowance. Age errors, varying followup horizons or school-year counting could explain this; do not cap the value or delete the applicant."
101448,"A_2020",0,"years_in_school","years_in_school=4; baseline_age=13; followup_age=15; age_change=2; highest_grade=7","school_years_exceed_age_change_plus_1","review","Retain. Completed school years exceed reported age change plus a one-year diagnostic allowance. Age errors, varying followup horizons or school-year counting could explain this; do not cap the value or delete the applicant."
101448,"A_2020",0,"mother_educ",,"source_missing","missing","Keep NA. Use available observations for the specific outcome; no outcome imputation in point estimates."
101450,"A_2020",0,"years_in_school","years_in_school=4; baseline_age=12; followup_age=14; age_change=2; highest_grade=8","school_years_exceed_age_change_plus_1","review","Retain. Completed school years exceed reported age change plus a one-year diagnostic allowance. Age errors, varying followup horizons or school-year counting could explain this; do not cap the value or delete the applicant."
101450,"A_2020",0,"ses_stratum",,"source_missing","missing","Keep NA. Optional adjusted model uses cohort mean and a missing indicator."
101453,"A_2020",1,"years_in_school","years_in_school=4; baseline_age=12; followup_age=14; age_change=2; highest_grade=8","school_years_exceed_age_change_plus_1","review","Retain. Completed school years exceed reported age change plus a one-year diagnostic allowance. Age errors, varying followup horizons or school-year counting could explain this; do not cap the value or delete the applicant."
101453,"A_2020",1,"ses_stratum",,"source_missing","missing","Keep NA. Optional adjusted model uses cohort mean and a missing indicator."
101455,"A_2020",0,"ses_stratum",,"source_missing","missing","Keep NA. Optional adjusted model uses cohort mean and a missing indicator."
101456,"A_2020",0,"years_in_school","years_in_school=4; baseline_age=11; followup_age=13; age_change=2; highest_grade=8","school_years_exceed_age_change_plus_1","review","Retain. Completed school years exceed reported age change plus a one-year diagnostic allowance. Age errors, varying followup horizons or school-year counting could explain this; do not cap the value or delete the applicant."
101458,"A_2022",0,"age_at_survey","baseline=11; followup=12; change=1","age_change_outside_2_to_4_screen","review","Retain recorded ages and outcomes. Screening rule only. Systematic cohort differences require survey-date clarification, not automatic correction."
101458,"A_2022",0,"neighborhood",,"source_missing","missing","Keep NA. Exclude from primary controls because coverage differs by cohort."
101459,"A_2020",1,"father_age",,"source_missing","missing","Keep NA. Use available observations for the specific outcome; no outcome imputation in point estimates."
101459,"A_2020",1,"father_educ",,"source_missing","missing","Keep NA. Use available observations for the specific outcome; no outcome imputation in point estimates."
101459,"A_2020",1,"father_income_high",,"source_missing","missing","Keep NA. Use available observations for the specific outcome; no outcome imputation in point estimates."
101459,"A_2020",1,"neighborhood",,"source_missing","missing","Keep NA. Exclude from primary controls because coverage differs by cohort."
101459,"A_2020",1,"ses_stratum",,"source_missing","missing","Keep NA. Optional adjusted model uses cohort mean and a missing indicator."
101460,"A_2022",0,"age_at_survey","baseline=12; followup=13; change=1","age_change_outside_2_to_4_screen","review","Retain recorded ages and outcomes. Screening rule only. Systematic cohort differences require survey-date clarification, not automatic correction."
101460,"A_2022",0,"father_age",,"source_missing","missing","Keep NA. Use available observations for the specific outcome; no outcome imputation in point estimates."
101460,"A_2022",0,"father_educ",,"source_missing","missing","Keep NA. Use available observations for the specific outcome; no outcome imputation in point estimates."
101460,"A_2022",0,"father_income_high",,"source_missing","missing","Keep NA. Use available observations for the specific outcome; no outcome imputation in point estimates."
101460,"A_2022",0,"mother_age",,"source_missing","missing","Keep NA. Use available observations for the specific outcome; no outcome imputation in point estimates."
101460,"A_2022",0,"mother_educ",,"source_missing","missing","Keep NA. Use available observations for the specific outcome; no outcome imputation in point estimates."
101460,"A_2022",0,"neighborhood",,"source_missing","missing","Keep NA. Exclude from primary controls because coverage differs by cohort."
101461,"A_2020",1,"father_educ",,"source_missing","missing","Keep NA. Use available observations for the specific outcome; no outcome imputation in point estimates."
101461,"A_2020",1,"father_income_high",,"source_missing","missing","Keep NA. Use available observations for the specific outcome; no outcome imputation in point estimates."
101462,"A_2022",1,"neighborhood",,"source_missing","missing","Keep NA. Exclude from primary controls because coverage differs by cohort."
101464,"A_2020",1,"years_in_school","years_in_school=4; baseline_age=12; followup_age=14; age_change=2; highest_grade=8","school_years_exceed_age_change_plus_1","review","Retain. Completed school years exceed reported age change plus a one-year diagnostic allowance. Age errors, varying followup horizons or school-year counting could explain this; do not cap the value or delete the applicant."
101464,"A_2020",1,"father_educ",,"source_missing","missing","Keep NA. Use available observations for the specific outcome; no outcome imputation in point estimates."
101464,"A_2020",1,"father_income_high",,"source_missing","missing","Keep NA. Use available observations for the specific outcome; no outcome imputation in point estimates."
101464,"A_2020",1,"mother_educ",,"source_missing","missing","Keep NA. Use available observations for the specific outcome; no outcome imputation in point estimates."
101465,"B_2018",1,"age_at_survey","baseline=13; followup=18; change=5","age_change_outside_2_to_4_screen","review","Retain recorded ages and outcomes. Screening rule only. Systematic cohort differences require survey-date clarification, not automatic correction."
101465,"B_2018",1,"years_in_school","years_in_school=6; baseline_age=13; followup_age=18; age_change=5; highest_grade=9","school_years_since_allocation_above_4","review","Retain as a requested policy outcome with a timing/definition caveat. Five or six years conflict with a uniform three-year interpretation but may fit the older B2018 cohort. Clarify dates and counting convention; do not cap or infer a correction."
101465,"B_2018",1,"neighborhood",,"source_missing","missing","Keep NA. Exclude from primary controls because coverage differs by cohort."
101465,"B_2018",1,"ses_stratum",,"source_missing","missing","Keep NA. Optional adjusted model uses cohort mean and a missing indicator."
101466,"A_2020",0,"years_in_school","years_in_school=4; baseline_age=11; followup_age=13; age_change=2; highest_grade=8","school_years_exceed_age_change_plus_1","review","Retain. Completed school years exceed reported age change plus a one-year diagnostic allowance. Age errors, varying followup horizons or school-year counting could explain this; do not cap the value or delete the applicant."
101466,"A_2020",0,"father_educ",,"source_missing","missing","Keep NA. Use available observations for the specific outcome; no outcome imputation in point estimates."
101466,"A_2020",0,"father_income_high",,"source_missing","missing","Keep NA. Use available observations for the specific outcome; no outcome imputation in point estimates."
101466,"A_2020",0,"in_private_now",,"source_missing","missing","Keep NA. Use available observations for the specific outcome; no outcome imputation in point estimates."
101466,"A_2020",0,"ses_stratum",,"source_missing","missing","Keep NA. Optional adjusted model uses cohort mean and a missing indicator."
101467,"A_2020",0,"ses_stratum",,"source_missing","missing","Keep NA. Optional adjusted model uses cohort mean and a missing indicator."
101468,"A_2020",1,"years_in_school","years_in_school=4; baseline_age=12; followup_age=14; age_change=2; highest_grade=8","school_years_exceed_age_change_plus_1","review","Retain. Completed school years exceed reported age change plus a one-year diagnostic allowance. Age errors, varying followup horizons or school-year counting could explain this; do not cap the value or delete the applicant."
101468,"A_2020",1,"father_age",,"source_missing","missing","Keep NA. Use available observations for the specific outcome; no outcome imputation in point estimates."
101468,"A_2020",1,"father_educ",,"source_missing","missing","Keep NA. Use available observations for the specific outcome; no outcome imputation in point estimates."
101468,"A_2020",1,"father_income_high",,"source_missing","missing","Keep NA. Use available observations for the specific outcome; no outcome imputation in point estimates."
101470,"A_2022",0,"age_at_survey","baseline=15; followup=15; change=0","age_change_outside_2_to_4_screen","review","Retain recorded ages and outcomes. Screening rule only. Systematic cohort differences require survey-date clarification, not automatic correction."
101470,"A_2022",0,"years_in_school","years_in_school=3; baseline_age=15; followup_age=15; age_change=0; highest_grade=6","school_years_exceed_age_change_plus_1","review","Retain. Completed school years exceed reported age change plus a one-year diagnostic allowance. Age errors, varying followup horizons or school-year counting could explain this; do not cap the value or delete the applicant."
101470,"A_2022",0,"father_age",,"source_missing","missing","Keep NA. Use available observations for the specific outcome; no outcome imputation in point estimates."
101470,"A_2022",0,"father_educ",,"source_missing","missing","Keep NA. Use available observations for the specific outcome; no outcome imputation in point estimates."
101470,"A_2022",0,"father_income_high",,"source_missing","missing","Keep NA. Use available observations for the specific outcome; no outcome imputation in point estimates."
101470,"A_2022",0,"mother_age",,"source_missing","missing","Keep NA. Use available observations for the specific outcome; no outcome imputation in point estimates."
101470,"A_2022",0,"mother_educ",,"source_missing","missing","Keep NA. Use available observations for the specific outcome; no outcome imputation in point estimates."
101470,"A_2022",0,"neighborhood",,"source_missing","missing","Keep NA. Exclude from primary controls because coverage differs by cohort."
101471,"A_2020",0,"father_age",,"source_missing","missing","Keep NA. Use available observations for the specific outcome; no outcome imputation in point estimates."
101471,"A_2020",0,"father_educ",,"source_missing","missing","Keep NA. Use available observations for the specific outcome; no outcome imputation in point estimates."
101471,"A_2020",0,"father_income_high",,"source_missing","missing","Keep NA. Use available observations for the specific outcome; no outcome imputation in point estimates."
101471,"A_2020",0,"mother_educ",,"source_missing","missing","Keep NA. Use available observations for the specific outcome; no outcome imputation in point estimates."
101472,"A_2020",0,"father_age",,"source_missing","missing","Keep NA. Use available observations for the specific outcome; no outcome imputation in point estimates."
101472,"A_2020",0,"father_educ",,"source_missing","missing","Keep NA. Use available observations for the specific outcome; no outcome imputation in point estimates."
101472,"A_2020",0,"father_income_high",,"source_missing","missing","Keep NA. Use available observations for the specific outcome; no outcome imputation in point estimates."
101473,"A_2020",1,"years_in_school","years_in_school=4; baseline_age=14; followup_age=16; age_change=2; highest_grade=8","school_years_exceed_age_change_plus_1","review","Retain. Completed school years exceed reported age change plus a one-year diagnostic allowance. Age errors, varying followup horizons or school-year counting could explain this; do not cap the value or delete the applicant."
101474,"A_2020",1,"years_in_school","years_in_school=4; baseline_age=13; followup_age=15; age_change=2; highest_grade=8","school_years_exceed_age_change_plus_1","review","Retain. Completed school years exceed reported age change plus a one-year diagnostic allowance. Age errors, varying followup horizons or school-year counting could explain this; do not cap the value or delete the applicant."
101475,"A_2020",0,"age_at_application",,"source_missing","missing","Keep NA. Optional adjusted model uses cohort mean and a missing indicator."
101476,"A_2022",1,"age_at_survey","baseline=14; followup=15; change=1","age_change_outside_2_to_4_screen","review","Retain recorded ages and outcomes. Screening rule only. Systematic cohort differences require survey-date clarification, not automatic correction."
101476,"A_2022",1,"neighborhood",,"source_missing","missing","Keep NA. Exclude from primary controls because coverage differs by cohort."
101476,"A_2022",1,"ses_stratum",,"source_missing","missing","Keep NA. Optional adjusted model uses cohort mean and a missing indicator."
101477,"A_2020",1,"years_in_school","years_in_school=4; baseline_age=14; followup_age=16; age_change=2; highest_grade=8","school_years_exceed_age_change_plus_1","review","Retain. Completed school years exceed reported age change plus a one-year diagnostic allowance. Age errors, varying followup horizons or school-year counting could explain this; do not cap the value or delete the applicant."
101477,"A_2020",1,"father_age",,"source_missing","missing","Keep NA. Use available observations for the specific outcome; no outcome imputation in point estimates."
101477,"A_2020",1,"father_educ",,"source_missing","missing","Keep NA. Use available observations for the specific outcome; no outcome imputation in point estimates."
101477,"A_2020",1,"father_income_high",,"source_missing","missing","Keep NA. Use available observations for the specific outcome; no outcome imputation in point estimates."
101478,"A_2020",1,"neighborhood",,"source_missing","missing","Keep NA. Exclude from primary controls because coverage differs by cohort."
101478,"A_2020",1,"ses_stratum",,"source_missing","missing","Keep NA. Optional adjusted model uses cohort mean and a missing indicator."
101479,"A_2020",0,"father_age","father_age=91; child_age=17","parent_age_gap_below_12_or_age_above_80","review","Flag without changing. Biological relation and age validity cannot be verified. Exclude all followup parent ages from controls."
101479,"A_2020",0,"father_age","father_age=91; child_age=17; gap=74","parent_child_age_gap_above_60","review","Retain raw value. Large parent-child gap is unusual, not proof of an error; biological relation and exact age cannot be verified. Exclude followup parent ages from controls."
101479,"A_2020",0,"years_in_school","highest_grade=9; years_in_school=2","school_years_below_grade_progress_assuming_grade5_entry","review","Retain both fields. This screen assumes grade 5 completed at allocation. Missing baseline grade and uncertain counting convention prevent a verified correction."
101480,"A_2020",0,"years_in_school","years_in_school=4; baseline_age=13; followup_age=15; age_change=2; highest_grade=8","school_years_exceed_age_change_plus_1","review","Retain. Completed school years exceed reported age change plus a one-year diagnostic allowance. Age errors, varying followup horizons or school-year counting could explain this; do not cap the value or delete the applicant."
101480,"A_2020",0,"ses_stratum",,"source_missing","missing","Keep NA. Optional adjusted model uses cohort mean and a missing indicator."
101482,"A_2020",0,"years_in_school","years_in_school=4; baseline_age=14; followup_age=16; age_change=2; highest_grade=7","school_years_exceed_age_change_plus_1","review","Retain. Completed school years exceed reported age change plus a one-year diagnostic allowance. Age errors, varying followup horizons or school-year counting could explain this; do not cap the value or delete the applicant."
101483,"A_2022",1,"age_at_survey","baseline=12; followup=13; change=1","age_change_outside_2_to_4_screen","review","Retain recorded ages and outcomes. Screening rule only. Systematic cohort differences require survey-date clarification, not automatic correction."
101483,"A_2022",1,"neighborhood",,"source_missing","missing","Keep NA. Exclude from primary controls because coverage differs by cohort."
101484,"A_2020",1,"years_in_school","years_in_school=4; baseline_age=12; followup_age=14; age_change=2; highest_grade=8","school_years_exceed_age_change_plus_1","review","Retain. Completed school years exceed reported age change plus a one-year diagnostic allowance. Age errors, varying followup horizons or school-year counting could explain this; do not cap the value or delete the applicant."
101484,"A_2020",1,"father_age",,"source_missing","missing","Keep NA. Use available observations for the specific outcome; no outcome imputation in point estimates."
101484,"A_2020",1,"father_educ",,"source_missing","missing","Keep NA. Use available observations for the specific outcome; no outcome imputation in point estimates."
101484,"A_2020",1,"mother_educ",,"source_missing","missing","Keep NA. Use available observations for the specific outcome; no outcome imputation in point estimates."
101485,"A_2020",1,"father_age",,"source_missing","missing","Keep NA. Use available observations for the specific outcome; no outcome imputation in point estimates."
101485,"A_2020",1,"father_educ",,"source_missing","missing","Keep NA. Use available observations for the specific outcome; no outcome imputation in point estimates."
101485,"A_2020",1,"father_income_high",,"source_missing","missing","Keep NA. Use available observations for the specific outcome; no outcome imputation in point estimates."
101485,"A_2020",1,"ses_stratum",,"source_missing","missing","Keep NA. Optional adjusted model uses cohort mean and a missing indicator."
101486,"A_2020",0,"father_educ",,"source_missing","missing","Keep NA. Use available observations for the specific outcome; no outcome imputation in point estimates."
101486,"A_2020",0,"father_income_high",,"source_missing","missing","Keep NA. Use available observations for the specific outcome; no outcome imputation in point estimates."
101486,"A_2020",0,"neighborhood",,"source_missing","missing","Keep NA. Exclude from primary controls because coverage differs by cohort."
101487,"A_2020",0,"neighborhood",,"source_missing","missing","Keep NA. Exclude from primary controls because coverage differs by cohort."
101488,"B_2018",0,"father_age",,"source_missing","missing","Keep NA. Use available observations for the specific outcome; no outcome imputation in point estimates."
101488,"B_2018",0,"father_educ",,"source_missing","missing","Keep NA. Use available observations for the specific outcome; no outcome imputation in point estimates."
101488,"B_2018",0,"father_income_high",,"source_missing","missing","Keep NA. Use available observations for the specific outcome; no outcome imputation in point estimates."
101488,"B_2018",0,"mother_age",,"source_missing","missing","Keep NA. Use available observations for the specific outcome; no outcome imputation in point estimates."
101488,"B_2018",0,"mother_educ",,"source_missing","missing","Keep NA. Use available observations for the specific outcome; no outcome imputation in point estimates."
101488,"B_2018",0,"neighborhood",,"source_missing","missing","Keep NA. Exclude from primary controls because coverage differs by cohort."
101489,"A_2022",0,"age_at_survey","baseline=11; followup=11; change=0","age_change_outside_2_to_4_screen","review","Retain recorded ages and outcomes. Screening rule only. Systematic cohort differences require survey-date clarification, not automatic correction."
101489,"A_2022",0,"neighborhood",,"source_missing","missing","Keep NA. Exclude from primary controls because coverage differs by cohort."
101489,"A_2022",0,"ses_stratum",,"source_missing","missing","Keep NA. Optional adjusted model uses cohort mean and a missing indicator."
101490,"B_2018",1,"years_in_school","years_in_school=6; baseline_age=13; followup_age=17; age_change=4; highest_grade=9","school_years_exceed_age_change_plus_1","review","Retain. Completed school years exceed reported age change plus a one-year diagnostic allowance. Age errors, varying followup horizons or school-year counting could explain this; do not cap the value or delete the applicant."
101490,"B_2018",1,"years_in_school","years_in_school=6; baseline_age=13; followup_age=17; age_change=4; highest_grade=9","school_years_since_allocation_above_4","review","Retain as a requested policy outcome with a timing/definition caveat. Five or six years conflict with a uniform three-year interpretation but may fit the older B2018 cohort. Clarify dates and counting convention; do not cap or infer a correction."
101490,"B_2018",1,"father_educ",,"source_missing","missing","Keep NA. Use available observations for the specific outcome; no outcome imputation in point estimates."
101490,"B_2018",1,"father_income_high",,"source_missing","missing","Keep NA. Use available observations for the specific outcome; no outcome imputation in point estimates."
101490,"B_2018",1,"neighborhood",,"source_missing","missing","Keep NA. Exclude from primary controls because coverage differs by cohort."
101490,"B_2018",1,"ses_stratum",,"source_missing","missing","Keep NA. Optional adjusted model uses cohort mean and a missing indicator."
101491,"A_2022",0,"age_at_survey","baseline=12; followup=13; change=1","age_change_outside_2_to_4_screen","review","Retain recorded ages and outcomes. Screening rule only. Systematic cohort differences require survey-date clarification, not automatic correction."
101491,"A_2022",0,"neighborhood",,"source_missing","missing","Keep NA. Exclude from primary controls because coverage differs by cohort."
101492,"A_2020",1,"years_in_school","years_in_school=4; baseline_age=11; followup_age=13; age_change=2; highest_grade=8","school_years_exceed_age_change_plus_1","review","Retain. Completed school years exceed reported age change plus a one-year diagnostic allowance. Age errors, varying followup horizons or school-year counting could explain this; do not cap the value or delete the applicant."
101492,"A_2020",1,"ses_stratum",,"source_missing","missing","Keep NA. Optional adjusted model uses cohort mean and a missing indicator."
101494,"A_2020",0,"years_in_school","years_in_school=4; baseline_age=13; followup_age=15; age_change=2; highest_grade=8","school_years_exceed_age_change_plus_1","review","Retain. Completed school years exceed reported age change plus a one-year diagnostic allowance. Age errors, varying followup horizons or school-year counting could explain this; do not cap the value or delete the applicant."
101495,"A_2020",1,"years_in_school","years_in_school=4; baseline_age=11; followup_age=13; age_change=2; highest_grade=8","school_years_exceed_age_change_plus_1","review","Retain. Completed school years exceed reported age change plus a one-year diagnostic allowance. Age errors, varying followup horizons or school-year counting could explain this; do not cap the value or delete the applicant."
101495,"A_2020",1,"father_income_high",,"source_missing","missing","Keep NA. Use available observations for the specific outcome; no outcome imputation in point estimates."
101497,"A_2020",0,"years_in_school","years_in_school=4; baseline_age=12; followup_age=14; age_change=2; highest_grade=8","school_years_exceed_age_change_plus_1","review","Retain. Completed school years exceed reported age change plus a one-year diagnostic allowance. Age errors, varying followup horizons or school-year counting could explain this; do not cap the value or delete the applicant."
101497,"A_2020",0,"neighborhood",,"source_missing","missing","Keep NA. Exclude from primary controls because coverage differs by cohort."
101499,"A_2020",0,"years_in_school","years_in_school=4; baseline_age=12; followup_age=14; age_change=2; highest_grade=8","school_years_exceed_age_change_plus_1","review","Retain. Completed school years exceed reported age change plus a one-year diagnostic allowance. Age errors, varying followup horizons or school-year counting could explain this; do not cap the value or delete the applicant."
101499,"A_2020",0,"mother_educ",,"source_missing","missing","Keep NA. Use available observations for the specific outcome; no outcome imputation in point estimates."
101501,"A_2020",0,"father_age",,"source_missing","missing","Keep NA. Use available observations for the specific outcome; no outcome imputation in point estimates."
101501,"A_2020",0,"father_educ",,"source_missing","missing","Keep NA. Use available observations for the specific outcome; no outcome imputation in point estimates."
101501,"A_2020",0,"father_income_high",,"source_missing","missing","Keep NA. Use available observations for the specific outcome; no outcome imputation in point estimates."
101501,"A_2020",0,"in_private_now",,"source_missing","missing","Keep NA. Use available observations for the specific outcome; no outcome imputation in point estimates."
101502,"A_2020",0,"age_at_application",,"source_missing","missing","Keep NA. Optional adjusted model uses cohort mean and a missing indicator."
101502,"A_2020",0,"father_age",,"source_missing","missing","Keep NA. Use available observations for the specific outcome; no outcome imputation in point estimates."
101502,"A_2020",0,"father_educ",,"source_missing","missing","Keep NA. Use available observations for the specific outcome; no outcome imputation in point estimates."
101502,"A_2020",0,"father_income_high",,"source_missing","missing","Keep NA. Use available observations for the specific outcome; no outcome imputation in point estimates."
101502,"A_2020",0,"neighborhood",,"source_missing","missing","Keep NA. Exclude from primary controls because coverage differs by cohort."
101503,"A_2022",1,"age_at_survey","baseline=15; followup=14; change=-1","age_change_outside_2_to_4_screen","review","Retain recorded ages and outcomes. Screening rule only. Systematic cohort differences require survey-date clarification, not automatic correction."
101503,"A_2022",1,"age_at_survey","baseline=15; followup=14; change=-1","age_decreased","inconsistent","Followup age clean set to NA; retain baseline age and schooling outcomes. Cannot determine which source age is wrong. Exclusion sensitivity reported."
101503,"A_2022",1,"years_in_school","years_in_school=3; baseline_age=15; followup_age=14; age_change=-1; highest_grade=6","school_years_exceed_age_change_plus_1","review","Retain. Completed school years exceed reported age change plus a one-year diagnostic allowance. Age errors, varying followup horizons or school-year counting could explain this; do not cap the value or delete the applicant."
101503,"A_2022",1,"neighborhood",,"source_missing","missing","Keep NA. Exclude from primary controls because coverage differs by cohort."
101504,"A_2022",1,"age_at_survey","baseline=11; followup=12; change=1","age_change_outside_2_to_4_screen","review","Retain recorded ages and outcomes. Screening rule only. Systematic cohort differences require survey-date clarification, not automatic correction."
101504,"A_2022",1,"neighborhood",,"source_missing","missing","Keep NA. Exclude from primary controls because coverage differs by cohort."
101505,"A_2022",0,"age_at_survey","baseline=11; followup=12; change=1","age_change_outside_2_to_4_screen","review","Retain recorded ages and outcomes. Screening rule only. Systematic cohort differences require survey-date clarification, not automatic correction."
101505,"A_2022",0,"father_age",,"source_missing","missing","Keep NA. Use available observations for the specific outcome; no outcome imputation in point estimates."
101505,"A_2022",0,"father_educ",,"source_missing","missing","Keep NA. Use available observations for the specific outcome; no outcome imputation in point estimates."
101505,"A_2022",0,"father_income_high",,"source_missing","missing","Keep NA. Use available observations for the specific outcome; no outcome imputation in point estimates."
101505,"A_2022",0,"neighborhood",,"source_missing","missing","Keep NA. Exclude from primary controls because coverage differs by cohort."
101506,"A_2020",1,"neighborhood",,"source_missing","missing","Keep NA. Exclude from primary controls because coverage differs by cohort."
101507,"B_2018",0,"age_at_survey","baseline=10; followup=15; change=5","age_change_outside_2_to_4_screen","review","Retain recorded ages and outcomes. Screening rule only. Systematic cohort differences require survey-date clarification, not automatic correction."
101507,"B_2018",0,"years_in_school","years_in_school=6; baseline_age=10; followup_age=15; age_change=5; highest_grade=9","school_years_since_allocation_above_4","review","Retain as a requested policy outcome with a timing/definition caveat. Five or six years conflict with a uniform three-year interpretation but may fit the older B2018 cohort. Clarify dates and counting convention; do not cap or infer a correction."
101507,"B_2018",0,"father_age",,"source_missing","missing","Keep NA. Use available observations for the specific outcome; no outcome imputation in point estimates."
101507,"B_2018",0,"father_educ",,"source_missing","missing","Keep NA. Use available observations for the specific outcome; no outcome imputation in point estimates."
101507,"B_2018",0,"father_income_high",,"source_missing","missing","Keep NA. Use available observations for the specific outcome; no outcome imputation in point estimates."
101507,"B_2018",0,"mother_age",,"source_missing","missing","Keep NA. Use available observations for the specific outcome; no outcome imputation in point estimates."
101507,"B_2018",0,"mother_educ",,"source_missing","missing","Keep NA. Use available observations for the specific outcome; no outcome imputation in point estimates."
101507,"B_2018",0,"neighborhood",,"source_missing","missing","Keep NA. Exclude from primary controls because coverage differs by cohort."
101508,"A_2022",1,"age_at_survey","baseline=14; followup=13; change=-1","age_change_outside_2_to_4_screen","review","Retain recorded ages and outcomes. Screening rule only. Systematic cohort differences require survey-date clarification, not automatic correction."
101508,"A_2022",1,"age_at_survey","baseline=14; followup=13; change=-1","age_decreased","inconsistent","Followup age clean set to NA; retain baseline age and schooling outcomes. Cannot determine which source age is wrong. Exclusion sensitivity reported."
101508,"A_2022",1,"years_in_school","years_in_school=2; baseline_age=14; followup_age=13; age_change=-1; highest_grade=6","school_years_exceed_age_change_plus_1","review","Retain. Completed school years exceed reported age change plus a one-year diagnostic allowance. Age errors, varying followup horizons or school-year counting could explain this; do not cap the value or delete the applicant."
101508,"A_2022",1,"father_age",,"source_missing","missing","Keep NA. Use available observations for the specific outcome; no outcome imputation in point estimates."
101508,"A_2022",1,"father_educ",,"source_missing","missing","Keep NA. Use available observations for the specific outcome; no outcome imputation in point estimates."
101508,"A_2022",1,"father_income_high",,"source_missing","missing","Keep NA. Use available observations for the specific outcome; no outcome imputation in point estimates."
101508,"A_2022",1,"neighborhood",,"source_missing","missing","Keep NA. Exclude from primary controls because coverage differs by cohort."
101510,"B_2018",0,"age_at_survey","baseline=15; followup=20; change=5","age_change_outside_2_to_4_screen","review","Retain recorded ages and outcomes. Screening rule only. Systematic cohort differences require survey-date clarification, not automatic correction."
101510,"B_2018",0,"father_age",,"source_missing","missing","Keep NA. Use available observations for the specific outcome; no outcome imputation in point estimates."
101510,"B_2018",0,"father_educ",,"source_missing","missing","Keep NA. Use available observations for the specific outcome; no outcome imputation in point estimates."
101510,"B_2018",0,"father_income_high",,"source_missing","missing","Keep NA. Use available observations for the specific outcome; no outcome imputation in point estimates."
101510,"B_2018",0,"mother_age",,"source_missing","missing","Keep NA. Use available observations for the specific outcome; no outcome imputation in point estimates."
101510,"B_2018",0,"mother_educ",,"source_missing","missing","Keep NA. Use available observations for the specific outcome; no outcome imputation in point estimates."
101510,"B_2018",0,"neighborhood",,"source_missing","missing","Keep NA. Exclude from primary controls because coverage differs by cohort."
101511,"A_2020",0,"father_age",,"source_missing","missing","Keep NA. Use available observations for the specific outcome; no outcome imputation in point estimates."
101511,"A_2020",0,"father_educ",,"source_missing","missing","Keep NA. Use available observations for the specific outcome; no outcome imputation in point estimates."
101511,"A_2020",0,"father_income_high",,"source_missing","missing","Keep NA. Use available observations for the specific outcome; no outcome imputation in point estimates."
101512,"A_2020",0,"years_in_school","years_in_school=4; baseline_age=12; followup_age=14; age_change=2; highest_grade=8","school_years_exceed_age_change_plus_1","review","Retain. Completed school years exceed reported age change plus a one-year diagnostic allowance. Age errors, varying followup horizons or school-year counting could explain this; do not cap the value or delete the applicant."
101517,"A_2022",1,"age_at_survey","baseline=13; followup=14; change=1","age_change_outside_2_to_4_screen","review","Retain recorded ages and outcomes. Screening rule only. Systematic cohort differences require survey-date clarification, not automatic correction."
101517,"A_2022",1,"father_age",,"source_missing","missing","Keep NA. Use available observations for the specific outcome; no outcome imputation in point estimates."
101517,"A_2022",1,"father_educ",,"source_missing","missing","Keep NA. Use available observations for the specific outcome; no outcome imputation in point estimates."
101517,"A_2022",1,"father_income_high",,"source_missing","missing","Keep NA. Use available observations for the specific outcome; no outcome imputation in point estimates."
101517,"A_2022",1,"neighborhood",,"source_missing","missing","Keep NA. Exclude from primary controls because coverage differs by cohort."
101518,"A_2020",0,"years_in_school","years_in_school=4; baseline_age=12; followup_age=14; age_change=2; highest_grade=8","school_years_exceed_age_change_plus_1","review","Retain. Completed school years exceed reported age change plus a one-year diagnostic allowance. Age errors, varying followup horizons or school-year counting could explain this; do not cap the value or delete the applicant."
101519,"A_2020",0,"father_age",,"source_missing","missing","Keep NA. Use available observations for the specific outcome; no outcome imputation in point estimates."
101519,"A_2020",0,"father_educ",,"source_missing","missing","Keep NA. Use available observations for the specific outcome; no outcome imputation in point estimates."
101519,"A_2020",0,"father_income_high",,"source_missing","missing","Keep NA. Use available observations for the specific outcome; no outcome imputation in point estimates."
101519,"A_2020",0,"mother_age",,"source_missing","missing","Keep NA. Use available observations for the specific outcome; no outcome imputation in point estimates."
101519,"A_2020",0,"mother_educ",,"source_missing","missing","Keep NA. Use available observations for the specific outcome; no outcome imputation in point estimates."
101520,"A_2022",1,"age_at_survey","baseline=12; followup=12; change=0","age_change_outside_2_to_4_screen","review","Retain recorded ages and outcomes. Screening rule only. Systematic cohort differences require survey-date clarification, not automatic correction."
101520,"A_2022",1,"years_in_school","years_in_school=2; baseline_age=12; followup_age=12; age_change=0; highest_grade=6","school_years_exceed_age_change_plus_1","review","Retain. Completed school years exceed reported age change plus a one-year diagnostic allowance. Age errors, varying followup horizons or school-year counting could explain this; do not cap the value or delete the applicant."
101520,"A_2022",1,"father_educ",,"source_missing","missing","Keep NA. Use available observations for the specific outcome; no outcome imputation in point estimates."
101520,"A_2022",1,"neighborhood",,"source_missing","missing","Keep NA. Exclude from primary controls because coverage differs by cohort."
101522,"A_2020",1,"ses_stratum",,"source_missing","missing","Keep NA. Optional adjusted model uses cohort mean and a missing indicator."
101524,"A_2020",0,"years_in_school","years_in_school=4; baseline_age=13; followup_age=15; age_change=2; highest_grade=7","school_years_exceed_age_change_plus_1","review","Retain. Completed school years exceed reported age change plus a one-year diagnostic allowance. Age errors, varying followup horizons or school-year counting could explain this; do not cap the value or delete the applicant."
101524,"A_2020",0,"neighborhood",,"source_missing","missing","Keep NA. Exclude from primary controls because coverage differs by cohort."
101524,"A_2020",0,"hours_worked","0","working_but_zero_weekly_hours","review","Retain. Could reflect temporary absence or reference-period differences; do not assume zero means missing."
101525,"A_2020",1,"years_in_school","years_in_school=4; baseline_age=12; followup_age=14; age_change=2; highest_grade=7","school_years_exceed_age_change_plus_1","review","Retain. Completed school years exceed reported age change plus a one-year diagnostic allowance. Age errors, varying followup horizons or school-year counting could explain this; do not cap the value or delete the applicant."
101526,"A_2020",1,"years_in_school","years_in_school=4; baseline_age=13; followup_age=15; age_change=2; highest_grade=8","school_years_exceed_age_change_plus_1","review","Retain. Completed school years exceed reported age change plus a one-year diagnostic allowance. Age errors, varying followup horizons or school-year counting could explain this; do not cap the value or delete the applicant."
101526,"A_2020",1,"ses_stratum",,"source_missing","missing","Keep NA. Optional adjusted model uses cohort mean and a missing indicator."
101527,"A_2022",1,"age_at_survey","baseline=13; followup=14; change=1","age_change_outside_2_to_4_screen","review","Retain recorded ages and outcomes. Screening rule only. Systematic cohort differences require survey-date clarification, not automatic correction."
101527,"A_2022",1,"neighborhood",,"source_missing","missing","Keep NA. Exclude from primary controls because coverage differs by cohort."
101528,"B_2018",1,"age_at_survey","baseline=15; followup=20; change=5","age_change_outside_2_to_4_screen","review","Retain recorded ages and outcomes. Screening rule only. Systematic cohort differences require survey-date clarification, not automatic correction."
101528,"B_2018",1,"neighborhood",,"source_missing","missing","Keep NA. Exclude from primary controls because coverage differs by cohort."
101528,"B_2018",1,"hours_worked","0","working_but_zero_weekly_hours","review","Retain. Could reflect temporary absence or reference-period differences; do not assume zero means missing."
101529,"A_2022",0,"age_at_application",,"source_missing","missing","Keep NA. Optional adjusted model uses cohort mean and a missing indicator."
101529,"A_2022",0,"neighborhood",,"source_missing","missing","Keep NA. Exclude from primary controls because coverage differs by cohort."
101531,"A_2022",1,"age_at_survey","baseline=11; followup=12; change=1","age_change_outside_2_to_4_screen","review","Retain recorded ages and outcomes. Screening rule only. Systematic cohort differences require survey-date clarification, not automatic correction."
101531,"A_2022",1,"neighborhood",,"source_missing","missing","Keep NA. Exclude from primary controls because coverage differs by cohort."
101531,"A_2022",1,"ses_stratum",,"source_missing","missing","Keep NA. Optional adjusted model uses cohort mean and a missing indicator."
101532,"A_2022",0,"age_at_survey","baseline=13; followup=12; change=-1","age_change_outside_2_to_4_screen","review","Retain recorded ages and outcomes. Screening rule only. Systematic cohort differences require survey-date clarification, not automatic correction."
101532,"A_2022",0,"age_at_survey","baseline=13; followup=12; change=-1","age_decreased","inconsistent","Followup age clean set to NA; retain baseline age and schooling outcomes. Cannot determine which source age is wrong. Exclusion sensitivity reported."
101532,"A_2022",0,"years_in_school","years_in_school=2; baseline_age=13; followup_age=12; age_change=-1; highest_grade=6","school_years_exceed_age_change_plus_1","review","Retain. Completed school years exceed reported age change plus a one-year diagnostic allowance. Age errors, varying followup horizons or school-year counting could explain this; do not cap the value or delete the applicant."
101532,"A_2022",0,"neighborhood",,"source_missing","missing","Keep NA. Exclude from primary controls because coverage differs by cohort."
101534,"B_2018",1,"age_at_survey","baseline=11; followup=16; change=5","age_change_outside_2_to_4_screen","review","Retain recorded ages and outcomes. Screening rule only. Systematic cohort differences require survey-date clarification, not automatic correction."
101534,"B_2018",1,"years_in_school","years_in_school=6; baseline_age=11; followup_age=16; age_change=5; highest_grade=9","school_years_since_allocation_above_4","review","Retain as a requested policy outcome with a timing/definition caveat. Five or six years conflict with a uniform three-year interpretation but may fit the older B2018 cohort. Clarify dates and counting convention; do not cap or infer a correction."
101534,"B_2018",1,"neighborhood",,"source_missing","missing","Keep NA. Exclude from primary controls because coverage differs by cohort."
101535,"A_2022",0,"age_at_survey","baseline=13; followup=13; change=0","age_change_outside_2_to_4_screen","review","Retain recorded ages and outcomes. Screening rule only. Systematic cohort differences require survey-date clarification, not automatic correction."
101535,"A_2022",0,"years_in_school","years_in_school=2; baseline_age=13; followup_age=13; age_change=0; highest_grade=6","school_years_exceed_age_change_plus_1","review","Retain. Completed school years exceed reported age change plus a one-year diagnostic allowance. Age errors, varying followup horizons or school-year counting could explain this; do not cap the value or delete the applicant."
101535,"A_2022",0,"father_income_high",,"source_missing","missing","Keep NA. Use available observations for the specific outcome; no outcome imputation in point estimates."
101535,"A_2022",0,"neighborhood",,"source_missing","missing","Keep NA. Exclude from primary controls because coverage differs by cohort."
101536,"A_2020",0,"years_in_school","years_in_school=4; baseline_age=11; followup_age=13; age_change=2; highest_grade=8","school_years_exceed_age_change_plus_1","review","Retain. Completed school years exceed reported age change plus a one-year diagnostic allowance. Age errors, varying followup horizons or school-year counting could explain this; do not cap the value or delete the applicant."
101537,"A_2020",1,"years_in_school","years_in_school=5; baseline_age=13; followup_age=15; age_change=2; highest_grade=8","school_years_exceed_age_change_plus_1","review","Retain. Completed school years exceed reported age change plus a one-year diagnostic allowance. Age errors, varying followup horizons or school-year counting could explain this; do not cap the value or delete the applicant."
101537,"A_2020",1,"years_in_school","years_in_school=5; baseline_age=13; followup_age=15; age_change=2; highest_grade=8","school_years_since_allocation_above_4","review","Retain as a requested policy outcome with a timing/definition caveat. Five or six years conflict with a uniform three-year interpretation but may fit the older B2018 cohort. Clarify dates and counting convention; do not cap or infer a correction."
101538,"A_2020",1,"years_in_school","years_in_school=4; baseline_age=12; followup_age=14; age_change=2; highest_grade=8","school_years_exceed_age_change_plus_1","review","Retain. Completed school years exceed reported age change plus a one-year diagnostic allowance. Age errors, varying followup horizons or school-year counting could explain this; do not cap the value or delete the applicant."
101539,"B_2018",0,"years_in_school","years_in_school=6; baseline_age=13; followup_age=17; age_change=4; highest_grade=9","school_years_exceed_age_change_plus_1","review","Retain. Completed school years exceed reported age change plus a one-year diagnostic allowance. Age errors, varying followup horizons or school-year counting could explain this; do not cap the value or delete the applicant."
101539,"B_2018",0,"years_in_school","years_in_school=6; baseline_age=13; followup_age=17; age_change=4; highest_grade=9","school_years_since_allocation_above_4","review","Retain as a requested policy outcome with a timing/definition caveat. Five or six years conflict with a uniform three-year interpretation but may fit the older B2018 cohort. Clarify dates and counting convention; do not cap or infer a correction."
101539,"B_2018",0,"father_age",,"source_missing","missing","Keep NA. Use available observations for the specific outcome; no outcome imputation in point estimates."
101539,"B_2018",0,"father_educ",,"source_missing","missing","Keep NA. Use available observations for the specific outcome; no outcome imputation in point estimates."
101539,"B_2018",0,"father_income_high",,"source_missing","missing","Keep NA. Use available observations for the specific outcome; no outcome imputation in point estimates."
101539,"B_2018",0,"neighborhood",,"source_missing","missing","Keep NA. Exclude from primary controls because coverage differs by cohort."
101540,"A_2020",0,"father_age",,"source_missing","missing","Keep NA. Use available observations for the specific outcome; no outcome imputation in point estimates."
101540,"A_2020",0,"father_educ",,"source_missing","missing","Keep NA. Use available observations for the specific outcome; no outcome imputation in point estimates."
101540,"A_2020",0,"father_income_high",,"source_missing","missing","Keep NA. Use available observations for the specific outcome; no outcome imputation in point estimates."
101541,"A_2020",1,"ses_stratum",,"source_missing","missing","Keep NA. Optional adjusted model uses cohort mean and a missing indicator."
101542,"A_2020",1,"years_in_school","years_in_school=4; baseline_age=12; followup_age=14; age_change=2; highest_grade=8","school_years_exceed_age_change_plus_1","review","Retain. Completed school years exceed reported age change plus a one-year diagnostic allowance. Age errors, varying followup horizons or school-year counting could explain this; do not cap the value or delete the applicant."
101543,"A_2020",1,"years_in_school","years_in_school=4; baseline_age=12; followup_age=14; age_change=2; highest_grade=8","school_years_exceed_age_change_plus_1","review","Retain. Completed school years exceed reported age change plus a one-year diagnostic allowance. Age errors, varying followup horizons or school-year counting could explain this; do not cap the value or delete the applicant."
101544,"A_2020",1,"father_age",,"source_missing","missing","Keep NA. Use available observations for the specific outcome; no outcome imputation in point estimates."
101544,"A_2020",1,"father_educ",,"source_missing","missing","Keep NA. Use available observations for the specific outcome; no outcome imputation in point estimates."
101544,"A_2020",1,"father_income_high",,"source_missing","missing","Keep NA. Use available observations for the specific outcome; no outcome imputation in point estimates."
101545,"A_2020",1,"father_age",,"source_missing","missing","Keep NA. Use available observations for the specific outcome; no outcome imputation in point estimates."
101545,"A_2020",1,"father_educ",,"source_missing","missing","Keep NA. Use available observations for the specific outcome; no outcome imputation in point estimates."
101545,"A_2020",1,"father_income_high",,"source_missing","missing","Keep NA. Use available observations for the specific outcome; no outcome imputation in point estimates."
101546,"A_2020",1,"years_in_school","years_in_school=4; baseline_age=13; followup_age=15; age_change=2; highest_grade=8","school_years_exceed_age_change_plus_1","review","Retain. Completed school years exceed reported age change plus a one-year diagnostic allowance. Age errors, varying followup horizons or school-year counting could explain this; do not cap the value or delete the applicant."
101546,"A_2020",1,"father_age",,"source_missing","missing","Keep NA. Use available observations for the specific outcome; no outcome imputation in point estimates."
101546,"A_2020",1,"father_educ",,"source_missing","missing","Keep NA. Use available observations for the specific outcome; no outcome imputation in point estimates."
101546,"A_2020",1,"father_income_high",,"source_missing","missing","Keep NA. Use available observations for the specific outcome; no outcome imputation in point estimates."
101546,"A_2020",1,"neighborhood",,"source_missing","missing","Keep NA. Exclude from primary controls because coverage differs by cohort."
101548,"A_2020",1,"neighborhood",,"source_missing","missing","Keep NA. Exclude from primary controls because coverage differs by cohort."
101549,"A_2022",0,"age_at_survey","baseline=14; followup=15; change=1","age_change_outside_2_to_4_screen","review","Retain recorded ages and outcomes. Screening rule only. Systematic cohort differences require survey-date clarification, not automatic correction."
101549,"A_2022",0,"neighborhood",,"source_missing","missing","Keep NA. Exclude from primary controls because coverage differs by cohort."
101549,"A_2022",0,"ses_stratum",,"source_missing","missing","Keep NA. Optional adjusted model uses cohort mean and a missing indicator."
101550,"A_2020",0,"age_at_application",,"source_missing","missing","Keep NA. Optional adjusted model uses cohort mean and a missing indicator."
101550,"A_2020",0,"father_age",,"source_missing","missing","Keep NA. Use available observations for the specific outcome; no outcome imputation in point estimates."
101550,"A_2020",0,"father_educ",,"source_missing","missing","Keep NA. Use available observations for the specific outcome; no outcome imputation in point estimates."
101550,"A_2020",0,"father_income_high",,"source_missing","missing","Keep NA. Use available observations for the specific outcome; no outcome imputation in point estimates."
101551,"B_2018",1,"age_at_survey","baseline=11; followup=16; change=5","age_change_outside_2_to_4_screen","review","Retain recorded ages and outcomes. Screening rule only. Systematic cohort differences require survey-date clarification, not automatic correction."
101551,"B_2018",1,"years_in_school","years_in_school=6; baseline_age=11; followup_age=16; age_change=5; highest_grade=9","school_years_since_allocation_above_4","review","Retain as a requested policy outcome with a timing/definition caveat. Five or six years conflict with a uniform three-year interpretation but may fit the older B2018 cohort. Clarify dates and counting convention; do not cap or infer a correction."
101551,"B_2018",1,"father_educ",,"source_missing","missing","Keep NA. Use available observations for the specific outcome; no outcome imputation in point estimates."
101551,"B_2018",1,"neighborhood",,"source_missing","missing","Keep NA. Exclude from primary controls because coverage differs by cohort."
101551,"B_2018",1,"ses_stratum",,"source_missing","missing","Keep NA. Optional adjusted model uses cohort mean and a missing indicator."
101552,"A_2020",0,"years_in_school","years_in_school=4; baseline_age=11; followup_age=13; age_change=2; highest_grade=8","school_years_exceed_age_change_plus_1","review","Retain. Completed school years exceed reported age change plus a one-year diagnostic allowance. Age errors, varying followup horizons or school-year counting could explain this; do not cap the value or delete the applicant."
101552,"A_2020",0,"father_educ",,"source_missing","missing","Keep NA. Use available observations for the specific outcome; no outcome imputation in point estimates."
101552,"A_2020",0,"mother_educ",,"source_missing","missing","Keep NA. Use available observations for the specific outcome; no outcome imputation in point estimates."
101553,"A_2022",1,"age_at_survey","baseline=13; followup=14; change=1","age_change_outside_2_to_4_screen","review","Retain recorded ages and outcomes. Screening rule only. Systematic cohort differences require survey-date clarification, not automatic correction."
101553,"A_2022",1,"father_age",,"source_missing","missing","Keep NA. Use available observations for the specific outcome; no outcome imputation in point estimates."
101553,"A_2022",1,"father_educ",,"source_missing","missing","Keep NA. Use available observations for the specific outcome; no outcome imputation in point estimates."
101553,"A_2022",1,"father_income_high",,"source_missing","missing","Keep NA. Use available observations for the specific outcome; no outcome imputation in point estimates."
101553,"A_2022",1,"neighborhood",,"source_missing","missing","Keep NA. Exclude from primary controls because coverage differs by cohort."
101554,"A_2020",1,"years_in_school","years_in_school=5; baseline_age=12; followup_age=15; age_change=3; highest_grade=9","school_years_exceed_age_change_plus_1","review","Retain. Completed school years exceed reported age change plus a one-year diagnostic allowance. Age errors, varying followup horizons or school-year counting could explain this; do not cap the value or delete the applicant."
101554,"A_2020",1,"years_in_school","years_in_school=5; baseline_age=12; followup_age=15; age_change=3; highest_grade=9","school_years_since_allocation_above_4","review","Retain as a requested policy outcome with a timing/definition caveat. Five or six years conflict with a uniform three-year interpretation but may fit the older B2018 cohort. Clarify dates and counting convention; do not cap or infer a correction."
101554,"A_2020",1,"father_age",,"source_missing","missing","Keep NA. Use available observations for the specific outcome; no outcome imputation in point estimates."
101554,"A_2020",1,"father_educ",,"source_missing","missing","Keep NA. Use available observations for the specific outcome; no outcome imputation in point estimates."
101554,"A_2020",1,"father_income_high",,"source_missing","missing","Keep NA. Use available observations for the specific outcome; no outcome imputation in point estimates."
101555,"B_2018",0,"age_at_survey","baseline=12; followup=17; change=5","age_change_outside_2_to_4_screen","review","Retain recorded ages and outcomes. Screening rule only. Systematic cohort differences require survey-date clarification, not automatic correction."
101555,"B_2018",0,"years_in_school","years_in_school=6; baseline_age=12; followup_age=17; age_change=5; highest_grade=9","school_years_since_allocation_above_4","review","Retain as a requested policy outcome with a timing/definition caveat. Five or six years conflict with a uniform three-year interpretation but may fit the older B2018 cohort. Clarify dates and counting convention; do not cap or infer a correction."
101555,"B_2018",0,"neighborhood",,"source_missing","missing","Keep NA. Exclude from primary controls because coverage differs by cohort."
101556,"A_2020",0,"years_in_school","years_in_school=4; baseline_age=14; followup_age=16; age_change=2; highest_grade=8","school_years_exceed_age_change_plus_1","review","Retain. Completed school years exceed reported age change plus a one-year diagnostic allowance. Age errors, varying followup horizons or school-year counting could explain this; do not cap the value or delete the applicant."
101556,"A_2020",0,"mother_age",,"source_missing","missing","Keep NA. Use available observations for the specific outcome; no outcome imputation in point estimates."
101556,"A_2020",0,"mother_educ",,"source_missing","missing","Keep NA. Use available observations for the specific outcome; no outcome imputation in point estimates."
101557,"A_2022",0,"age_at_survey","baseline=11; followup=11; change=0","age_change_outside_2_to_4_screen","review","Retain recorded ages and outcomes. Screening rule only. Systematic cohort differences require survey-date clarification, not automatic correction."
101557,"A_2022",0,"years_in_school","years_in_school=2; baseline_age=11; followup_age=11; age_change=0; highest_grade=6","school_years_exceed_age_change_plus_1","review","Retain. Completed school years exceed reported age change plus a one-year diagnostic allowance. Age errors, varying followup horizons or school-year counting could explain this; do not cap the value or delete the applicant."
101557,"A_2022",0,"neighborhood",,"source_missing","missing","Keep NA. Exclude from primary controls because coverage differs by cohort."
101559,"B_2018",1,"neighborhood",,"source_missing","missing","Keep NA. Exclude from primary controls because coverage differs by cohort."
101560,"A_2020",1,"years_in_school","years_in_school=4; baseline_age=13; followup_age=15; age_change=2; highest_grade=8","school_years_exceed_age_change_plus_1","review","Retain. Completed school years exceed reported age change plus a one-year diagnostic allowance. Age errors, varying followup horizons or school-year counting could explain this; do not cap the value or delete the applicant."
101560,"A_2020",1,"father_educ",,"source_missing","missing","Keep NA. Use available observations for the specific outcome; no outcome imputation in point estimates."
101560,"A_2020",1,"mother_educ",,"source_missing","missing","Keep NA. Use available observations for the specific outcome; no outcome imputation in point estimates."
101561,"A_2020",0,"age_at_application",,"source_missing","missing","Keep NA. Optional adjusted model uses cohort mean and a missing indicator."
101561,"A_2020",0,"neighborhood",,"source_missing","missing","Keep NA. Exclude from primary controls because coverage differs by cohort."
101562,"A_2020",0,"years_in_school","years_in_school=4; baseline_age=12; followup_age=14; age_change=2; highest_grade=8","school_years_exceed_age_change_plus_1","review","Retain. Completed school years exceed reported age change plus a one-year diagnostic allowance. Age errors, varying followup horizons or school-year counting could explain this; do not cap the value or delete the applicant."
101562,"A_2020",0,"father_age",,"source_missing","missing","Keep NA. Use available observations for the specific outcome; no outcome imputation in point estimates."
101562,"A_2020",0,"father_educ",,"source_missing","missing","Keep NA. Use available observations for the specific outcome; no outcome imputation in point estimates."
101562,"A_2020",0,"father_income_high",,"source_missing","missing","Keep NA. Use available observations for the specific outcome; no outcome imputation in point estimates."
101562,"A_2020",0,"mother_age",,"source_missing","missing","Keep NA. Use available observations for the specific outcome; no outcome imputation in point estimates."
101562,"A_2020",0,"mother_educ",,"source_missing","missing","Keep NA. Use available observations for the specific outcome; no outcome imputation in point estimates."
101562,"A_2020",0,"ses_stratum",,"source_missing","missing","Keep NA. Optional adjusted model uses cohort mean and a missing indicator."
101563,"A_2020",1,"years_in_school","years_in_school=4; baseline_age=13; followup_age=15; age_change=2; highest_grade=8","school_years_exceed_age_change_plus_1","review","Retain. Completed school years exceed reported age change plus a one-year diagnostic allowance. Age errors, varying followup horizons or school-year counting could explain this; do not cap the value or delete the applicant."
101564,"A_2020",1,"neighborhood",,"source_missing","missing","Keep NA. Exclude from primary controls because coverage differs by cohort."
101565,"B_2018",1,"years_in_school","years_in_school=6; baseline_age=11; followup_age=15; age_change=4; highest_grade=9","school_years_exceed_age_change_plus_1","review","Retain. Completed school years exceed reported age change plus a one-year diagnostic allowance. Age errors, varying followup horizons or school-year counting could explain this; do not cap the value or delete the applicant."
101565,"B_2018",1,"years_in_school","years_in_school=6; baseline_age=11; followup_age=15; age_change=4; highest_grade=9","school_years_since_allocation_above_4","review","Retain as a requested policy outcome with a timing/definition caveat. Five or six years conflict with a uniform three-year interpretation but may fit the older B2018 cohort. Clarify dates and counting convention; do not cap or infer a correction."
101565,"B_2018",1,"neighborhood",,"source_missing","missing","Keep NA. Exclude from primary controls because coverage differs by cohort."
101565,"B_2018",1,"ses_stratum",,"source_missing","missing","Keep NA. Optional adjusted model uses cohort mean and a missing indicator."
101566,"A_2020",1,"years_in_school","years_in_school=4; baseline_age=15; followup_age=17; age_change=2; highest_grade=8","school_years_exceed_age_change_plus_1","review","Retain. Completed school years exceed reported age change plus a one-year diagnostic allowance. Age errors, varying followup horizons or school-year counting could explain this; do not cap the value or delete the applicant."
101566,"A_2020",1,"ses_stratum",,"source_missing","missing","Keep NA. Optional adjusted model uses cohort mean and a missing indicator."
101567,"A_2022",1,"age_at_survey","baseline=11; followup=12; change=1","age_change_outside_2_to_4_screen","review","Retain recorded ages and outcomes. Screening rule only. Systematic cohort differences require survey-date clarification, not automatic correction."
101567,"A_2022",1,"father_age",,"source_missing","missing","Keep NA. Use available observations for the specific outcome; no outcome imputation in point estimates."
101567,"A_2022",1,"father_educ",,"source_missing","missing","Keep NA. Use available observations for the specific outcome; no outcome imputation in point estimates."
101567,"A_2022",1,"father_income_high",,"source_missing","missing","Keep NA. Use available observations for the specific outcome; no outcome imputation in point estimates."
101567,"A_2022",1,"neighborhood",,"source_missing","missing","Keep NA. Exclude from primary controls because coverage differs by cohort."
101568,"A_2020",0,"father_age",,"source_missing","missing","Keep NA. Use available observations for the specific outcome; no outcome imputation in point estimates."
101568,"A_2020",0,"father_educ",,"source_missing","missing","Keep NA. Use available observations for the specific outcome; no outcome imputation in point estimates."
101568,"A_2020",0,"father_income_high",,"source_missing","missing","Keep NA. Use available observations for the specific outcome; no outcome imputation in point estimates."
101568,"A_2020",0,"neighborhood",,"source_missing","missing","Keep NA. Exclude from primary controls because coverage differs by cohort."
101568,"A_2020",0,"ses_stratum",,"source_missing","missing","Keep NA. Optional adjusted model uses cohort mean and a missing indicator."
101570,"A_2020",0,"neighborhood",,"source_missing","missing","Keep NA. Exclude from primary controls because coverage differs by cohort."
101570,"A_2020",0,"ses_stratum",,"source_missing","missing","Keep NA. Optional adjusted model uses cohort mean and a missing indicator."
101571,"A_2020",1,"neighborhood",,"source_missing","missing","Keep NA. Exclude from primary controls because coverage differs by cohort."
101571,"A_2020",1,"ses_stratum",,"source_missing","missing","Keep NA. Optional adjusted model uses cohort mean and a missing indicator."
101572,"A_2020",1,"years_in_school","years_in_school=4; baseline_age=12; followup_age=14; age_change=2; highest_grade=8","school_years_exceed_age_change_plus_1","review","Retain. Completed school years exceed reported age change plus a one-year diagnostic allowance. Age errors, varying followup horizons or school-year counting could explain this; do not cap the value or delete the applicant."
101572,"A_2020",1,"neighborhood",,"source_missing","missing","Keep NA. Exclude from primary controls because coverage differs by cohort."
101573,"A_2020",0,"father_age",,"source_missing","missing","Keep NA. Use available observations for the specific outcome; no outcome imputation in point estimates."
101573,"A_2020",0,"father_educ",,"source_missing","missing","Keep NA. Use available observations for the specific outcome; no outcome imputation in point estimates."
101573,"A_2020",0,"father_income_high",,"source_missing","missing","Keep NA. Use available observations for the specific outcome; no outcome imputation in point estimates."
101574,"B_2018",1,"age_at_survey","baseline=13; followup=18; change=5","age_change_outside_2_to_4_screen","review","Retain recorded ages and outcomes. Screening rule only. Systematic cohort differences require survey-date clarification, not automatic correction."
101574,"B_2018",1,"years_in_school","years_in_school=6; baseline_age=13; followup_age=18; age_change=5; highest_grade=8","school_years_since_allocation_above_4","review","Retain as a requested policy outcome with a timing/definition caveat. Five or six years conflict with a uniform three-year interpretation but may fit the older B2018 cohort. Clarify dates and counting convention; do not cap or infer a correction."
101574,"B_2018",1,"father_age",,"source_missing","missing","Keep NA. Use available observations for the specific outcome; no outcome imputation in point estimates."
101574,"B_2018",1,"father_educ",,"source_missing","missing","Keep NA. Use available observations for the specific outcome; no outcome imputation in point estimates."
101574,"B_2018",1,"father_income_high",,"source_missing","missing","Keep NA. Use available observations for the specific outcome; no outcome imputation in point estimates."
101574,"B_2018",1,"mother_age",,"source_missing","missing","Keep NA. Use available observations for the specific outcome; no outcome imputation in point estimates."
101574,"B_2018",1,"mother_educ",,"source_missing","missing","Keep NA. Use available observations for the specific outcome; no outcome imputation in point estimates."
101574,"B_2018",1,"neighborhood",,"source_missing","missing","Keep NA. Exclude from primary controls because coverage differs by cohort."
101575,"A_2022",0,"age_at_survey","baseline=11; followup=12; change=1","age_change_outside_2_to_4_screen","review","Retain recorded ages and outcomes. Screening rule only. Systematic cohort differences require survey-date clarification, not automatic correction."
101575,"A_2022",0,"neighborhood",,"source_missing","missing","Keep NA. Exclude from primary controls because coverage differs by cohort."
101576,"A_2022",0,"age_at_survey","baseline=11; followup=12; change=1","age_change_outside_2_to_4_screen","review","Retain recorded ages and outcomes. Screening rule only. Systematic cohort differences require survey-date clarification, not automatic correction."
101576,"A_2022",0,"years_in_school","years_in_school=3; baseline_age=11; followup_age=12; age_change=1; highest_grade=6","school_years_exceed_age_change_plus_1","review","Retain. Completed school years exceed reported age change plus a one-year diagnostic allowance. Age errors, varying followup horizons or school-year counting could explain this; do not cap the value or delete the applicant."
101576,"A_2022",0,"neighborhood",,"source_missing","missing","Keep NA. Exclude from primary controls because coverage differs by cohort."
101577,"A_2020",0,"father_age",,"source_missing","missing","Keep NA. Use available observations for the specific outcome; no outcome imputation in point estimates."
101577,"A_2020",0,"father_educ",,"source_missing","missing","Keep NA. Use available observations for the specific outcome; no outcome imputation in point estimates."
101577,"A_2020",0,"father_income_high",,"source_missing","missing","Keep NA. Use available observations for the specific outcome; no outcome imputation in point estimates."
101577,"A_2020",0,"mother_educ",,"source_missing","missing","Keep NA. Use available observations for the specific outcome; no outcome imputation in point estimates."
101578,"A_2020",0,"father_age",,"source_missing","missing","Keep NA. Use available observations for the specific outcome; no outcome imputation in point estimates."
101578,"A_2020",0,"father_educ",,"source_missing","missing","Keep NA. Use available observations for the specific outcome; no outcome imputation in point estimates."
101578,"A_2020",0,"father_income_high",,"source_missing","missing","Keep NA. Use available observations for the specific outcome; no outcome imputation in point estimates."
101579,"A_2020",0,"years_in_school","years_in_school=4; baseline_age=12; followup_age=14; age_change=2; highest_grade=8","school_years_exceed_age_change_plus_1","review","Retain. Completed school years exceed reported age change plus a one-year diagnostic allowance. Age errors, varying followup horizons or school-year counting could explain this; do not cap the value or delete the applicant."
101580,"A_2022",0,"age_at_survey","baseline=11; followup=12; change=1","age_change_outside_2_to_4_screen","review","Retain recorded ages and outcomes. Screening rule only. Systematic cohort differences require survey-date clarification, not automatic correction."
101580,"A_2022",0,"father_income_high",,"source_missing","missing","Keep NA. Use available observations for the specific outcome; no outcome imputation in point estimates."
101580,"A_2022",0,"neighborhood",,"source_missing","missing","Keep NA. Exclude from primary controls because coverage differs by cohort."
101582,"A_2022",0,"age_at_survey","baseline=12; followup=13; change=1","age_change_outside_2_to_4_screen","review","Retain recorded ages and outcomes. Screening rule only. Systematic cohort differences require survey-date clarification, not automatic correction."
101582,"A_2022",0,"father_age",,"source_missing","missing","Keep NA. Use available observations for the specific outcome; no outcome imputation in point estimates."
101582,"A_2022",0,"father_educ",,"source_missing","missing","Keep NA. Use available observations for the specific outcome; no outcome imputation in point estimates."
101582,"A_2022",0,"father_income_high",,"source_missing","missing","Keep NA. Use available observations for the specific outcome; no outcome imputation in point estimates."
101582,"A_2022",0,"neighborhood",,"source_missing","missing","Keep NA. Exclude from primary controls because coverage differs by cohort."
101582,"A_2022",0,"ses_stratum",,"source_missing","missing","Keep NA. Optional adjusted model uses cohort mean and a missing indicator."
101583,"A_2020",0,"years_in_school","years_in_school=4; baseline_age=13; followup_age=15; age_change=2; highest_grade=7","school_years_exceed_age_change_plus_1","review","Retain. Completed school years exceed reported age change plus a one-year diagnostic allowance. Age errors, varying followup horizons or school-year counting could explain this; do not cap the value or delete the applicant."
101583,"A_2020",0,"ses_stratum",,"source_missing","missing","Keep NA. Optional adjusted model uses cohort mean and a missing indicator."
101584,"A_2020",1,"father_age",,"source_missing","missing","Keep NA. Use available observations for the specific outcome; no outcome imputation in point estimates."
101584,"A_2020",1,"father_educ",,"source_missing","missing","Keep NA. Use available observations for the specific outcome; no outcome imputation in point estimates."
101584,"A_2020",1,"father_income_high",,"source_missing","missing","Keep NA. Use available observations for the specific outcome; no outcome imputation in point estimates."
101584,"A_2020",1,"mother_educ",,"source_missing","missing","Keep NA. Use available observations for the specific outcome; no outcome imputation in point estimates."
101585,"A_2020",0,"age_at_application",,"source_missing","missing","Keep NA. Optional adjusted model uses cohort mean and a missing indicator."
101586,"A_2020",1,"neighborhood",,"source_missing","missing","Keep NA. Exclude from primary controls because coverage differs by cohort."
101587,"A_2020",0,"neighborhood",,"source_missing","missing","Keep NA. Exclude from primary controls because coverage differs by cohort."
101588,"A_2020",0,"father_income_high",,"source_missing","missing","Keep NA. Use available observations for the specific outcome; no outcome imputation in point estimates."
101589,"A_2020",1,"years_in_school","years_in_school=5; baseline_age=NA; followup_age=15; age_change=NA; highest_grade=7","school_years_since_allocation_above_4","review","Retain as a requested policy outcome with a timing/definition caveat. Five or six years conflict with a uniform three-year interpretation but may fit the older B2018 cohort. Clarify dates and counting convention; do not cap or infer a correction."
101589,"A_2020",1,"age_at_application",,"source_missing","missing","Keep NA. Optional adjusted model uses cohort mean and a missing indicator."
101589,"A_2020",1,"father_educ",,"source_missing","missing","Keep NA. Use available observations for the specific outcome; no outcome imputation in point estimates."
101589,"A_2020",1,"father_income_high",,"source_missing","missing","Keep NA. Use available observations for the specific outcome; no outcome imputation in point estimates."
101589,"A_2020",1,"neighborhood",,"source_missing","missing","Keep NA. Exclude from primary controls because coverage differs by cohort."
101590,"A_2020",1,"years_in_school","years_in_school=4; baseline_age=12; followup_age=14; age_change=2; highest_grade=8","school_years_exceed_age_change_plus_1","review","Retain. Completed school years exceed reported age change plus a one-year diagnostic allowance. Age errors, varying followup horizons or school-year counting could explain this; do not cap the value or delete the applicant."
101591,"A_2020",0,"finished_g6","highest_grade=10; finished_g6=0","completion_flag_disagrees_with_highest_grade","inconsistent","Retain both reports; no source is known authoritative. Main grade result uses reported highest_grade. Sensitivity excludes conflicted applicants."
101591,"A_2020",0,"finished_g7","highest_grade=10; finished_g7=0","completion_flag_disagrees_with_highest_grade","inconsistent","Retain both reports; no source is known authoritative. Main grade result uses reported highest_grade. Sensitivity excludes conflicted applicants."
101591,"A_2020",0,"finished_g8","highest_grade=10; finished_g8=0","completion_flag_disagrees_with_highest_grade","inconsistent","Retain both reports; no source is known authoritative. Main grade result uses reported highest_grade. Sensitivity excludes conflicted applicants."
101591,"A_2020",0,"years_in_school","highest_grade=10; years_in_school=4","school_years_below_grade_progress_assuming_grade5_entry","review","Retain both fields. This screen assumes grade 5 completed at allocation. Missing baseline grade and uncertain counting convention prevent a verified correction."
101591,"A_2020",0,"years_in_school","years_in_school=4; baseline_age=14; followup_age=16; age_change=2; highest_grade=10","school_years_exceed_age_change_plus_1","review","Retain. Completed school years exceed reported age change plus a one-year diagnostic allowance. Age errors, varying followup horizons or school-year counting could explain this; do not cap the value or delete the applicant."
101592,"A_2020",0,"years_in_school","years_in_school=4; baseline_age=13; followup_age=15; age_change=2; highest_grade=6","school_years_exceed_age_change_plus_1","review","Retain. Completed school years exceed reported age change plus a one-year diagnostic allowance. Age errors, varying followup horizons or school-year counting could explain this; do not cap the value or delete the applicant."
101592,"A_2020",0,"father_age",,"source_missing","missing","Keep NA. Use available observations for the specific outcome; no outcome imputation in point estimates."
101592,"A_2020",0,"father_educ",,"source_missing","missing","Keep NA. Use available observations for the specific outcome; no outcome imputation in point estimates."
101592,"A_2020",0,"father_income_high",,"source_missing","missing","Keep NA. Use available observations for the specific outcome; no outcome imputation in point estimates."
101592,"A_2020",0,"neighborhood",,"source_missing","missing","Keep NA. Exclude from primary controls because coverage differs by cohort."
101594,"A_2020",0,"years_in_school","years_in_school=4; baseline_age=14; followup_age=16; age_change=2; highest_grade=8","school_years_exceed_age_change_plus_1","review","Retain. Completed school years exceed reported age change plus a one-year diagnostic allowance. Age errors, varying followup horizons or school-year counting could explain this; do not cap the value or delete the applicant."
101595,"A_2020",1,"years_in_school","years_in_school=4; baseline_age=13; followup_age=15; age_change=2; highest_grade=8","school_years_exceed_age_change_plus_1","review","Retain. Completed school years exceed reported age change plus a one-year diagnostic allowance. Age errors, varying followup horizons or school-year counting could explain this; do not cap the value or delete the applicant."
101596,"A_2020",1,"years_in_school","years_in_school=4; baseline_age=11; followup_age=13; age_change=2; highest_grade=8","school_years_exceed_age_change_plus_1","review","Retain. Completed school years exceed reported age change plus a one-year diagnostic allowance. Age errors, varying followup horizons or school-year counting could explain this; do not cap the value or delete the applicant."
101597,"A_2020",0,"neighborhood",,"source_missing","missing","Keep NA. Exclude from primary controls because coverage differs by cohort."
101598,"A_2020",1,"years_in_school","years_in_school=4; baseline_age=12; followup_age=14; age_change=2; highest_grade=8","school_years_exceed_age_change_plus_1","review","Retain. Completed school years exceed reported age change plus a one-year diagnostic allowance. Age errors, varying followup horizons or school-year counting could explain this; do not cap the value or delete the applicant."
101598,"A_2020",1,"father_age",,"source_missing","missing","Keep NA. Use available observations for the specific outcome; no outcome imputation in point estimates."
101598,"A_2020",1,"father_educ",,"source_missing","missing","Keep NA. Use available observations for the specific outcome; no outcome imputation in point estimates."
101598,"A_2020",1,"father_income_high",,"source_missing","missing","Keep NA. Use available observations for the specific outcome; no outcome imputation in point estimates."
101598,"A_2020",1,"neighborhood",,"source_missing","missing","Keep NA. Exclude from primary controls because coverage differs by cohort."
101599,"A_2020",1,"years_in_school","years_in_school=4; baseline_age=13; followup_age=15; age_change=2; highest_grade=8","school_years_exceed_age_change_plus_1","review","Retain. Completed school years exceed reported age change plus a one-year diagnostic allowance. Age errors, varying followup horizons or school-year counting could explain this; do not cap the value or delete the applicant."
101600,"A_2020",0,"years_in_school","years_in_school=4; baseline_age=13; followup_age=15; age_change=2; highest_grade=8","school_years_exceed_age_change_plus_1","review","Retain. Completed school years exceed reported age change plus a one-year diagnostic allowance. Age errors, varying followup horizons or school-year counting could explain this; do not cap the value or delete the applicant."
101600,"A_2020",0,"father_age",,"source_missing","missing","Keep NA. Use available observations for the specific outcome; no outcome imputation in point estimates."
101600,"A_2020",0,"father_educ",,"source_missing","missing","Keep NA. Use available observations for the specific outcome; no outcome imputation in point estimates."
101600,"A_2020",0,"father_income_high",,"source_missing","missing","Keep NA. Use available observations for the specific outcome; no outcome imputation in point estimates."
101601,"A_2020",0,"years_in_school","years_in_school=4; baseline_age=11; followup_age=13; age_change=2; highest_grade=8","school_years_exceed_age_change_plus_1","review","Retain. Completed school years exceed reported age change plus a one-year diagnostic allowance. Age errors, varying followup horizons or school-year counting could explain this; do not cap the value or delete the applicant."
101603,"A_2020",1,"years_in_school","years_in_school=4; baseline_age=12; followup_age=14; age_change=2; highest_grade=7","school_years_exceed_age_change_plus_1","review","Retain. Completed school years exceed reported age change plus a one-year diagnostic allowance. Age errors, varying followup horizons or school-year counting could explain this; do not cap the value or delete the applicant."
101604,"A_2020",1,"father_age",,"source_missing","missing","Keep NA. Use available observations for the specific outcome; no outcome imputation in point estimates."
101604,"A_2020",1,"father_educ",,"source_missing","missing","Keep NA. Use available observations for the specific outcome; no outcome imputation in point estimates."
101604,"A_2020",1,"father_income_high",,"source_missing","missing","Keep NA. Use available observations for the specific outcome; no outcome imputation in point estimates."
101604,"A_2020",1,"neighborhood",,"source_missing","missing","Keep NA. Exclude from primary controls because coverage differs by cohort."
101605,"A_2020",1,"father_age","father_age=80; child_age=16; gap=64","parent_child_age_gap_above_60","review","Retain raw value. Large parent-child gap is unusual, not proof of an error; biological relation and exact age cannot be verified. Exclude followup parent ages from controls."
101605,"A_2020",1,"years_in_school","years_in_school=4; baseline_age=14; followup_age=16; age_change=2; highest_grade=8","school_years_exceed_age_change_plus_1","review","Retain. Completed school years exceed reported age change plus a one-year diagnostic allowance. Age errors, varying followup horizons or school-year counting could explain this; do not cap the value or delete the applicant."
101605,"A_2020",1,"father_educ",,"source_missing","missing","Keep NA. Use available observations for the specific outcome; no outcome imputation in point estimates."
101605,"A_2020",1,"neighborhood",,"source_missing","missing","Keep NA. Exclude from primary controls because coverage differs by cohort."
101606,"A_2020",0,"mother_age","mother_age=97; child_age=14","parent_age_gap_below_12_or_age_above_80","review","Flag without changing. Biological relation and age validity cannot be verified. Exclude all followup parent ages from controls."
101606,"A_2020",0,"mother_age","mother_age=97; child_age=14; gap=83","parent_child_age_gap_above_60","review","Retain raw value. Large parent-child gap is unusual, not proof of an error; biological relation and exact age cannot be verified. Exclude followup parent ages from controls."
101606,"A_2020",0,"years_in_school","years_in_school=4; baseline_age=12; followup_age=14; age_change=2; highest_grade=8","school_years_exceed_age_change_plus_1","review","Retain. Completed school years exceed reported age change plus a one-year diagnostic allowance. Age errors, varying followup horizons or school-year counting could explain this; do not cap the value or delete the applicant."
101608,"A_2020",1,"father_age",,"source_missing","missing","Keep NA. Use available observations for the specific outcome; no outcome imputation in point estimates."
101608,"A_2020",1,"father_educ",,"source_missing","missing","Keep NA. Use available observations for the specific outcome; no outcome imputation in point estimates."
101608,"A_2020",1,"father_income_high",,"source_missing","missing","Keep NA. Use available observations for the specific outcome; no outcome imputation in point estimates."
101608,"A_2020",1,"mother_educ",,"source_missing","missing","Keep NA. Use available observations for the specific outcome; no outcome imputation in point estimates."
101608,"A_2020",1,"neighborhood",,"source_missing","missing","Keep NA. Exclude from primary controls because coverage differs by cohort."
101608,"A_2020",1,"ses_stratum",,"source_missing","missing","Keep NA. Optional adjusted model uses cohort mean and a missing indicator."
101609,"A_2020",0,"father_age",,"source_missing","missing","Keep NA. Use available observations for the specific outcome; no outcome imputation in point estimates."
101609,"A_2020",0,"father_educ",,"source_missing","missing","Keep NA. Use available observations for the specific outcome; no outcome imputation in point estimates."
101609,"A_2020",0,"father_income_high",,"source_missing","missing","Keep NA. Use available observations for the specific outcome; no outcome imputation in point estimates."
101609,"A_2020",0,"mother_educ",,"source_missing","missing","Keep NA. Use available observations for the specific outcome; no outcome imputation in point estimates."
101610,"A_2020",1,"neighborhood",,"source_missing","missing","Keep NA. Exclude from primary controls because coverage differs by cohort."
101612,"A_2020",1,"years_in_school","years_in_school=4; baseline_age=12; followup_age=14; age_change=2; highest_grade=8","school_years_exceed_age_change_plus_1","review","Retain. Completed school years exceed reported age change plus a one-year diagnostic allowance. Age errors, varying followup horizons or school-year counting could explain this; do not cap the value or delete the applicant."
101613,"A_2020",1,"years_in_school","years_in_school=4; baseline_age=10; followup_age=12; age_change=2; highest_grade=8","school_years_exceed_age_change_plus_1","review","Retain. Completed school years exceed reported age change plus a one-year diagnostic allowance. Age errors, varying followup horizons or school-year counting could explain this; do not cap the value or delete the applicant."
101614,"A_2020",0,"years_in_school","years_in_school=4; baseline_age=14; followup_age=16; age_change=2; highest_grade=7","school_years_exceed_age_change_plus_1","review","Retain. Completed school years exceed reported age change plus a one-year diagnostic allowance. Age errors, varying followup horizons or school-year counting could explain this; do not cap the value or delete the applicant."
101615,"A_2020",1,"years_in_school","years_in_school=4; baseline_age=12; followup_age=14; age_change=2; highest_grade=8","school_years_exceed_age_change_plus_1","review","Retain. Completed school years exceed reported age change plus a one-year diagnostic allowance. Age errors, varying followup horizons or school-year counting could explain this; do not cap the value or delete the applicant."
101616,"A_2020",1,"years_in_school","years_in_school=4; baseline_age=12; followup_age=14; age_change=2; highest_grade=7","school_years_exceed_age_change_plus_1","review","Retain. Completed school years exceed reported age change plus a one-year diagnostic allowance. Age errors, varying followup horizons or school-year counting could explain this; do not cap the value or delete the applicant."
101616,"A_2020",1,"neighborhood",,"source_missing","missing","Keep NA. Exclude from primary controls because coverage differs by cohort."
101617,"A_2020",1,"father_income_high",,"source_missing","missing","Keep NA. Use available observations for the specific outcome; no outcome imputation in point estimates."
101617,"A_2020",1,"neighborhood",,"source_missing","missing","Keep NA. Exclude from primary controls because coverage differs by cohort."
101617,"A_2020",1,"ses_stratum",,"source_missing","missing","Keep NA. Optional adjusted model uses cohort mean and a missing indicator."
