"applicant_id","cohort","selected","male","started_g6_private","started_g7_private","in_private_now","in_school_now","highest_grade","years_in_school","receiving_aid_now","history_g6_g7_current","g6_private_current_nonprivate","ever_g6_g7_private_current_nonprivate","current_status"
100000,"A_2022",0,1,1,1,1,1,6,2,0,"1 -> 1 -> 1",FALSE,FALSE,"Currently enrolled"
100001,"A_2020",1,1,1,1,1,1,9,4,0,"1 -> 1 -> 1",FALSE,FALSE,"Currently enrolled"
100002,"A_2020",1,0,1,1,1,1,8,4,0,"1 -> 1 -> 1",FALSE,FALSE,"Currently enrolled"
100003,"A_2020",1,0,1,1,1,1,8,4,1,"1 -> 1 -> 1",FALSE,FALSE,"Currently enrolled"
100004,"A_2020",0,0,0,0,0,1,8,4,0,"0 -> 0 -> 0",FALSE,FALSE,"Currently enrolled"
100005,"A_2022",1,1,1,1,1,1,6,2,1,"1 -> 1 -> 1",FALSE,FALSE,"Currently enrolled"
100006,"A_2022",1,0,1,1,1,1,6,2,1,"1 -> 1 -> 1",FALSE,FALSE,"Currently enrolled"
100007,"A_2020",0,1,1,1,1,1,7,4,0,"1 -> 1 -> 1",FALSE,FALSE,"Currently enrolled"
100008,"A_2020",0,0,1,1,1,1,8,4,0,"1 -> 1 -> 1",FALSE,FALSE,"Currently enrolled"
100009,"A_2020",1,0,1,1,1,1,8,4,1,"1 -> 1 -> 1",FALSE,FALSE,"Currently enrolled"
100010,"A_2020",0,0,1,1,1,1,7,4,0,"1 -> 1 -> 1",FALSE,FALSE,"Currently enrolled"
100011,"A_2022",1,1,1,0,0,1,5,2,0,"1 -> 0 -> 0",TRUE,TRUE,"Currently enrolled"
100012,"A_2020",0,1,0,0,0,1,5,3,0,"0 -> 0 -> 0",FALSE,FALSE,"Currently enrolled"
100013,"A_2020",1,1,1,1,1,1,8,4,0,"1 -> 1 -> 1",FALSE,FALSE,"Currently enrolled"
100014,"A_2020",1,1,0,0,0,1,8,4,1,"0 -> 0 -> 0",FALSE,FALSE,"Currently enrolled"
100015,"A_2020",1,0,0,0,0,1,8,4,0,"0 -> 0 -> 0",FALSE,FALSE,"Currently enrolled"
100016,"B_2018",1,0,0,0,0,1,10,6,0,"0 -> 0 -> 0",FALSE,FALSE,"Currently enrolled"
100017,"A_2022",1,0,1,1,0,1,7,2,1,"1 -> 1 -> 0",TRUE,TRUE,"Currently enrolled"
100018,"A_2020",1,1,1,1,1,1,9,4,1,"1 -> 1 -> 1",FALSE,FALSE,"Currently enrolled"
100019,"A_2020",0,1,0,0,0,1,8,4,0,"0 -> 0 -> 0",FALSE,FALSE,"Currently enrolled"
100020,"A_2022",1,0,1,1,1,1,6,2,1,"1 -> 1 -> 1",FALSE,FALSE,"Currently enrolled"
100021,"A_2020",0,0,1,1,1,1,8,4,0,"1 -> 1 -> 1",FALSE,FALSE,"Currently enrolled"
100022,"A_2022",0,1,0,0,0,1,6,2,0,"0 -> 0 -> 0",FALSE,FALSE,"Currently enrolled"
100023,"A_2020",0,1,1,1,1,1,8,4,0,"1 -> 1 -> 1",FALSE,FALSE,"Currently enrolled"
100024,"A_2020",1,1,1,1,1,1,6,4,0,"1 -> 1 -> 1",FALSE,FALSE,"Currently enrolled"
100025,"A_2022",0,1,1,1,1,1,6,3,0,"1 -> 1 -> 1",FALSE,FALSE,"Currently enrolled"
100026,"B_2018",1,0,1,1,1,1,9,6,1,"1 -> 1 -> 1",FALSE,FALSE,"Currently enrolled"
100027,"A_2020",0,1,1,0,0,1,8,4,0,"1 -> 0 -> 0",TRUE,TRUE,"Currently enrolled"
100028,"A_2020",0,1,1,1,1,1,7,3,0,"1 -> 1 -> 1",FALSE,FALSE,"Currently enrolled"
100029,"A_2022",0,1,1,0,0,1,6,2,0,"1 -> 0 -> 0",TRUE,TRUE,"Currently enrolled"
100030,"A_2020",0,0,1,1,1,1,7,4,0,"1 -> 1 -> 1",FALSE,FALSE,"Currently enrolled"
100031,"A_2020",1,1,1,1,0,1,7,4,0,"1 -> 1 -> 0",TRUE,TRUE,"Currently enrolled"
100032,"B_2018",0,0,1,1,1,1,8,6,0,"1 -> 1 -> 1",FALSE,FALSE,"Currently enrolled"
100033,"A_2022",1,1,1,1,1,1,6,2,1,"1 -> 1 -> 1",FALSE,FALSE,"Currently enrolled"
100034,"A_2020",1,1,1,1,1,1,8,4,1,"1 -> 1 -> 1",FALSE,FALSE,"Currently enrolled"
100035,"A_2020",0,0,1,1,,1,7,3,0,"1 -> 1 -> ?",FALSE,FALSE,"Currently enrolled"
100036,"A_2020",1,0,1,0,0,0,6,1,0,"1 -> 0 -> 0",TRUE,TRUE,"Not currently enrolled; completion or exit unknown"
100037,"A_2022",1,0,1,1,1,1,6,2,1,"1 -> 1 -> 1",FALSE,FALSE,"Currently enrolled"
100038,"A_2022",1,0,1,1,1,1,6,2,1,"1 -> 1 -> 1",FALSE,FALSE,"Currently enrolled"
100039,"A_2020",1,1,1,1,1,1,8,4,0,"1 -> 1 -> 1",FALSE,FALSE,"Currently enrolled"
100040,"A_2020",0,0,1,1,1,1,8,4,0,"1 -> 1 -> 1",FALSE,FALSE,"Currently enrolled"
100041,"A_2020",0,0,1,1,0,0,6,2,0,"1 -> 1 -> 0",TRUE,TRUE,"Not currently enrolled; completion or exit unknown"
100042,"A_2020",1,1,1,0,0,0,5,1,0,"1 -> 0 -> 0",TRUE,TRUE,"Not currently enrolled; completion or exit unknown"
100043,"B_2018",1,1,0,1,0,0,7,3,0,"0 -> 1 -> 0",FALSE,TRUE,"Not currently enrolled; completion or exit unknown"
100044,"A_2022",0,1,1,1,1,1,6,2,0,"1 -> 1 -> 1",FALSE,FALSE,"Currently enrolled"
100045,"B_2018",1,1,1,1,1,1,9,6,1,"1 -> 1 -> 1",FALSE,FALSE,"Currently enrolled"
100046,"A_2020",1,0,1,1,0,1,9,4,0,"1 -> 1 -> 0",TRUE,TRUE,"Currently enrolled"
100047,"B_2018",1,0,1,0,0,0,7,3,0,"1 -> 0 -> 0",TRUE,TRUE,"Not currently enrolled; completion or exit unknown"
100048,"A_2020",0,0,1,0,0,0,5,2,0,"1 -> 0 -> 0",TRUE,TRUE,"Not currently enrolled; completion or exit unknown"
100049,"A_2020",0,1,1,1,1,1,8,4,0,"1 -> 1 -> 1",FALSE,FALSE,"Currently enrolled"
100050,"A_2020",1,0,1,0,0,0,7,3,0,"1 -> 0 -> 0",TRUE,TRUE,"Not currently enrolled; completion or exit unknown"
100051,"A_2020",1,0,1,1,1,1,8,5,0,"1 -> 1 -> 1",FALSE,FALSE,"Currently enrolled"
100052,"A_2020",1,1,1,1,1,1,8,4,1,"1 -> 1 -> 1",FALSE,FALSE,"Currently enrolled"
100053,"B_2018",0,0,0,0,0,0,6,1,0,"0 -> 0 -> 0",FALSE,FALSE,"Not currently enrolled; completion or exit unknown"
100054,"A_2020",1,1,0,0,0,0,6,0,0,"0 -> 0 -> 0",FALSE,FALSE,"Not currently enrolled; completion or exit unknown"
100055,"A_2020",1,1,1,1,1,1,7,4,0,"1 -> 1 -> 1",FALSE,FALSE,"Currently enrolled"
100056,"A_2020",1,1,1,1,1,1,8,4,1,"1 -> 1 -> 1",FALSE,FALSE,"Currently enrolled"
100057,"A_2020",1,1,1,1,1,1,8,4,1,"1 -> 1 -> 1",FALSE,FALSE,"Currently enrolled"
100058,"A_2020",1,1,0,0,0,0,5,1,0,"0 -> 0 -> 0",FALSE,FALSE,"Not currently enrolled; completion or exit unknown"
100059,"A_2020",0,0,1,1,1,1,8,4,1,"1 -> 1 -> 1",FALSE,FALSE,"Currently enrolled"
100060,"A_2020",1,1,1,0,0,0,5,1,0,"1 -> 0 -> 0",TRUE,TRUE,"Not currently enrolled; completion or exit unknown"
100061,"A_2022",1,1,1,1,1,1,6,2,1,"1 -> 1 -> 1",FALSE,FALSE,"Currently enrolled"
100062,"A_2020",1,1,1,0,1,1,8,4,0,"1 -> 0 -> 1",FALSE,FALSE,"Currently enrolled"
100063,"B_2018",1,0,1,1,1,1,9,6,1,"1 -> 1 -> 1",FALSE,FALSE,"Currently enrolled"
100064,"A_2020",0,1,1,0,0,1,8,4,0,"1 -> 0 -> 0",TRUE,TRUE,"Currently enrolled"
100065,"A_2020",0,1,1,1,1,1,8,4,1,"1 -> 1 -> 1",FALSE,FALSE,"Currently enrolled"
100066,"A_2020",1,0,0,0,0,1,9,4,0,"0 -> 0 -> 0",FALSE,FALSE,"Currently enrolled"
100067,"A_2020",1,0,1,1,1,1,8,4,1,"1 -> 1 -> 1",FALSE,FALSE,"Currently enrolled"
100068,"A_2020",1,1,1,1,1,1,8,4,1,"1 -> 1 -> 1",FALSE,FALSE,"Currently enrolled"
100069,"A_2020",1,0,1,1,0,1,7,4,0,"1 -> 1 -> 0",TRUE,TRUE,"Currently enrolled"
100070,"A_2022",1,0,1,1,1,1,6,2,1,"1 -> 1 -> 1",FALSE,FALSE,"Currently enrolled"
100071,"A_2022",0,0,1,1,1,1,6,2,0,"1 -> 1 -> 1",FALSE,FALSE,"Currently enrolled"
100072,"A_2020",0,1,1,1,0,0,6,2,0,"1 -> 1 -> 0",TRUE,TRUE,"Not currently enrolled; completion or exit unknown"
100073,"A_2020",0,0,1,0,0,0,5,1,0,"1 -> 0 -> 0",TRUE,TRUE,"Not currently enrolled; completion or exit unknown"
100074,"A_2020",1,1,1,1,1,1,9,4,1,"1 -> 1 -> 1",FALSE,FALSE,"Currently enrolled"
100075,"A_2020",1,0,1,1,1,1,8,4,1,"1 -> 1 -> 1",FALSE,FALSE,"Currently enrolled"
100076,"A_2020",1,1,1,0,0,0,6,2,0,"1 -> 0 -> 0",TRUE,TRUE,"Not currently enrolled; completion or exit unknown"
100077,"A_2020",0,1,1,1,1,1,8,4,0,"1 -> 1 -> 1",FALSE,FALSE,"Currently enrolled"
100078,"A_2020",1,1,1,1,0,0,8,3,0,"1 -> 1 -> 0",TRUE,TRUE,"Not currently enrolled; completion or exit unknown"
100079,"A_2020",1,1,1,1,1,1,8,4,0,"1 -> 1 -> 1",FALSE,FALSE,"Currently enrolled"
100080,"B_2018",0,1,1,1,1,1,8,5,0,"1 -> 1 -> 1",FALSE,FALSE,"Currently enrolled"
100081,"A_2022",1,0,1,1,1,1,6,2,1,"1 -> 1 -> 1",FALSE,FALSE,"Currently enrolled"
100082,"A_2020",1,0,1,1,1,1,8,4,1,"1 -> 1 -> 1",FALSE,FALSE,"Currently enrolled"
100083,"A_2020",1,1,1,1,0,1,7,4,0,"1 -> 1 -> 0",TRUE,TRUE,"Currently enrolled"
100084,"A_2020",1,0,1,0,0,0,6,1,0,"1 -> 0 -> 0",TRUE,TRUE,"Not currently enrolled; completion or exit unknown"
100085,"A_2020",0,1,1,1,1,1,5,4,0,"1 -> 1 -> 1",FALSE,FALSE,"Currently enrolled"
100086,"A_2020",1,0,1,1,1,1,8,4,1,"1 -> 1 -> 1",FALSE,FALSE,"Currently enrolled"
100087,"A_2022",1,0,1,1,1,1,6,2,1,"1 -> 1 -> 1",FALSE,FALSE,"Currently enrolled"
100088,"B_2018",1,1,1,1,,,9,4,0,"1 -> 1 -> ?",FALSE,FALSE,"Enrollment unknown"
100089,"B_2018",0,1,0,1,1,1,10,6,0,"0 -> 1 -> 1",FALSE,FALSE,"Currently enrolled"
100090,"A_2022",0,0,1,1,1,1,6,2,0,"1 -> 1 -> 1",FALSE,FALSE,"Currently enrolled"
100091,"A_2020",1,0,1,1,1,1,8,4,1,"1 -> 1 -> 1",FALSE,FALSE,"Currently enrolled"
100092,"A_2020",1,0,1,1,0,1,7,4,0,"1 -> 1 -> 0",TRUE,TRUE,"Currently enrolled"
100093,"A_2020",0,0,1,1,0,1,8,4,0,"1 -> 1 -> 0",TRUE,TRUE,"Currently enrolled"
100094,"A_2020",0,0,1,1,1,1,8,4,0,"1 -> 1 -> 1",FALSE,FALSE,"Currently enrolled"
100095,"A_2020",1,1,1,1,1,1,8,4,1,"1 -> 1 -> 1",FALSE,FALSE,"Currently enrolled"
100096,"A_2020",0,0,1,1,1,1,8,4,0,"1 -> 1 -> 1",FALSE,FALSE,"Currently enrolled"
100097,"A_2020",1,0,1,1,0,1,8,4,0,"1 -> 1 -> 0",TRUE,TRUE,"Currently enrolled"
100098,"A_2020",1,1,1,1,0,1,8,4,0,"1 -> 1 -> 0",TRUE,TRUE,"Currently enrolled"
100099,"A_2020",1,0,1,1,0,0,6,2,0,"1 -> 1 -> 0",TRUE,TRUE,"Not currently enrolled; completion or exit unknown"
100100,"A_2020",1,1,1,1,1,1,8,4,0,"1 -> 1 -> 1",FALSE,FALSE,"Currently enrolled"
100101,"A_2020",0,0,1,1,1,1,8,4,0,"1 -> 1 -> 1",FALSE,FALSE,"Currently enrolled"
100102,"B_2018",0,0,1,1,1,1,9,4,0,"1 -> 1 -> 1",FALSE,FALSE,"Currently enrolled"
100103,"A_2020",0,0,1,1,1,1,8,4,0,"1 -> 1 -> 1",FALSE,FALSE,"Currently enrolled"
100104,"A_2020",1,1,1,1,1,1,8,4,1,"1 -> 1 -> 1",FALSE,FALSE,"Currently enrolled"
100105,"B_2018",1,1,1,1,1,1,9,6,1,"1 -> 1 -> 1",FALSE,FALSE,"Currently enrolled"
100106,"A_2020",1,1,1,1,1,1,8,4,1,"1 -> 1 -> 1",FALSE,FALSE,"Currently enrolled"
100107,"A_2022",1,0,1,1,1,1,6,2,1,"1 -> 1 -> 1",FALSE,FALSE,"Currently enrolled"
100108,"A_2020",0,0,1,1,1,1,8,4,0,"1 -> 1 -> 1",FALSE,FALSE,"Currently enrolled"
100109,"A_2020",0,1,1,0,0,1,7,4,0,"1 -> 0 -> 0",TRUE,TRUE,"Currently enrolled"
100110,"A_2020",0,0,1,1,1,1,8,4,0,"1 -> 1 -> 1",FALSE,FALSE,"Currently enrolled"
100111,"A_2020",0,0,1,1,1,1,8,4,0,"1 -> 1 -> 1",FALSE,FALSE,"Currently enrolled"
100112,"A_2020",0,1,1,1,1,1,8,4,0,"1 -> 1 -> 1",FALSE,FALSE,"Currently enrolled"
100113,"A_2020",0,1,1,1,1,1,8,4,0,"1 -> 1 -> 1",FALSE,FALSE,"Currently enrolled"
100114,"B_2018",0,0,0,0,0,1,9,6,0,"0 -> 0 -> 0",FALSE,FALSE,"Currently enrolled"
100115,"A_2020",1,1,1,1,1,1,8,4,1,"1 -> 1 -> 1",FALSE,FALSE,"Currently enrolled"
100116,"A_2020",1,1,1,1,1,1,7,3,0,"1 -> 1 -> 1",FALSE,FALSE,"Currently enrolled"
100117,"A_2020",0,1,1,1,0,0,6,2,0,"1 -> 1 -> 0",TRUE,TRUE,"Not currently enrolled; completion or exit unknown"
100118,"B_2018",1,0,1,1,1,1,9,6,1,"1 -> 1 -> 1",FALSE,FALSE,"Currently enrolled"
100119,"A_2020",1,0,1,1,0,0,7,3,0,"1 -> 1 -> 0",TRUE,TRUE,"Not currently enrolled; completion or exit unknown"
100120,"A_2020",0,0,1,0,0,0,5,1,0,"1 -> 0 -> 0",TRUE,TRUE,"Not currently enrolled; completion or exit unknown"
100121,"A_2020",1,0,1,1,1,1,8,4,1,"1 -> 1 -> 1",FALSE,FALSE,"Currently enrolled"
100122,"A_2020",1,0,1,1,1,1,8,4,1,"1 -> 1 -> 1",FALSE,FALSE,"Currently enrolled"
100123,"A_2020",1,1,1,1,1,1,8,4,1,"1 -> 1 -> 1",FALSE,FALSE,"Currently enrolled"
100124,"A_2020",1,1,0,0,0,0,6,1,0,"0 -> 0 -> 0",FALSE,FALSE,"Not currently enrolled; completion or exit unknown"
100125,"A_2020",1,1,1,1,0,0,8,4,0,"1 -> 1 -> 0",TRUE,TRUE,"Not currently enrolled; completion or exit unknown"
100126,"B_2018",1,0,0,0,0,1,9,6,0,"0 -> 0 -> 0",FALSE,FALSE,"Currently enrolled"
100127,"A_2020",1,0,1,1,1,1,8,4,1,"1 -> 1 -> 1",FALSE,FALSE,"Currently enrolled"
100128,"A_2022",1,1,1,0,0,1,5,2,0,"1 -> 0 -> 0",TRUE,TRUE,"Currently enrolled"
100129,"A_2020",1,0,1,1,1,1,8,4,1,"1 -> 1 -> 1",FALSE,FALSE,"Currently enrolled"
100130,"A_2022",0,1,1,1,1,1,6,2,0,"1 -> 1 -> 1",FALSE,FALSE,"Currently enrolled"
100131,"A_2020",0,1,1,0,0,1,8,4,0,"1 -> 0 -> 0",TRUE,TRUE,"Currently enrolled"
100132,"A_2022",1,0,1,1,1,1,6,2,1,"1 -> 1 -> 1",FALSE,FALSE,"Currently enrolled"
100133,"A_2022",1,1,1,1,1,1,6,2,1,"1 -> 1 -> 1",FALSE,FALSE,"Currently enrolled"
100134,"A_2020",0,0,1,1,1,1,9,4,0,"1 -> 1 -> 1",FALSE,FALSE,"Currently enrolled"
100135,"B_2018",1,1,0,0,1,1,9,6,1,"0 -> 0 -> 1",FALSE,FALSE,"Currently enrolled"
100136,"A_2020",1,0,1,1,1,1,8,4,1,"1 -> 1 -> 1",FALSE,FALSE,"Currently enrolled"
100137,"A_2020",1,0,1,1,1,1,8,4,1,"1 -> 1 -> 1",FALSE,FALSE,"Currently enrolled"
100138,"A_2020",0,1,1,1,1,1,8,4,1,"1 -> 1 -> 1",FALSE,FALSE,"Currently enrolled"
100139,"A_2020",1,1,1,1,1,1,8,4,1,"1 -> 1 -> 1",FALSE,FALSE,"Currently enrolled"
100140,"A_2020",0,0,1,0,0,0,5,1,0,"1 -> 0 -> 0",TRUE,TRUE,"Not currently enrolled; completion or exit unknown"
100141,"A_2020",0,0,1,1,1,1,8,4,0,"1 -> 1 -> 1",FALSE,FALSE,"Currently enrolled"
100142,"A_2020",1,1,1,1,1,1,8,4,1,"1 -> 1 -> 1",FALSE,FALSE,"Currently enrolled"
100143,"A_2022",1,1,1,1,1,1,6,2,1,"1 -> 1 -> 1",FALSE,FALSE,"Currently enrolled"
100144,"A_2020",0,0,1,0,0,0,6,1,0,"1 -> 0 -> 0",TRUE,TRUE,"Not currently enrolled; completion or exit unknown"
100145,"A_2020",1,0,1,1,1,1,8,4,1,"1 -> 1 -> 1",FALSE,FALSE,"Currently enrolled"
100146,"A_2022",0,1,1,1,1,1,6,2,0,"1 -> 1 -> 1",FALSE,FALSE,"Currently enrolled"
100147,"A_2020",0,0,0,0,0,0,8,3,0,"0 -> 0 -> 0",FALSE,FALSE,"Not currently enrolled; completion or exit unknown"
100148,"A_2020",0,0,1,1,0,0,7,2,0,"1 -> 1 -> 0",TRUE,TRUE,"Not currently enrolled; completion or exit unknown"
100149,"B_2018",1,0,1,1,1,1,9,6,1,"1 -> 1 -> 1",FALSE,FALSE,"Currently enrolled"
100150,"A_2020",1,1,1,1,0,0,9,3,0,"1 -> 1 -> 0",TRUE,TRUE,"Not currently enrolled; completion or exit unknown"
100151,"A_2020",1,1,1,1,1,1,8,4,1,"1 -> 1 -> 1",FALSE,FALSE,"Currently enrolled"
100152,"A_2022",1,1,1,1,1,1,6,3,1,"1 -> 1 -> 1",FALSE,FALSE,"Currently enrolled"
100153,"A_2020",0,0,0,0,0,0,6,1,0,"0 -> 0 -> 0",FALSE,FALSE,"Not currently enrolled; completion or exit unknown"
100154,"A_2022",1,0,1,1,1,1,7,2,1,"1 -> 1 -> 1",FALSE,FALSE,"Currently enrolled"
100155,"A_2022",1,1,1,1,1,1,7,3,1,"1 -> 1 -> 1",FALSE,FALSE,"Currently enrolled"
100156,"A_2020",1,1,1,1,1,1,6,3,0,"1 -> 1 -> 1",FALSE,FALSE,"Currently enrolled"
100157,"A_2020",1,1,1,1,0,1,7,4,0,"1 -> 1 -> 0",TRUE,TRUE,"Currently enrolled"
100158,"A_2020",0,1,1,1,1,1,8,4,0,"1 -> 1 -> 1",FALSE,FALSE,"Currently enrolled"
100159,"A_2022",1,0,0,0,0,1,5,1,0,"0 -> 0 -> 0",FALSE,FALSE,"Currently enrolled"
100160,"A_2020",0,0,1,0,0,0,5,3,0,"1 -> 0 -> 0",TRUE,TRUE,"Not currently enrolled; completion or exit unknown"
100161,"A_2022",0,0,1,1,1,1,6,2,0,"1 -> 1 -> 1",FALSE,FALSE,"Currently enrolled"
100162,"A_2020",1,1,1,1,1,1,6,4,1,"1 -> 1 -> 1",FALSE,FALSE,"Currently enrolled"
100163,"A_2020",0,0,0,0,0,1,7,3,0,"0 -> 0 -> 0",FALSE,FALSE,"Currently enrolled"
100164,"B_2018",1,0,1,1,1,1,9,6,1,"1 -> 1 -> 1",FALSE,FALSE,"Currently enrolled"
100165,"A_2020",0,1,1,0,0,1,8,4,0,"1 -> 0 -> 0",TRUE,TRUE,"Currently enrolled"
100166,"A_2020",0,0,0,0,0,1,8,4,0,"0 -> 0 -> 0",FALSE,FALSE,"Currently enrolled"
100167,"A_2020",1,1,1,1,1,1,8,4,1,"1 -> 1 -> 1",FALSE,FALSE,"Currently enrolled"
100168,"A_2022",0,0,1,0,1,1,5,2,0,"1 -> 0 -> 1",FALSE,FALSE,"Currently enrolled"
100169,"A_2020",1,1,1,1,0,1,7,4,0,"1 -> 1 -> 0",TRUE,TRUE,"Currently enrolled"
100170,"A_2020",0,0,1,1,1,1,8,5,0,"1 -> 1 -> 1",FALSE,FALSE,"Currently enrolled"
100171,"A_2020",1,0,0,1,0,1,7,3,0,"0 -> 1 -> 0",FALSE,TRUE,"Currently enrolled"
100172,"A_2020",0,0,,,0,0,5,0,0,"? -> ? -> 0",FALSE,FALSE,"Not currently enrolled; completion or exit unknown"
100173,"A_2020",0,1,1,0,0,1,7,4,0,"1 -> 0 -> 0",TRUE,TRUE,"Currently enrolled"
100174,"A_2022",1,1,1,1,1,1,6,2,1,"1 -> 1 -> 1",FALSE,FALSE,"Currently enrolled"
100175,"A_2020",0,0,1,0,0,0,5,1,0,"1 -> 0 -> 0",TRUE,TRUE,"Not currently enrolled; completion or exit unknown"
100176,"A_2020",0,1,1,1,0,1,8,4,0,"1 -> 1 -> 0",TRUE,TRUE,"Currently enrolled"
100177,"B_2018",0,0,0,0,1,1,10,6,0,"0 -> 0 -> 1",FALSE,FALSE,"Currently enrolled"
100178,"A_2020",0,0,1,1,0,0,6,3,0,"1 -> 1 -> 0",TRUE,TRUE,"Not currently enrolled; completion or exit unknown"
100179,"A_2020",0,1,1,1,1,1,8,4,0,"1 -> 1 -> 1",FALSE,FALSE,"Currently enrolled"
100180,"A_2020",0,1,1,1,0,1,6,4,0,"1 -> 1 -> 0",TRUE,TRUE,"Currently enrolled"
100181,"B_2018",1,1,0,0,0,1,9,6,0,"0 -> 0 -> 0",FALSE,FALSE,"Currently enrolled"
100182,"A_2022",1,1,1,1,1,1,6,2,1,"1 -> 1 -> 1",FALSE,FALSE,"Currently enrolled"
100183,"A_2020",0,0,1,1,1,1,8,4,0,"1 -> 1 -> 1",FALSE,FALSE,"Currently enrolled"
100184,"A_2020",0,0,1,1,0,1,8,4,1,"1 -> 1 -> 0",TRUE,TRUE,"Currently enrolled"
100185,"A_2022",0,0,1,0,0,0,6,1,0,"1 -> 0 -> 0",TRUE,TRUE,"Not currently enrolled; completion or exit unknown"
100186,"A_2020",1,1,1,1,1,1,8,4,1,"1 -> 1 -> 1",FALSE,FALSE,"Currently enrolled"
100187,"B_2018",0,0,1,1,1,1,9,6,0,"1 -> 1 -> 1",FALSE,FALSE,"Currently enrolled"
100188,"A_2022",0,0,0,0,0,1,6,2,0,"0 -> 0 -> 0",FALSE,FALSE,"Currently enrolled"
100189,"A_2020",1,0,1,1,1,1,8,4,0,"1 -> 1 -> 1",FALSE,FALSE,"Currently enrolled"
100190,"B_2018",0,0,0,0,0,1,10,6,0,"0 -> 0 -> 0",FALSE,FALSE,"Currently enrolled"
100191,"A_2020",1,1,1,0,0,0,6,1,0,"1 -> 0 -> 0",TRUE,TRUE,"Not currently enrolled; completion or exit unknown"
100192,"A_2020",1,0,1,1,1,1,8,4,0,"1 -> 1 -> 1",FALSE,FALSE,"Currently enrolled"
100193,"A_2020",1,1,1,1,1,1,8,4,1,"1 -> 1 -> 1",FALSE,FALSE,"Currently enrolled"
100194,"A_2020",1,1,1,1,1,1,6,3,0,"1 -> 1 -> 1",FALSE,FALSE,"Currently enrolled"
100195,"A_2020",1,0,1,1,1,1,7,4,0,"1 -> 1 -> 1",FALSE,FALSE,"Currently enrolled"
100196,"B_2018",0,1,1,1,1,1,10,6,1,"1 -> 1 -> 1",FALSE,FALSE,"Currently enrolled"
100197,"B_2018",1,0,1,1,1,1,9,6,0,"1 -> 1 -> 1",FALSE,FALSE,"Currently enrolled"
100198,"A_2020",1,1,1,1,1,1,8,4,1,"1 -> 1 -> 1",FALSE,FALSE,"Currently enrolled"
100199,"A_2022",1,1,1,1,1,1,6,2,1,"1 -> 1 -> 1",FALSE,FALSE,"Currently enrolled"
100200,"A_2020",1,1,1,1,0,0,6,2,0,"1 -> 1 -> 0",TRUE,TRUE,"Not currently enrolled; completion or exit unknown"
100201,"A_2020",0,1,0,1,1,1,9,5,0,"0 -> 1 -> 1",FALSE,FALSE,"Currently enrolled"
100202,"A_2020",1,0,1,1,1,1,8,4,1,"1 -> 1 -> 1",FALSE,FALSE,"Currently enrolled"
100203,"A_2020",1,1,1,1,,,11,5,0,"1 -> 1 -> ?",FALSE,FALSE,"Enrollment unknown"
100204,"A_2020",1,1,1,1,1,1,8,4,1,"1 -> 1 -> 1",FALSE,FALSE,"Currently enrolled"
100205,"A_2020",0,0,1,1,1,1,8,4,0,"1 -> 1 -> 1",FALSE,FALSE,"Currently enrolled"
100206,"A_2020",0,0,,,1,1,8,1,0,"? -> ? -> 1",FALSE,FALSE,"Currently enrolled"
100207,"A_2020",0,1,1,0,0,1,8,4,0,"1 -> 0 -> 0",TRUE,TRUE,"Currently enrolled"
100208,"A_2020",0,0,1,1,1,1,8,4,0,"1 -> 1 -> 1",FALSE,FALSE,"Currently enrolled"
100209,"A_2022",1,1,1,1,1,1,6,2,1,"1 -> 1 -> 1",FALSE,FALSE,"Currently enrolled"
100210,"A_2020",0,1,0,0,0,0,7,4,0,"0 -> 0 -> 0",FALSE,FALSE,"Not currently enrolled; completion or exit unknown"
100211,"A_2020",0,0,1,1,1,1,8,4,0,"1 -> 1 -> 1",FALSE,FALSE,"Currently enrolled"
100212,"A_2022",0,1,1,1,1,1,6,2,0,"1 -> 1 -> 1",FALSE,FALSE,"Currently enrolled"
100213,"A_2020",1,1,1,1,1,1,8,4,1,"1 -> 1 -> 1",FALSE,FALSE,"Currently enrolled"
100214,"A_2020",1,1,1,1,1,1,7,4,0,"1 -> 1 -> 1",FALSE,FALSE,"Currently enrolled"
100215,"A_2020",0,1,1,0,0,1,6,3,0,"1 -> 0 -> 0",TRUE,TRUE,"Currently enrolled"
100216,"A_2020",0,0,1,1,1,1,8,4,0,"1 -> 1 -> 1",FALSE,FALSE,"Currently enrolled"
100217,"A_2020",0,1,1,1,1,1,8,4,0,"1 -> 1 -> 1",FALSE,FALSE,"Currently enrolled"
100218,"A_2020",0,0,1,1,0,0,7,2,0,"1 -> 1 -> 0",TRUE,TRUE,"Not currently enrolled; completion or exit unknown"
100219,"A_2022",1,1,1,1,1,1,6,2,1,"1 -> 1 -> 1",FALSE,FALSE,"Currently enrolled"
100220,"A_2020",0,0,1,0,1,1,7,2,0,"1 -> 0 -> 1",FALSE,FALSE,"Currently enrolled"
100221,"A_2020",1,0,1,1,1,1,8,4,1,"1 -> 1 -> 1",FALSE,FALSE,"Currently enrolled"
100222,"A_2020",1,1,1,1,1,1,7,4,0,"1 -> 1 -> 1",FALSE,FALSE,"Currently enrolled"
100223,"A_2020",1,0,1,0,0,0,5,1,0,"1 -> 0 -> 0",TRUE,TRUE,"Not currently enrolled; completion or exit unknown"
100224,"A_2020",0,1,1,1,1,1,8,4,0,"1 -> 1 -> 1",FALSE,FALSE,"Currently enrolled"
100225,"A_2020",1,0,1,1,1,1,8,4,1,"1 -> 1 -> 1",FALSE,FALSE,"Currently enrolled"
100226,"A_2020",0,0,1,1,0,0,9,3,0,"1 -> 1 -> 0",TRUE,TRUE,"Not currently enrolled; completion or exit unknown"
100227,"A_2020",0,1,0,1,1,1,6,2,0,"0 -> 1 -> 1",FALSE,FALSE,"Currently enrolled"
100228,"A_2020",0,0,1,0,0,0,5,1,0,"1 -> 0 -> 0",TRUE,TRUE,"Not currently enrolled; completion or exit unknown"
100229,"B_2018",1,0,1,1,1,1,10,6,1,"1 -> 1 -> 1",FALSE,FALSE,"Currently enrolled"
100230,"A_2020",0,1,1,1,1,1,8,4,0,"1 -> 1 -> 1",FALSE,FALSE,"Currently enrolled"
100231,"A_2020",1,0,1,1,0,1,8,4,0,"1 -> 1 -> 0",TRUE,TRUE,"Currently enrolled"
100232,"B_2018",1,1,0,0,1,1,8,6,0,"0 -> 0 -> 1",FALSE,FALSE,"Currently enrolled"
100233,"A_2020",1,1,1,1,1,1,8,4,1,"1 -> 1 -> 1",FALSE,FALSE,"Currently enrolled"
100234,"A_2020",0,0,1,1,1,1,8,4,0,"1 -> 1 -> 1",FALSE,FALSE,"Currently enrolled"
100235,"A_2020",0,1,1,1,1,1,7,3,0,"1 -> 1 -> 1",FALSE,FALSE,"Currently enrolled"
100236,"A_2022",0,0,1,0,0,1,7,2,0,"1 -> 0 -> 0",TRUE,TRUE,"Currently enrolled"
100237,"A_2020",0,0,1,1,1,1,8,4,0,"1 -> 1 -> 1",FALSE,FALSE,"Currently enrolled"
100238,"A_2020",1,1,1,1,0,0,6,2,0,"1 -> 1 -> 0",TRUE,TRUE,"Not currently enrolled; completion or exit unknown"
100239,"A_2020",0,0,1,0,0,1,7,4,0,"1 -> 0 -> 0",TRUE,TRUE,"Currently enrolled"
100240,"A_2020",0,0,1,1,1,1,8,4,0,"1 -> 1 -> 1",FALSE,FALSE,"Currently enrolled"
100241,"A_2020",0,1,0,0,0,1,7,4,0,"0 -> 0 -> 0",FALSE,FALSE,"Currently enrolled"
100242,"A_2020",0,1,1,1,0,0,8,3,0,"1 -> 1 -> 0",TRUE,TRUE,"Not currently enrolled; completion or exit unknown"
100243,"A_2020",1,1,1,0,0,0,5,2,0,"1 -> 0 -> 0",TRUE,TRUE,"Not currently enrolled; completion or exit unknown"
100244,"A_2020",0,0,1,1,1,1,8,4,0,"1 -> 1 -> 1",FALSE,FALSE,"Currently enrolled"
100245,"A_2022",1,1,0,0,0,1,6,2,0,"0 -> 0 -> 0",FALSE,FALSE,"Currently enrolled"
100246,"B_2018",0,0,0,0,0,0,9,4,0,"0 -> 0 -> 0",FALSE,FALSE,"Not currently enrolled; completion or exit unknown"
100247,"A_2020",1,1,1,1,1,1,8,4,1,"1 -> 1 -> 1",FALSE,FALSE,"Currently enrolled"
100248,"A_2020",1,1,0,1,1,1,8,6,1,"0 -> 1 -> 1",FALSE,FALSE,"Currently enrolled"
100249,"A_2020",1,1,1,1,1,1,8,5,1,"1 -> 1 -> 1",FALSE,FALSE,"Currently enrolled"
100250,"A_2022",0,0,1,1,1,1,6,2,0,"1 -> 1 -> 1",FALSE,FALSE,"Currently enrolled"
100251,"A_2020",1,1,1,1,1,1,8,4,1,"1 -> 1 -> 1",FALSE,FALSE,"Currently enrolled"
100252,"A_2020",1,0,1,1,1,1,8,4,1,"1 -> 1 -> 1",FALSE,FALSE,"Currently enrolled"
100253,"A_2020",0,1,1,0,0,0,5,1,0,"1 -> 0 -> 0",TRUE,TRUE,"Not currently enrolled; completion or exit unknown"
100254,"A_2020",1,1,0,0,0,0,7,5,0,"0 -> 0 -> 0",FALSE,FALSE,"Not currently enrolled; completion or exit unknown"
100255,"A_2020",1,0,,,1,1,9,1,1,"? -> ? -> 1",FALSE,FALSE,"Currently enrolled"
100256,"A_2020",0,1,0,0,1,1,7,4,0,"0 -> 0 -> 1",FALSE,FALSE,"Currently enrolled"
100257,"A_2020",1,0,1,1,1,1,8,4,1,"1 -> 1 -> 1",FALSE,FALSE,"Currently enrolled"
100258,"A_2020",0,0,0,0,0,1,10,6,0,"0 -> 0 -> 0",FALSE,FALSE,"Currently enrolled"
100259,"A_2020",0,0,1,0,0,0,7,2,0,"1 -> 0 -> 0",TRUE,TRUE,"Not currently enrolled; completion or exit unknown"
100260,"A_2020",0,0,1,1,1,1,8,4,0,"1 -> 1 -> 1",FALSE,FALSE,"Currently enrolled"
100261,"A_2020",0,0,1,1,1,1,8,4,0,"1 -> 1 -> 1",FALSE,FALSE,"Currently enrolled"
100262,"A_2020",1,0,1,1,1,1,8,4,1,"1 -> 1 -> 1",FALSE,FALSE,"Currently enrolled"
100263,"A_2020",0,1,1,1,1,1,7,4,0,"1 -> 1 -> 1",FALSE,FALSE,"Currently enrolled"
100264,"A_2020",1,1,1,1,1,1,8,4,1,"1 -> 1 -> 1",FALSE,FALSE,"Currently enrolled"
100265,"A_2020",1,1,1,1,0,1,6,3,0,"1 -> 1 -> 0",TRUE,TRUE,"Currently enrolled"
100266,"B_2018",1,0,1,1,0,1,9,6,0,"1 -> 1 -> 0",TRUE,TRUE,"Currently enrolled"
100267,"A_2020",1,1,1,1,1,1,8,4,1,"1 -> 1 -> 1",FALSE,FALSE,"Currently enrolled"
100268,"A_2020",0,0,1,1,1,1,8,4,0,"1 -> 1 -> 1",FALSE,FALSE,"Currently enrolled"
100269,"B_2018",1,0,1,1,1,1,9,6,1,"1 -> 1 -> 1",FALSE,FALSE,"Currently enrolled"
100270,"A_2020",0,0,1,1,0,0,7,3,0,"1 -> 1 -> 0",TRUE,TRUE,"Not currently enrolled; completion or exit unknown"
100271,"A_2020",1,0,1,1,1,1,8,4,1,"1 -> 1 -> 1",FALSE,FALSE,"Currently enrolled"
100272,"A_2020",1,0,1,1,0,1,8,4,0,"1 -> 1 -> 0",TRUE,TRUE,"Currently enrolled"
100273,"A_2020",1,0,1,1,1,1,8,4,1,"1 -> 1 -> 1",FALSE,FALSE,"Currently enrolled"
100274,"A_2020",1,1,1,1,1,1,8,4,1,"1 -> 1 -> 1",FALSE,FALSE,"Currently enrolled"
100275,"A_2020",0,1,1,1,1,1,8,4,0,"1 -> 1 -> 1",FALSE,FALSE,"Currently enrolled"
100276,"A_2022",0,0,1,1,1,1,6,2,0,"1 -> 1 -> 1",FALSE,FALSE,"Currently enrolled"
100277,"A_2022",0,0,1,1,1,1,6,2,0,"1 -> 1 -> 1",FALSE,FALSE,"Currently enrolled"
100278,"A_2022",1,1,1,1,1,1,6,2,0,"1 -> 1 -> 1",FALSE,FALSE,"Currently enrolled"
100279,"A_2020",0,1,1,0,0,1,7,3,0,"1 -> 0 -> 0",TRUE,TRUE,"Currently enrolled"
100280,"A_2020",0,0,1,0,0,1,7,4,0,"1 -> 0 -> 0",TRUE,TRUE,"Currently enrolled"
100281,"A_2020",0,0,1,0,0,1,7,4,0,"1 -> 0 -> 0",TRUE,TRUE,"Currently enrolled"
100282,"A_2020",1,1,1,1,0,0,7,2,0,"1 -> 1 -> 0",TRUE,TRUE,"Not currently enrolled; completion or exit unknown"
100283,"A_2020",0,0,1,1,1,1,7,3,0,"1 -> 1 -> 1",FALSE,FALSE,"Currently enrolled"
100284,"A_2020",0,1,0,0,0,0,7,3,0,"0 -> 0 -> 0",FALSE,FALSE,"Not currently enrolled; completion or exit unknown"
100285,"A_2022",1,0,1,1,1,1,6,2,0,"1 -> 1 -> 1",FALSE,FALSE,"Currently enrolled"
100286,"A_2022",1,0,1,0,1,1,5,1,0,"1 -> 0 -> 1",FALSE,FALSE,"Currently enrolled"
100287,"B_2018",1,1,1,1,1,1,9,6,0,"1 -> 1 -> 1",FALSE,FALSE,"Currently enrolled"
100288,"A_2020",0,0,1,0,0,1,8,4,0,"1 -> 0 -> 0",TRUE,TRUE,"Currently enrolled"
100289,"A_2020",0,0,1,1,1,1,8,4,0,"1 -> 1 -> 1",FALSE,FALSE,"Currently enrolled"
100290,"A_2022",1,0,1,1,1,1,6,2,1,"1 -> 1 -> 1",FALSE,FALSE,"Currently enrolled"
100291,"A_2020",1,1,1,1,0,0,7,3,0,"1 -> 1 -> 0",TRUE,TRUE,"Not currently enrolled; completion or exit unknown"
100292,"A_2022",0,1,1,1,1,1,7,3,0,"1 -> 1 -> 1",FALSE,FALSE,"Currently enrolled"
100293,"B_2018",1,0,1,1,1,1,9,6,1,"1 -> 1 -> 1",FALSE,FALSE,"Currently enrolled"
100294,"A_2020",1,0,1,0,0,1,8,4,0,"1 -> 0 -> 0",TRUE,TRUE,"Currently enrolled"
100295,"A_2020",0,0,1,1,1,1,8,4,0,"1 -> 1 -> 1",FALSE,FALSE,"Currently enrolled"
100296,"A_2020",1,1,1,1,0,1,8,4,0,"1 -> 1 -> 0",TRUE,TRUE,"Currently enrolled"
100297,"A_2020",0,0,1,1,1,1,8,4,0,"1 -> 1 -> 1",FALSE,FALSE,"Currently enrolled"
100298,"B_2018",0,0,0,0,0,1,8,5,0,"0 -> 0 -> 0",FALSE,FALSE,"Currently enrolled"
100299,"A_2020",1,1,1,1,0,1,8,4,1,"1 -> 1 -> 0",TRUE,TRUE,"Currently enrolled"
100300,"A_2020",0,0,1,0,0,1,6,3,0,"1 -> 0 -> 0",TRUE,TRUE,"Currently enrolled"
100301,"A_2020",0,0,1,1,1,1,8,4,0,"1 -> 1 -> 1",FALSE,FALSE,"Currently enrolled"
100302,"B_2018",1,1,1,1,1,1,9,6,1,"1 -> 1 -> 1",FALSE,FALSE,"Currently enrolled"
100303,"A_2020",1,1,1,1,1,1,8,4,1,"1 -> 1 -> 1",FALSE,FALSE,"Currently enrolled"
100304,"A_2022",1,1,0,0,0,1,5,2,0,"0 -> 0 -> 0",FALSE,FALSE,"Currently enrolled"
100305,"A_2022",1,0,0,0,0,1,6,2,0,"0 -> 0 -> 0",FALSE,FALSE,"Currently enrolled"
100306,"A_2020",1,1,1,1,0,0,7,2,0,"1 -> 1 -> 0",TRUE,TRUE,"Not currently enrolled; completion or exit unknown"
100307,"A_2022",1,1,1,0,0,1,5,2,0,"1 -> 0 -> 0",TRUE,TRUE,"Currently enrolled"
100308,"A_2020",0,1,0,0,0,1,7,3,0,"0 -> 0 -> 0",FALSE,FALSE,"Currently enrolled"
100309,"A_2020",1,1,1,0,0,0,5,1,0,"1 -> 0 -> 0",TRUE,TRUE,"Not currently enrolled; completion or exit unknown"
100310,"A_2020",1,0,1,1,1,1,8,4,1,"1 -> 1 -> 1",FALSE,FALSE,"Currently enrolled"
100311,"A_2020",1,0,0,0,1,1,8,4,0,"0 -> 0 -> 1",FALSE,FALSE,"Currently enrolled"
100312,"A_2022",1,0,1,1,1,1,6,2,1,"1 -> 1 -> 1",FALSE,FALSE,"Currently enrolled"
100313,"A_2020",0,0,1,0,0,1,7,4,0,"1 -> 0 -> 0",TRUE,TRUE,"Currently enrolled"
100314,"A_2020",0,1,1,1,1,1,8,4,0,"1 -> 1 -> 1",FALSE,FALSE,"Currently enrolled"
100315,"B_2018",1,0,1,1,0,0,8,4,0,"1 -> 1 -> 0",TRUE,TRUE,"Not currently enrolled; completion or exit unknown"
100316,"A_2020",1,1,0,0,0,1,8,4,0,"0 -> 0 -> 0",FALSE,FALSE,"Currently enrolled"
100317,"A_2020",1,1,0,0,0,1,8,4,0,"0 -> 0 -> 0",FALSE,FALSE,"Currently enrolled"
100318,"A_2020",0,1,1,1,1,1,8,4,0,"1 -> 1 -> 1",FALSE,FALSE,"Currently enrolled"
100319,"A_2020",0,0,1,1,0,1,8,4,0,"1 -> 1 -> 0",TRUE,TRUE,"Currently enrolled"
100320,"A_2020",1,0,1,1,1,1,8,4,1,"1 -> 1 -> 1",FALSE,FALSE,"Currently enrolled"
100321,"A_2020",1,0,1,1,1,1,8,4,1,"1 -> 1 -> 1",FALSE,FALSE,"Currently enrolled"
100322,"A_2022",0,1,1,1,1,1,6,2,0,"1 -> 1 -> 1",FALSE,FALSE,"Currently enrolled"
100323,"A_2020",0,0,1,0,0,1,7,3,0,"1 -> 0 -> 0",TRUE,TRUE,"Currently enrolled"
100324,"A_2020",1,1,1,1,1,1,8,4,0,"1 -> 1 -> 1",FALSE,FALSE,"Currently enrolled"
100325,"A_2020",1,1,1,1,1,1,9,4,1,"1 -> 1 -> 1",FALSE,FALSE,"Currently enrolled"
100326,"A_2020",1,0,1,1,1,1,7,4,0,"1 -> 1 -> 1",FALSE,FALSE,"Currently enrolled"
100327,"A_2020",0,1,1,1,1,1,8,4,1,"1 -> 1 -> 1",FALSE,FALSE,"Currently enrolled"
100328,"A_2022",0,1,1,0,0,0,6,1,0,"1 -> 0 -> 0",TRUE,TRUE,"Not currently enrolled; completion or exit unknown"
100329,"A_2020",0,1,0,0,0,1,6,2,0,"0 -> 0 -> 0",FALSE,FALSE,"Currently enrolled"
100330,"A_2020",1,1,1,1,1,1,5,3,0,"1 -> 1 -> 1",FALSE,FALSE,"Currently enrolled"
100331,"A_2020",1,1,1,1,1,1,8,4,1,"1 -> 1 -> 1",FALSE,FALSE,"Currently enrolled"
100332,"A_2020",0,0,0,0,0,1,7,4,0,"0 -> 0 -> 0",FALSE,FALSE,"Currently enrolled"
100333,"A_2022",1,0,1,1,1,1,6,2,1,"1 -> 1 -> 1",FALSE,FALSE,"Currently enrolled"
100334,"A_2020",0,1,1,0,0,1,8,4,0,"1 -> 0 -> 0",TRUE,TRUE,"Currently enrolled"
100335,"A_2020",0,1,1,1,1,1,7,3,0,"1 -> 1 -> 1",FALSE,FALSE,"Currently enrolled"
100336,"A_2020",0,1,1,1,0,0,9,4,0,"1 -> 1 -> 0",TRUE,TRUE,"Not currently enrolled; completion or exit unknown"
100337,"A_2020",1,0,1,1,0,1,7,4,0,"1 -> 1 -> 0",TRUE,TRUE,"Currently enrolled"
100338,"A_2020",1,1,1,1,1,1,8,4,1,"1 -> 1 -> 1",FALSE,FALSE,"Currently enrolled"
100339,"A_2020",0,0,1,1,0,1,8,4,0,"1 -> 1 -> 0",TRUE,TRUE,"Currently enrolled"
100340,"A_2022",0,0,1,1,1,1,6,2,0,"1 -> 1 -> 1",FALSE,FALSE,"Currently enrolled"
100341,"A_2022",1,0,1,1,1,1,6,2,1,"1 -> 1 -> 1",FALSE,FALSE,"Currently enrolled"
100342,"A_2022",0,1,1,1,1,1,6,2,1,"1 -> 1 -> 1",FALSE,FALSE,"Currently enrolled"
100343,"A_2020",0,0,1,1,1,1,8,4,0,"1 -> 1 -> 1",FALSE,FALSE,"Currently enrolled"
100344,"A_2022",1,1,1,1,1,1,6,2,1,"1 -> 1 -> 1",FALSE,FALSE,"Currently enrolled"
100345,"A_2020",1,0,1,1,1,1,8,4,1,"1 -> 1 -> 1",FALSE,FALSE,"Currently enrolled"
100346,"A_2020",0,0,1,0,0,0,6,2,0,"1 -> 0 -> 0",TRUE,TRUE,"Not currently enrolled; completion or exit unknown"
100347,"A_2022",1,0,1,1,1,1,6,2,1,"1 -> 1 -> 1",FALSE,FALSE,"Currently enrolled"
100348,"A_2020",0,1,1,1,1,1,8,4,0,"1 -> 1 -> 1",FALSE,FALSE,"Currently enrolled"
100349,"B_2018",0,1,1,1,0,0,8,5,0,"1 -> 1 -> 0",TRUE,TRUE,"Not currently enrolled; completion or exit unknown"
100350,"A_2020",0,0,1,0,0,1,7,4,0,"1 -> 0 -> 0",TRUE,TRUE,"Currently enrolled"
100351,"A_2020",0,0,1,0,0,1,7,4,0,"1 -> 0 -> 0",TRUE,TRUE,"Currently enrolled"
100352,"A_2020",0,1,1,0,0,1,8,4,0,"1 -> 0 -> 0",TRUE,TRUE,"Currently enrolled"
100353,"A_2020",1,0,1,1,1,1,8,4,1,"1 -> 1 -> 1",FALSE,FALSE,"Currently enrolled"
100354,"B_2018",0,0,0,0,0,1,9,6,0,"0 -> 0 -> 0",FALSE,FALSE,"Currently enrolled"
100355,"A_2020",0,1,0,0,1,1,8,5,0,"0 -> 0 -> 1",FALSE,FALSE,"Currently enrolled"
100356,"A_2022",0,0,1,0,1,1,5,2,1,"1 -> 0 -> 1",FALSE,FALSE,"Currently enrolled"
100357,"A_2020",1,1,1,1,1,1,8,4,1,"1 -> 1 -> 1",FALSE,FALSE,"Currently enrolled"
100358,"A_2020",1,1,1,1,1,1,8,4,1,"1 -> 1 -> 1",FALSE,FALSE,"Currently enrolled"
100359,"A_2020",0,0,0,0,0,1,8,6,0,"0 -> 0 -> 0",FALSE,FALSE,"Currently enrolled"
100360,"A_2022",0,1,1,1,1,1,6,2,0,"1 -> 1 -> 1",FALSE,FALSE,"Currently enrolled"
100361,"B_2018",0,1,1,0,0,1,9,6,0,"1 -> 0 -> 0",TRUE,TRUE,"Currently enrolled"
100362,"A_2020",0,1,1,1,1,1,8,4,1,"1 -> 1 -> 1",FALSE,FALSE,"Currently enrolled"
100363,"B_2018",0,0,0,0,0,0,9,4,0,"0 -> 0 -> 0",FALSE,FALSE,"Not currently enrolled; completion or exit unknown"
100364,"A_2020",0,0,1,1,1,1,8,4,0,"1 -> 1 -> 1",FALSE,FALSE,"Currently enrolled"
100365,"A_2020",0,0,1,1,1,1,9,4,0,"1 -> 1 -> 1",FALSE,FALSE,"Currently enrolled"
100366,"A_2020",0,0,1,0,0,1,7,4,0,"1 -> 0 -> 0",TRUE,TRUE,"Currently enrolled"
100367,"A_2020",0,1,1,0,0,0,5,0,0,"1 -> 0 -> 0",TRUE,TRUE,"Not currently enrolled; completion or exit unknown"
100368,"A_2020",0,1,0,1,1,1,9,6,0,"0 -> 1 -> 1",FALSE,FALSE,"Currently enrolled"
100369,"A_2020",0,0,1,1,1,1,10,5,0,"1 -> 1 -> 1",FALSE,FALSE,"Currently enrolled"
100370,"A_2020",0,1,1,1,1,1,8,4,0,"1 -> 1 -> 1",FALSE,FALSE,"Currently enrolled"
100371,"A_2020",1,0,1,0,1,1,5,3,0,"1 -> 0 -> 1",FALSE,FALSE,"Currently enrolled"
100372,"A_2020",1,0,1,1,1,1,8,4,1,"1 -> 1 -> 1",FALSE,FALSE,"Currently enrolled"
100373,"A_2020",0,0,1,1,1,1,8,4,0,"1 -> 1 -> 1",FALSE,FALSE,"Currently enrolled"
100374,"A_2020",1,1,0,0,0,1,8,4,1,"0 -> 0 -> 0",FALSE,FALSE,"Currently enrolled"
100375,"A_2020",0,1,1,1,1,1,8,4,0,"1 -> 1 -> 1",FALSE,FALSE,"Currently enrolled"
100376,"A_2020",1,0,1,1,1,1,8,4,1,"1 -> 1 -> 1",FALSE,FALSE,"Currently enrolled"
100377,"A_2020",0,1,0,0,0,1,7,4,0,"0 -> 0 -> 0",FALSE,FALSE,"Currently enrolled"
100378,"A_2020",1,1,1,1,1,1,8,4,1,"1 -> 1 -> 1",FALSE,FALSE,"Currently enrolled"
100379,"A_2020",0,0,1,1,0,1,7,4,0,"1 -> 1 -> 0",TRUE,TRUE,"Currently enrolled"
100380,"A_2022",1,0,1,1,1,1,6,2,1,"1 -> 1 -> 1",FALSE,FALSE,"Currently enrolled"
100381,"A_2020",0,0,1,1,1,1,8,4,0,"1 -> 1 -> 1",FALSE,FALSE,"Currently enrolled"
100382,"A_2020",1,1,1,1,1,1,8,4,1,"1 -> 1 -> 1",FALSE,FALSE,"Currently enrolled"
100383,"A_2020",1,0,1,1,1,1,8,4,1,"1 -> 1 -> 1",FALSE,FALSE,"Currently enrolled"
100384,"A_2020",1,1,1,1,0,1,7,4,0,"1 -> 1 -> 0",TRUE,TRUE,"Currently enrolled"
100385,"A_2020",1,1,1,1,1,1,8,4,1,"1 -> 1 -> 1",FALSE,FALSE,"Currently enrolled"
100386,"A_2020",1,1,1,1,1,1,8,4,1,"1 -> 1 -> 1",FALSE,FALSE,"Currently enrolled"
100387,"A_2020",0,1,1,0,0,1,6,4,0,"1 -> 0 -> 0",TRUE,TRUE,"Currently enrolled"
100388,"A_2020",0,1,1,1,1,1,8,4,1,"1 -> 1 -> 1",FALSE,FALSE,"Currently enrolled"
100389,"A_2020",1,0,1,1,1,1,8,4,1,"1 -> 1 -> 1",FALSE,FALSE,"Currently enrolled"
100390,"A_2020",1,0,1,1,1,1,8,4,1,"1 -> 1 -> 1",FALSE,FALSE,"Currently enrolled"
100391,"A_2020",1,1,1,1,1,1,8,4,1,"1 -> 1 -> 1",FALSE,FALSE,"Currently enrolled"
100392,"B_2018",0,1,1,1,1,1,9,6,0,"1 -> 1 -> 1",FALSE,FALSE,"Currently enrolled"
100393,"A_2022",0,1,1,0,1,1,5,2,0,"1 -> 0 -> 1",FALSE,FALSE,"Currently enrolled"
100394,"A_2020",0,1,1,1,1,1,8,4,0,"1 -> 1 -> 1",FALSE,FALSE,"Currently enrolled"
100395,"A_2020",1,0,0,0,1,1,6,4,0,"0 -> 0 -> 1",FALSE,FALSE,"Currently enrolled"
100396,"A_2022",1,1,1,1,1,1,6,2,1,"1 -> 1 -> 1",FALSE,FALSE,"Currently enrolled"
100397,"A_2020",0,1,1,1,1,1,8,4,0,"1 -> 1 -> 1",FALSE,FALSE,"Currently enrolled"
100398,"A_2020",0,0,1,0,0,1,8,4,0,"1 -> 0 -> 0",TRUE,TRUE,"Currently enrolled"
100399,"A_2022",0,0,1,1,0,1,8,4,0,"1 -> 1 -> 0",TRUE,TRUE,"Currently enrolled"
100400,"A_2020",1,1,1,1,1,1,8,4,1,"1 -> 1 -> 1",FALSE,FALSE,"Currently enrolled"
100401,"B_2018",1,0,1,1,1,1,9,6,1,"1 -> 1 -> 1",FALSE,FALSE,"Currently enrolled"
100402,"A_2020",1,0,1,1,0,1,8,4,0,"1 -> 1 -> 0",TRUE,TRUE,"Currently enrolled"
100403,"A_2020",0,0,0,0,0,0,7,2,0,"0 -> 0 -> 0",FALSE,FALSE,"Not currently enrolled; completion or exit unknown"
100404,"A_2020",1,0,1,1,1,1,8,4,1,"1 -> 1 -> 1",FALSE,FALSE,"Currently enrolled"
100405,"A_2020",1,0,1,1,0,1,8,4,0,"1 -> 1 -> 0",TRUE,TRUE,"Currently enrolled"
100406,"B_2018",0,0,0,0,0,0,5,1,0,"0 -> 0 -> 0",FALSE,FALSE,"Not currently enrolled; completion or exit unknown"
100407,"A_2022",1,1,1,1,1,1,6,2,1,"1 -> 1 -> 1",FALSE,FALSE,"Currently enrolled"
100408,"A_2020",0,0,1,1,1,1,8,4,0,"1 -> 1 -> 1",FALSE,FALSE,"Currently enrolled"
100409,"B_2018",0,0,0,0,0,1,8,6,0,"0 -> 0 -> 0",FALSE,FALSE,"Currently enrolled"
100410,"A_2020",0,1,1,0,0,1,6,4,0,"1 -> 0 -> 0",TRUE,TRUE,"Currently enrolled"
100411,"B_2018",0,1,1,1,0,0,11,5,0,"1 -> 1 -> 0",TRUE,TRUE,"Not currently enrolled; completion or exit unknown"
100412,"A_2020",0,0,1,1,0,1,8,4,0,"1 -> 1 -> 0",TRUE,TRUE,"Currently enrolled"
100413,"A_2020",0,0,1,1,,1,8,4,0,"1 -> 1 -> ?",FALSE,FALSE,"Currently enrolled"
100414,"A_2020",1,1,1,1,1,1,8,4,1,"1 -> 1 -> 1",FALSE,FALSE,"Currently enrolled"
100415,"A_2020",1,0,1,1,0,1,8,4,0,"1 -> 1 -> 0",TRUE,TRUE,"Currently enrolled"
100416,"A_2020",1,1,1,1,1,1,8,4,0,"1 -> 1 -> 1",FALSE,FALSE,"Currently enrolled"
100417,"B_2018",0,0,1,1,0,1,9,6,0,"1 -> 1 -> 0",TRUE,TRUE,"Currently enrolled"
100418,"A_2020",0,1,1,1,1,1,7,4,0,"1 -> 1 -> 1",FALSE,FALSE,"Currently enrolled"
100419,"A_2020",0,0,1,1,1,,10,5,0,"1 -> 1 -> 1",FALSE,FALSE,"Enrollment unknown"
100420,"A_2020",1,0,1,1,1,1,8,4,1,"1 -> 1 -> 1",FALSE,FALSE,"Currently enrolled"
100421,"A_2020",0,0,1,1,1,1,8,4,0,"1 -> 1 -> 1",FALSE,FALSE,"Currently enrolled"
100422,"A_2020",1,0,1,1,1,1,8,4,1,"1 -> 1 -> 1",FALSE,FALSE,"Currently enrolled"
100423,"A_2020",0,1,1,1,0,1,7,3,0,"1 -> 1 -> 0",TRUE,TRUE,"Currently enrolled"
100424,"A_2020",0,0,1,1,1,1,8,4,0,"1 -> 1 -> 1",FALSE,FALSE,"Currently enrolled"
100425,"A_2020",1,0,1,1,1,1,8,4,1,"1 -> 1 -> 1",FALSE,FALSE,"Currently enrolled"
100426,"A_2022",0,0,1,1,1,1,6,2,0,"1 -> 1 -> 1",FALSE,FALSE,"Currently enrolled"
100427,"A_2022",0,1,1,1,1,1,6,2,0,"1 -> 1 -> 1",FALSE,FALSE,"Currently enrolled"
100428,"B_2018",1,0,1,1,1,1,9,6,1,"1 -> 1 -> 1",FALSE,FALSE,"Currently enrolled"
100429,"A_2020",1,1,1,1,1,1,8,4,0,"1 -> 1 -> 1",FALSE,FALSE,"Currently enrolled"
100430,"A_2020",0,1,1,1,1,1,8,4,0,"1 -> 1 -> 1",FALSE,FALSE,"Currently enrolled"
100431,"A_2020",1,1,1,1,1,1,8,4,1,"1 -> 1 -> 1",FALSE,FALSE,"Currently enrolled"
100432,"A_2020",1,1,1,1,1,1,8,4,1,"1 -> 1 -> 1",FALSE,FALSE,"Currently enrolled"
100433,"A_2022",0,0,1,1,1,1,6,2,0,"1 -> 1 -> 1",FALSE,FALSE,"Currently enrolled"
100434,"A_2020",1,1,1,1,1,1,8,4,1,"1 -> 1 -> 1",FALSE,FALSE,"Currently enrolled"
100435,"A_2020",0,0,1,1,1,1,8,4,0,"1 -> 1 -> 1",FALSE,FALSE,"Currently enrolled"
100436,"A_2020",1,0,1,1,1,1,8,4,1,"1 -> 1 -> 1",FALSE,FALSE,"Currently enrolled"
100437,"A_2020",1,1,1,1,0,1,8,5,0,"1 -> 1 -> 0",TRUE,TRUE,"Currently enrolled"
100438,"A_2020",1,0,1,1,1,1,8,4,1,"1 -> 1 -> 1",FALSE,FALSE,"Currently enrolled"
100439,"A_2020",0,0,1,1,1,1,8,4,0,"1 -> 1 -> 1",FALSE,FALSE,"Currently enrolled"
100440,"A_2022",1,1,1,0,0,0,6,1,0,"1 -> 0 -> 0",TRUE,TRUE,"Not currently enrolled; completion or exit unknown"
100441,"A_2020",1,1,1,1,1,1,7,4,0,"1 -> 1 -> 1",FALSE,FALSE,"Currently enrolled"
100442,"A_2020",1,0,1,1,1,1,8,4,1,"1 -> 1 -> 1",FALSE,FALSE,"Currently enrolled"
100443,"A_2020",1,1,1,1,1,1,8,4,1,"1 -> 1 -> 1",FALSE,FALSE,"Currently enrolled"
100444,"A_2020",1,1,1,1,1,1,8,4,1,"1 -> 1 -> 1",FALSE,FALSE,"Currently enrolled"
100445,"B_2018",0,1,1,1,0,1,8,6,0,"1 -> 1 -> 0",TRUE,TRUE,"Currently enrolled"
100446,"A_2020",1,0,1,1,0,1,8,4,0,"1 -> 1 -> 0",TRUE,TRUE,"Currently enrolled"
100447,"A_2020",0,0,1,0,0,0,6,1,0,"1 -> 0 -> 0",TRUE,TRUE,"Not currently enrolled; completion or exit unknown"
100448,"A_2020",1,0,1,1,1,1,8,4,1,"1 -> 1 -> 1",FALSE,FALSE,"Currently enrolled"
100449,"A_2020",1,0,1,1,,1,7,4,0,"1 -> 1 -> ?",FALSE,FALSE,"Currently enrolled"
100450,"A_2020",1,0,1,1,1,1,7,4,0,"1 -> 1 -> 1",FALSE,FALSE,"Currently enrolled"
100451,"A_2020",1,0,1,1,0,1,8,5,0,"1 -> 1 -> 0",TRUE,TRUE,"Currently enrolled"
100452,"A_2020",0,0,1,0,0,1,7,4,0,"1 -> 0 -> 0",TRUE,TRUE,"Currently enrolled"
100453,"A_2022",1,1,0,0,0,1,6,2,1,"0 -> 0 -> 0",FALSE,FALSE,"Currently enrolled"
100454,"A_2022",0,1,1,1,1,1,7,3,0,"1 -> 1 -> 1",FALSE,FALSE,"Currently enrolled"
100455,"A_2020",1,0,1,1,1,1,8,4,1,"1 -> 1 -> 1",FALSE,FALSE,"Currently enrolled"
100456,"A_2022",1,0,1,1,1,1,6,2,1,"1 -> 1 -> 1",FALSE,FALSE,"Currently enrolled"
100457,"A_2022",1,0,1,1,1,1,6,2,1,"1 -> 1 -> 1",FALSE,FALSE,"Currently enrolled"
100458,"A_2020",1,0,1,1,1,1,8,4,1,"1 -> 1 -> 1",FALSE,FALSE,"Currently enrolled"
100459,"A_2020",1,1,1,0,0,0,5,1,0,"1 -> 0 -> 0",TRUE,TRUE,"Not currently enrolled; completion or exit unknown"
100460,"A_2020",0,0,1,1,0,1,8,4,0,"1 -> 1 -> 0",TRUE,TRUE,"Currently enrolled"
100461,"A_2020",1,1,1,1,1,1,7,5,1,"1 -> 1 -> 1",FALSE,FALSE,"Currently enrolled"
100462,"A_2020",1,1,1,0,0,0,5,1,0,"1 -> 0 -> 0",TRUE,TRUE,"Not currently enrolled; completion or exit unknown"
100463,"A_2020",0,0,1,1,1,1,8,4,0,"1 -> 1 -> 1",FALSE,FALSE,"Currently enrolled"
100464,"B_2018",1,0,1,1,1,1,10,6,1,"1 -> 1 -> 1",FALSE,FALSE,"Currently enrolled"
100465,"A_2022",1,0,1,1,1,1,6,2,1,"1 -> 1 -> 1",FALSE,FALSE,"Currently enrolled"
100466,"A_2020",0,1,1,1,1,1,8,4,0,"1 -> 1 -> 1",FALSE,FALSE,"Currently enrolled"
100467,"B_2018",0,0,1,1,1,1,9,6,0,"1 -> 1 -> 1",FALSE,FALSE,"Currently enrolled"
100468,"A_2020",0,1,1,1,1,1,8,4,0,"1 -> 1 -> 1",FALSE,FALSE,"Currently enrolled"
100469,"A_2020",1,1,1,1,1,1,8,4,1,"1 -> 1 -> 1",FALSE,FALSE,"Currently enrolled"
100470,"A_2020",0,0,1,1,0,1,8,4,0,"1 -> 1 -> 0",TRUE,TRUE,"Currently enrolled"
100471,"A_2022",0,1,1,1,1,1,6,2,0,"1 -> 1 -> 1",FALSE,FALSE,"Currently enrolled"
100472,"A_2020",1,0,1,1,0,1,8,4,0,"1 -> 1 -> 0",TRUE,TRUE,"Currently enrolled"
100473,"A_2022",1,0,1,1,1,1,6,2,1,"1 -> 1 -> 1",FALSE,FALSE,"Currently enrolled"
100474,"A_2022",1,1,1,1,1,1,6,2,0,"1 -> 1 -> 1",FALSE,FALSE,"Currently enrolled"
100475,"A_2020",0,1,1,0,0,0,5,1,0,"1 -> 0 -> 0",TRUE,TRUE,"Not currently enrolled; completion or exit unknown"
100476,"A_2022",0,1,1,1,1,1,7,2,0,"1 -> 1 -> 1",FALSE,FALSE,"Currently enrolled"
100477,"A_2020",0,1,1,1,1,1,8,4,0,"1 -> 1 -> 1",FALSE,FALSE,"Currently enrolled"
100478,"A_2020",0,1,1,0,0,1,8,4,0,"1 -> 0 -> 0",TRUE,TRUE,"Currently enrolled"
100479,"A_2020",0,0,1,1,1,1,8,4,0,"1 -> 1 -> 1",FALSE,FALSE,"Currently enrolled"
100480,"A_2020",0,1,1,1,1,1,8,4,0,"1 -> 1 -> 1",FALSE,FALSE,"Currently enrolled"
100481,"A_2020",1,1,1,1,1,1,8,4,1,"1 -> 1 -> 1",FALSE,FALSE,"Currently enrolled"
100482,"A_2022",1,0,1,1,1,1,6,2,1,"1 -> 1 -> 1",FALSE,FALSE,"Currently enrolled"
100483,"A_2020",1,0,1,1,0,0,8,3,0,"1 -> 1 -> 0",TRUE,TRUE,"Not currently enrolled; completion or exit unknown"
100484,"A_2022",0,1,0,0,0,1,6,2,0,"0 -> 0 -> 0",FALSE,FALSE,"Currently enrolled"
100485,"A_2020",0,0,1,0,0,0,5,1,0,"1 -> 0 -> 0",TRUE,TRUE,"Not currently enrolled; completion or exit unknown"
100486,"A_2020",1,1,1,1,1,1,8,4,1,"1 -> 1 -> 1",FALSE,FALSE,"Currently enrolled"
100487,"A_2020",1,1,,,0,0,5,0,0,"? -> ? -> 0",FALSE,FALSE,"Not currently enrolled; completion or exit unknown"
100488,"A_2020",0,0,1,0,0,0,6,1,0,"1 -> 0 -> 0",TRUE,TRUE,"Not currently enrolled; completion or exit unknown"
100489,"A_2020",1,0,1,1,0,1,8,4,0,"1 -> 1 -> 0",TRUE,TRUE,"Currently enrolled"
100490,"A_2020",1,0,1,1,1,1,8,4,1,"1 -> 1 -> 1",FALSE,FALSE,"Currently enrolled"
100491,"A_2022",1,0,1,1,1,1,6,2,1,"1 -> 1 -> 1",FALSE,FALSE,"Currently enrolled"
100492,"A_2020",1,0,1,1,1,1,8,4,1,"1 -> 1 -> 1",FALSE,FALSE,"Currently enrolled"
100493,"A_2020",1,1,1,1,1,1,8,4,1,"1 -> 1 -> 1",FALSE,FALSE,"Currently enrolled"
100494,"B_2018",0,0,0,0,0,0,7,3,0,"0 -> 0 -> 0",FALSE,FALSE,"Not currently enrolled; completion or exit unknown"
100495,"B_2018",0,1,0,0,0,0,7,2,0,"0 -> 0 -> 0",FALSE,FALSE,"Not currently enrolled; completion or exit unknown"
100496,"B_2018",1,1,,,,,5,,,"? -> ? -> ?",FALSE,FALSE,"Enrollment unknown"
100497,"A_2020",1,0,1,1,1,1,8,4,0,"1 -> 1 -> 1",FALSE,FALSE,"Currently enrolled"
100498,"A_2020",1,0,1,1,1,1,8,4,1,"1 -> 1 -> 1",FALSE,FALSE,"Currently enrolled"
100499,"A_2020",0,1,1,1,1,1,8,4,0,"1 -> 1 -> 1",FALSE,FALSE,"Currently enrolled"
100500,"A_2022",1,0,1,0,1,1,9,5,0,"1 -> 0 -> 1",FALSE,FALSE,"Currently enrolled"
100501,"A_2020",1,0,1,1,1,1,6,3,1,"1 -> 1 -> 1",FALSE,FALSE,"Currently enrolled"
100502,"A_2020",1,0,1,1,1,1,8,4,1,"1 -> 1 -> 1",FALSE,FALSE,"Currently enrolled"
100503,"A_2020",1,1,1,1,0,1,7,4,0,"1 -> 1 -> 0",TRUE,TRUE,"Currently enrolled"
100504,"A_2020",0,1,1,1,0,1,7,4,0,"1 -> 1 -> 0",TRUE,TRUE,"Currently enrolled"
100505,"A_2020",1,1,1,0,0,0,5,1,0,"1 -> 0 -> 0",TRUE,TRUE,"Not currently enrolled; completion or exit unknown"
100506,"A_2022",0,1,1,1,1,1,7,2,0,"1 -> 1 -> 1",FALSE,FALSE,"Currently enrolled"
100507,"A_2020",1,0,1,1,1,1,8,4,1,"1 -> 1 -> 1",FALSE,FALSE,"Currently enrolled"
100508,"A_2020",1,0,1,1,1,1,8,4,1,"1 -> 1 -> 1",FALSE,FALSE,"Currently enrolled"
100509,"A_2020",1,1,1,0,0,0,6,1,0,"1 -> 0 -> 0",TRUE,TRUE,"Not currently enrolled; completion or exit unknown"
100510,"A_2020",0,1,1,0,0,0,6,1,0,"1 -> 0 -> 0",TRUE,TRUE,"Not currently enrolled; completion or exit unknown"
100511,"B_2018",0,0,1,1,1,1,8,6,0,"1 -> 1 -> 1",FALSE,FALSE,"Currently enrolled"
100512,"A_2020",1,0,1,0,0,1,5,3,0,"1 -> 0 -> 0",TRUE,TRUE,"Currently enrolled"
100513,"A_2020",0,1,,,,,5,,,"? -> ? -> ?",FALSE,FALSE,"Enrollment unknown"
100514,"A_2020",1,0,1,1,1,1,8,4,1,"1 -> 1 -> 1",FALSE,FALSE,"Currently enrolled"
100515,"A_2020",1,1,1,1,1,1,8,4,1,"1 -> 1 -> 1",FALSE,FALSE,"Currently enrolled"
100516,"A_2020",0,1,1,1,1,1,8,4,0,"1 -> 1 -> 1",FALSE,FALSE,"Currently enrolled"
100517,"A_2020",0,1,1,1,1,1,8,4,0,"1 -> 1 -> 1",FALSE,FALSE,"Currently enrolled"
100518,"B_2018",1,1,0,0,0,0,7,3,0,"0 -> 0 -> 0",FALSE,FALSE,"Not currently enrolled; completion or exit unknown"
100519,"A_2020",1,0,1,1,1,1,8,4,1,"1 -> 1 -> 1",FALSE,FALSE,"Currently enrolled"
100520,"A_2020",1,1,1,1,0,1,7,4,0,"1 -> 1 -> 0",TRUE,TRUE,"Currently enrolled"
100521,"A_2022",1,1,0,0,0,1,6,2,0,"0 -> 0 -> 0",FALSE,FALSE,"Currently enrolled"
100522,"A_2022",0,1,1,0,0,1,7,2,0,"1 -> 0 -> 0",TRUE,TRUE,"Currently enrolled"
100523,"A_2020",0,0,1,1,1,1,8,4,0,"1 -> 1 -> 1",FALSE,FALSE,"Currently enrolled"
100524,"A_2022",1,1,0,0,0,1,5,2,0,"0 -> 0 -> 0",FALSE,FALSE,"Currently enrolled"
100525,"A_2020",0,1,1,0,0,1,7,4,0,"1 -> 0 -> 0",TRUE,TRUE,"Currently enrolled"
100526,"A_2020",0,1,1,1,1,1,8,4,0,"1 -> 1 -> 1",FALSE,FALSE,"Currently enrolled"
100527,"A_2020",0,0,1,1,0,0,7,3,0,"1 -> 1 -> 0",TRUE,TRUE,"Not currently enrolled; completion or exit unknown"
100528,"A_2020",0,0,1,1,1,1,8,4,0,"1 -> 1 -> 1",FALSE,FALSE,"Currently enrolled"
100529,"A_2020",0,1,1,0,0,0,5,3,0,"1 -> 0 -> 0",TRUE,TRUE,"Not currently enrolled; completion or exit unknown"
100530,"A_2020",0,1,1,0,0,0,6,1,0,"1 -> 0 -> 0",TRUE,TRUE,"Not currently enrolled; completion or exit unknown"
100531,"A_2020",1,1,1,1,1,1,8,4,1,"1 -> 1 -> 1",FALSE,FALSE,"Currently enrolled"
100532,"B_2018",1,1,1,0,0,1,8,6,0,"1 -> 0 -> 0",TRUE,TRUE,"Currently enrolled"
100533,"A_2020",0,0,1,1,0,1,7,4,0,"1 -> 1 -> 0",TRUE,TRUE,"Currently enrolled"
100534,"A_2022",0,1,1,1,1,1,6,2,0,"1 -> 1 -> 1",FALSE,FALSE,"Currently enrolled"
100535,"A_2020",1,1,1,1,1,1,8,4,1,"1 -> 1 -> 1",FALSE,FALSE,"Currently enrolled"
100536,"A_2020",1,1,1,1,1,1,8,4,0,"1 -> 1 -> 1",FALSE,FALSE,"Currently enrolled"
100537,"A_2020",1,1,1,1,0,0,9,4,0,"1 -> 1 -> 0",TRUE,TRUE,"Not currently enrolled; completion or exit unknown"
100538,"A_2022",0,0,1,0,1,1,4,2,0,"1 -> 0 -> 1",FALSE,FALSE,"Currently enrolled"
100539,"A_2020",0,1,1,0,1,1,7,3,0,"1 -> 0 -> 1",FALSE,FALSE,"Currently enrolled"
100540,"A_2022",0,1,1,1,1,1,6,2,0,"1 -> 1 -> 1",FALSE,FALSE,"Currently enrolled"
100541,"A_2020",0,0,1,1,1,1,6,4,0,"1 -> 1 -> 1",FALSE,FALSE,"Currently enrolled"
100542,"A_2022",0,0,1,1,1,1,6,2,0,"1 -> 1 -> 1",FALSE,FALSE,"Currently enrolled"
100543,"A_2020",0,1,1,0,0,1,7,4,0,"1 -> 0 -> 0",TRUE,TRUE,"Currently enrolled"
100544,"A_2020",0,1,1,1,1,1,9,5,0,"1 -> 1 -> 1",FALSE,FALSE,"Currently enrolled"
100545,"A_2020",1,0,1,1,1,1,8,4,0,"1 -> 1 -> 1",FALSE,FALSE,"Currently enrolled"
100546,"A_2020",0,1,1,1,0,0,8,4,0,"1 -> 1 -> 0",TRUE,TRUE,"Not currently enrolled; completion or exit unknown"
100547,"A_2020",0,1,1,1,1,1,7,4,0,"1 -> 1 -> 1",FALSE,FALSE,"Currently enrolled"
100548,"A_2020",1,1,0,0,0,1,7,4,0,"0 -> 0 -> 0",FALSE,FALSE,"Currently enrolled"
100549,"A_2022",0,1,1,1,1,1,6,2,0,"1 -> 1 -> 1",FALSE,FALSE,"Currently enrolled"
100550,"A_2020",1,0,1,1,1,1,8,4,1,"1 -> 1 -> 1",FALSE,FALSE,"Currently enrolled"
100551,"A_2020",1,0,1,1,1,1,8,4,1,"1 -> 1 -> 1",FALSE,FALSE,"Currently enrolled"
100552,"A_2020",1,0,1,1,1,1,8,4,1,"1 -> 1 -> 1",FALSE,FALSE,"Currently enrolled"
100553,"A_2020",0,0,1,1,1,1,8,4,0,"1 -> 1 -> 1",FALSE,FALSE,"Currently enrolled"
100554,"A_2020",0,1,1,1,1,1,8,4,0,"1 -> 1 -> 1",FALSE,FALSE,"Currently enrolled"
100555,"A_2022",1,1,0,0,0,0,6,1,0,"0 -> 0 -> 0",FALSE,FALSE,"Not currently enrolled; completion or exit unknown"
100556,"A_2020",0,0,1,1,1,1,8,4,0,"1 -> 1 -> 1",FALSE,FALSE,"Currently enrolled"
100557,"A_2022",1,0,1,1,1,1,6,2,1,"1 -> 1 -> 1",FALSE,FALSE,"Currently enrolled"
100558,"A_2020",0,0,,,0,0,5,0,0,"? -> ? -> 0",FALSE,FALSE,"Not currently enrolled; completion or exit unknown"
100559,"A_2020",1,1,1,1,1,1,8,4,1,"1 -> 1 -> 1",FALSE,FALSE,"Currently enrolled"
100560,"A_2020",1,1,1,1,0,0,7,2,0,"1 -> 1 -> 0",TRUE,TRUE,"Not currently enrolled; completion or exit unknown"
100561,"A_2022",1,1,1,1,1,1,6,2,1,"1 -> 1 -> 1",FALSE,FALSE,"Currently enrolled"
100562,"A_2022",1,1,1,1,1,1,7,2,1,"1 -> 1 -> 1",FALSE,FALSE,"Currently enrolled"
100563,"A_2022",0,0,,,,,5,,,"? -> ? -> ?",FALSE,FALSE,"Enrollment unknown"
100564,"B_2018",1,1,1,1,1,1,9,6,1,"1 -> 1 -> 1",FALSE,FALSE,"Currently enrolled"
100565,"A_2022",0,1,0,0,0,1,6,2,0,"0 -> 0 -> 0",FALSE,FALSE,"Currently enrolled"
100566,"A_2020",0,1,1,1,0,1,8,4,0,"1 -> 1 -> 0",TRUE,TRUE,"Currently enrolled"
100567,"B_2018",1,0,1,1,1,1,9,6,0,"1 -> 1 -> 1",FALSE,FALSE,"Currently enrolled"
100568,"A_2022",0,1,1,0,0,0,6,1,0,"1 -> 0 -> 0",TRUE,TRUE,"Not currently enrolled; completion or exit unknown"
100569,"A_2022",1,0,1,0,0,1,6,2,0,"1 -> 0 -> 0",TRUE,TRUE,"Currently enrolled"
100570,"A_2020",1,0,1,1,0,0,7,2,0,"1 -> 1 -> 0",TRUE,TRUE,"Not currently enrolled; completion or exit unknown"
100571,"A_2020",0,1,1,1,1,1,8,4,0,"1 -> 1 -> 1",FALSE,FALSE,"Currently enrolled"
100572,"A_2020",1,1,1,1,0,0,7,3,0,"1 -> 1 -> 0",TRUE,TRUE,"Not currently enrolled; completion or exit unknown"
100573,"A_2020",0,1,1,1,0,1,7,3,0,"1 -> 1 -> 0",TRUE,TRUE,"Currently enrolled"
100574,"A_2022",1,0,1,1,1,1,6,2,1,"1 -> 1 -> 1",FALSE,FALSE,"Currently enrolled"
100575,"A_2020",1,0,1,1,1,1,8,4,1,"1 -> 1 -> 1",FALSE,FALSE,"Currently enrolled"
100576,"A_2022",0,0,0,0,0,1,6,2,0,"0 -> 0 -> 0",FALSE,FALSE,"Currently enrolled"
100577,"B_2018",0,0,1,1,0,1,9,6,0,"1 -> 1 -> 0",TRUE,TRUE,"Currently enrolled"
100578,"A_2020",1,1,1,1,1,1,8,4,1,"1 -> 1 -> 1",FALSE,FALSE,"Currently enrolled"
100579,"A_2020",1,0,1,1,0,1,8,4,0,"1 -> 1 -> 0",TRUE,TRUE,"Currently enrolled"
100580,"A_2020",0,0,1,1,1,1,8,4,0,"1 -> 1 -> 1",FALSE,FALSE,"Currently enrolled"
100581,"A_2020",0,1,1,1,1,1,9,4,0,"1 -> 1 -> 1",FALSE,FALSE,"Currently enrolled"
100582,"A_2022",0,0,1,0,0,0,6,2,0,"1 -> 0 -> 0",TRUE,TRUE,"Not currently enrolled; completion or exit unknown"
100583,"A_2020",1,1,1,1,1,1,8,4,1,"1 -> 1 -> 1",FALSE,FALSE,"Currently enrolled"
100584,"A_2022",1,1,1,1,1,1,6,2,1,"1 -> 1 -> 1",FALSE,FALSE,"Currently enrolled"
100585,"A_2020",1,1,0,0,0,1,10,6,0,"0 -> 0 -> 0",FALSE,FALSE,"Currently enrolled"
100586,"A_2020",1,1,1,1,1,1,8,4,1,"1 -> 1 -> 1",FALSE,FALSE,"Currently enrolled"
100587,"A_2020",1,1,1,1,1,1,6,3,0,"1 -> 1 -> 1",FALSE,FALSE,"Currently enrolled"
100588,"B_2018",1,1,1,1,1,1,9,6,0,"1 -> 1 -> 1",FALSE,FALSE,"Currently enrolled"
100589,"A_2020",0,1,1,1,1,1,8,4,1,"1 -> 1 -> 1",FALSE,FALSE,"Currently enrolled"
100590,"A_2020",1,0,1,1,1,1,8,4,1,"1 -> 1 -> 1",FALSE,FALSE,"Currently enrolled"
100591,"A_2020",0,1,0,0,0,0,5,4,0,"0 -> 0 -> 0",FALSE,FALSE,"Not currently enrolled; completion or exit unknown"
100592,"A_2020",1,0,1,0,0,1,7,4,0,"1 -> 0 -> 0",TRUE,TRUE,"Currently enrolled"
100593,"A_2020",1,0,1,1,1,1,8,4,1,"1 -> 1 -> 1",FALSE,FALSE,"Currently enrolled"
100594,"A_2020",0,0,1,1,1,1,8,4,0,"1 -> 1 -> 1",FALSE,FALSE,"Currently enrolled"
100595,"A_2020",1,1,1,1,1,1,8,4,0,"1 -> 1 -> 1",FALSE,FALSE,"Currently enrolled"
100596,"B_2018",1,0,1,1,1,1,9,6,0,"1 -> 1 -> 1",FALSE,FALSE,"Currently enrolled"
100597,"A_2020",1,1,1,1,1,1,8,4,1,"1 -> 1 -> 1",FALSE,FALSE,"Currently enrolled"
100598,"A_2020",0,0,0,0,0,1,8,4,0,"0 -> 0 -> 0",FALSE,FALSE,"Currently enrolled"
100599,"A_2020",0,1,1,1,1,1,8,4,0,"1 -> 1 -> 1",FALSE,FALSE,"Currently enrolled"
100600,"A_2020",1,0,1,1,1,1,8,4,1,"1 -> 1 -> 1",FALSE,FALSE,"Currently enrolled"
100601,"A_2022",1,1,1,1,1,1,6,2,1,"1 -> 1 -> 1",FALSE,FALSE,"Currently enrolled"
100602,"A_2020",0,1,1,1,1,1,8,4,0,"1 -> 1 -> 1",FALSE,FALSE,"Currently enrolled"
100603,"A_2022",1,0,0,0,0,1,6,2,1,"0 -> 0 -> 0",FALSE,FALSE,"Currently enrolled"
100604,"A_2022",0,1,1,1,1,1,6,2,0,"1 -> 1 -> 1",FALSE,FALSE,"Currently enrolled"
100605,"A_2020",0,0,1,0,0,1,8,4,0,"1 -> 0 -> 0",TRUE,TRUE,"Currently enrolled"
100606,"B_2018",1,1,0,0,,,11,6,0,"0 -> 0 -> ?",FALSE,FALSE,"Enrollment unknown"
100607,"A_2020",0,1,1,1,0,1,7,5,0,"1 -> 1 -> 0",TRUE,TRUE,"Currently enrolled"
100608,"A_2020",0,1,1,1,1,1,8,4,0,"1 -> 1 -> 1",FALSE,FALSE,"Currently enrolled"
100609,"A_2020",0,1,1,1,0,1,8,4,0,"1 -> 1 -> 0",TRUE,TRUE,"Currently enrolled"
100610,"A_2020",1,1,1,0,0,0,6,1,0,"1 -> 0 -> 0",TRUE,TRUE,"Not currently enrolled; completion or exit unknown"
100611,"A_2022",1,0,1,1,1,1,6,2,1,"1 -> 1 -> 1",FALSE,FALSE,"Currently enrolled"
100612,"A_2020",1,0,1,1,1,1,8,4,1,"1 -> 1 -> 1",FALSE,FALSE,"Currently enrolled"
100613,"A_2022",1,0,1,1,1,1,6,2,1,"1 -> 1 -> 1",FALSE,FALSE,"Currently enrolled"
100614,"A_2022",0,1,1,0,0,1,6,3,0,"1 -> 0 -> 0",TRUE,TRUE,"Currently enrolled"
100615,"A_2022",0,0,1,1,0,1,7,2,0,"1 -> 1 -> 0",TRUE,TRUE,"Currently enrolled"
100616,"A_2020",1,1,1,1,1,1,8,4,1,"1 -> 1 -> 1",FALSE,FALSE,"Currently enrolled"
100617,"A_2020",0,0,1,1,1,1,8,4,1,"1 -> 1 -> 1",FALSE,FALSE,"Currently enrolled"
100618,"A_2020",0,1,1,1,1,1,8,4,0,"1 -> 1 -> 1",FALSE,FALSE,"Currently enrolled"
100619,"A_2020",0,0,1,0,0,1,7,4,0,"1 -> 0 -> 0",TRUE,TRUE,"Currently enrolled"
100620,"A_2020",0,1,1,1,0,1,8,4,0,"1 -> 1 -> 0",TRUE,TRUE,"Currently enrolled"
100621,"A_2020",1,1,1,1,0,0,7,2,0,"1 -> 1 -> 0",TRUE,TRUE,"Not currently enrolled; completion or exit unknown"
100622,"A_2020",1,1,1,0,0,1,8,4,0,"1 -> 0 -> 0",TRUE,TRUE,"Currently enrolled"
100623,"A_2020",1,1,1,1,0,0,7,3,0,"1 -> 1 -> 0",TRUE,TRUE,"Not currently enrolled; completion or exit unknown"
100624,"A_2020",1,0,1,1,1,1,8,4,1,"1 -> 1 -> 1",FALSE,FALSE,"Currently enrolled"
100625,"A_2022",0,1,1,1,0,1,7,2,0,"1 -> 1 -> 0",TRUE,TRUE,"Currently enrolled"
100626,"A_2022",1,1,1,1,1,1,6,3,1,"1 -> 1 -> 1",FALSE,FALSE,"Currently enrolled"
100627,"A_2020",0,0,1,1,1,1,8,4,1,"1 -> 1 -> 1",FALSE,FALSE,"Currently enrolled"
100628,"A_2022",1,1,1,1,1,1,6,2,1,"1 -> 1 -> 1",FALSE,FALSE,"Currently enrolled"
100629,"A_2020",0,1,1,1,1,1,9,4,0,"1 -> 1 -> 1",FALSE,FALSE,"Currently enrolled"
100630,"A_2020",0,1,1,0,0,0,6,2,0,"1 -> 0 -> 0",TRUE,TRUE,"Not currently enrolled; completion or exit unknown"
100631,"A_2020",0,1,1,1,1,1,8,4,0,"1 -> 1 -> 1",FALSE,FALSE,"Currently enrolled"
100632,"A_2020",1,0,1,1,1,1,8,4,0,"1 -> 1 -> 1",FALSE,FALSE,"Currently enrolled"
100633,"A_2020",0,0,1,1,1,1,8,4,0,"1 -> 1 -> 1",FALSE,FALSE,"Currently enrolled"
100634,"A_2020",0,0,1,0,0,1,6,4,0,"1 -> 0 -> 0",TRUE,TRUE,"Currently enrolled"
100635,"A_2020",1,1,1,1,1,1,9,4,1,"1 -> 1 -> 1",FALSE,FALSE,"Currently enrolled"
100636,"A_2020",0,1,1,1,0,1,8,4,0,"1 -> 1 -> 0",TRUE,TRUE,"Currently enrolled"
100637,"A_2020",1,1,1,0,0,0,6,1,0,"1 -> 0 -> 0",TRUE,TRUE,"Not currently enrolled; completion or exit unknown"
100638,"A_2020",0,1,0,0,0,1,9,6,0,"0 -> 0 -> 0",FALSE,FALSE,"Currently enrolled"
100639,"B_2018",1,1,0,0,0,1,9,6,0,"0 -> 0 -> 0",FALSE,FALSE,"Currently enrolled"
100640,"A_2020",0,1,1,1,1,1,7,3,0,"1 -> 1 -> 1",FALSE,FALSE,"Currently enrolled"
100641,"A_2020",1,1,1,1,1,1,8,4,1,"1 -> 1 -> 1",FALSE,FALSE,"Currently enrolled"
100642,"A_2020",1,1,1,1,1,1,8,4,1,"1 -> 1 -> 1",FALSE,FALSE,"Currently enrolled"
100643,"A_2020",0,0,1,1,1,1,8,4,0,"1 -> 1 -> 1",FALSE,FALSE,"Currently enrolled"
100644,"A_2020",0,0,1,0,0,1,6,3,1,"1 -> 0 -> 0",TRUE,TRUE,"Currently enrolled"
100645,"A_2020",0,1,1,1,1,1,8,4,1,"1 -> 1 -> 1",FALSE,FALSE,"Currently enrolled"
100646,"A_2020",1,1,1,1,1,1,9,4,1,"1 -> 1 -> 1",FALSE,FALSE,"Currently enrolled"
100647,"A_2020",0,0,0,0,1,1,6,3,0,"0 -> 0 -> 1",FALSE,FALSE,"Currently enrolled"
100648,"A_2020",0,0,1,1,1,1,8,4,0,"1 -> 1 -> 1",FALSE,FALSE,"Currently enrolled"
100649,"B_2018",1,0,1,1,1,1,9,6,1,"1 -> 1 -> 1",FALSE,FALSE,"Currently enrolled"
100650,"A_2020",0,1,1,1,0,1,8,4,0,"1 -> 1 -> 0",TRUE,TRUE,"Currently enrolled"
100651,"A_2022",0,1,1,1,1,1,6,2,0,"1 -> 1 -> 1",FALSE,FALSE,"Currently enrolled"
100652,"A_2020",1,0,1,1,1,1,8,4,1,"1 -> 1 -> 1",FALSE,FALSE,"Currently enrolled"
100653,"A_2020",0,1,1,0,0,0,6,3,0,"1 -> 0 -> 0",TRUE,TRUE,"Not currently enrolled; completion or exit unknown"
100654,"A_2022",1,1,1,1,1,1,6,2,0,"1 -> 1 -> 1",FALSE,FALSE,"Currently enrolled"
100655,"B_2018",1,1,1,1,0,1,9,6,0,"1 -> 1 -> 0",TRUE,TRUE,"Currently enrolled"
100656,"A_2020",1,0,1,0,0,0,6,3,0,"1 -> 0 -> 0",TRUE,TRUE,"Not currently enrolled; completion or exit unknown"
100657,"A_2022",1,0,1,1,1,1,6,2,1,"1 -> 1 -> 1",FALSE,FALSE,"Currently enrolled"
100658,"A_2020",1,1,1,1,1,1,8,4,1,"1 -> 1 -> 1",FALSE,FALSE,"Currently enrolled"
100659,"A_2020",1,0,1,1,1,1,8,4,1,"1 -> 1 -> 1",FALSE,FALSE,"Currently enrolled"
100660,"A_2020",0,0,1,1,0,1,7,4,0,"1 -> 1 -> 0",TRUE,TRUE,"Currently enrolled"
100661,"A_2020",1,1,1,1,1,1,8,4,1,"1 -> 1 -> 1",FALSE,FALSE,"Currently enrolled"
100662,"A_2020",1,1,1,1,1,1,8,4,1,"1 -> 1 -> 1",FALSE,FALSE,"Currently enrolled"
100663,"A_2020",1,1,1,1,1,1,8,4,1,"1 -> 1 -> 1",FALSE,FALSE,"Currently enrolled"
100664,"A_2022",1,0,1,1,1,1,6,2,1,"1 -> 1 -> 1",FALSE,FALSE,"Currently enrolled"
100665,"A_2020",1,1,1,1,1,1,8,4,1,"1 -> 1 -> 1",FALSE,FALSE,"Currently enrolled"
100666,"B_2018",0,0,1,1,0,0,8,3,0,"1 -> 1 -> 0",TRUE,TRUE,"Not currently enrolled; completion or exit unknown"
100667,"A_2020",1,1,1,1,1,1,8,4,0,"1 -> 1 -> 1",FALSE,FALSE,"Currently enrolled"
100668,"A_2020",0,1,1,1,1,1,6,3,0,"1 -> 1 -> 1",FALSE,FALSE,"Currently enrolled"
100669,"B_2018",1,0,1,1,0,0,9,5,0,"1 -> 1 -> 0",TRUE,TRUE,"Not currently enrolled; completion or exit unknown"
100670,"A_2020",1,0,1,1,1,1,8,4,1,"1 -> 1 -> 1",FALSE,FALSE,"Currently enrolled"
100671,"A_2020",1,1,1,1,1,1,8,4,1,"1 -> 1 -> 1",FALSE,FALSE,"Currently enrolled"
100672,"A_2020",1,0,1,1,1,1,8,4,1,"1 -> 1 -> 1",FALSE,FALSE,"Currently enrolled"
100673,"A_2022",1,1,1,1,1,1,6,2,1,"1 -> 1 -> 1",FALSE,FALSE,"Currently enrolled"
100674,"A_2020",0,1,1,1,0,1,8,4,0,"1 -> 1 -> 0",TRUE,TRUE,"Currently enrolled"
100675,"B_2018",0,0,1,1,0,1,9,6,0,"1 -> 1 -> 0",TRUE,TRUE,"Currently enrolled"
100676,"A_2020",0,1,,,0,0,5,0,0,"? -> ? -> 0",FALSE,FALSE,"Not currently enrolled; completion or exit unknown"
100677,"A_2022",1,1,1,0,0,0,5,1,0,"1 -> 0 -> 0",TRUE,TRUE,"Not currently enrolled; completion or exit unknown"
100678,"A_2020",0,1,0,0,0,0,6,2,0,"0 -> 0 -> 0",FALSE,FALSE,"Not currently enrolled; completion or exit unknown"
100679,"A_2020",1,1,1,1,1,1,8,4,1,"1 -> 1 -> 1",FALSE,FALSE,"Currently enrolled"
100680,"A_2020",0,0,1,1,1,1,8,4,0,"1 -> 1 -> 1",FALSE,FALSE,"Currently enrolled"
100681,"A_2020",1,1,0,0,0,1,7,3,0,"0 -> 0 -> 0",FALSE,FALSE,"Currently enrolled"
100682,"A_2022",1,0,1,0,0,0,6,1,0,"1 -> 0 -> 0",TRUE,TRUE,"Not currently enrolled; completion or exit unknown"
100683,"A_2020",1,1,1,1,1,1,8,4,1,"1 -> 1 -> 1",FALSE,FALSE,"Currently enrolled"
100684,"B_2018",0,0,1,1,1,1,9,6,0,"1 -> 1 -> 1",FALSE,FALSE,"Currently enrolled"
100685,"A_2020",1,1,1,1,1,1,8,4,1,"1 -> 1 -> 1",FALSE,FALSE,"Currently enrolled"
100686,"A_2020",1,0,1,1,0,1,7,4,0,"1 -> 1 -> 0",TRUE,TRUE,"Currently enrolled"
100687,"A_2022",1,0,1,1,1,1,7,2,1,"1 -> 1 -> 1",FALSE,FALSE,"Currently enrolled"
100688,"A_2020",0,1,1,0,0,1,8,4,0,"1 -> 0 -> 0",TRUE,TRUE,"Currently enrolled"
100689,"A_2022",1,0,1,1,1,1,6,2,1,"1 -> 1 -> 1",FALSE,FALSE,"Currently enrolled"
100690,"B_2018",0,0,0,0,0,1,9,6,0,"0 -> 0 -> 0",FALSE,FALSE,"Currently enrolled"
100691,"A_2020",1,1,1,1,0,0,8,3,0,"1 -> 1 -> 0",TRUE,TRUE,"Not currently enrolled; completion or exit unknown"
100692,"A_2020",1,1,1,1,0,1,8,4,0,"1 -> 1 -> 0",TRUE,TRUE,"Currently enrolled"
100693,"A_2020",0,0,1,0,0,0,6,1,0,"1 -> 0 -> 0",TRUE,TRUE,"Not currently enrolled; completion or exit unknown"
100694,"A_2020",0,1,1,1,1,1,8,4,0,"1 -> 1 -> 1",FALSE,FALSE,"Currently enrolled"
100695,"A_2020",1,1,1,0,0,0,6,2,0,"1 -> 0 -> 0",TRUE,TRUE,"Not currently enrolled; completion or exit unknown"
100696,"A_2020",1,1,1,1,0,1,7,4,0,"1 -> 1 -> 0",TRUE,TRUE,"Currently enrolled"
100697,"A_2020",1,1,1,1,1,1,8,4,1,"1 -> 1 -> 1",FALSE,FALSE,"Currently enrolled"
100698,"A_2020",0,0,1,1,1,1,5,4,0,"1 -> 1 -> 1",FALSE,FALSE,"Currently enrolled"
100699,"A_2020",0,0,1,1,1,1,8,4,0,"1 -> 1 -> 1",FALSE,FALSE,"Currently enrolled"
100700,"A_2020",1,0,1,1,1,1,8,4,1,"1 -> 1 -> 1",FALSE,FALSE,"Currently enrolled"
100701,"A_2020",0,0,1,1,0,0,8,3,0,"1 -> 1 -> 0",TRUE,TRUE,"Not currently enrolled; completion or exit unknown"
100702,"A_2022",1,1,1,1,1,1,7,3,1,"1 -> 1 -> 1",FALSE,FALSE,"Currently enrolled"
100703,"A_2020",1,1,1,1,1,1,8,4,1,"1 -> 1 -> 1",FALSE,FALSE,"Currently enrolled"
100704,"A_2020",1,0,1,1,0,0,11,3,0,"1 -> 1 -> 0",TRUE,TRUE,"Not currently enrolled; completion or exit unknown"
100705,"A_2020",1,0,1,1,1,1,7,4,0,"1 -> 1 -> 1",FALSE,FALSE,"Currently enrolled"
100706,"A_2020",1,1,1,1,0,1,10,6,0,"1 -> 1 -> 0",TRUE,TRUE,"Currently enrolled"
100707,"A_2020",1,0,1,1,1,1,8,4,1,"1 -> 1 -> 1",FALSE,FALSE,"Currently enrolled"
100708,"A_2020",1,0,1,1,1,1,8,4,1,"1 -> 1 -> 1",FALSE,FALSE,"Currently enrolled"
100709,"B_2018",0,1,0,0,0,0,11,6,0,"0 -> 0 -> 0",FALSE,FALSE,"Not currently enrolled; completion or exit unknown"
100710,"A_2020",0,0,1,0,0,1,8,4,0,"1 -> 0 -> 0",TRUE,TRUE,"Currently enrolled"
100711,"A_2020",1,0,1,1,1,1,8,4,1,"1 -> 1 -> 1",FALSE,FALSE,"Currently enrolled"
100712,"A_2020",1,0,0,1,1,1,8,5,1,"0 -> 1 -> 1",FALSE,FALSE,"Currently enrolled"
100713,"A_2022",0,1,1,1,1,1,6,2,0,"1 -> 1 -> 1",FALSE,FALSE,"Currently enrolled"
100714,"A_2020",0,1,1,1,1,1,8,4,0,"1 -> 1 -> 1",FALSE,FALSE,"Currently enrolled"
100715,"A_2020",1,0,1,1,0,1,7,4,0,"1 -> 1 -> 0",TRUE,TRUE,"Currently enrolled"
100716,"A_2020",0,1,1,1,0,1,8,4,0,"1 -> 1 -> 0",TRUE,TRUE,"Currently enrolled"
100717,"B_2018",1,0,1,1,1,1,9,6,1,"1 -> 1 -> 1",FALSE,FALSE,"Currently enrolled"
100718,"A_2020",0,1,1,1,1,1,8,4,0,"1 -> 1 -> 1",FALSE,FALSE,"Currently enrolled"
100719,"A_2020",0,1,1,1,1,1,6,4,0,"1 -> 1 -> 1",FALSE,FALSE,"Currently enrolled"
100720,"B_2018",0,1,1,1,1,1,9,6,0,"1 -> 1 -> 1",FALSE,FALSE,"Currently enrolled"
100721,"A_2020",0,1,1,1,1,1,8,4,0,"1 -> 1 -> 1",FALSE,FALSE,"Currently enrolled"
100722,"A_2020",1,0,1,1,1,1,8,4,1,"1 -> 1 -> 1",FALSE,FALSE,"Currently enrolled"
100723,"A_2020",1,1,1,1,0,0,7,3,0,"1 -> 1 -> 0",TRUE,TRUE,"Not currently enrolled; completion or exit unknown"
100724,"A_2020",0,1,1,1,1,1,8,4,1,"1 -> 1 -> 1",FALSE,FALSE,"Currently enrolled"
100725,"A_2020",0,1,1,1,1,1,8,4,0,"1 -> 1 -> 1",FALSE,FALSE,"Currently enrolled"
100726,"A_2020",1,1,1,1,1,1,8,4,1,"1 -> 1 -> 1",FALSE,FALSE,"Currently enrolled"
100727,"A_2020",0,1,0,0,0,1,8,4,0,"0 -> 0 -> 0",FALSE,FALSE,"Currently enrolled"
100728,"A_2020",0,0,1,1,1,1,8,4,0,"1 -> 1 -> 1",FALSE,FALSE,"Currently enrolled"
100729,"A_2020",0,0,1,1,1,1,8,4,0,"1 -> 1 -> 1",FALSE,FALSE,"Currently enrolled"
100730,"A_2020",0,1,0,0,1,1,7,4,0,"0 -> 0 -> 1",FALSE,FALSE,"Currently enrolled"
100731,"A_2020",1,0,1,1,0,0,6,3,0,"1 -> 1 -> 0",TRUE,TRUE,"Not currently enrolled; completion or exit unknown"
100732,"B_2018",1,0,1,1,0,0,7,2,0,"1 -> 1 -> 0",TRUE,TRUE,"Not currently enrolled; completion or exit unknown"
100733,"A_2020",1,0,1,0,0,1,6,3,0,"1 -> 0 -> 0",TRUE,TRUE,"Currently enrolled"
100734,"A_2022",1,0,1,1,,1,6,2,1,"1 -> 1 -> ?",FALSE,FALSE,"Currently enrolled"
100735,"A_2020",0,0,1,1,0,0,6,2,0,"1 -> 1 -> 0",TRUE,TRUE,"Not currently enrolled; completion or exit unknown"
100736,"A_2020",1,0,1,1,0,0,11,3,0,"1 -> 1 -> 0",TRUE,TRUE,"Not currently enrolled; completion or exit unknown"
100737,"A_2020",1,0,1,1,1,1,8,4,1,"1 -> 1 -> 1",FALSE,FALSE,"Currently enrolled"
100738,"A_2022",0,0,1,1,1,1,6,2,0,"1 -> 1 -> 1",FALSE,FALSE,"Currently enrolled"
100739,"A_2020",0,1,1,0,0,1,7,4,0,"1 -> 0 -> 0",TRUE,TRUE,"Currently enrolled"
100740,"A_2020",1,0,1,1,1,1,8,4,1,"1 -> 1 -> 1",FALSE,FALSE,"Currently enrolled"
100741,"A_2020",0,0,1,0,0,1,8,4,0,"1 -> 0 -> 0",TRUE,TRUE,"Currently enrolled"
100742,"A_2020",0,0,1,1,1,1,9,4,0,"1 -> 1 -> 1",FALSE,FALSE,"Currently enrolled"
100743,"A_2020",1,0,1,1,1,1,7,4,0,"1 -> 1 -> 1",FALSE,FALSE,"Currently enrolled"
100744,"A_2020",1,1,1,1,1,1,8,4,1,"1 -> 1 -> 1",FALSE,FALSE,"Currently enrolled"
100745,"A_2020",0,1,1,1,1,1,8,4,0,"1 -> 1 -> 1",FALSE,FALSE,"Currently enrolled"
100746,"A_2020",1,0,1,0,1,1,8,2,1,"1 -> 0 -> 1",FALSE,FALSE,"Currently enrolled"
100747,"A_2020",1,0,1,1,1,1,8,4,1,"1 -> 1 -> 1",FALSE,FALSE,"Currently enrolled"
100748,"A_2020",0,0,1,1,1,1,8,4,0,"1 -> 1 -> 1",FALSE,FALSE,"Currently enrolled"
100749,"A_2020",1,1,1,1,1,1,8,4,1,"1 -> 1 -> 1",FALSE,FALSE,"Currently enrolled"
100750,"A_2020",1,0,1,0,0,1,7,4,0,"1 -> 0 -> 0",TRUE,TRUE,"Currently enrolled"
100751,"A_2020",0,1,1,1,1,1,8,4,0,"1 -> 1 -> 1",FALSE,FALSE,"Currently enrolled"
100752,"A_2020",1,0,1,1,0,0,8,3,0,"1 -> 1 -> 0",TRUE,TRUE,"Not currently enrolled; completion or exit unknown"
100753,"A_2020",1,1,1,1,1,1,8,4,1,"1 -> 1 -> 1",FALSE,FALSE,"Currently enrolled"
100754,"A_2020",1,0,1,1,1,1,7,4,0,"1 -> 1 -> 1",FALSE,FALSE,"Currently enrolled"
100755,"A_2020",1,1,1,1,1,1,8,4,1,"1 -> 1 -> 1",FALSE,FALSE,"Currently enrolled"
100756,"A_2020",1,1,1,1,1,1,7,4,0,"1 -> 1 -> 1",FALSE,FALSE,"Currently enrolled"
100757,"A_2020",1,1,1,1,1,1,8,4,1,"1 -> 1 -> 1",FALSE,FALSE,"Currently enrolled"
100758,"B_2018",0,1,1,1,1,1,9,6,0,"1 -> 1 -> 1",FALSE,FALSE,"Currently enrolled"
100759,"A_2020",0,1,,,,1,8,1,0,"? -> ? -> ?",FALSE,FALSE,"Currently enrolled"
100760,"A_2020",0,0,1,0,0,1,7,3,0,"1 -> 0 -> 0",TRUE,TRUE,"Currently enrolled"
100761,"B_2018",1,1,1,1,1,1,7,6,0,"1 -> 1 -> 1",FALSE,FALSE,"Currently enrolled"
100762,"A_2020",1,0,1,0,1,1,7,3,0,"1 -> 0 -> 1",FALSE,FALSE,"Currently enrolled"
100763,"B_2018",0,1,0,0,0,1,9,6,0,"0 -> 0 -> 0",FALSE,FALSE,"Currently enrolled"
100764,"A_2020",1,0,1,1,1,1,8,4,1,"1 -> 1 -> 1",FALSE,FALSE,"Currently enrolled"
100765,"A_2022",0,1,1,0,0,1,6,2,0,"1 -> 0 -> 0",TRUE,TRUE,"Currently enrolled"
100766,"A_2020",0,1,1,1,1,1,8,4,0,"1 -> 1 -> 1",FALSE,FALSE,"Currently enrolled"
100767,"A_2020",0,1,1,1,1,1,8,4,0,"1 -> 1 -> 1",FALSE,FALSE,"Currently enrolled"
100768,"A_2020",0,0,0,0,1,1,8,4,0,"0 -> 0 -> 1",FALSE,FALSE,"Currently enrolled"
100769,"A_2020",0,1,1,1,0,0,11,3,0,"1 -> 1 -> 0",TRUE,TRUE,"Not currently enrolled; completion or exit unknown"
100770,"A_2020",1,1,1,1,1,1,8,4,1,"1 -> 1 -> 1",FALSE,FALSE,"Currently enrolled"
100771,"A_2020",1,0,1,1,0,0,8,3,0,"1 -> 1 -> 0",TRUE,TRUE,"Not currently enrolled; completion or exit unknown"
100772,"A_2022",0,1,1,0,0,1,6,2,0,"1 -> 0 -> 0",TRUE,TRUE,"Currently enrolled"
100773,"B_2018",0,1,0,1,1,1,9,6,0,"0 -> 1 -> 1",FALSE,FALSE,"Currently enrolled"
100774,"A_2020",1,0,1,1,1,1,8,4,1,"1 -> 1 -> 1",FALSE,FALSE,"Currently enrolled"
100775,"A_2020",0,0,1,1,1,1,8,4,0,"1 -> 1 -> 1",FALSE,FALSE,"Currently enrolled"
100776,"A_2022",1,1,1,1,1,1,6,2,1,"1 -> 1 -> 1",FALSE,FALSE,"Currently enrolled"
100777,"A_2020",1,0,1,1,1,1,8,4,1,"1 -> 1 -> 1",FALSE,FALSE,"Currently enrolled"
100778,"A_2020",0,1,1,1,0,1,8,4,0,"1 -> 1 -> 0",TRUE,TRUE,"Currently enrolled"
100779,"A_2022",0,0,1,1,1,1,6,2,0,"1 -> 1 -> 1",FALSE,FALSE,"Currently enrolled"
100780,"A_2020",0,1,1,1,1,1,8,4,1,"1 -> 1 -> 1",FALSE,FALSE,"Currently enrolled"
100781,"A_2020",1,0,1,1,1,1,8,4,1,"1 -> 1 -> 1",FALSE,FALSE,"Currently enrolled"
100782,"A_2020",1,0,1,1,1,1,8,4,1,"1 -> 1 -> 1",FALSE,FALSE,"Currently enrolled"
100783,"A_2022",1,1,1,1,1,1,6,2,1,"1 -> 1 -> 1",FALSE,FALSE,"Currently enrolled"
100784,"A_2022",1,0,1,1,1,1,6,2,1,"1 -> 1 -> 1",FALSE,FALSE,"Currently enrolled"
100785,"A_2020",0,0,1,0,0,1,8,4,0,"1 -> 0 -> 0",TRUE,TRUE,"Currently enrolled"
100786,"A_2020",1,0,1,1,1,1,8,4,0,"1 -> 1 -> 1",FALSE,FALSE,"Currently enrolled"
100787,"A_2020",1,1,1,1,1,1,8,4,0,"1 -> 1 -> 1",FALSE,FALSE,"Currently enrolled"
100788,"A_2020",0,0,1,1,0,1,8,4,0,"1 -> 1 -> 0",TRUE,TRUE,"Currently enrolled"
100789,"B_2018",0,1,0,0,0,0,5,2,0,"0 -> 0 -> 0",FALSE,FALSE,"Not currently enrolled; completion or exit unknown"
100790,"A_2020",0,1,1,0,1,1,6,3,0,"1 -> 0 -> 1",FALSE,FALSE,"Currently enrolled"
100791,"A_2020",0,0,1,1,1,1,8,4,0,"1 -> 1 -> 1",FALSE,FALSE,"Currently enrolled"
100792,"A_2020",1,1,1,1,0,0,6,2,0,"1 -> 1 -> 0",TRUE,TRUE,"Not currently enrolled; completion or exit unknown"
100793,"A_2020",1,0,1,1,1,1,8,4,0,"1 -> 1 -> 1",FALSE,FALSE,"Currently enrolled"
100794,"A_2020",1,1,1,0,0,0,6,1,0,"1 -> 0 -> 0",TRUE,TRUE,"Not currently enrolled; completion or exit unknown"
100795,"A_2020",1,0,1,1,1,1,8,4,1,"1 -> 1 -> 1",FALSE,FALSE,"Currently enrolled"
100796,"A_2022",0,1,1,1,1,1,6,2,0,"1 -> 1 -> 1",FALSE,FALSE,"Currently enrolled"
100797,"A_2020",0,0,1,1,1,1,8,4,0,"1 -> 1 -> 1",FALSE,FALSE,"Currently enrolled"
100798,"A_2020",0,1,1,1,1,1,8,4,0,"1 -> 1 -> 1",FALSE,FALSE,"Currently enrolled"
100799,"B_2018",1,0,1,1,0,0,8,3,0,"1 -> 1 -> 0",TRUE,TRUE,"Not currently enrolled; completion or exit unknown"
100800,"A_2020",0,0,1,1,1,1,8,4,0,"1 -> 1 -> 1",FALSE,FALSE,"Currently enrolled"
100801,"B_2018",0,0,0,0,0,1,9,6,0,"0 -> 0 -> 0",FALSE,FALSE,"Currently enrolled"
100802,"A_2022",1,0,1,1,1,1,6,2,0,"1 -> 1 -> 1",FALSE,FALSE,"Currently enrolled"
100803,"B_2018",0,0,0,0,0,1,9,6,0,"0 -> 0 -> 0",FALSE,FALSE,"Currently enrolled"
100804,"A_2020",1,0,0,0,0,1,8,4,0,"0 -> 0 -> 0",FALSE,FALSE,"Currently enrolled"
100805,"A_2020",1,0,1,1,1,1,8,4,1,"1 -> 1 -> 1",FALSE,FALSE,"Currently enrolled"
100806,"A_2020",0,1,1,1,1,1,8,4,0,"1 -> 1 -> 1",FALSE,FALSE,"Currently enrolled"
100807,"A_2020",0,1,,,,,5,0,0,"? -> ? -> ?",FALSE,FALSE,"Enrollment unknown"
100808,"A_2020",0,0,1,1,1,1,6,2,0,"1 -> 1 -> 1",FALSE,FALSE,"Currently enrolled"
100809,"A_2020",1,0,1,1,1,1,9,4,0,"1 -> 1 -> 1",FALSE,FALSE,"Currently enrolled"
100810,"A_2020",0,0,1,0,0,0,9,3,0,"1 -> 0 -> 0",TRUE,TRUE,"Not currently enrolled; completion or exit unknown"
100811,"A_2020",0,0,1,1,0,1,7,4,0,"1 -> 1 -> 0",TRUE,TRUE,"Currently enrolled"
100812,"A_2020",1,1,1,1,1,1,7,4,0,"1 -> 1 -> 1",FALSE,FALSE,"Currently enrolled"
100813,"A_2022",1,0,1,0,0,1,6,2,0,"1 -> 0 -> 0",TRUE,TRUE,"Currently enrolled"
100814,"A_2020",0,0,1,1,1,1,8,5,0,"1 -> 1 -> 1",FALSE,FALSE,"Currently enrolled"
100815,"A_2020",1,0,1,1,1,1,8,4,1,"1 -> 1 -> 1",FALSE,FALSE,"Currently enrolled"
100816,"A_2022",1,1,1,1,1,1,6,2,1,"1 -> 1 -> 1",FALSE,FALSE,"Currently enrolled"
100817,"A_2020",0,0,1,1,1,1,8,4,0,"1 -> 1 -> 1",FALSE,FALSE,"Currently enrolled"
100818,"A_2020",1,0,1,1,1,1,8,4,1,"1 -> 1 -> 1",FALSE,FALSE,"Currently enrolled"
100819,"A_2020",1,0,1,1,1,1,8,4,1,"1 -> 1 -> 1",FALSE,FALSE,"Currently enrolled"
100820,"A_2020",1,1,1,1,1,1,8,4,1,"1 -> 1 -> 1",FALSE,FALSE,"Currently enrolled"
100821,"A_2022",0,1,1,0,0,1,6,2,0,"1 -> 0 -> 0",TRUE,TRUE,"Currently enrolled"
100822,"A_2020",0,1,1,0,0,0,7,2,0,"1 -> 0 -> 0",TRUE,TRUE,"Not currently enrolled; completion or exit unknown"
100823,"B_2018",1,0,0,0,0,0,8,3,0,"0 -> 0 -> 0",FALSE,FALSE,"Not currently enrolled; completion or exit unknown"
100824,"A_2020",0,1,1,1,0,1,8,4,0,"1 -> 1 -> 0",TRUE,TRUE,"Currently enrolled"
100825,"B_2018",1,1,0,0,0,0,7,2,0,"0 -> 0 -> 0",FALSE,FALSE,"Not currently enrolled; completion or exit unknown"
100826,"A_2020",0,1,1,1,0,1,7,3,0,"1 -> 1 -> 0",TRUE,TRUE,"Currently enrolled"
100827,"B_2018",1,0,1,1,1,1,8,6,0,"1 -> 1 -> 1",FALSE,FALSE,"Currently enrolled"
100828,"A_2020",0,0,1,1,1,1,8,4,0,"1 -> 1 -> 1",FALSE,FALSE,"Currently enrolled"
100829,"A_2022",0,0,1,1,1,1,7,2,0,"1 -> 1 -> 1",FALSE,FALSE,"Currently enrolled"
100830,"A_2022",1,0,1,1,1,1,6,2,1,"1 -> 1 -> 1",FALSE,FALSE,"Currently enrolled"
100831,"A_2020",1,1,0,0,1,1,8,4,1,"0 -> 0 -> 1",FALSE,FALSE,"Currently enrolled"
100832,"A_2020",0,0,1,1,1,1,8,4,1,"1 -> 1 -> 1",FALSE,FALSE,"Currently enrolled"
100833,"A_2022",1,1,1,1,1,1,6,2,0,"1 -> 1 -> 1",FALSE,FALSE,"Currently enrolled"
100834,"A_2020",0,0,1,1,0,0,7,3,0,"1 -> 1 -> 0",TRUE,TRUE,"Not currently enrolled; completion or exit unknown"
100835,"A_2020",1,1,1,1,1,1,8,4,1,"1 -> 1 -> 1",FALSE,FALSE,"Currently enrolled"
100836,"A_2022",1,1,1,1,1,1,6,3,0,"1 -> 1 -> 1",FALSE,FALSE,"Currently enrolled"
100837,"A_2022",0,1,0,0,0,1,6,2,0,"0 -> 0 -> 0",FALSE,FALSE,"Currently enrolled"
100838,"A_2022",0,1,1,1,1,1,6,2,0,"1 -> 1 -> 1",FALSE,FALSE,"Currently enrolled"
100839,"A_2020",0,1,1,1,1,1,8,4,0,"1 -> 1 -> 1",FALSE,FALSE,"Currently enrolled"
100840,"A_2020",1,0,1,1,1,1,8,4,0,"1 -> 1 -> 1",FALSE,FALSE,"Currently enrolled"
100841,"B_2018",0,1,1,0,1,1,7,5,0,"1 -> 0 -> 1",FALSE,FALSE,"Currently enrolled"
100842,"A_2020",1,0,1,1,1,1,8,4,1,"1 -> 1 -> 1",FALSE,FALSE,"Currently enrolled"
100843,"A_2020",0,0,1,1,1,1,8,4,0,"1 -> 1 -> 1",FALSE,FALSE,"Currently enrolled"
100844,"A_2020",1,1,1,1,1,1,8,4,1,"1 -> 1 -> 1",FALSE,FALSE,"Currently enrolled"
100845,"A_2020",1,1,1,1,1,1,8,4,1,"1 -> 1 -> 1",FALSE,FALSE,"Currently enrolled"
100846,"A_2022",1,0,1,1,1,1,6,2,0,"1 -> 1 -> 1",FALSE,FALSE,"Currently enrolled"
100847,"B_2018",1,1,1,0,0,1,7,4,0,"1 -> 0 -> 0",TRUE,TRUE,"Currently enrolled"
100848,"A_2020",0,1,1,1,1,1,8,4,0,"1 -> 1 -> 1",FALSE,FALSE,"Currently enrolled"
100849,"A_2022",0,0,0,0,0,1,6,2,0,"0 -> 0 -> 0",FALSE,FALSE,"Currently enrolled"
100850,"B_2018",1,0,1,1,1,1,9,6,1,"1 -> 1 -> 1",FALSE,FALSE,"Currently enrolled"
100851,"A_2020",1,1,1,1,0,0,8,3,0,"1 -> 1 -> 0",TRUE,TRUE,"Not currently enrolled; completion or exit unknown"
100852,"A_2020",1,0,1,1,1,1,8,3,1,"1 -> 1 -> 1",FALSE,FALSE,"Currently enrolled"
100853,"A_2020",1,1,1,1,1,1,8,4,1,"1 -> 1 -> 1",FALSE,FALSE,"Currently enrolled"
100854,"A_2020",1,0,1,1,1,1,9,4,0,"1 -> 1 -> 1",FALSE,FALSE,"Currently enrolled"
100855,"A_2020",0,1,1,1,1,1,6,4,0,"1 -> 1 -> 1",FALSE,FALSE,"Currently enrolled"
100856,"A_2020",0,0,0,0,0,1,8,4,0,"0 -> 0 -> 0",FALSE,FALSE,"Currently enrolled"
100857,"A_2020",0,0,1,1,1,1,8,4,0,"1 -> 1 -> 1",FALSE,FALSE,"Currently enrolled"
100858,"A_2020",1,1,1,1,1,1,8,4,1,"1 -> 1 -> 1",FALSE,FALSE,"Currently enrolled"
100859,"A_2020",0,1,0,0,0,1,8,4,0,"0 -> 0 -> 0",FALSE,FALSE,"Currently enrolled"
100860,"B_2018",0,0,0,0,0,0,7,3,0,"0 -> 0 -> 0",FALSE,FALSE,"Not currently enrolled; completion or exit unknown"
100861,"A_2020",0,0,1,1,1,1,8,4,0,"1 -> 1 -> 1",FALSE,FALSE,"Currently enrolled"
100862,"A_2020",0,1,0,0,0,1,8,4,0,"0 -> 0 -> 0",FALSE,FALSE,"Currently enrolled"
100863,"A_2022",0,1,1,0,0,1,5,2,0,"1 -> 0 -> 0",TRUE,TRUE,"Currently enrolled"
100864,"A_2020",1,1,1,1,0,1,8,4,0,"1 -> 1 -> 0",TRUE,TRUE,"Currently enrolled"
100865,"A_2020",1,0,1,1,1,1,8,4,1,"1 -> 1 -> 1",FALSE,FALSE,"Currently enrolled"
100866,"A_2020",0,1,0,0,0,0,6,2,0,"0 -> 0 -> 0",FALSE,FALSE,"Not currently enrolled; completion or exit unknown"
100867,"A_2022",0,0,1,1,1,1,7,3,0,"1 -> 1 -> 1",FALSE,FALSE,"Currently enrolled"
100868,"A_2020",1,0,1,1,0,0,8,3,0,"1 -> 1 -> 0",TRUE,TRUE,"Not currently enrolled; completion or exit unknown"
100869,"A_2020",1,1,1,1,1,1,8,4,1,"1 -> 1 -> 1",FALSE,FALSE,"Currently enrolled"
100870,"A_2022",1,0,1,1,1,1,6,2,0,"1 -> 1 -> 1",FALSE,FALSE,"Currently enrolled"
100871,"A_2020",0,1,1,1,1,1,8,4,0,"1 -> 1 -> 1",FALSE,FALSE,"Currently enrolled"
100872,"B_2018",0,0,1,1,1,1,9,6,0,"1 -> 1 -> 1",FALSE,FALSE,"Currently enrolled"
100873,"A_2020",1,1,1,1,1,1,7,4,0,"1 -> 1 -> 1",FALSE,FALSE,"Currently enrolled"
100874,"A_2020",1,0,1,1,0,1,9,4,0,"1 -> 1 -> 0",TRUE,TRUE,"Currently enrolled"
100875,"A_2020",1,0,1,1,0,0,7,2,0,"1 -> 1 -> 0",TRUE,TRUE,"Not currently enrolled; completion or exit unknown"
100876,"A_2020",0,1,1,1,0,0,8,3,0,"1 -> 1 -> 0",TRUE,TRUE,"Not currently enrolled; completion or exit unknown"
100877,"A_2020",0,0,1,1,1,1,8,4,0,"1 -> 1 -> 1",FALSE,FALSE,"Currently enrolled"
100878,"A_2020",1,1,1,1,1,1,9,5,0,"1 -> 1 -> 1",FALSE,FALSE,"Currently enrolled"
100879,"A_2020",1,0,1,1,1,1,8,4,1,"1 -> 1 -> 1",FALSE,FALSE,"Currently enrolled"
100880,"A_2020",0,0,1,1,1,1,8,4,0,"1 -> 1 -> 1",FALSE,FALSE,"Currently enrolled"
100881,"B_2018",1,0,1,1,1,1,9,6,1,"1 -> 1 -> 1",FALSE,FALSE,"Currently enrolled"
100882,"A_2020",0,1,1,1,0,1,8,4,0,"1 -> 1 -> 0",TRUE,TRUE,"Currently enrolled"
100883,"A_2020",1,1,1,1,1,1,8,4,1,"1 -> 1 -> 1",FALSE,FALSE,"Currently enrolled"
100884,"A_2020",1,0,1,1,0,0,7,3,0,"1 -> 1 -> 0",TRUE,TRUE,"Not currently enrolled; completion or exit unknown"
100885,"A_2020",1,0,1,1,0,1,7,4,0,"1 -> 1 -> 0",TRUE,TRUE,"Currently enrolled"
100886,"A_2020",1,1,1,1,1,1,8,4,1,"1 -> 1 -> 1",FALSE,FALSE,"Currently enrolled"
100887,"A_2020",1,0,0,0,0,1,8,4,1,"0 -> 0 -> 0",FALSE,FALSE,"Currently enrolled"
100888,"A_2020",0,0,1,1,1,1,8,5,0,"1 -> 1 -> 1",FALSE,FALSE,"Currently enrolled"
100889,"A_2022",1,1,1,1,1,1,6,2,1,"1 -> 1 -> 1",FALSE,FALSE,"Currently enrolled"
100890,"A_2020",0,0,1,1,1,1,8,4,0,"1 -> 1 -> 1",FALSE,FALSE,"Currently enrolled"
100891,"A_2022",0,1,1,1,0,1,7,2,0,"1 -> 1 -> 0",TRUE,TRUE,"Currently enrolled"
100892,"A_2022",1,0,1,1,1,1,6,2,1,"1 -> 1 -> 1",FALSE,FALSE,"Currently enrolled"
100893,"A_2020",0,1,1,0,0,1,7,4,0,"1 -> 0 -> 0",TRUE,TRUE,"Currently enrolled"
100894,"A_2020",1,0,1,1,1,1,8,4,1,"1 -> 1 -> 1",FALSE,FALSE,"Currently enrolled"
100895,"A_2020",1,1,1,1,1,1,8,4,1,"1 -> 1 -> 1",FALSE,FALSE,"Currently enrolled"
100896,"A_2020",0,0,1,1,1,1,9,6,0,"1 -> 1 -> 1",FALSE,FALSE,"Currently enrolled"
100897,"A_2020",1,0,1,1,1,1,8,4,1,"1 -> 1 -> 1",FALSE,FALSE,"Currently enrolled"
100898,"A_2020",1,1,1,1,1,1,8,4,1,"1 -> 1 -> 1",FALSE,FALSE,"Currently enrolled"
100899,"B_2018",1,0,1,1,0,1,9,5,0,"1 -> 1 -> 0",TRUE,TRUE,"Currently enrolled"
100900,"A_2022",0,0,0,1,1,1,6,3,0,"0 -> 1 -> 1",FALSE,FALSE,"Currently enrolled"
100901,"A_2020",1,0,1,1,1,1,8,4,1,"1 -> 1 -> 1",FALSE,FALSE,"Currently enrolled"
100902,"A_2020",0,0,1,1,1,1,8,4,0,"1 -> 1 -> 1",FALSE,FALSE,"Currently enrolled"
100903,"A_2020",0,0,1,1,0,0,8,3,0,"1 -> 1 -> 0",TRUE,TRUE,"Not currently enrolled; completion or exit unknown"
100904,"B_2018",1,0,1,1,1,1,9,6,1,"1 -> 1 -> 1",FALSE,FALSE,"Currently enrolled"
100905,"A_2020",0,0,1,1,1,1,8,4,0,"1 -> 1 -> 1",FALSE,FALSE,"Currently enrolled"
100906,"A_2020",1,0,1,1,1,1,8,5,1,"1 -> 1 -> 1",FALSE,FALSE,"Currently enrolled"
100907,"A_2020",0,0,1,1,1,1,8,4,0,"1 -> 1 -> 1",FALSE,FALSE,"Currently enrolled"
100908,"A_2022",0,1,1,1,1,1,6,2,0,"1 -> 1 -> 1",FALSE,FALSE,"Currently enrolled"
100909,"A_2022",0,0,0,0,0,1,6,2,0,"0 -> 0 -> 0",FALSE,FALSE,"Currently enrolled"
100910,"A_2022",1,1,0,1,1,1,6,3,0,"0 -> 1 -> 1",FALSE,FALSE,"Currently enrolled"
100911,"A_2022",0,1,1,1,1,1,7,3,0,"1 -> 1 -> 1",FALSE,FALSE,"Currently enrolled"
100912,"A_2022",1,1,1,1,1,1,6,2,1,"1 -> 1 -> 1",FALSE,FALSE,"Currently enrolled"
100913,"A_2020",1,1,1,1,1,1,8,4,1,"1 -> 1 -> 1",FALSE,FALSE,"Currently enrolled"
100914,"B_2018",1,0,1,1,1,1,9,6,1,"1 -> 1 -> 1",FALSE,FALSE,"Currently enrolled"
100915,"A_2022",1,1,1,1,1,1,6,2,1,"1 -> 1 -> 1",FALSE,FALSE,"Currently enrolled"
100916,"A_2020",1,1,1,1,1,1,8,4,1,"1 -> 1 -> 1",FALSE,FALSE,"Currently enrolled"
100917,"A_2020",1,1,1,1,0,1,7,4,0,"1 -> 1 -> 0",TRUE,TRUE,"Currently enrolled"
100918,"A_2020",0,0,1,1,1,1,8,5,0,"1 -> 1 -> 1",FALSE,FALSE,"Currently enrolled"
100919,"A_2020",0,0,1,1,1,1,8,4,0,"1 -> 1 -> 1",FALSE,FALSE,"Currently enrolled"
100920,"A_2020",1,1,1,1,0,0,6,2,0,"1 -> 1 -> 0",TRUE,TRUE,"Not currently enrolled; completion or exit unknown"
100921,"A_2020",1,0,1,1,1,1,8,4,1,"1 -> 1 -> 1",FALSE,FALSE,"Currently enrolled"
100922,"A_2020",0,1,1,1,1,1,8,4,0,"1 -> 1 -> 1",FALSE,FALSE,"Currently enrolled"
100923,"A_2022",1,0,1,1,1,1,6,2,1,"1 -> 1 -> 1",FALSE,FALSE,"Currently enrolled"
100924,"A_2020",1,1,1,0,0,1,8,4,0,"1 -> 0 -> 0",TRUE,TRUE,"Currently enrolled"
100925,"A_2020",1,0,1,0,0,1,8,4,0,"1 -> 0 -> 0",TRUE,TRUE,"Currently enrolled"
100926,"A_2020",1,0,1,1,1,1,8,4,1,"1 -> 1 -> 1",FALSE,FALSE,"Currently enrolled"
100927,"A_2022",1,1,1,1,1,1,6,2,1,"1 -> 1 -> 1",FALSE,FALSE,"Currently enrolled"
100928,"A_2020",0,0,1,1,0,1,8,4,0,"1 -> 1 -> 0",TRUE,TRUE,"Currently enrolled"
100929,"A_2020",0,1,1,1,1,1,8,4,0,"1 -> 1 -> 1",FALSE,FALSE,"Currently enrolled"
100930,"A_2020",0,0,1,1,1,1,8,4,0,"1 -> 1 -> 1",FALSE,FALSE,"Currently enrolled"
100931,"A_2020",1,0,1,0,0,0,6,1,0,"1 -> 0 -> 0",TRUE,TRUE,"Not currently enrolled; completion or exit unknown"
100932,"A_2020",0,1,1,1,1,1,8,4,0,"1 -> 1 -> 1",FALSE,FALSE,"Currently enrolled"
100933,"A_2020",1,1,1,1,1,1,8,4,1,"1 -> 1 -> 1",FALSE,FALSE,"Currently enrolled"
100934,"B_2018",1,0,1,1,1,1,9,6,1,"1 -> 1 -> 1",FALSE,FALSE,"Currently enrolled"
100935,"A_2020",1,1,1,1,1,1,7,4,1,"1 -> 1 -> 1",FALSE,FALSE,"Currently enrolled"
100936,"A_2020",1,0,1,1,0,0,8,3,0,"1 -> 1 -> 0",TRUE,TRUE,"Not currently enrolled; completion or exit unknown"
100937,"A_2020",0,0,1,0,0,0,5,1,0,"1 -> 0 -> 0",TRUE,TRUE,"Not currently enrolled; completion or exit unknown"
100938,"A_2020",0,1,,,0,0,8,0,0,"? -> ? -> 0",FALSE,FALSE,"Not currently enrolled; completion or exit unknown"
100939,"A_2020",0,1,1,1,1,1,8,4,0,"1 -> 1 -> 1",FALSE,FALSE,"Currently enrolled"
100940,"A_2020",1,0,1,1,1,1,8,4,1,"1 -> 1 -> 1",FALSE,FALSE,"Currently enrolled"
100941,"A_2022",1,0,1,1,1,1,6,3,1,"1 -> 1 -> 1",FALSE,FALSE,"Currently enrolled"
100942,"A_2020",0,0,0,0,1,1,8,4,0,"0 -> 0 -> 1",FALSE,FALSE,"Currently enrolled"
100943,"B_2018",1,1,1,1,1,1,9,6,0,"1 -> 1 -> 1",FALSE,FALSE,"Currently enrolled"
100944,"B_2018",1,0,1,1,1,1,9,6,1,"1 -> 1 -> 1",FALSE,FALSE,"Currently enrolled"
100945,"A_2022",0,1,1,0,0,1,6,3,0,"1 -> 0 -> 0",TRUE,TRUE,"Currently enrolled"
100946,"A_2020",1,0,1,1,0,0,7,3,0,"1 -> 1 -> 0",TRUE,TRUE,"Not currently enrolled; completion or exit unknown"
100947,"A_2020",1,0,1,1,1,1,6,3,1,"1 -> 1 -> 1",FALSE,FALSE,"Currently enrolled"
100948,"A_2020",0,1,1,0,0,0,5,1,0,"1 -> 0 -> 0",TRUE,TRUE,"Not currently enrolled; completion or exit unknown"
100949,"A_2020",1,0,1,1,1,1,8,4,1,"1 -> 1 -> 1",FALSE,FALSE,"Currently enrolled"
100950,"B_2018",1,1,1,1,1,1,9,6,1,"1 -> 1 -> 1",FALSE,FALSE,"Currently enrolled"
100951,"A_2022",0,0,,,0,1,6,1,0,"? -> ? -> 0",FALSE,FALSE,"Currently enrolled"
100952,"A_2020",1,1,0,0,0,1,8,4,0,"0 -> 0 -> 0",FALSE,FALSE,"Currently enrolled"
100953,"A_2020",0,0,1,1,1,1,7,4,0,"1 -> 1 -> 1",FALSE,FALSE,"Currently enrolled"
100954,"A_2022",1,0,1,1,1,1,6,2,1,"1 -> 1 -> 1",FALSE,FALSE,"Currently enrolled"
100955,"A_2020",0,0,1,1,0,0,8,3,0,"1 -> 1 -> 0",TRUE,TRUE,"Not currently enrolled; completion or exit unknown"
100956,"A_2022",1,0,1,1,1,1,6,2,1,"1 -> 1 -> 1",FALSE,FALSE,"Currently enrolled"
100957,"A_2020",1,0,1,1,1,1,8,4,1,"1 -> 1 -> 1",FALSE,FALSE,"Currently enrolled"
100958,"A_2020",0,1,1,1,1,1,7,4,0,"1 -> 1 -> 1",FALSE,FALSE,"Currently enrolled"
100959,"A_2020",0,1,1,1,1,1,8,4,0,"1 -> 1 -> 1",FALSE,FALSE,"Currently enrolled"
100960,"A_2020",1,0,1,1,1,1,8,4,1,"1 -> 1 -> 1",FALSE,FALSE,"Currently enrolled"
100961,"A_2020",0,1,1,0,0,0,6,1,0,"1 -> 0 -> 0",TRUE,TRUE,"Not currently enrolled; completion or exit unknown"
100962,"A_2022",1,0,1,1,1,1,6,2,1,"1 -> 1 -> 1",FALSE,FALSE,"Currently enrolled"
100963,"A_2020",0,1,1,1,1,1,8,4,0,"1 -> 1 -> 1",FALSE,FALSE,"Currently enrolled"
100964,"A_2020",1,1,1,1,1,1,8,4,1,"1 -> 1 -> 1",FALSE,FALSE,"Currently enrolled"
100965,"B_2018",1,1,1,1,1,1,9,6,1,"1 -> 1 -> 1",FALSE,FALSE,"Currently enrolled"
100966,"A_2020",0,1,1,1,1,1,8,4,0,"1 -> 1 -> 1",FALSE,FALSE,"Currently enrolled"
100967,"B_2018",1,1,1,1,1,1,9,6,0,"1 -> 1 -> 1",FALSE,FALSE,"Currently enrolled"
100968,"A_2020",1,1,1,1,0,0,9,4,0,"1 -> 1 -> 0",TRUE,TRUE,"Not currently enrolled; completion or exit unknown"
100969,"B_2018",1,0,0,0,0,0,7,3,0,"0 -> 0 -> 0",FALSE,FALSE,"Not currently enrolled; completion or exit unknown"
100970,"A_2020",0,0,1,0,0,1,8,4,0,"1 -> 0 -> 0",TRUE,TRUE,"Currently enrolled"
100971,"A_2020",1,1,1,1,1,1,8,4,1,"1 -> 1 -> 1",FALSE,FALSE,"Currently enrolled"
100972,"A_2020",1,0,1,0,1,1,6,4,0,"1 -> 0 -> 1",FALSE,FALSE,"Currently enrolled"
100973,"A_2020",0,1,1,1,1,1,7,4,0,"1 -> 1 -> 1",FALSE,FALSE,"Currently enrolled"
100974,"A_2020",1,0,0,1,1,1,8,5,1,"0 -> 1 -> 1",FALSE,FALSE,"Currently enrolled"
100975,"A_2020",1,1,1,1,1,1,8,4,1,"1 -> 1 -> 1",FALSE,FALSE,"Currently enrolled"
100976,"B_2018",0,0,0,0,0,1,9,6,0,"0 -> 0 -> 0",FALSE,FALSE,"Currently enrolled"
100977,"A_2020",0,1,0,0,0,1,7,4,0,"0 -> 0 -> 0",FALSE,FALSE,"Currently enrolled"
100978,"A_2020",0,1,1,1,1,1,8,4,0,"1 -> 1 -> 1",FALSE,FALSE,"Currently enrolled"
100979,"A_2020",0,1,1,1,1,1,8,4,0,"1 -> 1 -> 1",FALSE,FALSE,"Currently enrolled"
100980,"A_2022",0,1,1,0,1,1,5,2,0,"1 -> 0 -> 1",FALSE,FALSE,"Currently enrolled"
100981,"A_2020",1,0,1,1,0,0,8,3,0,"1 -> 1 -> 0",TRUE,TRUE,"Not currently enrolled; completion or exit unknown"
100982,"B_2018",0,1,0,0,0,0,7,1,0,"0 -> 0 -> 0",FALSE,FALSE,"Not currently enrolled; completion or exit unknown"
100983,"B_2018",0,0,1,1,0,1,9,6,0,"1 -> 1 -> 0",TRUE,TRUE,"Currently enrolled"
100984,"A_2020",1,1,1,1,1,1,8,4,1,"1 -> 1 -> 1",FALSE,FALSE,"Currently enrolled"
100985,"A_2020",1,1,1,0,0,1,8,4,0,"1 -> 0 -> 0",TRUE,TRUE,"Currently enrolled"
100986,"A_2022",1,1,1,1,1,1,6,2,1,"1 -> 1 -> 1",FALSE,FALSE,"Currently enrolled"
100987,"A_2020",1,1,1,1,1,1,8,4,1,"1 -> 1 -> 1",FALSE,FALSE,"Currently enrolled"
100988,"A_2020",1,0,1,1,1,1,8,4,1,"1 -> 1 -> 1",FALSE,FALSE,"Currently enrolled"
100989,"A_2020",0,1,1,1,1,1,8,4,1,"1 -> 1 -> 1",FALSE,FALSE,"Currently enrolled"
100990,"A_2020",0,1,1,0,0,1,6,4,0,"1 -> 0 -> 0",TRUE,TRUE,"Currently enrolled"
100991,"A_2020",0,0,1,0,0,0,6,1,0,"1 -> 0 -> 0",TRUE,TRUE,"Not currently enrolled; completion or exit unknown"
100992,"A_2022",0,0,1,1,1,1,6,2,0,"1 -> 1 -> 1",FALSE,FALSE,"Currently enrolled"
100993,"A_2022",1,1,1,1,1,1,8,3,0,"1 -> 1 -> 1",FALSE,FALSE,"Currently enrolled"
100994,"A_2020",0,1,1,1,1,1,8,4,0,"1 -> 1 -> 1",FALSE,FALSE,"Currently enrolled"
100995,"A_2022",1,1,0,1,1,1,6,4,0,"0 -> 1 -> 1",FALSE,FALSE,"Currently enrolled"
100996,"A_2022",0,1,1,1,1,1,6,2,0,"1 -> 1 -> 1",FALSE,FALSE,"Currently enrolled"
100997,"A_2020",0,1,1,0,0,1,7,4,0,"1 -> 0 -> 0",TRUE,TRUE,"Currently enrolled"
100998,"B_2018",0,0,1,0,1,1,10,6,0,"1 -> 0 -> 1",FALSE,FALSE,"Currently enrolled"
100999,"A_2020",1,1,1,1,1,1,8,4,1,"1 -> 1 -> 1",FALSE,FALSE,"Currently enrolled"
101000,"A_2020",0,1,0,1,0,0,7,3,0,"0 -> 1 -> 0",FALSE,TRUE,"Not currently enrolled; completion or exit unknown"
101001,"A_2020",1,1,1,1,1,1,8,4,0,"1 -> 1 -> 1",FALSE,FALSE,"Currently enrolled"
101002,"A_2022",0,1,1,0,0,0,6,1,0,"1 -> 0 -> 0",TRUE,TRUE,"Not currently enrolled; completion or exit unknown"
101003,"A_2022",0,1,1,1,1,1,6,2,0,"1 -> 1 -> 1",FALSE,FALSE,"Currently enrolled"
101004,"A_2020",0,1,1,1,1,1,8,4,0,"1 -> 1 -> 1",FALSE,FALSE,"Currently enrolled"
101005,"A_2020",0,0,1,1,1,1,8,4,0,"1 -> 1 -> 1",FALSE,FALSE,"Currently enrolled"
101006,"A_2020",0,0,1,1,1,1,8,4,0,"1 -> 1 -> 1",FALSE,FALSE,"Currently enrolled"
101007,"A_2022",1,0,0,0,0,1,6,2,1,"0 -> 0 -> 0",FALSE,FALSE,"Currently enrolled"
101008,"B_2018",0,1,1,1,1,1,9,5,0,"1 -> 1 -> 1",FALSE,FALSE,"Currently enrolled"
101009,"A_2020",0,0,0,0,0,0,7,2,0,"0 -> 0 -> 0",FALSE,FALSE,"Not currently enrolled; completion or exit unknown"
101010,"B_2018",1,1,1,1,1,1,9,6,0,"1 -> 1 -> 1",FALSE,FALSE,"Currently enrolled"
101011,"A_2022",1,1,1,1,1,1,5,2,0,"1 -> 1 -> 1",FALSE,FALSE,"Currently enrolled"
101012,"A_2020",1,0,1,1,1,1,8,4,1,"1 -> 1 -> 1",FALSE,FALSE,"Currently enrolled"
101013,"A_2020",0,0,1,1,1,1,8,4,0,"1 -> 1 -> 1",FALSE,FALSE,"Currently enrolled"
101014,"A_2020",1,1,1,1,1,1,8,4,1,"1 -> 1 -> 1",FALSE,FALSE,"Currently enrolled"
101015,"A_2020",0,1,1,1,0,0,7,2,0,"1 -> 1 -> 0",TRUE,TRUE,"Not currently enrolled; completion or exit unknown"
101016,"A_2020",0,0,1,0,0,0,5,1,0,"1 -> 0 -> 0",TRUE,TRUE,"Not currently enrolled; completion or exit unknown"
101017,"A_2020",0,0,0,0,0,1,7,4,0,"0 -> 0 -> 0",FALSE,FALSE,"Currently enrolled"
101018,"A_2020",0,1,,,,,5,,,"? -> ? -> ?",FALSE,FALSE,"Enrollment unknown"
101019,"A_2020",1,0,1,1,1,1,8,4,1,"1 -> 1 -> 1",FALSE,FALSE,"Currently enrolled"
101020,"A_2020",0,0,1,1,0,1,8,4,0,"1 -> 1 -> 0",TRUE,TRUE,"Currently enrolled"
101021,"A_2020",0,1,1,1,1,1,7,4,0,"1 -> 1 -> 1",FALSE,FALSE,"Currently enrolled"
101022,"A_2022",0,0,1,1,1,1,6,2,0,"1 -> 1 -> 1",FALSE,FALSE,"Currently enrolled"
101023,"A_2020",1,0,1,1,0,0,7,2,0,"1 -> 1 -> 0",TRUE,TRUE,"Not currently enrolled; completion or exit unknown"
101024,"A_2020",0,1,1,0,0,0,5,1,0,"1 -> 0 -> 0",TRUE,TRUE,"Not currently enrolled; completion or exit unknown"
101025,"A_2020",0,1,1,1,1,1,8,4,0,"1 -> 1 -> 1",FALSE,FALSE,"Currently enrolled"
101026,"A_2022",1,0,1,1,1,1,6,2,1,"1 -> 1 -> 1",FALSE,FALSE,"Currently enrolled"
101027,"A_2020",1,0,1,1,1,1,7,4,0,"1 -> 1 -> 1",FALSE,FALSE,"Currently enrolled"
101028,"A_2020",0,1,1,1,0,1,8,4,0,"1 -> 1 -> 0",TRUE,TRUE,"Currently enrolled"
101029,"A_2020",1,0,1,1,1,1,8,4,1,"1 -> 1 -> 1",FALSE,FALSE,"Currently enrolled"
101030,"B_2018",1,0,0,0,0,1,9,6,0,"0 -> 0 -> 0",FALSE,FALSE,"Currently enrolled"
101031,"A_2022",0,0,0,0,0,1,6,2,0,"0 -> 0 -> 0",FALSE,FALSE,"Currently enrolled"
101032,"A_2020",0,0,1,0,0,1,8,4,0,"1 -> 0 -> 0",TRUE,TRUE,"Currently enrolled"
101033,"A_2020",1,1,1,1,1,1,8,4,1,"1 -> 1 -> 1",FALSE,FALSE,"Currently enrolled"
101034,"A_2020",0,0,1,1,0,1,7,4,0,"1 -> 1 -> 0",TRUE,TRUE,"Currently enrolled"
101035,"A_2020",0,1,0,0,0,1,7,4,0,"0 -> 0 -> 0",FALSE,FALSE,"Currently enrolled"
101036,"A_2020",1,0,1,1,1,1,8,4,1,"1 -> 1 -> 1",FALSE,FALSE,"Currently enrolled"
101037,"A_2020",1,1,1,0,0,0,7,2,0,"1 -> 0 -> 0",TRUE,TRUE,"Not currently enrolled; completion or exit unknown"
101038,"A_2020",0,0,1,1,0,1,8,4,0,"1 -> 1 -> 0",TRUE,TRUE,"Currently enrolled"
101039,"A_2020",0,1,1,0,0,1,8,4,0,"1 -> 0 -> 0",TRUE,TRUE,"Currently enrolled"
101040,"A_2020",1,1,1,1,1,1,8,4,1,"1 -> 1 -> 1",FALSE,FALSE,"Currently enrolled"
101041,"A_2020",1,0,1,1,1,1,8,4,1,"1 -> 1 -> 1",FALSE,FALSE,"Currently enrolled"
101042,"A_2020",1,1,1,1,0,1,8,4,0,"1 -> 1 -> 0",TRUE,TRUE,"Currently enrolled"
101043,"A_2020",1,1,1,1,1,1,8,4,0,"1 -> 1 -> 1",FALSE,FALSE,"Currently enrolled"
101044,"A_2020",0,1,1,1,1,1,8,4,0,"1 -> 1 -> 1",FALSE,FALSE,"Currently enrolled"
101045,"A_2020",1,1,1,1,1,1,8,4,1,"1 -> 1 -> 1",FALSE,FALSE,"Currently enrolled"
101046,"B_2018",1,1,1,1,0,0,8,4,0,"1 -> 1 -> 0",TRUE,TRUE,"Not currently enrolled; completion or exit unknown"
101047,"A_2020",0,1,1,1,1,1,8,4,0,"1 -> 1 -> 1",FALSE,FALSE,"Currently enrolled"
101048,"A_2022",1,0,1,1,1,1,6,2,1,"1 -> 1 -> 1",FALSE,FALSE,"Currently enrolled"
101049,"A_2020",0,0,1,1,0,0,7,3,0,"1 -> 1 -> 0",TRUE,TRUE,"Not currently enrolled; completion or exit unknown"
101050,"A_2020",0,0,1,1,1,1,8,4,0,"1 -> 1 -> 1",FALSE,FALSE,"Currently enrolled"
101051,"A_2020",1,1,1,1,1,1,7,4,0,"1 -> 1 -> 1",FALSE,FALSE,"Currently enrolled"
101052,"A_2022",0,1,1,0,0,1,6,2,0,"1 -> 0 -> 0",TRUE,TRUE,"Currently enrolled"
101053,"A_2020",0,0,1,0,0,0,6,1,0,"1 -> 0 -> 0",TRUE,TRUE,"Not currently enrolled; completion or exit unknown"
101054,"A_2020",1,0,1,1,1,1,8,4,1,"1 -> 1 -> 1",FALSE,FALSE,"Currently enrolled"
101055,"A_2020",0,1,0,0,1,1,9,6,0,"0 -> 0 -> 1",FALSE,FALSE,"Currently enrolled"
101056,"A_2020",1,1,1,1,1,1,8,4,0,"1 -> 1 -> 1",FALSE,FALSE,"Currently enrolled"
101057,"A_2020",1,0,1,1,0,0,8,3,0,"1 -> 1 -> 0",TRUE,TRUE,"Not currently enrolled; completion or exit unknown"
101058,"A_2020",0,1,0,0,1,1,10,6,0,"0 -> 0 -> 1",FALSE,FALSE,"Currently enrolled"
101059,"A_2020",1,1,1,1,1,1,9,4,1,"1 -> 1 -> 1",FALSE,FALSE,"Currently enrolled"
101060,"A_2020",1,1,1,0,0,0,6,1,0,"1 -> 0 -> 0",TRUE,TRUE,"Not currently enrolled; completion or exit unknown"
101061,"A_2022",1,0,1,1,1,1,6,2,0,"1 -> 1 -> 1",FALSE,FALSE,"Currently enrolled"
101062,"A_2020",0,1,0,0,0,1,8,4,0,"0 -> 0 -> 0",FALSE,FALSE,"Currently enrolled"
101063,"A_2020",1,1,1,1,1,1,8,4,1,"1 -> 1 -> 1",FALSE,FALSE,"Currently enrolled"
101064,"A_2020",1,1,0,0,0,1,5,4,0,"0 -> 0 -> 0",FALSE,FALSE,"Currently enrolled"
101065,"A_2022",1,1,1,1,1,1,6,2,1,"1 -> 1 -> 1",FALSE,FALSE,"Currently enrolled"
101066,"A_2020",0,0,1,1,1,1,8,4,0,"1 -> 1 -> 1",FALSE,FALSE,"Currently enrolled"
101067,"A_2020",1,1,1,1,1,1,8,4,1,"1 -> 1 -> 1",FALSE,FALSE,"Currently enrolled"
101068,"A_2020",0,1,1,1,1,1,9,4,0,"1 -> 1 -> 1",FALSE,FALSE,"Currently enrolled"
101069,"A_2020",0,1,1,0,1,1,7,4,0,"1 -> 0 -> 1",FALSE,FALSE,"Currently enrolled"
101070,"A_2020",0,1,1,0,0,0,6,1,0,"1 -> 0 -> 0",TRUE,TRUE,"Not currently enrolled; completion or exit unknown"
101071,"A_2020",1,0,1,1,1,1,8,4,1,"1 -> 1 -> 1",FALSE,FALSE,"Currently enrolled"
101072,"A_2020",1,1,1,1,0,1,7,3,0,"1 -> 1 -> 0",TRUE,TRUE,"Currently enrolled"
101073,"A_2020",1,1,1,1,1,1,8,4,1,"1 -> 1 -> 1",FALSE,FALSE,"Currently enrolled"
101074,"A_2022",1,0,1,1,1,1,6,2,1,"1 -> 1 -> 1",FALSE,FALSE,"Currently enrolled"
101075,"A_2020",0,1,1,1,1,1,7,4,0,"1 -> 1 -> 1",FALSE,FALSE,"Currently enrolled"
101076,"A_2020",0,1,1,1,0,1,8,4,0,"1 -> 1 -> 0",TRUE,TRUE,"Currently enrolled"
101077,"A_2020",0,1,1,1,1,1,8,6,0,"1 -> 1 -> 1",FALSE,FALSE,"Currently enrolled"
101078,"A_2020",0,0,1,1,1,1,8,4,0,"1 -> 1 -> 1",FALSE,FALSE,"Currently enrolled"
101079,"A_2020",0,0,1,1,1,1,8,4,0,"1 -> 1 -> 1",FALSE,FALSE,"Currently enrolled"
101080,"B_2018",0,0,1,1,1,1,9,6,0,"1 -> 1 -> 1",FALSE,FALSE,"Currently enrolled"
101081,"A_2020",0,0,1,1,1,1,8,4,0,"1 -> 1 -> 1",FALSE,FALSE,"Currently enrolled"
101082,"A_2020",0,1,1,0,0,0,5,1,0,"1 -> 0 -> 0",TRUE,TRUE,"Not currently enrolled; completion or exit unknown"
101083,"A_2020",0,0,1,1,1,1,8,4,0,"1 -> 1 -> 1",FALSE,FALSE,"Currently enrolled"
101084,"A_2020",0,1,1,1,1,1,8,4,0,"1 -> 1 -> 1",FALSE,FALSE,"Currently enrolled"
101085,"A_2020",0,1,1,0,0,1,8,4,0,"1 -> 0 -> 0",TRUE,TRUE,"Currently enrolled"
101086,"A_2020",0,1,1,0,0,1,7,4,0,"1 -> 0 -> 0",TRUE,TRUE,"Currently enrolled"
101087,"A_2020",0,0,1,1,1,1,7,3,0,"1 -> 1 -> 1",FALSE,FALSE,"Currently enrolled"
101088,"A_2020",1,1,1,1,1,1,8,4,1,"1 -> 1 -> 1",FALSE,FALSE,"Currently enrolled"
101089,"B_2018",1,1,1,1,1,1,10,6,1,"1 -> 1 -> 1",FALSE,FALSE,"Currently enrolled"
101090,"A_2020",1,0,1,1,0,0,8,3,0,"1 -> 1 -> 0",TRUE,TRUE,"Not currently enrolled; completion or exit unknown"
101091,"A_2020",0,0,1,1,1,1,7,4,1,"1 -> 1 -> 1",FALSE,FALSE,"Currently enrolled"
101092,"A_2020",1,1,1,0,0,0,6,1,0,"1 -> 0 -> 0",TRUE,TRUE,"Not currently enrolled; completion or exit unknown"
101093,"A_2020",1,0,1,1,0,1,8,4,0,"1 -> 1 -> 0",TRUE,TRUE,"Currently enrolled"
101094,"A_2020",1,0,1,0,0,1,8,4,0,"1 -> 0 -> 0",TRUE,TRUE,"Currently enrolled"
101095,"A_2022",1,0,1,1,1,1,6,2,1,"1 -> 1 -> 1",FALSE,FALSE,"Currently enrolled"
101096,"A_2022",0,0,1,1,1,1,6,2,0,"1 -> 1 -> 1",FALSE,FALSE,"Currently enrolled"
101097,"A_2020",1,0,0,0,0,0,7,4,0,"0 -> 0 -> 0",FALSE,FALSE,"Not currently enrolled; completion or exit unknown"
101098,"A_2022",1,0,1,1,1,1,6,2,1,"1 -> 1 -> 1",FALSE,FALSE,"Currently enrolled"
101099,"A_2022",0,1,1,0,0,1,6,2,0,"1 -> 0 -> 0",TRUE,TRUE,"Currently enrolled"
101100,"A_2020",0,1,0,0,0,0,8,3,0,"0 -> 0 -> 0",FALSE,FALSE,"Not currently enrolled; completion or exit unknown"
101101,"A_2020",1,0,1,1,1,1,8,4,1,"1 -> 1 -> 1",FALSE,FALSE,"Currently enrolled"
101102,"A_2020",1,0,1,1,1,1,8,4,0,"1 -> 1 -> 1",FALSE,FALSE,"Currently enrolled"
101103,"A_2020",0,0,1,1,0,0,8,3,0,"1 -> 1 -> 0",TRUE,TRUE,"Not currently enrolled; completion or exit unknown"
101104,"A_2022",0,0,1,1,1,1,6,2,1,"1 -> 1 -> 1",FALSE,FALSE,"Currently enrolled"
101105,"A_2020",0,0,1,1,1,1,8,4,0,"1 -> 1 -> 1",FALSE,FALSE,"Currently enrolled"
101106,"A_2020",0,1,1,1,1,1,7,4,0,"1 -> 1 -> 1",FALSE,FALSE,"Currently enrolled"
101107,"A_2020",0,0,1,1,1,1,8,4,0,"1 -> 1 -> 1",FALSE,FALSE,"Currently enrolled"
101108,"A_2020",0,0,1,1,1,1,8,4,1,"1 -> 1 -> 1",FALSE,FALSE,"Currently enrolled"
101109,"A_2020",1,1,1,1,1,1,8,4,1,"1 -> 1 -> 1",FALSE,FALSE,"Currently enrolled"
101110,"A_2020",1,1,1,1,0,0,7,2,0,"1 -> 1 -> 0",TRUE,TRUE,"Not currently enrolled; completion or exit unknown"
101111,"A_2022",0,1,1,0,0,1,5,2,0,"1 -> 0 -> 0",TRUE,TRUE,"Currently enrolled"
101112,"A_2020",1,0,1,1,1,1,8,4,1,"1 -> 1 -> 1",FALSE,FALSE,"Currently enrolled"
101113,"A_2020",1,0,0,0,0,1,8,4,0,"0 -> 0 -> 0",FALSE,FALSE,"Currently enrolled"
101114,"A_2020",0,1,0,0,0,1,7,4,0,"0 -> 0 -> 0",FALSE,FALSE,"Currently enrolled"
101115,"A_2020",0,0,1,1,1,1,7,4,0,"1 -> 1 -> 1",FALSE,FALSE,"Currently enrolled"
101116,"A_2020",1,1,1,0,0,1,7,4,0,"1 -> 0 -> 0",TRUE,TRUE,"Currently enrolled"
101117,"A_2020",0,1,1,0,0,1,8,4,0,"1 -> 0 -> 0",TRUE,TRUE,"Currently enrolled"
101118,"B_2018",1,1,1,1,1,1,9,6,1,"1 -> 1 -> 1",FALSE,FALSE,"Currently enrolled"
101119,"A_2020",0,0,1,1,1,1,8,4,0,"1 -> 1 -> 1",FALSE,FALSE,"Currently enrolled"
101120,"A_2020",0,1,1,1,1,1,8,4,0,"1 -> 1 -> 1",FALSE,FALSE,"Currently enrolled"
101121,"B_2018",0,0,1,1,1,1,8,5,0,"1 -> 1 -> 1",FALSE,FALSE,"Currently enrolled"
101122,"A_2020",1,1,1,1,1,1,8,4,1,"1 -> 1 -> 1",FALSE,FALSE,"Currently enrolled"
101123,"A_2020",0,0,1,1,1,1,8,4,0,"1 -> 1 -> 1",FALSE,FALSE,"Currently enrolled"
101124,"A_2020",0,1,1,1,0,0,7,2,0,"1 -> 1 -> 0",TRUE,TRUE,"Not currently enrolled; completion or exit unknown"
101125,"A_2020",0,0,1,1,1,1,8,4,0,"1 -> 1 -> 1",FALSE,FALSE,"Currently enrolled"
101126,"A_2020",1,1,1,1,1,1,8,4,1,"1 -> 1 -> 1",FALSE,FALSE,"Currently enrolled"
101127,"A_2020",0,0,1,1,1,1,6,3,0,"1 -> 1 -> 1",FALSE,FALSE,"Currently enrolled"
101128,"A_2020",1,0,1,1,0,1,8,4,0,"1 -> 1 -> 0",TRUE,TRUE,"Currently enrolled"
101129,"A_2020",1,0,1,1,1,1,8,4,1,"1 -> 1 -> 1",FALSE,FALSE,"Currently enrolled"
101130,"A_2020",0,1,1,0,0,1,6,4,0,"1 -> 0 -> 0",TRUE,TRUE,"Currently enrolled"
101131,"A_2020",0,0,1,1,0,1,9,4,0,"1 -> 1 -> 0",TRUE,TRUE,"Currently enrolled"
101132,"A_2020",1,0,1,0,0,0,6,1,0,"1 -> 0 -> 0",TRUE,TRUE,"Not currently enrolled; completion or exit unknown"
101133,"A_2020",0,0,0,0,0,1,8,5,0,"0 -> 0 -> 0",FALSE,FALSE,"Currently enrolled"
101134,"B_2018",0,0,1,1,1,1,9,6,0,"1 -> 1 -> 1",FALSE,FALSE,"Currently enrolled"
101135,"B_2018",1,0,1,1,1,1,9,6,1,"1 -> 1 -> 1",FALSE,FALSE,"Currently enrolled"
101136,"A_2022",0,1,0,0,0,1,6,2,0,"0 -> 0 -> 0",FALSE,FALSE,"Currently enrolled"
101137,"A_2020",1,0,0,0,0,1,7,4,0,"0 -> 0 -> 0",FALSE,FALSE,"Currently enrolled"
101138,"A_2020",1,0,1,1,0,1,8,4,0,"1 -> 1 -> 0",TRUE,TRUE,"Currently enrolled"
101139,"B_2018",0,0,,,1,1,5,1,0,"? -> ? -> 1",FALSE,FALSE,"Currently enrolled"
101140,"B_2018",0,1,1,1,1,1,9,6,0,"1 -> 1 -> 1",FALSE,FALSE,"Currently enrolled"
101141,"A_2022",1,0,1,1,1,1,6,2,1,"1 -> 1 -> 1",FALSE,FALSE,"Currently enrolled"
101142,"A_2022",1,0,1,1,1,1,6,2,1,"1 -> 1 -> 1",FALSE,FALSE,"Currently enrolled"
101143,"A_2020",1,1,1,1,1,1,8,4,1,"1 -> 1 -> 1",FALSE,FALSE,"Currently enrolled"
101144,"B_2018",0,1,0,0,0,1,9,6,0,"0 -> 0 -> 0",FALSE,FALSE,"Currently enrolled"
101145,"B_2018",1,1,1,1,0,0,7,2,0,"1 -> 1 -> 0",TRUE,TRUE,"Not currently enrolled; completion or exit unknown"
101146,"A_2022",1,1,1,1,1,1,6,2,1,"1 -> 1 -> 1",FALSE,FALSE,"Currently enrolled"
101147,"A_2022",0,0,1,0,0,0,6,1,0,"1 -> 0 -> 0",TRUE,TRUE,"Not currently enrolled; completion or exit unknown"
101148,"A_2020",1,0,1,1,1,1,8,4,1,"1 -> 1 -> 1",FALSE,FALSE,"Currently enrolled"
101149,"A_2020",0,1,1,1,1,1,7,4,0,"1 -> 1 -> 1",FALSE,FALSE,"Currently enrolled"
101150,"A_2020",0,1,1,1,1,1,7,4,0,"1 -> 1 -> 1",FALSE,FALSE,"Currently enrolled"
101151,"A_2020",0,0,0,1,1,1,8,5,0,"0 -> 1 -> 1",FALSE,FALSE,"Currently enrolled"
101152,"B_2018",1,1,1,0,0,1,8,6,0,"1 -> 0 -> 0",TRUE,TRUE,"Currently enrolled"
101153,"A_2020",1,1,1,1,1,1,8,4,1,"1 -> 1 -> 1",FALSE,FALSE,"Currently enrolled"
101154,"A_2020",1,0,1,1,1,1,8,4,1,"1 -> 1 -> 1",FALSE,FALSE,"Currently enrolled"
101155,"A_2020",0,0,1,1,1,1,8,4,0,"1 -> 1 -> 1",FALSE,FALSE,"Currently enrolled"
101156,"A_2020",1,0,1,1,1,1,8,4,1,"1 -> 1 -> 1",FALSE,FALSE,"Currently enrolled"
101157,"B_2018",1,0,0,0,0,1,8,6,0,"0 -> 0 -> 0",FALSE,FALSE,"Currently enrolled"
101158,"A_2020",1,0,1,1,1,1,8,4,1,"1 -> 1 -> 1",FALSE,FALSE,"Currently enrolled"
101159,"A_2022",0,1,1,0,0,1,6,,,"1 -> 0 -> 0",TRUE,TRUE,"Currently enrolled"
101160,"A_2020",1,1,1,1,1,1,8,4,1,"1 -> 1 -> 1",FALSE,FALSE,"Currently enrolled"
101161,"A_2020",1,1,0,0,0,1,8,4,1,"0 -> 0 -> 0",FALSE,FALSE,"Currently enrolled"
101162,"A_2020",0,0,1,1,1,1,8,4,0,"1 -> 1 -> 1",FALSE,FALSE,"Currently enrolled"
101163,"A_2020",0,0,1,1,1,1,8,4,0,"1 -> 1 -> 1",FALSE,FALSE,"Currently enrolled"
101164,"A_2020",0,1,1,1,1,1,8,5,0,"1 -> 1 -> 1",FALSE,FALSE,"Currently enrolled"
101165,"A_2020",0,1,1,0,0,1,9,4,0,"1 -> 0 -> 0",TRUE,TRUE,"Currently enrolled"
101166,"A_2020",1,1,0,0,0,0,9,5,0,"0 -> 0 -> 0",FALSE,FALSE,"Not currently enrolled; completion or exit unknown"
101167,"A_2020",0,1,1,1,1,1,7,4,1,"1 -> 1 -> 1",FALSE,FALSE,"Currently enrolled"
101168,"A_2020",0,1,1,1,1,1,8,4,0,"1 -> 1 -> 1",FALSE,FALSE,"Currently enrolled"
101169,"A_2020",0,0,0,0,0,1,9,5,0,"0 -> 0 -> 0",FALSE,FALSE,"Currently enrolled"
101170,"A_2022",1,1,1,0,0,1,6,2,0,"1 -> 0 -> 0",TRUE,TRUE,"Currently enrolled"
101171,"A_2020",1,0,1,1,1,1,8,4,1,"1 -> 1 -> 1",FALSE,FALSE,"Currently enrolled"
101172,"A_2020",0,1,1,1,0,0,7,2,0,"1 -> 1 -> 0",TRUE,TRUE,"Not currently enrolled; completion or exit unknown"
101173,"B_2018",1,0,1,1,1,1,10,6,1,"1 -> 1 -> 1",FALSE,FALSE,"Currently enrolled"
101174,"A_2020",1,0,1,0,1,1,7,4,0,"1 -> 0 -> 1",FALSE,FALSE,"Currently enrolled"
101175,"A_2022",1,0,1,1,1,1,6,2,0,"1 -> 1 -> 1",FALSE,FALSE,"Currently enrolled"
101176,"A_2020",0,0,1,1,1,1,8,4,0,"1 -> 1 -> 1",FALSE,FALSE,"Currently enrolled"
101177,"A_2020",0,0,1,1,0,0,7,2,0,"1 -> 1 -> 0",TRUE,TRUE,"Not currently enrolled; completion or exit unknown"
101178,"A_2020",0,0,1,1,1,1,8,4,0,"1 -> 1 -> 1",FALSE,FALSE,"Currently enrolled"
101179,"A_2020",0,1,1,1,1,1,8,4,0,"1 -> 1 -> 1",FALSE,FALSE,"Currently enrolled"
101180,"A_2020",1,1,1,1,1,1,8,4,1,"1 -> 1 -> 1",FALSE,FALSE,"Currently enrolled"
101181,"A_2020",0,1,1,1,1,1,8,4,1,"1 -> 1 -> 1",FALSE,FALSE,"Currently enrolled"
101182,"A_2020",1,1,1,1,0,0,8,3,0,"1 -> 1 -> 0",TRUE,TRUE,"Not currently enrolled; completion or exit unknown"
101183,"B_2018",0,0,0,0,0,1,9,6,0,"0 -> 0 -> 0",FALSE,FALSE,"Currently enrolled"
101184,"A_2020",1,0,1,1,1,1,8,4,1,"1 -> 1 -> 1",FALSE,FALSE,"Currently enrolled"
101185,"A_2020",1,0,0,0,1,1,9,4,1,"0 -> 0 -> 1",FALSE,FALSE,"Currently enrolled"
101186,"A_2020",1,0,1,1,1,1,10,4,0,"1 -> 1 -> 1",FALSE,FALSE,"Currently enrolled"
101187,"A_2020",0,1,1,0,0,1,7,4,0,"1 -> 0 -> 0",TRUE,TRUE,"Currently enrolled"
101188,"A_2020",0,0,1,1,0,0,6,2,0,"1 -> 1 -> 0",TRUE,TRUE,"Not currently enrolled; completion or exit unknown"
101189,"A_2022",0,1,1,0,0,1,6,2,0,"1 -> 0 -> 0",TRUE,TRUE,"Currently enrolled"
101190,"A_2020",0,1,1,0,0,1,7,4,1,"1 -> 0 -> 0",TRUE,TRUE,"Currently enrolled"
101191,"B_2018",0,0,0,0,0,1,9,6,0,"0 -> 0 -> 0",FALSE,FALSE,"Currently enrolled"
101192,"A_2020",0,1,1,1,0,1,8,3,0,"1 -> 1 -> 0",TRUE,TRUE,"Currently enrolled"
101193,"A_2020",0,0,1,1,1,1,7,4,0,"1 -> 1 -> 1",FALSE,FALSE,"Currently enrolled"
101194,"B_2018",1,1,1,1,0,0,8,3,0,"1 -> 1 -> 0",TRUE,TRUE,"Not currently enrolled; completion or exit unknown"
101195,"A_2020",0,0,1,1,1,1,8,4,0,"1 -> 1 -> 1",FALSE,FALSE,"Currently enrolled"
101196,"A_2022",0,1,1,1,1,1,6,2,0,"1 -> 1 -> 1",FALSE,FALSE,"Currently enrolled"
101197,"A_2020",0,0,1,0,0,1,8,4,0,"1 -> 0 -> 0",TRUE,TRUE,"Currently enrolled"
101198,"A_2022",0,1,1,1,1,1,6,2,0,"1 -> 1 -> 1",FALSE,FALSE,"Currently enrolled"
101199,"A_2020",1,0,1,1,1,1,8,4,1,"1 -> 1 -> 1",FALSE,FALSE,"Currently enrolled"
101200,"A_2020",1,1,1,1,0,0,7,3,0,"1 -> 1 -> 0",TRUE,TRUE,"Not currently enrolled; completion or exit unknown"
101201,"A_2020",0,1,1,0,0,1,7,4,0,"1 -> 0 -> 0",TRUE,TRUE,"Currently enrolled"
101202,"A_2020",0,1,1,0,0,1,7,4,0,"1 -> 0 -> 0",TRUE,TRUE,"Currently enrolled"
101203,"A_2020",0,1,1,1,1,1,6,4,0,"1 -> 1 -> 1",FALSE,FALSE,"Currently enrolled"
101204,"A_2020",1,0,1,0,0,1,8,4,0,"1 -> 0 -> 0",TRUE,TRUE,"Currently enrolled"
101205,"A_2020",1,0,1,1,1,1,8,4,1,"1 -> 1 -> 1",FALSE,FALSE,"Currently enrolled"
101206,"A_2020",0,1,1,1,1,1,8,4,0,"1 -> 1 -> 1",FALSE,FALSE,"Currently enrolled"
101207,"A_2020",1,0,0,0,0,0,6,1,0,"0 -> 0 -> 0",FALSE,FALSE,"Not currently enrolled; completion or exit unknown"
101208,"A_2020",0,0,1,0,0,1,7,4,0,"1 -> 0 -> 0",TRUE,TRUE,"Currently enrolled"
101209,"A_2020",0,1,1,0,0,1,8,4,0,"1 -> 0 -> 0",TRUE,TRUE,"Currently enrolled"
101210,"A_2020",0,0,0,0,0,1,8,4,0,"0 -> 0 -> 0",FALSE,FALSE,"Currently enrolled"
101211,"B_2018",0,0,0,0,0,1,9,5,0,"0 -> 0 -> 0",FALSE,FALSE,"Currently enrolled"
101212,"A_2020",1,0,1,1,0,0,8,3,0,"1 -> 1 -> 0",TRUE,TRUE,"Not currently enrolled; completion or exit unknown"
101213,"A_2020",1,0,1,1,1,1,8,4,1,"1 -> 1 -> 1",FALSE,FALSE,"Currently enrolled"
101214,"B_2018",1,1,1,0,0,0,5,1,0,"1 -> 0 -> 0",TRUE,TRUE,"Not currently enrolled; completion or exit unknown"
101215,"A_2020",1,0,1,1,1,1,8,4,1,"1 -> 1 -> 1",FALSE,FALSE,"Currently enrolled"
101216,"A_2020",1,0,1,1,1,1,8,4,1,"1 -> 1 -> 1",FALSE,FALSE,"Currently enrolled"
101217,"A_2020",0,0,1,1,1,1,8,4,0,"1 -> 1 -> 1",FALSE,FALSE,"Currently enrolled"
101218,"A_2020",0,0,1,0,0,1,6,3,0,"1 -> 0 -> 0",TRUE,TRUE,"Currently enrolled"
101219,"A_2020",1,0,1,1,1,1,7,3,0,"1 -> 1 -> 1",FALSE,FALSE,"Currently enrolled"
101220,"A_2020",1,1,1,0,1,1,6,3,0,"1 -> 0 -> 1",FALSE,FALSE,"Currently enrolled"
101221,"A_2020",0,0,1,1,0,1,9,4,0,"1 -> 1 -> 0",TRUE,TRUE,"Currently enrolled"
101222,"A_2020",1,0,1,1,1,1,8,4,1,"1 -> 1 -> 1",FALSE,FALSE,"Currently enrolled"
101223,"A_2022",0,1,1,1,1,1,6,2,0,"1 -> 1 -> 1",FALSE,FALSE,"Currently enrolled"
101224,"A_2022",0,0,0,0,0,1,6,2,0,"0 -> 0 -> 0",FALSE,FALSE,"Currently enrolled"
101225,"A_2022",0,0,1,1,1,1,6,2,0,"1 -> 1 -> 1",FALSE,FALSE,"Currently enrolled"
101226,"A_2020",1,1,1,1,1,1,8,4,1,"1 -> 1 -> 1",FALSE,FALSE,"Currently enrolled"
101227,"A_2020",1,0,0,0,0,1,8,4,0,"0 -> 0 -> 0",FALSE,FALSE,"Currently enrolled"
101228,"A_2020",0,0,1,1,1,1,9,4,0,"1 -> 1 -> 1",FALSE,FALSE,"Currently enrolled"
101229,"A_2020",1,1,1,1,1,1,8,4,1,"1 -> 1 -> 1",FALSE,FALSE,"Currently enrolled"
101230,"A_2020",1,0,1,1,1,1,9,4,0,"1 -> 1 -> 1",FALSE,FALSE,"Currently enrolled"
101231,"A_2020",0,0,1,1,0,1,8,4,0,"1 -> 1 -> 0",TRUE,TRUE,"Currently enrolled"
101232,"A_2020",0,0,1,1,1,1,8,4,0,"1 -> 1 -> 1",FALSE,FALSE,"Currently enrolled"
101233,"A_2020",1,0,1,1,1,1,8,4,1,"1 -> 1 -> 1",FALSE,FALSE,"Currently enrolled"
101234,"A_2020",1,0,1,1,0,0,8,4,0,"1 -> 1 -> 0",TRUE,TRUE,"Not currently enrolled; completion or exit unknown"
101235,"A_2022",0,0,1,0,0,1,6,2,1,"1 -> 0 -> 0",TRUE,TRUE,"Currently enrolled"
101236,"A_2020",1,1,1,1,1,1,8,4,1,"1 -> 1 -> 1",FALSE,FALSE,"Currently enrolled"
101237,"A_2020",0,1,,,,,5,,,"? -> ? -> ?",FALSE,FALSE,"Enrollment unknown"
101238,"A_2020",0,0,1,1,1,1,8,4,0,"1 -> 1 -> 1",FALSE,FALSE,"Currently enrolled"
101239,"A_2020",0,1,1,0,0,1,7,3,0,"1 -> 0 -> 0",TRUE,TRUE,"Currently enrolled"
101240,"A_2020",0,1,1,1,,1,7,3,0,"1 -> 1 -> ?",FALSE,FALSE,"Currently enrolled"
101241,"A_2020",0,0,1,1,0,1,8,4,0,"1 -> 1 -> 0",TRUE,TRUE,"Currently enrolled"
101242,"A_2020",0,0,1,1,0,0,8,3,0,"1 -> 1 -> 0",TRUE,TRUE,"Not currently enrolled; completion or exit unknown"
101243,"A_2020",1,1,1,1,1,1,6,4,0,"1 -> 1 -> 1",FALSE,FALSE,"Currently enrolled"
101244,"A_2020",1,1,1,1,1,1,7,3,1,"1 -> 1 -> 1",FALSE,FALSE,"Currently enrolled"
101245,"A_2020",1,0,1,1,1,1,9,4,1,"1 -> 1 -> 1",FALSE,FALSE,"Currently enrolled"
101246,"A_2020",1,0,0,0,0,1,8,4,0,"0 -> 0 -> 0",FALSE,FALSE,"Currently enrolled"
101247,"A_2022",0,1,1,1,1,1,6,2,1,"1 -> 1 -> 1",FALSE,FALSE,"Currently enrolled"
101248,"A_2020",1,1,1,1,0,1,7,4,0,"1 -> 1 -> 0",TRUE,TRUE,"Currently enrolled"
101249,"A_2020",0,1,1,1,0,0,6,2,0,"1 -> 1 -> 0",TRUE,TRUE,"Not currently enrolled; completion or exit unknown"
101250,"A_2022",0,0,1,1,1,1,6,2,0,"1 -> 1 -> 1",FALSE,FALSE,"Currently enrolled"
101251,"A_2020",1,0,0,0,0,1,8,4,0,"0 -> 0 -> 0",FALSE,FALSE,"Currently enrolled"
101252,"A_2022",0,0,1,0,0,1,6,2,0,"1 -> 0 -> 0",TRUE,TRUE,"Currently enrolled"
101253,"B_2018",0,0,0,0,0,1,8,6,0,"0 -> 0 -> 0",FALSE,FALSE,"Currently enrolled"
101254,"B_2018",0,0,1,1,1,1,9,6,0,"1 -> 1 -> 1",FALSE,FALSE,"Currently enrolled"
101255,"B_2018",0,0,0,0,0,1,8,5,0,"0 -> 0 -> 0",FALSE,FALSE,"Currently enrolled"
101256,"A_2020",0,1,1,1,1,1,8,,,"1 -> 1 -> 1",FALSE,FALSE,"Currently enrolled"
101257,"A_2020",1,0,1,1,1,1,8,4,1,"1 -> 1 -> 1",FALSE,FALSE,"Currently enrolled"
101258,"A_2020",0,1,1,0,0,1,7,4,0,"1 -> 0 -> 0",TRUE,TRUE,"Currently enrolled"
101259,"A_2020",1,0,1,1,0,0,7,4,0,"1 -> 1 -> 0",TRUE,TRUE,"Not currently enrolled; completion or exit unknown"
101260,"A_2022",1,1,1,1,1,1,6,2,1,"1 -> 1 -> 1",FALSE,FALSE,"Currently enrolled"
101261,"B_2018",1,1,0,0,0,1,9,6,1,"0 -> 0 -> 0",FALSE,FALSE,"Currently enrolled"
101262,"A_2020",0,1,1,1,1,1,8,4,0,"1 -> 1 -> 1",FALSE,FALSE,"Currently enrolled"
101263,"A_2022",1,1,1,1,1,1,6,2,1,"1 -> 1 -> 1",FALSE,FALSE,"Currently enrolled"
101264,"A_2022",1,1,1,1,1,1,6,2,1,"1 -> 1 -> 1",FALSE,FALSE,"Currently enrolled"
101265,"A_2020",0,0,0,0,0,0,6,2,0,"0 -> 0 -> 0",FALSE,FALSE,"Not currently enrolled; completion or exit unknown"
101266,"A_2020",1,1,1,1,1,1,8,4,1,"1 -> 1 -> 1",FALSE,FALSE,"Currently enrolled"
101267,"A_2020",0,1,1,1,1,1,8,4,0,"1 -> 1 -> 1",FALSE,FALSE,"Currently enrolled"
101268,"A_2020",1,1,1,1,0,1,7,3,0,"1 -> 1 -> 0",TRUE,TRUE,"Currently enrolled"
101269,"A_2020",1,0,,,,,5,,,"? -> ? -> ?",FALSE,FALSE,"Enrollment unknown"
101270,"B_2018",0,0,1,1,0,1,9,6,0,"1 -> 1 -> 0",TRUE,TRUE,"Currently enrolled"
101271,"A_2020",1,0,1,1,1,1,8,4,1,"1 -> 1 -> 1",FALSE,FALSE,"Currently enrolled"
101272,"A_2020",0,0,1,0,0,1,8,4,0,"1 -> 0 -> 0",TRUE,TRUE,"Currently enrolled"
101273,"A_2020",1,1,1,1,1,1,8,4,1,"1 -> 1 -> 1",FALSE,FALSE,"Currently enrolled"
101274,"A_2020",1,0,1,1,1,1,8,4,1,"1 -> 1 -> 1",FALSE,FALSE,"Currently enrolled"
101275,"A_2020",1,0,1,1,1,1,8,4,1,"1 -> 1 -> 1",FALSE,FALSE,"Currently enrolled"
101276,"A_2020",0,1,1,1,1,1,8,4,0,"1 -> 1 -> 1",FALSE,FALSE,"Currently enrolled"
101277,"A_2020",0,0,1,1,1,1,8,4,1,"1 -> 1 -> 1",FALSE,FALSE,"Currently enrolled"
101278,"A_2020",0,0,1,1,1,1,8,4,1,"1 -> 1 -> 1",FALSE,FALSE,"Currently enrolled"
101279,"A_2022",0,0,1,1,0,1,6,2,0,"1 -> 1 -> 0",TRUE,TRUE,"Currently enrolled"
101280,"A_2022",0,1,1,1,1,1,6,2,0,"1 -> 1 -> 1",FALSE,FALSE,"Currently enrolled"
101281,"B_2018",1,0,1,1,1,1,9,6,1,"1 -> 1 -> 1",FALSE,FALSE,"Currently enrolled"
101282,"A_2022",0,1,1,1,1,1,7,2,0,"1 -> 1 -> 1",FALSE,FALSE,"Currently enrolled"
101283,"A_2020",0,0,1,1,1,1,8,4,0,"1 -> 1 -> 1",FALSE,FALSE,"Currently enrolled"
101284,"A_2022",1,1,1,1,1,1,6,2,1,"1 -> 1 -> 1",FALSE,FALSE,"Currently enrolled"
101285,"A_2020",0,1,1,1,1,1,8,4,0,"1 -> 1 -> 1",FALSE,FALSE,"Currently enrolled"
101286,"B_2018",1,0,1,1,1,1,9,6,1,"1 -> 1 -> 1",FALSE,FALSE,"Currently enrolled"
101287,"A_2020",0,0,0,0,0,1,8,4,0,"0 -> 0 -> 0",FALSE,FALSE,"Currently enrolled"
101288,"A_2020",1,0,1,0,0,1,7,4,0,"1 -> 0 -> 0",TRUE,TRUE,"Currently enrolled"
101289,"A_2020",0,0,1,1,0,1,8,4,0,"1 -> 1 -> 0",TRUE,TRUE,"Currently enrolled"
101290,"A_2020",1,0,1,1,1,1,8,4,1,"1 -> 1 -> 1",FALSE,FALSE,"Currently enrolled"
101291,"A_2020",1,1,1,0,0,0,6,2,0,"1 -> 0 -> 0",TRUE,TRUE,"Not currently enrolled; completion or exit unknown"
101292,"A_2022",1,0,1,1,1,1,6,2,1,"1 -> 1 -> 1",FALSE,FALSE,"Currently enrolled"
101293,"B_2018",1,1,1,1,1,1,9,6,1,"1 -> 1 -> 1",FALSE,FALSE,"Currently enrolled"
101294,"A_2020",1,0,1,1,1,1,8,4,1,"1 -> 1 -> 1",FALSE,FALSE,"Currently enrolled"
101295,"A_2022",0,0,1,0,0,1,6,2,0,"1 -> 0 -> 0",TRUE,TRUE,"Currently enrolled"
101296,"A_2020",0,0,1,0,0,0,6,1,0,"1 -> 0 -> 0",TRUE,TRUE,"Not currently enrolled; completion or exit unknown"
101297,"A_2020",0,1,1,1,1,1,7,4,0,"1 -> 1 -> 1",FALSE,FALSE,"Currently enrolled"
101298,"A_2020",1,1,1,0,0,1,5,2,0,"1 -> 0 -> 0",TRUE,TRUE,"Currently enrolled"
101299,"A_2020",0,1,1,1,0,1,8,4,0,"1 -> 1 -> 0",TRUE,TRUE,"Currently enrolled"
101300,"A_2020",0,1,1,1,0,0,8,3,0,"1 -> 1 -> 0",TRUE,TRUE,"Not currently enrolled; completion or exit unknown"
101301,"A_2020",0,0,1,0,0,1,7,4,0,"1 -> 0 -> 0",TRUE,TRUE,"Currently enrolled"
101302,"A_2020",0,0,1,1,0,0,7,2,0,"1 -> 1 -> 0",TRUE,TRUE,"Not currently enrolled; completion or exit unknown"
101303,"A_2020",1,0,1,1,1,1,8,4,1,"1 -> 1 -> 1",FALSE,FALSE,"Currently enrolled"
101304,"A_2022",1,1,1,1,1,1,6,2,1,"1 -> 1 -> 1",FALSE,FALSE,"Currently enrolled"
101305,"A_2022",0,0,1,1,1,1,6,2,0,"1 -> 1 -> 1",FALSE,FALSE,"Currently enrolled"
101306,"A_2020",0,1,0,0,0,1,5,3,0,"0 -> 0 -> 0",FALSE,FALSE,"Currently enrolled"
101307,"A_2020",0,0,1,1,1,1,8,4,0,"1 -> 1 -> 1",FALSE,FALSE,"Currently enrolled"
101308,"A_2022",0,1,1,1,1,1,6,2,0,"1 -> 1 -> 1",FALSE,FALSE,"Currently enrolled"
101309,"A_2022",1,0,1,1,1,1,7,2,1,"1 -> 1 -> 1",FALSE,FALSE,"Currently enrolled"
101310,"A_2022",0,0,1,1,1,1,6,2,0,"1 -> 1 -> 1",FALSE,FALSE,"Currently enrolled"
101311,"A_2020",0,1,1,0,0,1,7,4,0,"1 -> 0 -> 0",TRUE,TRUE,"Currently enrolled"
101312,"B_2018",0,1,1,1,1,1,9,6,0,"1 -> 1 -> 1",FALSE,FALSE,"Currently enrolled"
101313,"A_2022",0,1,1,0,0,1,6,2,0,"1 -> 0 -> 0",TRUE,TRUE,"Currently enrolled"
101314,"A_2020",1,1,1,1,1,1,8,4,1,"1 -> 1 -> 1",FALSE,FALSE,"Currently enrolled"
101315,"A_2020",1,1,1,1,1,1,8,4,1,"1 -> 1 -> 1",FALSE,FALSE,"Currently enrolled"
101316,"A_2022",0,1,1,1,1,1,7,3,0,"1 -> 1 -> 1",FALSE,FALSE,"Currently enrolled"
101317,"A_2020",0,0,1,0,0,1,8,4,0,"1 -> 0 -> 0",TRUE,TRUE,"Currently enrolled"
101318,"A_2020",1,0,1,1,1,1,8,4,1,"1 -> 1 -> 1",FALSE,FALSE,"Currently enrolled"
101319,"A_2020",1,0,1,0,0,1,8,4,0,"1 -> 0 -> 0",TRUE,TRUE,"Currently enrolled"
101320,"A_2020",0,1,0,0,0,1,8,4,0,"0 -> 0 -> 0",FALSE,FALSE,"Currently enrolled"
101321,"A_2020",0,0,1,0,0,0,7,3,0,"1 -> 0 -> 0",TRUE,TRUE,"Not currently enrolled; completion or exit unknown"
101322,"A_2020",0,0,1,0,0,1,7,4,0,"1 -> 0 -> 0",TRUE,TRUE,"Currently enrolled"
101323,"A_2020",0,1,1,0,0,0,8,3,0,"1 -> 0 -> 0",TRUE,TRUE,"Not currently enrolled; completion or exit unknown"
101324,"A_2020",1,0,1,1,1,1,8,4,1,"1 -> 1 -> 1",FALSE,FALSE,"Currently enrolled"
101325,"B_2018",1,1,1,0,0,0,7,3,0,"1 -> 0 -> 0",TRUE,TRUE,"Not currently enrolled; completion or exit unknown"
101326,"B_2018",1,1,0,0,0,0,5,1,0,"0 -> 0 -> 0",FALSE,FALSE,"Not currently enrolled; completion or exit unknown"
101327,"A_2020",0,0,1,0,0,1,7,3,0,"1 -> 0 -> 0",TRUE,TRUE,"Currently enrolled"
101328,"B_2018",1,1,0,0,0,1,9,6,0,"0 -> 0 -> 0",FALSE,FALSE,"Currently enrolled"
101329,"A_2020",0,1,1,1,1,1,7,3,0,"1 -> 1 -> 1",FALSE,FALSE,"Currently enrolled"
101330,"A_2020",0,1,1,1,0,1,9,5,0,"1 -> 1 -> 0",TRUE,TRUE,"Currently enrolled"
101331,"A_2020",0,1,1,1,1,1,8,4,1,"1 -> 1 -> 1",FALSE,FALSE,"Currently enrolled"
101332,"A_2022",0,0,1,0,0,1,7,2,0,"1 -> 0 -> 0",TRUE,TRUE,"Currently enrolled"
101333,"A_2022",1,1,1,1,1,1,6,2,1,"1 -> 1 -> 1",FALSE,FALSE,"Currently enrolled"
101334,"A_2020",0,0,1,1,1,1,8,4,0,"1 -> 1 -> 1",FALSE,FALSE,"Currently enrolled"
101335,"B_2018",1,1,1,1,0,0,7,2,0,"1 -> 1 -> 0",TRUE,TRUE,"Not currently enrolled; completion or exit unknown"
101336,"A_2020",0,1,1,1,1,1,7,4,1,"1 -> 1 -> 1",FALSE,FALSE,"Currently enrolled"
101337,"A_2020",0,0,1,0,0,1,7,4,0,"1 -> 0 -> 0",TRUE,TRUE,"Currently enrolled"
101338,"A_2022",1,1,0,0,0,1,6,2,0,"0 -> 0 -> 0",FALSE,FALSE,"Currently enrolled"
101339,"A_2020",1,1,1,1,1,1,7,4,0,"1 -> 1 -> 1",FALSE,FALSE,"Currently enrolled"
101340,"A_2020",0,1,1,1,0,1,8,4,1,"1 -> 1 -> 0",TRUE,TRUE,"Currently enrolled"
101341,"A_2020",0,1,1,1,1,1,8,4,1,"1 -> 1 -> 1",FALSE,FALSE,"Currently enrolled"
101342,"A_2020",1,0,1,0,0,1,7,4,0,"1 -> 0 -> 0",TRUE,TRUE,"Currently enrolled"
101343,"B_2018",0,0,0,0,0,1,9,6,0,"0 -> 0 -> 0",FALSE,FALSE,"Currently enrolled"
101344,"A_2020",0,0,1,1,1,1,8,4,0,"1 -> 1 -> 1",FALSE,FALSE,"Currently enrolled"
101345,"A_2020",0,0,1,0,0,1,7,4,0,"1 -> 0 -> 0",TRUE,TRUE,"Currently enrolled"
101346,"A_2020",1,1,1,1,0,0,8,3,0,"1 -> 1 -> 0",TRUE,TRUE,"Not currently enrolled; completion or exit unknown"
101347,"A_2020",0,1,1,1,1,1,8,4,0,"1 -> 1 -> 1",FALSE,FALSE,"Currently enrolled"
101348,"A_2020",1,0,1,0,0,0,6,1,0,"1 -> 0 -> 0",TRUE,TRUE,"Not currently enrolled; completion or exit unknown"
101349,"A_2020",1,1,1,0,0,0,5,1,0,"1 -> 0 -> 0",TRUE,TRUE,"Not currently enrolled; completion or exit unknown"
101350,"B_2018",0,0,1,1,1,1,9,6,0,"1 -> 1 -> 1",FALSE,FALSE,"Currently enrolled"
101351,"A_2022",0,0,1,1,1,1,6,2,0,"1 -> 1 -> 1",FALSE,FALSE,"Currently enrolled"
101352,"A_2020",0,0,1,1,0,0,6,2,0,"1 -> 1 -> 0",TRUE,TRUE,"Not currently enrolled; completion or exit unknown"
101353,"A_2020",0,1,1,1,1,1,8,4,0,"1 -> 1 -> 1",FALSE,FALSE,"Currently enrolled"
101354,"A_2020",1,0,1,1,0,0,6,2,0,"1 -> 1 -> 0",TRUE,TRUE,"Not currently enrolled; completion or exit unknown"
101355,"A_2022",0,1,1,0,0,0,5,1,0,"1 -> 0 -> 0",TRUE,TRUE,"Not currently enrolled; completion or exit unknown"
101356,"A_2020",0,1,1,1,1,1,8,6,0,"1 -> 1 -> 1",FALSE,FALSE,"Currently enrolled"
101357,"A_2022",0,0,1,1,1,1,6,2,0,"1 -> 1 -> 1",FALSE,FALSE,"Currently enrolled"
101358,"A_2020",0,1,1,1,1,1,8,4,0,"1 -> 1 -> 1",FALSE,FALSE,"Currently enrolled"
101359,"A_2020",0,0,1,1,1,1,8,4,0,"1 -> 1 -> 1",FALSE,FALSE,"Currently enrolled"
101360,"A_2022",1,1,1,1,1,1,6,2,1,"1 -> 1 -> 1",FALSE,FALSE,"Currently enrolled"
101361,"B_2018",1,0,1,1,1,1,9,6,1,"1 -> 1 -> 1",FALSE,FALSE,"Currently enrolled"
101362,"A_2020",1,1,1,1,1,1,8,4,1,"1 -> 1 -> 1",FALSE,FALSE,"Currently enrolled"
101363,"A_2020",0,0,1,1,1,1,8,4,0,"1 -> 1 -> 1",FALSE,FALSE,"Currently enrolled"
101364,"A_2020",0,1,1,0,0,0,5,1,0,"1 -> 0 -> 0",TRUE,TRUE,"Not currently enrolled; completion or exit unknown"
101365,"A_2020",0,1,1,0,0,1,6,4,0,"1 -> 0 -> 0",TRUE,TRUE,"Currently enrolled"
101366,"A_2022",0,0,1,1,1,1,7,2,0,"1 -> 1 -> 1",FALSE,FALSE,"Currently enrolled"
101367,"A_2020",1,1,1,1,1,1,8,4,1,"1 -> 1 -> 1",FALSE,FALSE,"Currently enrolled"
101368,"A_2020",1,0,1,1,1,1,8,4,1,"1 -> 1 -> 1",FALSE,FALSE,"Currently enrolled"
101369,"A_2020",1,1,1,1,0,0,8,4,0,"1 -> 1 -> 0",TRUE,TRUE,"Not currently enrolled; completion or exit unknown"
101370,"A_2022",1,1,1,1,1,1,6,2,0,"1 -> 1 -> 1",FALSE,FALSE,"Currently enrolled"
101371,"B_2018",0,0,1,1,1,1,9,6,0,"1 -> 1 -> 1",FALSE,FALSE,"Currently enrolled"
101372,"A_2022",1,1,1,0,0,1,6,2,0,"1 -> 0 -> 0",TRUE,TRUE,"Currently enrolled"
101373,"A_2020",1,1,1,0,0,0,6,1,0,"1 -> 0 -> 0",TRUE,TRUE,"Not currently enrolled; completion or exit unknown"
101374,"A_2020",0,0,,,0,0,5,0,0,"? -> ? -> 0",FALSE,FALSE,"Not currently enrolled; completion or exit unknown"
101375,"A_2020",1,1,1,1,1,1,8,4,0,"1 -> 1 -> 1",FALSE,FALSE,"Currently enrolled"
101376,"A_2022",0,0,1,0,0,1,6,2,0,"1 -> 0 -> 0",TRUE,TRUE,"Currently enrolled"
101377,"A_2022",0,0,1,1,1,1,6,2,0,"1 -> 1 -> 1",FALSE,FALSE,"Currently enrolled"
101378,"A_2020",0,1,1,0,0,0,5,1,0,"1 -> 0 -> 0",TRUE,TRUE,"Not currently enrolled; completion or exit unknown"
101379,"B_2018",1,1,1,1,1,1,9,6,1,"1 -> 1 -> 1",FALSE,FALSE,"Currently enrolled"
101380,"A_2020",0,0,1,1,0,1,7,4,1,"1 -> 1 -> 0",TRUE,TRUE,"Currently enrolled"
101381,"A_2020",0,0,0,0,0,1,8,4,0,"0 -> 0 -> 0",FALSE,FALSE,"Currently enrolled"
101382,"A_2020",0,1,1,1,1,1,6,4,0,"1 -> 1 -> 1",FALSE,FALSE,"Currently enrolled"
101383,"A_2022",1,0,1,1,1,1,6,2,1,"1 -> 1 -> 1",FALSE,FALSE,"Currently enrolled"
101384,"A_2020",0,0,1,1,1,1,9,4,0,"1 -> 1 -> 1",FALSE,FALSE,"Currently enrolled"
101385,"A_2020",0,0,1,1,0,1,7,4,0,"1 -> 1 -> 0",TRUE,TRUE,"Currently enrolled"
101386,"A_2020",0,1,0,0,0,0,5,1,0,"0 -> 0 -> 0",FALSE,FALSE,"Not currently enrolled; completion or exit unknown"
101387,"B_2018",0,0,1,1,0,1,8,6,0,"1 -> 1 -> 0",TRUE,TRUE,"Currently enrolled"
101388,"A_2020",0,0,0,1,1,1,8,5,0,"0 -> 1 -> 1",FALSE,FALSE,"Currently enrolled"
101389,"A_2020",1,0,1,1,1,1,8,4,1,"1 -> 1 -> 1",FALSE,FALSE,"Currently enrolled"
101390,"A_2020",1,1,1,1,1,1,8,4,1,"1 -> 1 -> 1",FALSE,FALSE,"Currently enrolled"
101391,"A_2020",0,1,0,1,1,1,9,5,0,"0 -> 1 -> 1",FALSE,FALSE,"Currently enrolled"
101392,"A_2020",0,1,0,1,1,1,9,5,0,"0 -> 1 -> 1",FALSE,FALSE,"Currently enrolled"
101393,"B_2018",0,1,1,0,0,1,8,5,0,"1 -> 0 -> 0",TRUE,TRUE,"Currently enrolled"
101394,"A_2020",1,1,1,1,1,1,7,4,0,"1 -> 1 -> 1",FALSE,FALSE,"Currently enrolled"
101395,"A_2020",1,1,1,1,1,1,8,4,1,"1 -> 1 -> 1",FALSE,FALSE,"Currently enrolled"
101396,"A_2020",1,0,1,1,1,1,8,4,0,"1 -> 1 -> 1",FALSE,FALSE,"Currently enrolled"
101397,"B_2018",1,0,1,1,0,0,9,4,0,"1 -> 1 -> 0",TRUE,TRUE,"Not currently enrolled; completion or exit unknown"
101398,"A_2020",0,1,1,1,1,1,8,4,0,"1 -> 1 -> 1",FALSE,FALSE,"Currently enrolled"
101399,"A_2020",0,1,1,1,1,1,8,4,0,"1 -> 1 -> 1",FALSE,FALSE,"Currently enrolled"
101400,"A_2020",1,0,1,1,1,1,8,4,0,"1 -> 1 -> 1",FALSE,FALSE,"Currently enrolled"
101401,"A_2020",0,0,1,1,0,1,8,4,0,"1 -> 1 -> 0",TRUE,TRUE,"Currently enrolled"
101402,"B_2018",1,1,1,1,1,1,10,6,1,"1 -> 1 -> 1",FALSE,FALSE,"Currently enrolled"
101403,"A_2020",0,0,1,1,1,1,8,4,0,"1 -> 1 -> 1",FALSE,FALSE,"Currently enrolled"
101404,"A_2020",1,0,1,1,1,1,8,4,1,"1 -> 1 -> 1",FALSE,FALSE,"Currently enrolled"
101405,"A_2020",1,0,1,1,1,1,8,4,0,"1 -> 1 -> 1",FALSE,FALSE,"Currently enrolled"
101406,"A_2020",1,0,1,1,1,1,8,4,1,"1 -> 1 -> 1",FALSE,FALSE,"Currently enrolled"
101407,"A_2020",0,1,1,1,1,1,8,4,0,"1 -> 1 -> 1",FALSE,FALSE,"Currently enrolled"
101408,"A_2020",1,1,1,1,1,1,8,4,1,"1 -> 1 -> 1",FALSE,FALSE,"Currently enrolled"
101409,"A_2020",1,1,1,1,0,1,8,4,0,"1 -> 1 -> 0",TRUE,TRUE,"Currently enrolled"
101410,"A_2022",1,1,1,1,1,1,6,2,1,"1 -> 1 -> 1",FALSE,FALSE,"Currently enrolled"
101411,"A_2022",0,1,1,1,1,1,6,2,0,"1 -> 1 -> 1",FALSE,FALSE,"Currently enrolled"
101412,"A_2020",1,0,1,1,0,0,7,2,0,"1 -> 1 -> 0",TRUE,TRUE,"Not currently enrolled; completion or exit unknown"
101413,"B_2018",0,0,0,0,0,1,8,6,0,"0 -> 0 -> 0",FALSE,FALSE,"Currently enrolled"
101414,"A_2020",1,0,1,1,1,1,8,4,1,"1 -> 1 -> 1",FALSE,FALSE,"Currently enrolled"
101415,"A_2020",0,0,0,1,1,1,10,6,0,"0 -> 1 -> 1",FALSE,FALSE,"Currently enrolled"
101416,"A_2020",0,0,1,1,1,1,10,5,0,"1 -> 1 -> 1",FALSE,FALSE,"Currently enrolled"
101417,"A_2020",1,0,1,1,1,1,7,4,0,"1 -> 1 -> 1",FALSE,FALSE,"Currently enrolled"
101418,"A_2020",1,1,1,0,0,1,7,4,0,"1 -> 0 -> 0",TRUE,TRUE,"Currently enrolled"
101419,"A_2020",1,1,1,1,1,1,8,4,1,"1 -> 1 -> 1",FALSE,FALSE,"Currently enrolled"
101420,"A_2022",1,1,0,0,0,1,6,3,0,"0 -> 0 -> 0",FALSE,FALSE,"Currently enrolled"
101421,"A_2022",1,1,0,1,1,1,6,4,0,"0 -> 1 -> 1",FALSE,FALSE,"Currently enrolled"
101422,"A_2020",0,0,1,1,0,1,8,4,0,"1 -> 1 -> 0",TRUE,TRUE,"Currently enrolled"
101423,"A_2020",0,1,1,1,0,0,7,2,0,"1 -> 1 -> 0",TRUE,TRUE,"Not currently enrolled; completion or exit unknown"
101424,"A_2020",0,1,1,0,0,1,7,4,0,"1 -> 0 -> 0",TRUE,TRUE,"Currently enrolled"
101425,"A_2022",1,1,1,1,1,1,6,2,0,"1 -> 1 -> 1",FALSE,FALSE,"Currently enrolled"
101426,"B_2018",1,1,1,1,1,1,9,6,1,"1 -> 1 -> 1",FALSE,FALSE,"Currently enrolled"
101427,"A_2020",1,0,1,1,1,1,6,3,0,"1 -> 1 -> 1",FALSE,FALSE,"Currently enrolled"
101428,"A_2022",0,0,1,1,1,1,6,2,1,"1 -> 1 -> 1",FALSE,FALSE,"Currently enrolled"
101429,"A_2022",0,1,1,1,1,1,6,3,0,"1 -> 1 -> 1",FALSE,FALSE,"Currently enrolled"
101430,"A_2020",1,0,1,1,1,1,8,4,1,"1 -> 1 -> 1",FALSE,FALSE,"Currently enrolled"
101431,"A_2020",1,1,1,1,1,1,6,4,1,"1 -> 1 -> 1",FALSE,FALSE,"Currently enrolled"
101432,"A_2020",0,0,1,1,1,1,8,4,0,"1 -> 1 -> 1",FALSE,FALSE,"Currently enrolled"
101433,"A_2022",0,0,1,1,1,1,6,2,0,"1 -> 1 -> 1",FALSE,FALSE,"Currently enrolled"
101434,"A_2020",0,0,1,0,0,1,5,3,0,"1 -> 0 -> 0",TRUE,TRUE,"Currently enrolled"
101435,"A_2020",1,0,1,1,1,1,8,4,1,"1 -> 1 -> 1",FALSE,FALSE,"Currently enrolled"
101436,"A_2020",1,0,1,1,1,1,8,4,1,"1 -> 1 -> 1",FALSE,FALSE,"Currently enrolled"
101437,"A_2020",1,0,1,1,1,1,8,4,1,"1 -> 1 -> 1",FALSE,FALSE,"Currently enrolled"
101438,"B_2018",0,1,0,1,1,1,9,6,0,"0 -> 1 -> 1",FALSE,FALSE,"Currently enrolled"
101439,"A_2020",1,1,1,1,1,1,8,4,1,"1 -> 1 -> 1",FALSE,FALSE,"Currently enrolled"
101440,"A_2020",0,0,1,1,1,1,8,4,0,"1 -> 1 -> 1",FALSE,FALSE,"Currently enrolled"
101441,"A_2020",0,1,1,0,0,1,5,3,0,"1 -> 0 -> 0",TRUE,TRUE,"Currently enrolled"
101442,"A_2020",1,1,1,1,1,1,8,4,0,"1 -> 1 -> 1",FALSE,FALSE,"Currently enrolled"
101443,"B_2018",0,0,0,0,0,0,9,4,0,"0 -> 0 -> 0",FALSE,FALSE,"Not currently enrolled; completion or exit unknown"
101444,"A_2020",1,1,1,1,1,1,8,4,1,"1 -> 1 -> 1",FALSE,FALSE,"Currently enrolled"
101445,"A_2022",1,0,1,1,1,1,6,2,1,"1 -> 1 -> 1",FALSE,FALSE,"Currently enrolled"
101446,"A_2020",1,0,1,1,0,0,8,3,0,"1 -> 1 -> 0",TRUE,TRUE,"Not currently enrolled; completion or exit unknown"
101447,"A_2020",1,0,1,1,1,1,8,4,1,"1 -> 1 -> 1",FALSE,FALSE,"Currently enrolled"
101448,"A_2020",0,1,1,1,0,1,7,4,0,"1 -> 1 -> 0",TRUE,TRUE,"Currently enrolled"
101449,"A_2020",1,1,1,1,1,1,8,4,0,"1 -> 1 -> 1",FALSE,FALSE,"Currently enrolled"
101450,"A_2020",0,1,1,1,1,1,8,4,0,"1 -> 1 -> 1",FALSE,FALSE,"Currently enrolled"
101451,"A_2020",1,1,1,0,0,0,6,3,0,"1 -> 0 -> 0",TRUE,TRUE,"Not currently enrolled; completion or exit unknown"
101452,"A_2020",1,1,1,0,0,0,6,1,0,"1 -> 0 -> 0",TRUE,TRUE,"Not currently enrolled; completion or exit unknown"
101453,"A_2020",1,0,1,1,1,1,8,4,1,"1 -> 1 -> 1",FALSE,FALSE,"Currently enrolled"
101454,"A_2020",0,0,0,0,0,1,7,3,0,"0 -> 0 -> 0",FALSE,FALSE,"Currently enrolled"
101455,"A_2020",0,1,1,1,0,0,6,2,0,"1 -> 1 -> 0",TRUE,TRUE,"Not currently enrolled; completion or exit unknown"
101456,"A_2020",0,0,1,1,1,1,8,4,1,"1 -> 1 -> 1",FALSE,FALSE,"Currently enrolled"
101457,"A_2020",0,0,1,1,0,0,7,3,0,"1 -> 1 -> 0",TRUE,TRUE,"Not currently enrolled; completion or exit unknown"
101458,"A_2022",0,0,1,1,1,1,7,2,0,"1 -> 1 -> 1",FALSE,FALSE,"Currently enrolled"
101459,"A_2020",1,1,1,0,0,0,6,1,0,"1 -> 0 -> 0",TRUE,TRUE,"Not currently enrolled; completion or exit unknown"
101460,"A_2022",0,0,1,1,1,1,6,2,0,"1 -> 1 -> 1",FALSE,FALSE,"Currently enrolled"
101461,"A_2020",1,1,1,0,0,1,5,2,0,"1 -> 0 -> 0",TRUE,TRUE,"Currently enrolled"
101462,"A_2022",1,0,1,1,1,1,6,2,1,"1 -> 1 -> 1",FALSE,FALSE,"Currently enrolled"
101463,"A_2020",1,0,1,1,1,1,8,4,1,"1 -> 1 -> 1",FALSE,FALSE,"Currently enrolled"
101464,"A_2020",1,1,1,1,1,1,8,4,1,"1 -> 1 -> 1",FALSE,FALSE,"Currently enrolled"
101465,"B_2018",1,0,1,1,1,1,9,6,0,"1 -> 1 -> 1",FALSE,FALSE,"Currently enrolled"
101466,"A_2020",0,0,1,1,,1,8,4,0,"1 -> 1 -> ?",FALSE,FALSE,"Currently enrolled"
101467,"A_2020",0,1,1,0,0,1,8,4,0,"1 -> 0 -> 0",TRUE,TRUE,"Currently enrolled"
101468,"A_2020",1,0,1,1,1,1,8,4,1,"1 -> 1 -> 1",FALSE,FALSE,"Currently enrolled"
101469,"A_2020",1,1,1,1,0,0,8,4,0,"1 -> 1 -> 0",TRUE,TRUE,"Not currently enrolled; completion or exit unknown"
101470,"A_2022",0,0,0,1,1,1,6,3,0,"0 -> 1 -> 1",FALSE,FALSE,"Currently enrolled"
101471,"A_2020",0,1,0,0,0,1,6,3,0,"0 -> 0 -> 0",FALSE,FALSE,"Currently enrolled"
101472,"A_2020",0,0,1,1,1,1,7,3,0,"1 -> 1 -> 1",FALSE,FALSE,"Currently enrolled"
101473,"A_2020",1,1,1,1,1,1,8,4,0,"1 -> 1 -> 1",FALSE,FALSE,"Currently enrolled"
101474,"A_2020",1,0,1,1,1,1,8,4,1,"1 -> 1 -> 1",FALSE,FALSE,"Currently enrolled"
101475,"A_2020",0,1,0,0,0,1,7,4,0,"0 -> 0 -> 0",FALSE,FALSE,"Currently enrolled"
101476,"A_2022",1,1,1,0,1,1,5,2,1,"1 -> 0 -> 1",FALSE,FALSE,"Currently enrolled"
101477,"A_2020",1,0,1,1,1,1,8,4,1,"1 -> 1 -> 1",FALSE,FALSE,"Currently enrolled"
101478,"A_2020",1,0,1,1,1,1,8,4,1,"1 -> 1 -> 1",FALSE,FALSE,"Currently enrolled"
101479,"A_2020",0,0,0,1,0,0,9,2,0,"0 -> 1 -> 0",FALSE,TRUE,"Not currently enrolled; completion or exit unknown"
101480,"A_2020",0,1,1,1,1,1,8,4,0,"1 -> 1 -> 1",FALSE,FALSE,"Currently enrolled"
101481,"A_2020",0,1,1,1,1,1,8,4,0,"1 -> 1 -> 1",FALSE,FALSE,"Currently enrolled"
101482,"A_2020",0,1,1,1,1,1,7,4,0,"1 -> 1 -> 1",FALSE,FALSE,"Currently enrolled"
101483,"A_2022",1,0,1,1,1,1,6,2,1,"1 -> 1 -> 1",FALSE,FALSE,"Currently enrolled"
101484,"A_2020",1,0,1,1,1,1,8,4,1,"1 -> 1 -> 1",FALSE,FALSE,"Currently enrolled"
101485,"A_2020",1,1,1,1,0,0,7,2,0,"1 -> 1 -> 0",TRUE,TRUE,"Not currently enrolled; completion or exit unknown"
101486,"A_2020",0,0,1,1,0,0,7,2,0,"1 -> 1 -> 0",TRUE,TRUE,"Not currently enrolled; completion or exit unknown"
101487,"A_2020",0,1,1,1,1,1,7,4,0,"1 -> 1 -> 1",FALSE,FALSE,"Currently enrolled"
101488,"B_2018",0,1,1,1,0,0,9,4,0,"1 -> 1 -> 0",TRUE,TRUE,"Not currently enrolled; completion or exit unknown"
101489,"A_2022",0,0,1,0,1,1,5,1,0,"1 -> 0 -> 1",FALSE,FALSE,"Currently enrolled"
101490,"B_2018",1,0,0,0,0,1,9,6,0,"0 -> 0 -> 0",FALSE,FALSE,"Currently enrolled"
101491,"A_2022",0,0,1,1,1,1,6,2,0,"1 -> 1 -> 1",FALSE,FALSE,"Currently enrolled"
101492,"A_2020",1,0,1,1,1,1,8,4,1,"1 -> 1 -> 1",FALSE,FALSE,"Currently enrolled"
101493,"A_2020",0,0,1,1,1,1,8,4,0,"1 -> 1 -> 1",FALSE,FALSE,"Currently enrolled"
101494,"A_2020",0,0,1,1,1,1,8,4,0,"1 -> 1 -> 1",FALSE,FALSE,"Currently enrolled"
101495,"A_2020",1,1,1,1,1,1,8,4,1,"1 -> 1 -> 1",FALSE,FALSE,"Currently enrolled"
101496,"A_2020",0,0,1,1,1,1,8,4,0,"1 -> 1 -> 1",FALSE,FALSE,"Currently enrolled"
101497,"A_2020",0,1,1,1,1,1,8,4,0,"1 -> 1 -> 1",FALSE,FALSE,"Currently enrolled"
101498,"A_2020",0,0,1,0,0,0,7,4,0,"1 -> 0 -> 0",TRUE,TRUE,"Not currently enrolled; completion or exit unknown"
101499,"A_2020",0,0,1,1,1,1,8,4,0,"1 -> 1 -> 1",FALSE,FALSE,"Currently enrolled"
101500,"A_2020",1,1,1,1,1,1,8,4,1,"1 -> 1 -> 1",FALSE,FALSE,"Currently enrolled"
101501,"A_2020",0,0,1,1,,1,8,4,0,"1 -> 1 -> ?",FALSE,FALSE,"Currently enrolled"
101502,"A_2020",0,0,1,1,1,1,8,4,0,"1 -> 1 -> 1",FALSE,FALSE,"Currently enrolled"
101503,"A_2022",1,0,0,1,0,0,6,3,0,"0 -> 1 -> 0",FALSE,TRUE,"Not currently enrolled; completion or exit unknown"
101504,"A_2022",1,0,1,1,1,1,6,2,1,"1 -> 1 -> 1",FALSE,FALSE,"Currently enrolled"
101505,"A_2022",0,1,1,1,1,1,6,2,0,"1 -> 1 -> 1",FALSE,FALSE,"Currently enrolled"
101506,"A_2020",1,1,1,1,1,1,7,4,0,"1 -> 1 -> 1",FALSE,FALSE,"Currently enrolled"
101507,"B_2018",0,1,1,1,1,1,9,6,0,"1 -> 1 -> 1",FALSE,FALSE,"Currently enrolled"
101508,"A_2022",1,0,1,1,1,1,6,2,1,"1 -> 1 -> 1",FALSE,FALSE,"Currently enrolled"
101509,"A_2020",0,1,1,1,1,1,8,4,0,"1 -> 1 -> 1",FALSE,FALSE,"Currently enrolled"
101510,"B_2018",0,1,0,0,0,0,6,1,0,"0 -> 0 -> 0",FALSE,FALSE,"Not currently enrolled; completion or exit unknown"
101511,"A_2020",0,1,1,1,1,1,7,4,0,"1 -> 1 -> 1",FALSE,FALSE,"Currently enrolled"
101512,"A_2020",0,1,1,1,1,1,8,4,0,"1 -> 1 -> 1",FALSE,FALSE,"Currently enrolled"
101513,"A_2020",1,1,1,1,1,1,9,4,1,"1 -> 1 -> 1",FALSE,FALSE,"Currently enrolled"
101514,"A_2020",1,1,1,1,1,1,8,4,1,"1 -> 1 -> 1",FALSE,FALSE,"Currently enrolled"
101515,"A_2020",0,1,1,1,1,1,8,4,0,"1 -> 1 -> 1",FALSE,FALSE,"Currently enrolled"
101516,"A_2020",1,0,1,1,1,1,8,4,1,"1 -> 1 -> 1",FALSE,FALSE,"Currently enrolled"
101517,"A_2022",1,0,0,0,0,1,5,2,0,"0 -> 0 -> 0",FALSE,FALSE,"Currently enrolled"
101518,"A_2020",0,1,0,0,0,1,8,4,0,"0 -> 0 -> 0",FALSE,FALSE,"Currently enrolled"
101519,"A_2020",0,1,1,0,0,0,5,1,0,"1 -> 0 -> 0",TRUE,TRUE,"Not currently enrolled; completion or exit unknown"
101520,"A_2022",1,0,1,1,1,1,6,2,1,"1 -> 1 -> 1",FALSE,FALSE,"Currently enrolled"
101521,"A_2020",0,0,1,1,0,1,8,4,0,"1 -> 1 -> 0",TRUE,TRUE,"Currently enrolled"
101522,"A_2020",1,0,0,0,0,0,6,1,0,"0 -> 0 -> 0",FALSE,FALSE,"Not currently enrolled; completion or exit unknown"
101523,"A_2020",0,1,1,0,0,0,5,1,0,"1 -> 0 -> 0",TRUE,TRUE,"Not currently enrolled; completion or exit unknown"
101524,"A_2020",0,1,0,0,0,1,7,4,0,"0 -> 0 -> 0",FALSE,FALSE,"Currently enrolled"
101525,"A_2020",1,0,1,1,1,1,7,4,1,"1 -> 1 -> 1",FALSE,FALSE,"Currently enrolled"
101526,"A_2020",1,0,1,1,1,1,8,4,1,"1 -> 1 -> 1",FALSE,FALSE,"Currently enrolled"
101527,"A_2022",1,0,0,0,0,1,5,2,0,"0 -> 0 -> 0",FALSE,FALSE,"Currently enrolled"
101528,"B_2018",1,0,1,1,0,0,8,3,0,"1 -> 1 -> 0",TRUE,TRUE,"Not currently enrolled; completion or exit unknown"
101529,"A_2022",0,1,1,1,1,1,6,2,0,"1 -> 1 -> 1",FALSE,FALSE,"Currently enrolled"
101530,"A_2020",1,1,1,1,1,1,8,4,1,"1 -> 1 -> 1",FALSE,FALSE,"Currently enrolled"
101531,"A_2022",1,1,1,1,1,1,6,2,1,"1 -> 1 -> 1",FALSE,FALSE,"Currently enrolled"
101532,"A_2022",0,0,1,1,1,1,6,2,0,"1 -> 1 -> 1",FALSE,FALSE,"Currently enrolled"
101533,"A_2020",1,0,1,1,1,1,8,4,1,"1 -> 1 -> 1",FALSE,FALSE,"Currently enrolled"
101534,"B_2018",1,1,1,1,1,1,9,6,1,"1 -> 1 -> 1",FALSE,FALSE,"Currently enrolled"
101535,"A_2022",0,0,1,1,1,1,6,2,0,"1 -> 1 -> 1",FALSE,FALSE,"Currently enrolled"
101536,"A_2020",0,1,1,1,1,1,8,4,0,"1 -> 1 -> 1",FALSE,FALSE,"Currently enrolled"
101537,"A_2020",1,1,1,1,1,1,8,5,1,"1 -> 1 -> 1",FALSE,FALSE,"Currently enrolled"
101538,"A_2020",1,1,1,1,1,1,8,4,1,"1 -> 1 -> 1",FALSE,FALSE,"Currently enrolled"
101539,"B_2018",0,1,0,0,0,1,9,6,0,"0 -> 0 -> 0",FALSE,FALSE,"Currently enrolled"
101540,"A_2020",0,0,1,0,0,0,7,2,0,"1 -> 0 -> 0",TRUE,TRUE,"Not currently enrolled; completion or exit unknown"
101541,"A_2020",1,1,1,1,1,1,7,4,0,"1 -> 1 -> 1",FALSE,FALSE,"Currently enrolled"
101542,"A_2020",1,1,1,1,1,1,8,4,0,"1 -> 1 -> 1",FALSE,FALSE,"Currently enrolled"
101543,"A_2020",1,1,1,1,1,1,8,4,1,"1 -> 1 -> 1",FALSE,FALSE,"Currently enrolled"
101544,"A_2020",1,1,1,1,1,1,8,4,0,"1 -> 1 -> 1",FALSE,FALSE,"Currently enrolled"
101545,"A_2020",1,0,1,1,1,1,8,4,1,"1 -> 1 -> 1",FALSE,FALSE,"Currently enrolled"
101546,"A_2020",1,0,1,1,1,1,8,4,1,"1 -> 1 -> 1",FALSE,FALSE,"Currently enrolled"
101547,"A_2020",1,0,1,1,0,1,8,4,0,"1 -> 1 -> 0",TRUE,TRUE,"Currently enrolled"
101548,"A_2020",1,0,1,1,1,1,7,4,0,"1 -> 1 -> 1",FALSE,FALSE,"Currently enrolled"
101549,"A_2022",0,0,1,1,1,1,6,2,0,"1 -> 1 -> 1",FALSE,FALSE,"Currently enrolled"
101550,"A_2020",0,1,1,0,0,0,6,1,0,"1 -> 0 -> 0",TRUE,TRUE,"Not currently enrolled; completion or exit unknown"
101551,"B_2018",1,0,1,1,1,1,9,6,0,"1 -> 1 -> 1",FALSE,FALSE,"Currently enrolled"
101552,"A_2020",0,0,1,1,1,1,8,4,0,"1 -> 1 -> 1",FALSE,FALSE,"Currently enrolled"
101553,"A_2022",1,0,1,1,1,1,6,2,1,"1 -> 1 -> 1",FALSE,FALSE,"Currently enrolled"
101554,"A_2020",1,1,1,1,1,1,9,5,1,"1 -> 1 -> 1",FALSE,FALSE,"Currently enrolled"
101555,"B_2018",0,0,1,1,1,1,9,6,1,"1 -> 1 -> 1",FALSE,FALSE,"Currently enrolled"
101556,"A_2020",0,0,0,0,0,1,8,4,0,"0 -> 0 -> 0",FALSE,FALSE,"Currently enrolled"
101557,"A_2022",0,0,1,1,1,1,6,2,0,"1 -> 1 -> 1",FALSE,FALSE,"Currently enrolled"
101558,"A_2020",1,1,1,1,1,1,8,4,1,"1 -> 1 -> 1",FALSE,FALSE,"Currently enrolled"
101559,"B_2018",1,1,0,0,0,0,7,2,0,"0 -> 0 -> 0",FALSE,FALSE,"Not currently enrolled; completion or exit unknown"
101560,"A_2020",1,0,1,1,1,1,8,4,1,"1 -> 1 -> 1",FALSE,FALSE,"Currently enrolled"
101561,"A_2020",0,1,1,1,1,1,8,4,0,"1 -> 1 -> 1",FALSE,FALSE,"Currently enrolled"
101562,"A_2020",0,1,1,1,1,1,8,4,0,"1 -> 1 -> 1",FALSE,FALSE,"Currently enrolled"
101563,"A_2020",1,0,1,1,1,1,8,4,0,"1 -> 1 -> 1",FALSE,FALSE,"Currently enrolled"
101564,"A_2020",1,1,1,1,1,1,8,4,1,"1 -> 1 -> 1",FALSE,FALSE,"Currently enrolled"
101565,"B_2018",1,0,1,1,1,1,9,6,1,"1 -> 1 -> 1",FALSE,FALSE,"Currently enrolled"
101566,"A_2020",1,1,1,1,1,1,8,4,0,"1 -> 1 -> 1",FALSE,FALSE,"Currently enrolled"
101567,"A_2022",1,1,0,0,0,1,6,2,0,"0 -> 0 -> 0",FALSE,FALSE,"Currently enrolled"
101568,"A_2020",0,1,1,1,1,1,8,4,1,"1 -> 1 -> 1",FALSE,FALSE,"Currently enrolled"
101569,"A_2020",1,1,1,1,1,1,8,3,1,"1 -> 1 -> 1",FALSE,FALSE,"Currently enrolled"
101570,"A_2020",0,1,1,0,0,0,5,2,0,"1 -> 0 -> 0",TRUE,TRUE,"Not currently enrolled; completion or exit unknown"
101571,"A_2020",1,0,1,1,1,1,8,4,1,"1 -> 1 -> 1",FALSE,FALSE,"Currently enrolled"
101572,"A_2020",1,0,1,1,1,1,8,4,1,"1 -> 1 -> 1",FALSE,FALSE,"Currently enrolled"
101573,"A_2020",0,0,1,0,0,0,5,1,0,"1 -> 0 -> 0",TRUE,TRUE,"Not currently enrolled; completion or exit unknown"
101574,"B_2018",1,0,1,0,0,1,8,6,0,"1 -> 0 -> 0",TRUE,TRUE,"Currently enrolled"
101575,"A_2022",0,1,1,0,1,1,5,2,0,"1 -> 0 -> 1",FALSE,FALSE,"Currently enrolled"
101576,"A_2022",0,1,1,1,1,1,6,3,0,"1 -> 1 -> 1",FALSE,FALSE,"Currently enrolled"
101577,"A_2020",0,1,1,0,0,1,8,4,0,"1 -> 0 -> 0",TRUE,TRUE,"Currently enrolled"
101578,"A_2020",0,1,1,1,1,1,8,4,0,"1 -> 1 -> 1",FALSE,FALSE,"Currently enrolled"
101579,"A_2020",0,0,1,1,1,1,8,4,0,"1 -> 1 -> 1",FALSE,FALSE,"Currently enrolled"
101580,"A_2022",0,0,1,1,1,1,6,2,0,"1 -> 1 -> 1",FALSE,FALSE,"Currently enrolled"
101581,"A_2020",1,0,1,1,1,1,8,4,1,"1 -> 1 -> 1",FALSE,FALSE,"Currently enrolled"
101582,"A_2022",0,1,0,0,0,1,6,2,0,"0 -> 0 -> 0",FALSE,FALSE,"Currently enrolled"
101583,"A_2020",0,0,1,0,0,1,7,4,0,"1 -> 0 -> 0",TRUE,TRUE,"Currently enrolled"
101584,"A_2020",1,1,1,0,0,1,5,2,0,"1 -> 0 -> 0",TRUE,TRUE,"Currently enrolled"
101585,"A_2020",0,0,1,1,0,1,8,4,0,"1 -> 1 -> 0",TRUE,TRUE,"Currently enrolled"
101586,"A_2020",1,0,1,0,0,1,7,4,0,"1 -> 0 -> 0",TRUE,TRUE,"Currently enrolled"
101587,"A_2020",0,1,1,1,1,1,8,4,1,"1 -> 1 -> 1",FALSE,FALSE,"Currently enrolled"
101588,"A_2020",0,1,0,0,0,0,5,1,0,"0 -> 0 -> 0",FALSE,FALSE,"Not currently enrolled; completion or exit unknown"
101589,"A_2020",1,1,0,1,1,1,7,5,0,"0 -> 1 -> 1",FALSE,FALSE,"Currently enrolled"
101590,"A_2020",1,0,1,1,1,1,8,4,1,"1 -> 1 -> 1",FALSE,FALSE,"Currently enrolled"
101591,"A_2020",0,1,1,1,1,1,10,4,0,"1 -> 1 -> 1",FALSE,FALSE,"Currently enrolled"
101592,"A_2020",0,0,1,0,0,1,6,4,0,"1 -> 0 -> 0",TRUE,TRUE,"Currently enrolled"
101593,"A_2020",1,0,1,0,0,0,6,3,0,"1 -> 0 -> 0",TRUE,TRUE,"Not currently enrolled; completion or exit unknown"
101594,"A_2020",0,1,1,1,1,1,8,4,0,"1 -> 1 -> 1",FALSE,FALSE,"Currently enrolled"
101595,"A_2020",1,1,1,1,1,1,8,4,1,"1 -> 1 -> 1",FALSE,FALSE,"Currently enrolled"
101596,"A_2020",1,0,1,1,1,1,8,4,1,"1 -> 1 -> 1",FALSE,FALSE,"Currently enrolled"
101597,"A_2020",0,0,1,1,1,1,9,4,1,"1 -> 1 -> 1",FALSE,FALSE,"Currently enrolled"
101598,"A_2020",1,0,1,1,1,1,8,4,1,"1 -> 1 -> 1",FALSE,FALSE,"Currently enrolled"
101599,"A_2020",1,1,1,1,1,1,8,4,1,"1 -> 1 -> 1",FALSE,FALSE,"Currently enrolled"
101600,"A_2020",0,0,0,0,0,1,8,4,0,"0 -> 0 -> 0",FALSE,FALSE,"Currently enrolled"
101601,"A_2020",0,0,1,1,0,1,8,4,0,"1 -> 1 -> 0",TRUE,TRUE,"Currently enrolled"
101602,"A_2020",0,0,1,1,1,1,8,4,0,"1 -> 1 -> 1",FALSE,FALSE,"Currently enrolled"
101603,"A_2020",1,1,1,1,1,1,7,4,0,"1 -> 1 -> 1",FALSE,FALSE,"Currently enrolled"
101604,"A_2020",1,0,1,1,1,1,8,4,1,"1 -> 1 -> 1",FALSE,FALSE,"Currently enrolled"
101605,"A_2020",1,1,1,1,1,1,8,4,1,"1 -> 1 -> 1",FALSE,FALSE,"Currently enrolled"
101606,"A_2020",0,0,1,1,1,1,8,4,0,"1 -> 1 -> 1",FALSE,FALSE,"Currently enrolled"
101607,"A_2020",1,0,1,1,1,1,6,3,0,"1 -> 1 -> 1",FALSE,FALSE,"Currently enrolled"
101608,"A_2020",1,1,1,0,0,1,5,2,0,"1 -> 0 -> 0",TRUE,TRUE,"Currently enrolled"
101609,"A_2020",0,1,1,0,0,0,6,1,0,"1 -> 0 -> 0",TRUE,TRUE,"Not currently enrolled; completion or exit unknown"
101610,"A_2020",1,0,1,1,0,1,8,4,0,"1 -> 1 -> 0",TRUE,TRUE,"Currently enrolled"
101611,"A_2020",1,0,1,1,1,1,8,4,1,"1 -> 1 -> 1",FALSE,FALSE,"Currently enrolled"
101612,"A_2020",1,0,1,1,1,1,8,4,1,"1 -> 1 -> 1",FALSE,FALSE,"Currently enrolled"
101613,"A_2020",1,0,1,1,1,1,8,4,1,"1 -> 1 -> 1",FALSE,FALSE,"Currently enrolled"
101614,"A_2020",0,1,0,0,1,1,7,4,0,"0 -> 0 -> 1",FALSE,FALSE,"Currently enrolled"
101615,"A_2020",1,0,1,1,1,1,8,4,1,"1 -> 1 -> 1",FALSE,FALSE,"Currently enrolled"
101616,"A_2020",1,0,1,1,0,1,7,4,0,"1 -> 1 -> 0",TRUE,TRUE,"Currently enrolled"
101617,"A_2020",1,0,1,1,1,1,9,4,1,"1 -> 1 -> 1",FALSE,FALSE,"Currently enrolled"
