"section","key","field","actual","expected","pass"
"ITT","A_2020/years_in_school","n","1171","1171",TRUE
"ITT","A_2020/years_in_school","n_control","579","579",TRUE
"ITT","A_2020/years_in_school","n_selected","592","592",TRUE
"ITT","A_2020/years_in_school","control_mean","3.60794473229706","3.60794473229706",TRUE
"ITT","A_2020/years_in_school","selected_mean","3.70101351351351","3.70101351351351",TRUE
"ITT","A_2020/years_in_school","estimate","0.093068781216453","0.0930687812164499",TRUE
"ITT","A_2020/years_in_school","se","0.054717908830444","0.0547179088304439",TRUE
"ITT","A_2020/years_in_school","ci_low","-0.0142875024692163","-0.014287502469219",TRUE
"ITT","A_2020/years_in_school","ci_high","0.200425064902122","0.200425064902119",TRUE
"ITT","A_2020/years_in_school","p_value","0.0892308418657351","0.0892308418657447",TRUE
"ITT","A_2020/years_in_school","Holm five","0.267692525597205","0.267692525597234",TRUE
"ITT","A_2020/married_or_cohab","n","1169","1169",TRUE
"ITT","A_2020/married_or_cohab","n_control","578","578",TRUE
"ITT","A_2020/married_or_cohab","n_selected","591","591",TRUE
"ITT","A_2020/married_or_cohab","control_mean","0.0173010380622837","0.0173010380622837",TRUE
"ITT","A_2020/married_or_cohab","selected_mean","0.00846023688663283","0.00846023688663283",TRUE
"ITT","A_2020/married_or_cohab","estimate","-0.00884080117565068","-0.00884080117565091",TRUE
"ITT","A_2020/married_or_cohab","se","0.00660937028665378","0.00660937028665375",TRUE
"ITT","A_2020/married_or_cohab","ci_low","-0.0218083780982999","-0.0218083780983001",TRUE
"ITT","A_2020/married_or_cohab","ci_high","0.00412677574699851","0.00412677574699823",TRUE
"ITT","A_2020/married_or_cohab","p_value","0.181282178387602","0.181282178387588",TRUE
"ITT","A_2020/married_or_cohab","Holm five","0.362564356775203","0.362564356775177",TRUE
"ITT","A_2020/has_child","n","1169","1169",TRUE
"ITT","A_2020/has_child","n_control","578","578",TRUE
"ITT","A_2020/has_child","n_selected","591","591",TRUE
"ITT","A_2020/has_child","control_mean","0.0363321799307958","0.0363321799307958",TRUE
"ITT","A_2020/has_child","selected_mean","0.0236886632825719","0.0236886632825719",TRUE
"ITT","A_2020/has_child","estimate","-0.0126435166482238","-0.0126435166482239",TRUE
"ITT","A_2020/has_child","se","0.00999393871173971","0.0099939387117397",TRUE
"ITT","A_2020/has_child","ci_low","-0.032251612939397","-0.0322516129393971",TRUE
"ITT","A_2020/has_child","ci_high","0.00696457964294939","0.00696457964294924",TRUE
"ITT","A_2020/has_child","p_value","0.206081408886682","0.206081408886677",TRUE
"ITT","A_2020/has_child","Holm five","0.362564356775203","0.362564356775177",TRUE
"ITT","A_2020/working","n","1171","1171",TRUE
"ITT","A_2020/working","n_control","579","579",TRUE
"ITT","A_2020/working","n_selected","592","592",TRUE
"ITT","A_2020/working","control_mean","0.189982728842832","0.189982728842832",TRUE
"ITT","A_2020/working","selected_mean","0.148648648648649","0.148648648648649",TRUE
"ITT","A_2020/working","estimate","-0.0413340801941829","-0.0413340801941838",TRUE
"ITT","A_2020/working","se","0.021917500186536","0.0219175001865361",TRUE
"ITT","A_2020/working","ci_low","-0.08433611404379","-0.084336114043791",TRUE
"ITT","A_2020/working","ci_high","0.00166795365542414","0.00166795365542344",TRUE
"ITT","A_2020/working","p_value","0.0595569970220583","0.0595569970220539",TRUE
"ITT","A_2020/working","Holm five","0.238227988088233","0.238227988088216",TRUE
"ITT","A_2020/hours_worked","n","1171","1171",TRUE
"ITT","A_2020/hours_worked","n_control","579","579",TRUE
"ITT","A_2020/hours_worked","n_selected","592","592",TRUE
"ITT","A_2020/hours_worked","control_mean","4.95164075993092","4.95164075993092",TRUE
"ITT","A_2020/hours_worked","selected_mean","3.48817567567567","3.48817567567567",TRUE
"ITT","A_2020/hours_worked","estimate","-1.46346508425523","-1.46346508425524",TRUE
"ITT","A_2020/hours_worked","se","0.663040607254476","0.663040607254475",TRUE
"ITT","A_2020/hours_worked","ci_low","-2.76434768465033","-2.76434768465034",TRUE
"ITT","A_2020/hours_worked","ci_high","-0.162582483860134","-0.162582483860145",TRUE
"ITT","A_2020/hours_worked","p_value","0.0274936222751458","0.0274936222751446",TRUE
"ITT","A_2020/hours_worked","Holm five","0.137468111375729","0.137468111375723",TRUE
"ITT","A_2022/years_in_school","n","275","275",TRUE
"ITT","A_2022/years_in_school","n_control","129","129",TRUE
"ITT","A_2022/years_in_school","n_selected","146","146",TRUE
"ITT","A_2022/years_in_school","control_mean","2.04651162790698","2.04651162790698",TRUE
"ITT","A_2022/years_in_school","selected_mean","2.07534246575342","2.07534246575342",TRUE
"ITT","A_2022/years_in_school","estimate","0.0288308378464473","0.0288308378464479",TRUE
"ITT","A_2022/years_in_school","se","0.0543713968330393","0.0543713968330394",TRUE
"ITT","A_2022/years_in_school","ci_low","-0.0782096754553217","-0.0782096754553211",TRUE
"ITT","A_2022/years_in_school","ci_high","0.135871351148216","0.135871351148217",TRUE
"ITT","A_2022/years_in_school","p_value","0.596364473397831","0.596364473397823",TRUE
"ITT","A_2022/years_in_school","Holm five","1","1",TRUE
"ITT","A_2022/married_or_cohab","n","274","274",TRUE
"ITT","A_2022/married_or_cohab","n_control","128","128",TRUE
"ITT","A_2022/married_or_cohab","n_selected","146","146",TRUE
"ITT","A_2022/married_or_cohab","control_mean","0","0",TRUE
"ITT","A_2022/married_or_cohab","selected_mean","0","0",TRUE
"ITT","A_2022/married_or_cohab","estimate","0","0",TRUE
"ITT","A_2022/married_or_cohab","se",NA,NA,TRUE
"ITT","A_2022/married_or_cohab","ci_low",NA,NA,TRUE
"ITT","A_2022/married_or_cohab","ci_high",NA,NA,TRUE
"ITT","A_2022/married_or_cohab","p_value",NA,NA,TRUE
"ITT","A_2022/married_or_cohab","Holm five",NA,NA,TRUE
"ITT","A_2022/has_child","n","273","273",TRUE
"ITT","A_2022/has_child","n_control","127","127",TRUE
"ITT","A_2022/has_child","n_selected","146","146",TRUE
"ITT","A_2022/has_child","control_mean","0","0",TRUE
"ITT","A_2022/has_child","selected_mean","0","0",TRUE
"ITT","A_2022/has_child","estimate","0","0",TRUE
"ITT","A_2022/has_child","se",NA,NA,TRUE
"ITT","A_2022/has_child","ci_low",NA,NA,TRUE
"ITT","A_2022/has_child","ci_high",NA,NA,TRUE
"ITT","A_2022/has_child","p_value",NA,NA,TRUE
"ITT","A_2022/has_child","Holm five",NA,NA,TRUE
"ITT","A_2022/working","n","275","275",TRUE
"ITT","A_2022/working","n_control","129","129",TRUE
"ITT","A_2022/working","n_selected","146","146",TRUE
"ITT","A_2022/working","control_mean","0.0930232558139535","0.0930232558139535",TRUE
"ITT","A_2022/working","selected_mean","0.0684931506849315","0.0684931506849315",TRUE
"ITT","A_2022/working","estimate","-0.024530105129022","-0.024530105129022",TRUE
"ITT","A_2022/working","se","0.0331534727959999","0.0331534727959999",TRUE
"ITT","A_2022/working","ci_low","-0.0897990691896184","-0.0897990691896183",TRUE
"ITT","A_2022/working","ci_high","0.0407388589315743","0.0407388589315744",TRUE
"ITT","A_2022/working","p_value","0.45999919593058","0.459999195930581",TRUE
"ITT","A_2022/working","Holm five","1","1",TRUE
"ITT","A_2022/hours_worked","n","275","275",TRUE
"ITT","A_2022/hours_worked","n_control","129","129",TRUE
"ITT","A_2022/hours_worked","n_selected","146","146",TRUE
"ITT","A_2022/hours_worked","control_mean","1.76744186046512","1.76744186046512",TRUE
"ITT","A_2022/hours_worked","selected_mean","1.56164383561644","1.56164383561644",TRUE
"ITT","A_2022/hours_worked","estimate","-0.20579802484868","-0.205798024848676",TRUE
"ITT","A_2022/hours_worked","se","0.841806075966644","0.84180607596664",TRUE
"ITT","A_2022/hours_worked","ci_low","-1.86305459209697","-1.86305459209696",TRUE
"ITT","A_2022/hours_worked","ci_high","1.45145854239961","1.45145854239961",TRUE
"ITT","A_2022/hours_worked","p_value","0.807048916962052","0.807048916962055",TRUE
"ITT","A_2022/hours_worked","Holm five","1","1",TRUE
"ITT","B_2018/years_in_school","n","164","164",TRUE
"ITT","B_2018/years_in_school","n_control","74","74",TRUE
"ITT","B_2018/years_in_school","n_selected","90","90",TRUE
"ITT","B_2018/years_in_school","control_mean","5.16216216216216","5.16216216216216",TRUE
"ITT","B_2018/years_in_school","selected_mean","5.23333333333333","5.23333333333333",TRUE
"ITT","B_2018/years_in_school","estimate","0.07117117117117","0.0711711711711711",TRUE
"ITT","B_2018/years_in_school","se","0.229092325959272","0.229092325959273",TRUE
"ITT","B_2018/years_in_school","ci_low","-0.381221061334603","-0.381221061334602",TRUE
"ITT","B_2018/years_in_school","ci_high","0.523563403676943","0.523563403676945",TRUE
"ITT","B_2018/years_in_school","p_value","0.756453979111535","0.756453979111531",TRUE
"ITT","B_2018/years_in_school","Holm five","1","1",TRUE
"ITT","B_2018/married_or_cohab","n","164","164",TRUE
"ITT","B_2018/married_or_cohab","n_control","74","74",TRUE
"ITT","B_2018/married_or_cohab","n_selected","90","90",TRUE
"ITT","B_2018/married_or_cohab","control_mean","0.0540540540540541","0.0540540540540541",TRUE
"ITT","B_2018/married_or_cohab","selected_mean","0.0222222222222222","0.0222222222222222",TRUE
"ITT","B_2018/married_or_cohab","estimate","-0.0318318318318317","-0.0318318318318318",TRUE
"ITT","B_2018/married_or_cohab","se","0.0307340291592503","0.0307340291592502",TRUE
"ITT","B_2018/married_or_cohab","ci_low","-0.0925228043776452","-0.0925228043776452",TRUE
"ITT","B_2018/married_or_cohab","ci_high","0.0288591407139819","0.0288591407139815",TRUE
"ITT","B_2018/married_or_cohab","p_value","0.301876604055422","0.301876604055418",TRUE
"ITT","B_2018/married_or_cohab","Holm five","1","1",TRUE
"ITT","B_2018/has_child","n","164","164",TRUE
"ITT","B_2018/has_child","n_control","74","74",TRUE
"ITT","B_2018/has_child","n_selected","90","90",TRUE
"ITT","B_2018/has_child","control_mean","0.0540540540540541","0.0540540540540541",TRUE
"ITT","B_2018/has_child","selected_mean","0.0444444444444444","0.0444444444444444",TRUE
"ITT","B_2018/has_child","estimate","-0.0096096096096095","-0.00960960960960961",TRUE
"ITT","B_2018/has_child","se","0.0343165059287289","0.0343165059287288",TRUE
"ITT","B_2018/has_child","ci_low","-0.0773749555848177","-0.0773749555848177",TRUE
"ITT","B_2018/has_child","ci_high","0.0581557363655987","0.0581557363655984",TRUE
"ITT","B_2018/has_child","p_value","0.779812663978192","0.779812663978189",TRUE
"ITT","B_2018/has_child","Holm five","1","1",TRUE
"ITT","B_2018/working","n","164","164",TRUE
"ITT","B_2018/working","n_control","74","74",TRUE
"ITT","B_2018/working","n_selected","90","90",TRUE
"ITT","B_2018/working","control_mean","0.243243243243243","0.243243243243243",TRUE
"ITT","B_2018/working","selected_mean","0.244444444444444","0.244444444444444",TRUE
"ITT","B_2018/working","estimate","0.00120120120120082","0.00120120120120118",TRUE
"ITT","B_2018/working","se","0.0677995014646035","0.0677995014646034",TRUE
"ITT","B_2018/working","ci_low","-0.132683544618715","-0.132683544618714",TRUE
"ITT","B_2018/working","ci_high","0.135085947021116","0.135085947021117",TRUE
"ITT","B_2018/working","p_value","0.985886450342314","0.98588645034231",TRUE
"ITT","B_2018/working","Holm five","1","1",TRUE
"ITT","B_2018/hours_worked","n","164","164",TRUE
"ITT","B_2018/hours_worked","n_control","74","74",TRUE
"ITT","B_2018/hours_worked","n_selected","90","90",TRUE
"ITT","B_2018/hours_worked","control_mean","5.81081081081081","5.81081081081081",TRUE
"ITT","B_2018/hours_worked","selected_mean","5.4","5.4",TRUE
"ITT","B_2018/hours_worked","estimate","-0.410810810810814","-0.410810810810813",TRUE
"ITT","B_2018/hours_worked","se","1.9594700019539","1.9594700019539",TRUE
"ITT","B_2018/hours_worked","ci_low","-4.2802071557133","-4.28020715571329",TRUE
"ITT","B_2018/hours_worked","ci_high","3.45858553409167","3.45858553409166",TRUE
"ITT","B_2018/hours_worked","p_value","0.834201120425684","0.834201120425684",TRUE
"ITT","B_2018/hours_worked","Holm five","1","1",TRUE
"ITT","A_2020/in_school_now","n","1169","1169",TRUE
"ITT","A_2020/in_school_now","n_control","578","578",TRUE
"ITT","A_2020/in_school_now","n_selected","591","591",TRUE
"ITT","A_2020/in_school_now","control_mean","0.825259515570934","0.825259515570934",TRUE
"ITT","A_2020/in_school_now","selected_mean","0.846023688663283","0.846023688663283",TRUE
"ITT","A_2020/in_school_now","estimate","0.0207641730923474","0.0207641730923483",TRUE
"ITT","A_2020/in_school_now","se","0.02169600715655","0.0216960071565501",TRUE
"ITT","A_2020/in_school_now","ci_low","-0.0218033680673642","-0.0218033680673634",TRUE
"ITT","A_2020/in_school_now","ci_high","0.063331714252059","0.0633317142520601",TRUE
"ITT","A_2020/in_school_now","p_value","0.338740016497781","0.33874001649776",TRUE
"ITT","A_2020/in_private_now","n","1163","1163",TRUE
"ITT","A_2020/in_private_now","n_control","573","573",TRUE
"ITT","A_2020/in_private_now","n_selected","590","590",TRUE
"ITT","A_2020/in_private_now","control_mean","0.537521815008726","0.537521815008726",TRUE
"ITT","A_2020/in_private_now","selected_mean","0.696610169491525","0.696610169491525",TRUE
"ITT","A_2020/in_private_now","estimate","0.159088354482796","0.159088354482799",TRUE
"ITT","A_2020/in_private_now","se","0.0281677241212135","0.0281677241212135",TRUE
"ITT","A_2020/in_private_now","ci_low","0.103823015541512","0.103823015541515",TRUE
"ITT","A_2020/in_private_now","ci_high","0.214353693424081","0.214353693424084",TRUE
"ITT","A_2020/in_private_now","p_value","2.04131617559389e-08","2.0413161755926e-08",TRUE
"ITT","A_2020/highest_grade","n","1176","1176",TRUE
"ITT","A_2020/highest_grade","n_control","583","583",TRUE
"ITT","A_2020/highest_grade","n_selected","593","593",TRUE
"ITT","A_2020/highest_grade","control_mean","7.47169811320755","7.47169811320755",TRUE
"ITT","A_2020/highest_grade","selected_mean","7.65935919055649","7.65935919055649",TRUE
"ITT","A_2020/highest_grade","estimate","0.187661077348952","0.187661077348945",TRUE
"ITT","A_2020/highest_grade","se","0.0552398440750401","0.0552398440750405",TRUE
"ITT","A_2020/highest_grade","ci_low","0.0792812375256701","0.0792812375256629",TRUE
"ITT","A_2020/highest_grade","ci_high","0.296040917172233","0.296040917172228",TRUE
"ITT","A_2020/highest_grade","p_value","0.000703582866370604","0.000703582866370969",TRUE
"ITT","A_2020/total_repeats","n","1171","1171",TRUE
"ITT","A_2020/total_repeats","n_control","579","579",TRUE
"ITT","A_2020/total_repeats","n_selected","592","592",TRUE
"ITT","A_2020/total_repeats","control_mean","0.246977547495682","0.246977547495682",TRUE
"ITT","A_2020/total_repeats","selected_mean","0.182432432432432","0.182432432432432",TRUE
"ITT","A_2020/total_repeats","estimate","-0.0645451150632498","-0.0645451150632498",TRUE
"ITT","A_2020/total_repeats","se","0.0275005142416892","0.0275005142416891",TRUE
"ITT","A_2020/total_repeats","ci_low","-0.118500996629943","-0.118500996629943",TRUE
"ITT","A_2020/total_repeats","ci_high","-0.0105892334965563","-0.0105892334965565",TRUE
"ITT","A_2020/total_repeats","p_value","0.01908880556522","0.0190888055652194",TRUE
"ITT","A_2022/in_school_now","n","276","276",TRUE
"ITT","A_2022/in_school_now","n_control","130","130",TRUE
"ITT","A_2022/in_school_now","n_selected","146","146",TRUE
"ITT","A_2022/in_school_now","control_mean","0.946153846153846","0.946153846153846",TRUE
"ITT","A_2022/in_school_now","selected_mean","0.965753424657534","0.965753424657534",TRUE
"ITT","A_2022/in_school_now","estimate","0.0195995785036886","0.0195995785036881",TRUE
"ITT","A_2022/in_school_now","se","0.0249605853677575","0.0249605853677576",TRUE
"ITT","A_2022/in_school_now","ci_low","-0.0295393182131801","-0.0295393182131807",TRUE
"ITT","A_2022/in_school_now","ci_high","0.0687384752205574","0.0687384752205569",TRUE
"ITT","A_2022/in_school_now","p_value","0.433002364493331","0.433002364493344",TRUE
"ITT","A_2022/in_private_now","n","275","275",TRUE
"ITT","A_2022/in_private_now","n_control","130","130",TRUE
"ITT","A_2022/in_private_now","n_selected","145","145",TRUE
"ITT","A_2022/in_private_now","control_mean","0.653846153846154","0.653846153846154",TRUE
"ITT","A_2022/in_private_now","selected_mean","0.813793103448276","0.813793103448276",TRUE
"ITT","A_2022/in_private_now","estimate","0.159946949602121","0.159946949602122",TRUE
"ITT","A_2022/in_private_now","se","0.0529794803887115","0.0529794803887115",TRUE
"ITT","A_2022/in_private_now","ci_low","0.0556466905397559","0.0556466905397565",TRUE
"ITT","A_2022/in_private_now","ci_high","0.264247208664487","0.264247208664487",TRUE
"ITT","A_2022/in_private_now","p_value","0.00277565652696271","0.00277565652696261",TRUE
"ITT","A_2022/highest_grade","n","277","277",TRUE
"ITT","A_2022/highest_grade","n_control","131","131",TRUE
"ITT","A_2022/highest_grade","n_selected","146","146",TRUE
"ITT","A_2022/highest_grade","control_mean","6.05343511450382","6.05343511450382",TRUE
"ITT","A_2022/highest_grade","selected_mean","6","6",TRUE
"ITT","A_2022/highest_grade","estimate","-0.0534351145038184","-0.0534351145038165",TRUE
"ITT","A_2022/highest_grade","se","0.0595382713722432","0.0595382713722432",TRUE
"ITT","A_2022/highest_grade","ci_low","-0.170643814909298","-0.170643814909296",TRUE
"ITT","A_2022/highest_grade","ci_high","0.0637735859016613","0.0637735859016632",TRUE
"ITT","A_2022/highest_grade","p_value","0.370241561155741","0.370241561155758",TRUE
"ITT","A_2022/total_repeats","n","275","275",TRUE
"ITT","A_2022/total_repeats","n_control","129","129",TRUE
"ITT","A_2022/total_repeats","n_selected","146","146",TRUE
"ITT","A_2022/total_repeats","control_mean","0.116279069767442","0.116279069767442",TRUE
"ITT","A_2022/total_repeats","selected_mean","0.10958904109589","0.10958904109589",TRUE
"ITT","A_2022/total_repeats","estimate","-0.00669002867155172","-0.00669002867155145",TRUE
"ITT","A_2022/total_repeats","se","0.040800808892916","0.040800808892916",TRUE
"ITT","A_2022/total_repeats","ci_low","-0.0870142392199047","-0.0870142392199044",TRUE
"ITT","A_2022/total_repeats","ci_high","0.0736341818768013","0.0736341818768015",TRUE
"ITT","A_2022/total_repeats","p_value","0.86987763035927","0.869877630359275",TRUE
"ITT","B_2018/in_school_now","n","162","162",TRUE
"ITT","B_2018/in_school_now","n_control","74","74",TRUE
"ITT","B_2018/in_school_now","n_selected","88","88",TRUE
"ITT","B_2018/in_school_now","control_mean","0.783783783783784","0.783783783783784",TRUE
"ITT","B_2018/in_school_now","selected_mean","0.772727272727273","0.772727272727273",TRUE
"ITT","B_2018/in_school_now","estimate","-0.0110565110565114","-0.0110565110565111",TRUE
"ITT","B_2018/in_school_now","se","0.0658792934932299","0.06587929349323",TRUE
"ITT","B_2018/in_school_now","ci_low","-0.141161630548041","-0.141161630548041",TRUE
"ITT","B_2018/in_school_now","ci_high","0.119048608435019","0.119048608435019",TRUE
"ITT","B_2018/in_school_now","p_value","0.866929096469349","0.866929096469353",TRUE
"ITT","B_2018/in_private_now","n","162","162",TRUE
"ITT","B_2018/in_private_now","n_control","74","74",TRUE
"ITT","B_2018/in_private_now","n_selected","88","88",TRUE
"ITT","B_2018/in_private_now","control_mean","0.405405405405405","0.405405405405405",TRUE
"ITT","B_2018/in_private_now","selected_mean","0.590909090909091","0.590909090909091",TRUE
"ITT","B_2018/in_private_now","estimate","0.185503685503686","0.185503685503686",TRUE
"ITT","B_2018/in_private_now","se","0.0779785207835153","0.0779785207835153",TRUE
"ITT","B_2018/in_private_now","ci_low","0.0315037831617674","0.0315037831617667",TRUE
"ITT","B_2018/in_private_now","ci_high","0.339503587845605","0.339503587845604",TRUE
"ITT","B_2018/in_private_now","p_value","0.0185429310028129","0.0185429310028133",TRUE
"ITT","B_2018/highest_grade","n","165","165",TRUE
"ITT","B_2018/highest_grade","n_control","74","74",TRUE
"ITT","B_2018/highest_grade","n_selected","91","91",TRUE
"ITT","B_2018/highest_grade","control_mean","8.55405405405405","8.55405405405405",TRUE
"ITT","B_2018/highest_grade","selected_mean","8.56043956043956","8.56043956043956",TRUE
"ITT","B_2018/highest_grade","estimate","0.00638550638550475","0.00638550638550583",TRUE
"ITT","B_2018/highest_grade","se","0.174513498819918","0.174513498819918",TRUE
"ITT","B_2018/highest_grade","ci_low","-0.338213145075288","-0.338213145075287",TRUE
"ITT","B_2018/highest_grade","ci_high","0.350984157846297","0.350984157846299",TRUE
"ITT","B_2018/highest_grade","p_value","0.970856427166243","0.970856427166238",TRUE
"ITT","B_2018/total_repeats","n","164","164",TRUE
"ITT","B_2018/total_repeats","n_control","74","74",TRUE
"ITT","B_2018/total_repeats","n_selected","90","90",TRUE
"ITT","B_2018/total_repeats","control_mean","0.202702702702703","0.202702702702703",TRUE
"ITT","B_2018/total_repeats","selected_mean","0.133333333333333","0.133333333333333",TRUE
"ITT","B_2018/total_repeats","estimate","-0.0693693693693695","-0.0693693693693694",TRUE
"ITT","B_2018/total_repeats","se","0.0633375683357325","0.0633375683357325",TRUE
"ITT","B_2018/total_repeats","ci_low","-0.194443065403967","-0.194443065403967",TRUE
"ITT","B_2018/total_repeats","ci_high","0.0557043266652281","0.0557043266652283",TRUE
"ITT","B_2018/total_repeats","p_value","0.275040372688557","0.275040372688558",TRUE
"Holm","A_2020/Five policy outcomes/1","family p","0.267692525597205","0.267692525597205",TRUE
"Holm","A_2020/Five policy outcomes/2","family p","0.362564356775203","0.362564356775204",TRUE
"Holm","A_2020/Five policy outcomes/3","family p","0.362564356775203","0.362564356775204",TRUE
"Holm","A_2020/Five policy outcomes/4","family p","0.238227988088233","0.238227988088233",TRUE
"Holm","A_2020/Five policy outcomes/5","family p","0.137468111375729","0.137468111375729",TRUE
"Holm","A_2020/Four schooling outcomes/1","family p","0.338740016497781","0.338740016497781",TRUE
"Holm","A_2020/Four schooling outcomes/2","family p","8.16526470237558e-08","8.16526470237556e-08",TRUE
"Holm","A_2020/Four schooling outcomes/3","family p","0.00211074859911181","0.00211074859911181",TRUE
"Holm","A_2020/Four schooling outcomes/4","family p","0.03817761113044","0.03817761113044",TRUE
"Holm","A_2020/1","all-nine p","0.35692336746294","0.35692336746294",TRUE
"Holm","A_2020/2","all-nine p","0.543846535162805","0.543846535162806",TRUE
"Holm","A_2020/3","all-nine p","0.543846535162805","0.543846535162806",TRUE
"Holm","A_2020/4","all-nine p","0.297784985110291","0.297784985110292",TRUE
"Holm","A_2020/5","all-nine p","0.164961733650875","0.164961733650875",TRUE
"Holm","A_2020/6","all-nine p","0.543846535162805","0.543846535162806",TRUE
"Holm","A_2020/7","all-nine p","1.8371845580345e-07","1.8371845580345e-07",TRUE
"Holm","A_2020/8","all-nine p","0.00562866293096483","0.00562866293096483",TRUE
"Holm","A_2020/9","all-nine p","0.13362163895654","0.13362163895654",TRUE
"Holm","A_2022/Five policy outcomes/1","family p","1","1",TRUE
"Holm","A_2022/Five policy outcomes/2","family p",NA,NA,TRUE
"Holm","A_2022/Five policy outcomes/3","family p",NA,NA,TRUE
"Holm","A_2022/Five policy outcomes/4","family p","1","1",TRUE
"Holm","A_2022/Five policy outcomes/5","family p","1","1",TRUE
"Holm","A_2022/Four schooling outcomes/1","family p","1","1",TRUE
"Holm","A_2022/Four schooling outcomes/2","family p","0.0111026261078508","0.0111026261078508",TRUE
"Holm","A_2022/Four schooling outcomes/3","family p","1","1",TRUE
"Holm","A_2022/Four schooling outcomes/4","family p","1","1",TRUE
"Holm","A_2022/1","all-nine p","1","1",TRUE
"Holm","A_2022/2","all-nine p",NA,NA,TRUE
"Holm","A_2022/3","all-nine p",NA,NA,TRUE
"Holm","A_2022/4","all-nine p","1","1",TRUE
"Holm","A_2022/5","all-nine p","1","1",TRUE
"Holm","A_2022/6","all-nine p","1","1",TRUE
"Holm","A_2022/7","all-nine p","0.0249809087426644","0.0249809087426644",TRUE
"Holm","A_2022/8","all-nine p","1","1",TRUE
"Holm","A_2022/9","all-nine p","1","1",TRUE
"Holm","B_2018/Five policy outcomes/1","family p","1","1",TRUE
"Holm","B_2018/Five policy outcomes/2","family p","1","1",TRUE
"Holm","B_2018/Five policy outcomes/3","family p","1","1",TRUE
"Holm","B_2018/Five policy outcomes/4","family p","1","1",TRUE
"Holm","B_2018/Five policy outcomes/5","family p","1","1",TRUE
"Holm","B_2018/Four schooling outcomes/1","family p","1","1",TRUE
"Holm","B_2018/Four schooling outcomes/2","family p","0.0741717240112515","0.0741717240112516",TRUE
"Holm","B_2018/Four schooling outcomes/3","family p","1","1",TRUE
"Holm","B_2018/Four schooling outcomes/4","family p","0.825121118065672","0.825121118065671",TRUE
"Holm","B_2018/1","all-nine p","1","1",TRUE
"Holm","B_2018/2","all-nine p","1","1",TRUE
"Holm","B_2018/3","all-nine p","1","1",TRUE
"Holm","B_2018/4","all-nine p","1","1",TRUE
"Holm","B_2018/5","all-nine p","1","1",TRUE
"Holm","B_2018/6","all-nine p","1","1",TRUE
"Holm","B_2018/7","all-nine p","0.166886379025316","0.166886379025316",TRUE
"Holm","B_2018/8","all-nine p","1","1",TRUE
"Holm","B_2018/9","all-nine p","1","1",TRUE
"IV","A_2020/in_private_now/years_in_school/FALSE","n","1162","1162",TRUE
"IV","A_2020/in_private_now/years_in_school/FALSE","n_control","572","572",TRUE
"IV","A_2020/in_private_now/years_in_school/FALSE","n_selected","590","590",TRUE
"IV","A_2020/in_private_now/years_in_school/FALSE","reduced_form","0.0794239658646485","0.0794239658646485",TRUE
"IV","A_2020/in_private_now/years_in_school/FALSE","reduced_form_se","0.0545612196742995","0.0545612196742995",TRUE
"IV","A_2020/in_private_now/years_in_school/FALSE","first_stage","0.159896882778241","0.159896882778241",TRUE
"IV","A_2020/in_private_now/years_in_school/FALSE","first_stage_se","0.0281830963825552","0.0281830963825552",TRUE
"IV","A_2020/in_private_now/years_in_school/FALSE","first_stage_F","32.1886366543815","32.1886366543815",TRUE
"IV","A_2020/in_private_now/years_in_school/FALSE","estimate","0.496719914013586","0.496719914013586",TRUE
"IV","A_2020/in_private_now/years_in_school/FALSE","se","0.310629656580644","0.310629656580644",TRUE
"IV","A_2020/in_private_now/years_in_school/FALSE","ci_low","-0.112738934214876","-0.112738934214876",TRUE
"IV","A_2020/in_private_now/years_in_school/FALSE","ci_high","1.10617876224205","1.10617876224205",TRUE
"IV","A_2020/in_private_now/years_in_school/FALSE","p_value","0.110076402167687","0.110076402167687",TRUE
"IV","A_2020/in_private_now/years_in_school/FALSE","ar_p_zero","0.145750207109403","0.145750207109403",TRUE
"IV","A_2020/in_private_now/years_in_school/FALSE","var_rf","0.00297692669234717","0.00297692669234717",TRUE
"IV","A_2020/in_private_now/years_in_school/FALSE","var_fs","0.000794286921708395","0.000794286921708395",TRUE
"IV","A_2020/in_private_now/years_in_school/FALSE","cov_rf_fs","0.000710582050401237","0.000710582050401237",TRUE
"IV","A_2020/in_private_now/years_in_school/FALSE","df","1160","1160",TRUE
"AR set","A_2020/in_private_now/years_in_school/FALSE","type","bounded","bounded",TRUE
"AR set","A_2020/in_private_now/years_in_school/FALSE","lower","-0.209108342977094","-0.20910834",TRUE
"AR set","A_2020/in_private_now/years_in_school/FALSE","upper","1.09445054431313","1.09445054",TRUE
"IV","A_2020/in_private_now/years_in_school/TRUE","n","1162","1162",TRUE
"IV","A_2020/in_private_now/years_in_school/TRUE","n_control","572","572",TRUE
"IV","A_2020/in_private_now/years_in_school/TRUE","n_selected","590","590",TRUE
"IV","A_2020/in_private_now/years_in_school/TRUE","reduced_form","0.057662807141968","0.0576628071419679",TRUE
"IV","A_2020/in_private_now/years_in_school/TRUE","reduced_form_se","0.0524477908271282","0.0524477908271282",TRUE
"IV","A_2020/in_private_now/years_in_school/TRUE","first_stage","0.150629440651836","0.150629440651836",TRUE
"IV","A_2020/in_private_now/years_in_school/TRUE","first_stage_se","0.0275624708071057","0.0275624708071057",TRUE
"IV","A_2020/in_private_now/years_in_school/TRUE","first_stage_F","29.8664382237417","29.8664382237417",TRUE
"IV","A_2020/in_private_now/years_in_school/TRUE","estimate","0.382812329996295","0.382812329996294",TRUE
"IV","A_2020/in_private_now/years_in_school/TRUE","se","0.324496452870441","0.324496452870441",TRUE
"IV","A_2020/in_private_now/years_in_school/TRUE","ci_low","-0.253856205806181","-0.253856205806181",TRUE
"IV","A_2020/in_private_now/years_in_school/TRUE","ci_high","1.01948086579877","1.01948086579877",TRUE
"IV","A_2020/in_private_now/years_in_school/TRUE","p_value","0.23835774222283","0.23835774222283",TRUE
"IV","A_2020/in_private_now/years_in_school/TRUE","ar_p_zero","0.271808556499443","0.271808556499443",TRUE
"IV","A_2020/in_private_now/years_in_school/TRUE","var_rf","0.00275077076264619","0.00275077076264619",TRUE
"IV","A_2020/in_private_now/years_in_school/TRUE","var_fs","0.000759689796992556","0.000759689796992556",TRUE
"IV","A_2020/in_private_now/years_in_school/TRUE","cov_rf_fs","0.000617757697443869","0.000617757697443869",TRUE
"IV","A_2020/in_private_now/years_in_school/TRUE","df","1155","1155",TRUE
"AR set","A_2020/in_private_now/years_in_school/TRUE","type","bounded","bounded",TRUE
"AR set","A_2020/in_private_now/years_in_school/TRUE","lower","-0.365975910446291","-0.36597591",TRUE
"AR set","A_2020/in_private_now/years_in_school/TRUE","upper","1.00424686335345","1.00424686",TRUE
"IV","A_2020/in_private_now/married_or_cohab/FALSE","n","1161","1161",TRUE
"IV","A_2020/in_private_now/married_or_cohab/FALSE","n_control","572","572",TRUE
"IV","A_2020/in_private_now/married_or_cohab/FALSE","n_selected","589","589",TRUE
"IV","A_2020/in_private_now/married_or_cohab/FALSE","reduced_form","-0.0106913460054376","-0.0106913460054376",TRUE
"IV","A_2020/in_private_now/married_or_cohab/FALSE","reduced_form_se","0.00644618304914286","0.00644618304914286",TRUE
"IV","A_2020/in_private_now/married_or_cohab/FALSE","first_stage","0.161079582556661","0.161079582556661",TRUE
"IV","A_2020/in_private_now/married_or_cohab/FALSE","first_stage_se","0.0281798484430081","0.0281798484430081",TRUE
"IV","A_2020/in_private_now/married_or_cohab/FALSE","first_stage_F","32.674103829598","32.674103829598",TRUE
"IV","A_2020/in_private_now/married_or_cohab/FALSE","estimate","-0.0663730674970977","-0.0663730674970977",TRUE
"IV","A_2020/in_private_now/married_or_cohab/FALSE","se","0.0401374411811671","0.0401374411811671",TRUE
"IV","A_2020/in_private_now/married_or_cohab/FALSE","ci_low","-0.145123245400989","-0.145123245400989",TRUE
"IV","A_2020/in_private_now/married_or_cohab/FALSE","ci_high","0.0123771104067932","0.0123771104067932",TRUE
"IV","A_2020/in_private_now/married_or_cohab/FALSE","p_value","0.0984705198788801","0.0984705198788801",TRUE
"IV","A_2020/in_private_now/married_or_cohab/FALSE","ar_p_zero","0.0974761706375761","0.0974761706375761",TRUE
"IV","A_2020/in_private_now/married_or_cohab/FALSE","var_rf","4.15532759030567e-05","4.15532759030567e-05",TRUE
"IV","A_2020/in_private_now/married_or_cohab/FALSE","var_fs","0.000794103858270907","0.000794103858270907",TRUE
"IV","A_2020/in_private_now/married_or_cohab/FALSE","cov_rf_fs","-2.44919849897812e-05","-2.44919849897812e-05",TRUE
"IV","A_2020/in_private_now/married_or_cohab/FALSE","df","1159","1159",TRUE
"AR set","A_2020/in_private_now/married_or_cohab/FALSE","type","bounded","bounded",TRUE
"AR set","A_2020/in_private_now/married_or_cohab/FALSE","lower","-0.155096267265924","-0.15509627",TRUE
"AR set","A_2020/in_private_now/married_or_cohab/FALSE","upper","0.0128599413771694","0.01285994",TRUE
"IV","A_2020/in_private_now/married_or_cohab/TRUE","n","1161","1161",TRUE
"IV","A_2020/in_private_now/married_or_cohab/TRUE","n_control","572","572",TRUE
"IV","A_2020/in_private_now/married_or_cohab/TRUE","n_selected","589","589",TRUE
"IV","A_2020/in_private_now/married_or_cohab/TRUE","reduced_form","-0.00927707247835154","-0.00927707247835154",TRUE
"IV","A_2020/in_private_now/married_or_cohab/TRUE","reduced_form_se","0.00651631404200404","0.00651631404200404",TRUE
"IV","A_2020/in_private_now/married_or_cohab/TRUE","first_stage","0.151865538450597","0.151865538450597",TRUE
"IV","A_2020/in_private_now/married_or_cohab/TRUE","first_stage_se","0.02755869766557","0.02755869766557",TRUE
"IV","A_2020/in_private_now/married_or_cohab/TRUE","first_stage_F","30.3669439504339","30.3669439504339",TRUE
"IV","A_2020/in_private_now/married_or_cohab/TRUE","estimate","-0.0610874104355773","-0.0610874104355773",TRUE
"IV","A_2020/in_private_now/married_or_cohab/TRUE","se","0.0430743095497986","0.0430743095497986",TRUE
"IV","A_2020/in_private_now/married_or_cohab/TRUE","ci_low","-0.145600144790331","-0.145600144790331",TRUE
"IV","A_2020/in_private_now/married_or_cohab/TRUE","ci_high","0.0234253239191767","0.0234253239191767",TRUE
"IV","A_2020/in_private_now/married_or_cohab/TRUE","p_value","0.15640625871231","0.15640625871231",TRUE
"IV","A_2020/in_private_now/married_or_cohab/TRUE","ar_p_zero","0.154812702780001","0.154812702780001",TRUE
"IV","A_2020/in_private_now/married_or_cohab/TRUE","var_rf","4.2462348694019e-05","4.2462348694019e-05",TRUE
"IV","A_2020/in_private_now/married_or_cohab/TRUE","var_fs","0.000759481817022292","0.000759481817022291",TRUE
"IV","A_2020/in_private_now/married_or_cohab/TRUE","cov_rf_fs","-2.0505217048333e-05","-2.0505217048333e-05",TRUE
"IV","A_2020/in_private_now/married_or_cohab/TRUE","df","1154","1154",TRUE
"AR set","A_2020/in_private_now/married_or_cohab/TRUE","type","bounded","bounded",TRUE
"AR set","A_2020/in_private_now/married_or_cohab/TRUE","lower","-0.156610596320615","-0.1566106",TRUE
"AR set","A_2020/in_private_now/married_or_cohab/TRUE","upper","0.0245385429418961","0.02453854",TRUE
"IV","A_2020/in_private_now/has_child/FALSE","n","1161","1161",TRUE
"IV","A_2020/in_private_now/has_child/FALSE","n_control","572","572",TRUE
"IV","A_2020/in_private_now/has_child/FALSE","n_selected","589","589",TRUE
"IV","A_2020/in_private_now/has_child/FALSE","reduced_form","-0.0146419794127778","-0.0146419794127778",TRUE
"IV","A_2020/in_private_now/has_child/FALSE","reduced_form_se","0.00993195359943761","0.00993195359943761",TRUE
"IV","A_2020/in_private_now/has_child/FALSE","first_stage","0.161079582556661","0.161079582556661",TRUE
"IV","A_2020/in_private_now/has_child/FALSE","first_stage_se","0.0281798484430081","0.0281798484430081",TRUE
"IV","A_2020/in_private_now/has_child/FALSE","first_stage_F","32.674103829598","32.674103829598",TRUE
"IV","A_2020/in_private_now/has_child/FALSE","estimate","-0.0908990399675725","-0.0908990399675725",TRUE
"IV","A_2020/in_private_now/has_child/FALSE","se","0.0607759742879709","0.0607759742879709",TRUE
"IV","A_2020/in_private_now/has_child/FALSE","ci_low","-0.210142286338388","-0.210142286338388",TRUE
"IV","A_2020/in_private_now/has_child/FALSE","ci_high","0.0283442064032427","0.0283442064032427",TRUE
"IV","A_2020/in_private_now/has_child/FALSE","p_value","0.135019459559461","0.135019459559461",TRUE
"IV","A_2020/in_private_now/has_child/FALSE","ar_p_zero","0.140691356460855","0.140691356460855",TRUE
"IV","A_2020/in_private_now/has_child/FALSE","var_rf","9.86437023013817e-05","9.86437023013817e-05",TRUE
"IV","A_2020/in_private_now/has_child/FALSE","var_fs","0.000794103858270907","0.000794103858270907",TRUE
"IV","A_2020/in_private_now/has_child/FALSE","cov_rf_fs","-5.15160798060551e-05","-5.15160798060551e-05",TRUE
"IV","A_2020/in_private_now/has_child/FALSE","df","1159","1159",TRUE
"AR set","A_2020/in_private_now/has_child/FALSE","type","bounded","bounded",TRUE
"AR set","A_2020/in_private_now/has_child/FALSE","lower","-0.221378528973896","-0.22137853",TRUE
"AR set","A_2020/in_private_now/has_child/FALSE","upper","0.0326290119482748","0.03262901",TRUE
"IV","A_2020/in_private_now/has_child/TRUE","n","1161","1161",TRUE
"IV","A_2020/in_private_now/has_child/TRUE","n_control","572","572",TRUE
"IV","A_2020/in_private_now/has_child/TRUE","n_selected","589","589",TRUE
"IV","A_2020/in_private_now/has_child/TRUE","reduced_form","-0.0125192636351714","-0.0125192636351714",TRUE
"IV","A_2020/in_private_now/has_child/TRUE","reduced_form_se","0.00976612051069239","0.00976612051069239",TRUE
"IV","A_2020/in_private_now/has_child/TRUE","first_stage","0.151865538450597","0.151865538450597",TRUE
"IV","A_2020/in_private_now/has_child/TRUE","first_stage_se","0.02755869766557","0.02755869766557",TRUE
"IV","A_2020/in_private_now/has_child/TRUE","first_stage_F","30.3669439504339","30.3669439504339",TRUE
"IV","A_2020/in_private_now/has_child/TRUE","estimate","-0.082436501150286","-0.082436501150286",TRUE
"IV","A_2020/in_private_now/has_child/TRUE","se","0.0636773759765384","0.0636773759765384",TRUE
"IV","A_2020/in_private_now/has_child/TRUE","ci_low","-0.207372900980243","-0.207372900980243",TRUE
"IV","A_2020/in_private_now/has_child/TRUE","ci_high","0.0424998986796714","0.0424998986796714",TRUE
"IV","A_2020/in_private_now/has_child/TRUE","p_value","0.195718472955302","0.195718472955302",TRUE
"IV","A_2020/in_private_now/has_child/TRUE","ar_p_zero","0.200132556603478","0.200132556603478",TRUE
"IV","A_2020/in_private_now/has_child/TRUE","var_rf","9.53771098293665e-05","9.53771098293665e-05",TRUE
"IV","A_2020/in_private_now/has_child/TRUE","var_fs","0.000759481817022292","0.000759481817022291",TRUE
"IV","A_2020/in_private_now/has_child/TRUE","cov_rf_fs","-4.25889136628011e-05","-4.25889136628011e-05",TRUE
"IV","A_2020/in_private_now/has_child/TRUE","df","1154","1154",TRUE
"AR set","A_2020/in_private_now/has_child/TRUE","type","bounded","bounded",TRUE
"AR set","A_2020/in_private_now/has_child/TRUE","lower","-0.220015666448014","-0.22001567",TRUE
"AR set","A_2020/in_private_now/has_child/TRUE","upper","0.0474892439877778","0.04748924",TRUE
"IV","A_2020/in_private_now/working/FALSE","n","1162","1162",TRUE
"IV","A_2020/in_private_now/working/FALSE","n_control","572","572",TRUE
"IV","A_2020/in_private_now/working/FALSE","n_selected","590","590",TRUE
"IV","A_2020/in_private_now/working/FALSE","reduced_form","-0.039658646438309","-0.039658646438309",TRUE
"IV","A_2020/in_private_now/working/FALSE","reduced_form_se","0.0219930454520894","0.0219930454520894",TRUE
"IV","A_2020/in_private_now/working/FALSE","first_stage","0.159896882778241","0.159896882778241",TRUE
"IV","A_2020/in_private_now/working/FALSE","first_stage_se","0.0281830963825552","0.0281830963825552",TRUE
"IV","A_2020/in_private_now/working/FALSE","first_stage_F","32.1886366543815","32.1886366543815",TRUE
"IV","A_2020/in_private_now/working/FALSE","estimate","-0.248026388940371","-0.248026388940371",TRUE
"IV","A_2020/in_private_now/working/FALSE","se","0.132356837697789","0.132356837697789",TRUE
"IV","A_2020/in_private_now/working/FALSE","ci_low","-0.507711979641571","-0.507711979641571",TRUE
"IV","A_2020/in_private_now/working/FALSE","ci_high","0.0116592017608298","0.0116592017608298",TRUE
"IV","A_2020/in_private_now/working/FALSE","p_value","0.0611923960479394","0.0611923960479394",TRUE
"IV","A_2020/in_private_now/working/FALSE","ar_p_zero","0.0716105997855341","0.0716105997855341",TRUE
"IV","A_2020/in_private_now/working/FALSE","var_rf","0.000483694048257669","0.000483694048257669",TRUE
"IV","A_2020/in_private_now/working/FALSE","var_fs","0.000794286921708395","0.000794286921708395",TRUE
"IV","A_2020/in_private_now/working/FALSE","cov_rf_fs","-0.000170677063490287","-0.000170677063490287",TRUE
"IV","A_2020/in_private_now/working/FALSE","df","1160","1160",TRUE
"AR set","A_2020/in_private_now/working/FALSE","type","bounded","bounded",TRUE
"AR set","A_2020/in_private_now/working/FALSE","lower","-0.529326918996178","-0.52932692",TRUE
"AR set","A_2020/in_private_now/working/FALSE","upper","0.0242694052900468","0.02426941",TRUE
"IV","A_2020/in_private_now/working/TRUE","n","1162","1162",TRUE
"IV","A_2020/in_private_now/working/TRUE","n_control","572","572",TRUE
"IV","A_2020/in_private_now/working/TRUE","n_selected","590","590",TRUE
"IV","A_2020/in_private_now/working/TRUE","reduced_form","-0.0330572353681096","-0.0330572353681096",TRUE
"IV","A_2020/in_private_now/working/TRUE","reduced_form_se","0.020761170609719","0.0207611706097191",TRUE
"IV","A_2020/in_private_now/working/TRUE","first_stage","0.150629440651836","0.150629440651836",TRUE
"IV","A_2020/in_private_now/working/TRUE","first_stage_se","0.0275624708071057","0.0275624708071057",TRUE
"IV","A_2020/in_private_now/working/TRUE","first_stage_F","29.8664382237417","29.8664382237417",TRUE
"IV","A_2020/in_private_now/working/TRUE","estimate","-0.219460652745288","-0.219460652745288",TRUE
"IV","A_2020/in_private_now/working/TRUE","se","0.134539098806789","0.134539098806789",TRUE
"IV","A_2020/in_private_now/working/TRUE","ci_low","-0.483429057600864","-0.483429057600864",TRUE
"IV","A_2020/in_private_now/working/TRUE","ci_high","0.0445077521102884","0.0445077521102885",TRUE
"IV","A_2020/in_private_now/working/TRUE","p_value","0.103119998797344","0.103119998797344",TRUE
"IV","A_2020/in_private_now/working/TRUE","ar_p_zero","0.111599337500875","0.111599337500875",TRUE
"IV","A_2020/in_private_now/working/TRUE","var_rf","0.000431026205085862","0.000431026205085862",TRUE
"IV","A_2020/in_private_now/working/TRUE","var_fs","0.000759689796992556","0.000759689796992556",TRUE
"IV","A_2020/in_private_now/working/TRUE","cov_rf_fs","-0.000129687584293236","-0.000129687584293236",TRUE
"IV","A_2020/in_private_now/working/TRUE","df","1155","1155",TRUE
"AR set","A_2020/in_private_now/working/TRUE","type","bounded","bounded",TRUE
"AR set","A_2020/in_private_now/working/TRUE","lower","-0.509589367877634","-0.50958937",TRUE
"AR set","A_2020/in_private_now/working/TRUE","upper","0.0562419112807198","0.05624191",TRUE
"IV","A_2020/in_private_now/hours_worked/FALSE","n","1162","1162",TRUE
"IV","A_2020/in_private_now/hours_worked/FALSE","n_control","572","572",TRUE
"IV","A_2020/in_private_now/hours_worked/FALSE","n_selected","590","590",TRUE
"IV","A_2020/in_private_now/hours_worked/FALSE","reduced_form","-1.43531468531467","-1.43531468531467",TRUE
"IV","A_2020/in_private_now/hours_worked/FALSE","reduced_form_se","0.667139434923433","0.667139434923433",TRUE
"IV","A_2020/in_private_now/hours_worked/FALSE","first_stage","0.159896882778241","0.159896882778241",TRUE
"IV","A_2020/in_private_now/hours_worked/FALSE","first_stage_se","0.0281830963825552","0.0281830963825552",TRUE
"IV","A_2020/in_private_now/hours_worked/FALSE","first_stage_F","32.1886366543815","32.1886366543815",TRUE
"IV","A_2020/in_private_now/hours_worked/FALSE","estimate","-8.97650198287659","-8.97650198287659",TRUE
"IV","A_2020/in_private_now/hours_worked/FALSE","se","3.99719594239056","3.99719594239056",TRUE
"IV","A_2020/in_private_now/hours_worked/FALSE","ci_low","-16.8190449712354","-16.8190449712354",TRUE
"IV","A_2020/in_private_now/hours_worked/FALSE","ci_high","-1.13395899451778","-1.13395899451778",TRUE
"IV","A_2020/in_private_now/hours_worked/FALSE","p_value","0.0249109124132092","0.0249109124132092",TRUE
"IV","A_2020/in_private_now/hours_worked/FALSE","ar_p_zero","0.0316469485132519","0.0316469485132519",TRUE
"IV","A_2020/in_private_now/hours_worked/FALSE","var_rf","0.445075025629957","0.445075025629957",TRUE
"IV","A_2020/in_private_now/hours_worked/FALSE","var_fs","0.000794286921708395","0.000794286921708395",TRUE
"IV","A_2020/in_private_now/hours_worked/FALSE","cov_rf_fs","-0.00560228639576944","-0.00560228639576944",TRUE
"IV","A_2020/in_private_now/hours_worked/FALSE","df","1160","1160",TRUE
"AR set","A_2020/in_private_now/hours_worked/FALSE","type","bounded","bounded",TRUE
"AR set","A_2020/in_private_now/hours_worked/FALSE","lower","-17.6000737903091","-17.60007379",TRUE
"AR set","A_2020/in_private_now/hours_worked/FALSE","upper","-0.875431494969896","-0.87543149",TRUE
"IV","A_2020/in_private_now/hours_worked/TRUE","n","1162","1162",TRUE
"IV","A_2020/in_private_now/hours_worked/TRUE","n_control","572","572",TRUE
"IV","A_2020/in_private_now/hours_worked/TRUE","n_selected","590","590",TRUE
"IV","A_2020/in_private_now/hours_worked/TRUE","reduced_form","-1.22869363033778","-1.22869363033778",TRUE
"IV","A_2020/in_private_now/hours_worked/TRUE","reduced_form_se","0.628008301925103","0.628008301925103",TRUE
"IV","A_2020/in_private_now/hours_worked/TRUE","first_stage","0.150629440651836","0.150629440651836",TRUE
"IV","A_2020/in_private_now/hours_worked/TRUE","first_stage_se","0.0275624708071057","0.0275624708071057",TRUE
"IV","A_2020/in_private_now/hours_worked/TRUE","first_stage_F","29.8664382237417","29.8664382237417",TRUE
"IV","A_2020/in_private_now/hours_worked/TRUE","estimate","-8.15706162766527","-8.15706162766527",TRUE
"IV","A_2020/in_private_now/hours_worked/TRUE","se","4.06534514088484","4.06534514088484",TRUE
"IV","A_2020/in_private_now/hours_worked/TRUE","ci_low","-16.1333501679048","-16.1333501679048",TRUE
"IV","A_2020/in_private_now/hours_worked/TRUE","ci_high","-0.180773087425778","-0.180773087425773",TRUE
"IV","A_2020/in_private_now/hours_worked/TRUE","p_value","0.0450370881999736","0.0450370881999738",TRUE
"IV","A_2020/in_private_now/hours_worked/TRUE","ar_p_zero","0.0506478390554903","0.0506478390554904",TRUE
"IV","A_2020/in_private_now/hours_worked/TRUE","var_rf","0.394394427286851","0.394394427286851",TRUE
"IV","A_2020/in_private_now/hours_worked/TRUE","var_fs","0.000759689796992556","0.000759689796992556",TRUE
"IV","A_2020/in_private_now/hours_worked/TRUE","cov_rf_fs","-0.00428811403283907","-0.00428811403283907",TRUE
"IV","A_2020/in_private_now/hours_worked/TRUE","df","1155","1155",TRUE
"AR set","A_2020/in_private_now/hours_worked/TRUE","type","bounded","bounded",TRUE
"AR set","A_2020/in_private_now/hours_worked/TRUE","lower","-17.0829341991377","-17.0829342",TRUE
"AR set","A_2020/in_private_now/hours_worked/TRUE","upper","0.025299694535346","0.02529969",TRUE
"IV","A_2022/in_private_now/years_in_school/FALSE","n","274","274",TRUE
"IV","A_2022/in_private_now/years_in_school/FALSE","n_control","129","129",TRUE
"IV","A_2022/in_private_now/years_in_school/FALSE","n_selected","145","145",TRUE
"IV","A_2022/in_private_now/years_in_school/FALSE","reduced_form","0.0293504410585407","0.0293504410585407",TRUE
"IV","A_2022/in_private_now/years_in_school/FALSE","reduced_form_se","0.0545626379976836","0.0545626379976836",TRUE
"IV","A_2022/in_private_now/years_in_school/FALSE","first_stage","0.154878374766105","0.154878374766105",TRUE
"IV","A_2022/in_private_now/years_in_school/FALSE","first_stage_se","0.0529919583038417","0.0529919583038417",TRUE
"IV","A_2022/in_private_now/years_in_school/FALSE","first_stage_F","8.54204052053982","8.54204052053982",TRUE
"IV","A_2022/in_private_now/years_in_school/FALSE","estimate","0.189506385916467","0.189506385916467",TRUE
"IV","A_2022/in_private_now/years_in_school/FALSE","se","0.345927221259402","0.345927221259402",TRUE
"IV","A_2022/in_private_now/years_in_school/FALSE","ci_low","-0.49152878402983","-0.49152878402983",TRUE
"IV","A_2022/in_private_now/years_in_school/FALSE","ci_high","0.870541555862765","0.870541555862765",TRUE
"IV","A_2022/in_private_now/years_in_school/FALSE","p_value","0.584263706553023","0.584263706553023",TRUE
"IV","A_2022/in_private_now/years_in_school/FALSE","ar_p_zero","0.59107078814134","0.59107078814134",TRUE
"IV","A_2022/in_private_now/years_in_school/FALSE","var_rf","0.00297708146526627","0.00297708146526627",TRUE
"IV","A_2022/in_private_now/years_in_school/FALSE","var_fs","0.00280814764487609","0.00280814764487609",TRUE
"IV","A_2022/in_private_now/years_in_school/FALSE","cov_rf_fs","0.000547402579341984","0.000547402579341984",TRUE
"IV","A_2022/in_private_now/years_in_school/FALSE","df","272","272",TRUE
"AR set","A_2022/in_private_now/years_in_school/FALSE","type","bounded","bounded",TRUE
"AR set","A_2022/in_private_now/years_in_school/FALSE","lower","-0.736459438163921","-0.73645944",TRUE
"AR set","A_2022/in_private_now/years_in_school/FALSE","upper","1.10645601297023","1.10645601",TRUE
"IV","A_2022/in_private_now/years_in_school/TRUE","n","274","274",TRUE
"IV","A_2022/in_private_now/years_in_school/TRUE","n_control","129","129",TRUE
"IV","A_2022/in_private_now/years_in_school/TRUE","n_selected","145","145",TRUE
"IV","A_2022/in_private_now/years_in_school/TRUE","reduced_form","0.0415709355504946","0.0415709355504946",TRUE
"IV","A_2022/in_private_now/years_in_school/TRUE","reduced_form_se","0.0542614740183846","0.0542614740183846",TRUE
"IV","A_2022/in_private_now/years_in_school/TRUE","first_stage","0.155421970440643","0.155421970440643",TRUE
"IV","A_2022/in_private_now/years_in_school/TRUE","first_stage_se","0.0541554902360776","0.0541554902360776",TRUE
"IV","A_2022/in_private_now/years_in_school/TRUE","first_stage_F","8.23644567150242","8.23644567150243",TRUE
"IV","A_2022/in_private_now/years_in_school/TRUE","estimate","0.267471422686478","0.267471422686478",TRUE
"IV","A_2022/in_private_now/years_in_school/TRUE","se","0.343228802837018","0.343228802837017",TRUE
"IV","A_2022/in_private_now/years_in_school/TRUE","ci_low","-0.408307862116217","-0.408307862116217",TRUE
"IV","A_2022/in_private_now/years_in_school/TRUE","ci_high","0.943250707489174","0.943250707489174",TRUE
"IV","A_2022/in_private_now/years_in_school/TRUE","p_value","0.436504812830992","0.436504812830992",TRUE
"IV","A_2022/in_private_now/years_in_school/TRUE","ar_p_zero","0.444280197405394","0.444280197405394",TRUE
"IV","A_2022/in_private_now/years_in_school/TRUE","var_rf","0.00294430756264782","0.00294430756264782",TRUE
"IV","A_2022/in_private_now/years_in_school/TRUE","var_fs","0.0029328171227099","0.0029328171227099",TRUE
"IV","A_2022/in_private_now/years_in_school/TRUE","cov_rf_fs","0.000576516589782341","0.000576516589782341",TRUE
"IV","A_2022/in_private_now/years_in_school/TRUE","df","267","267",TRUE
"AR set","A_2022/in_private_now/years_in_school/TRUE","type","bounded","bounded",TRUE
"AR set","A_2022/in_private_now/years_in_school/TRUE","lower","-0.60045685072693","-0.60045685",TRUE
"AR set","A_2022/in_private_now/years_in_school/TRUE","upper","1.26147261694504","1.26147262",TRUE
"IV","A_2022/in_private_now/married_or_cohab/FALSE","n","273","273",TRUE
"IV","A_2022/in_private_now/married_or_cohab/FALSE","n_control","128","128",TRUE
"IV","A_2022/in_private_now/married_or_cohab/FALSE","n_selected","145","145",TRUE
"IV","A_2022/in_private_now/married_or_cohab/FALSE","reduced_form","0","0",TRUE
"IV","A_2022/in_private_now/married_or_cohab/FALSE","reduced_form_se","0","0",TRUE
"IV","A_2022/in_private_now/married_or_cohab/FALSE","first_stage","0.149730603448276","0.149730603448276",TRUE
"IV","A_2022/in_private_now/married_or_cohab/FALSE","first_stage_se","0.0529988832865392","0.0529988832865392",TRUE
"IV","A_2022/in_private_now/married_or_cohab/FALSE","first_stage_F","7.98155870029177","7.98155870029177",TRUE
"IV","A_2022/in_private_now/married_or_cohab/FALSE","estimate","0","0",TRUE
"IV","A_2022/in_private_now/married_or_cohab/FALSE","se",NA,NA,TRUE
"IV","A_2022/in_private_now/married_or_cohab/FALSE","ci_low",NA,NA,TRUE
"IV","A_2022/in_private_now/married_or_cohab/FALSE","ci_high",NA,NA,TRUE
"IV","A_2022/in_private_now/married_or_cohab/FALSE","p_value",NA,NA,TRUE
"IV","A_2022/in_private_now/married_or_cohab/FALSE","ar_p_zero",NA,NA,TRUE
"IV","A_2022/in_private_now/married_or_cohab/FALSE","var_rf","0","0",TRUE
"IV","A_2022/in_private_now/married_or_cohab/FALSE","var_fs","0.0028088816296202","0.0028088816296202",TRUE
"IV","A_2022/in_private_now/married_or_cohab/FALSE","cov_rf_fs","0","0",TRUE
"IV","A_2022/in_private_now/married_or_cohab/FALSE","df","271","271",TRUE
"IV inference","A_2022/in_private_now/married_or_cohab/FALSE","zero-event suppression","not reported","not reported",TRUE
"IV inference","A_2022/in_private_now/married_or_cohab/FALSE","AR lower",NA,NA,TRUE
"IV inference","A_2022/in_private_now/married_or_cohab/FALSE","AR upper",NA,NA,TRUE
"IV","A_2022/in_private_now/married_or_cohab/TRUE","n","273","273",TRUE
"IV","A_2022/in_private_now/married_or_cohab/TRUE","n_control","128","128",TRUE
"IV","A_2022/in_private_now/married_or_cohab/TRUE","n_selected","145","145",TRUE
"IV","A_2022/in_private_now/married_or_cohab/TRUE","reduced_form","0","0",TRUE
"IV","A_2022/in_private_now/married_or_cohab/TRUE","reduced_form_se","0","0",TRUE
"IV","A_2022/in_private_now/married_or_cohab/TRUE","first_stage","0.148438891280781","0.148438891280781",TRUE
"IV","A_2022/in_private_now/married_or_cohab/TRUE","first_stage_se","0.0541575675040411","0.0541575675040411",TRUE
"IV","A_2022/in_private_now/married_or_cohab/TRUE","first_stage_F","7.51237232830197","7.51237232830197",TRUE
"IV","A_2022/in_private_now/married_or_cohab/TRUE","estimate","0","0",TRUE
"IV","A_2022/in_private_now/married_or_cohab/TRUE","se",NA,NA,TRUE
"IV","A_2022/in_private_now/married_or_cohab/TRUE","ci_low",NA,NA,TRUE
"IV","A_2022/in_private_now/married_or_cohab/TRUE","ci_high",NA,NA,TRUE
"IV","A_2022/in_private_now/married_or_cohab/TRUE","p_value",NA,NA,TRUE
"IV","A_2022/in_private_now/married_or_cohab/TRUE","ar_p_zero",NA,NA,TRUE
"IV","A_2022/in_private_now/married_or_cohab/TRUE","var_rf","0","0",TRUE
"IV","A_2022/in_private_now/married_or_cohab/TRUE","var_fs","0.00293304211795477","0.00293304211795477",TRUE
"IV","A_2022/in_private_now/married_or_cohab/TRUE","cov_rf_fs","0","0",TRUE
"IV","A_2022/in_private_now/married_or_cohab/TRUE","df","266","266",TRUE
"IV inference","A_2022/in_private_now/married_or_cohab/TRUE","zero-event suppression","not reported","not reported",TRUE
"IV inference","A_2022/in_private_now/married_or_cohab/TRUE","AR lower",NA,NA,TRUE
"IV inference","A_2022/in_private_now/married_or_cohab/TRUE","AR upper",NA,NA,TRUE
"IV","A_2022/in_private_now/has_child/FALSE","n","272","272",TRUE
"IV","A_2022/in_private_now/has_child/FALSE","n_control","127","127",TRUE
"IV","A_2022/in_private_now/has_child/FALSE","n_selected","145","145",TRUE
"IV","A_2022/in_private_now/has_child/FALSE","reduced_form","0","0",TRUE
"IV","A_2022/in_private_now/has_child/FALSE","reduced_form_se","0","0",TRUE
"IV","A_2022/in_private_now/has_child/FALSE","first_stage","0.15237578061363","0.15237578061363",TRUE
"IV","A_2022/in_private_now/has_child/FALSE","first_stage_se","0.0531945068240997","0.0531945068240997",TRUE
"IV","A_2022/in_private_now/has_child/FALSE","first_stage_F","8.20537272328222","8.20537272328222",TRUE
"IV","A_2022/in_private_now/has_child/FALSE","estimate","0","0",TRUE
"IV","A_2022/in_private_now/has_child/FALSE","se",NA,NA,TRUE
"IV","A_2022/in_private_now/has_child/FALSE","ci_low",NA,NA,TRUE
"IV","A_2022/in_private_now/has_child/FALSE","ci_high",NA,NA,TRUE
"IV","A_2022/in_private_now/has_child/FALSE","p_value",NA,NA,TRUE
"IV","A_2022/in_private_now/has_child/FALSE","ar_p_zero",NA,NA,TRUE
"IV","A_2022/in_private_now/has_child/FALSE","var_rf","0","0",TRUE
"IV","A_2022/in_private_now/has_child/FALSE","var_fs","0.00282965555625919","0.00282965555625919",TRUE
"IV","A_2022/in_private_now/has_child/FALSE","cov_rf_fs","0","0",TRUE
"IV","A_2022/in_private_now/has_child/FALSE","df","270","270",TRUE
"IV inference","A_2022/in_private_now/has_child/FALSE","zero-event suppression","not reported","not reported",TRUE
"IV inference","A_2022/in_private_now/has_child/FALSE","AR lower",NA,NA,TRUE
"IV inference","A_2022/in_private_now/has_child/FALSE","AR upper",NA,NA,TRUE
"IV","A_2022/in_private_now/has_child/TRUE","n","272","272",TRUE
"IV","A_2022/in_private_now/has_child/TRUE","n_control","127","127",TRUE
"IV","A_2022/in_private_now/has_child/TRUE","n_selected","145","145",TRUE
"IV","A_2022/in_private_now/has_child/TRUE","reduced_form","0","0",TRUE
"IV","A_2022/in_private_now/has_child/TRUE","reduced_form_se","0","0",TRUE
"IV","A_2022/in_private_now/has_child/TRUE","first_stage","0.151309732979179","0.151309732979179",TRUE
"IV","A_2022/in_private_now/has_child/TRUE","first_stage_se","0.0543414837698955","0.0543414837698955",TRUE
"IV","A_2022/in_private_now/has_child/TRUE","first_stage_F","7.75301715265063","7.75301715265064",TRUE
"IV","A_2022/in_private_now/has_child/TRUE","estimate","0","0",TRUE
"IV","A_2022/in_private_now/has_child/TRUE","se",NA,NA,TRUE
"IV","A_2022/in_private_now/has_child/TRUE","ci_low",NA,NA,TRUE
"IV","A_2022/in_private_now/has_child/TRUE","ci_high",NA,NA,TRUE
"IV","A_2022/in_private_now/has_child/TRUE","p_value",NA,NA,TRUE
"IV","A_2022/in_private_now/has_child/TRUE","ar_p_zero",NA,NA,TRUE
"IV","A_2022/in_private_now/has_child/TRUE","var_rf","0","0",TRUE
"IV","A_2022/in_private_now/has_child/TRUE","var_fs","0.00295299685831382","0.00295299685831382",TRUE
"IV","A_2022/in_private_now/has_child/TRUE","cov_rf_fs","0","0",TRUE
"IV","A_2022/in_private_now/has_child/TRUE","df","265","265",TRUE
"IV inference","A_2022/in_private_now/has_child/TRUE","zero-event suppression","not reported","not reported",TRUE
"IV inference","A_2022/in_private_now/has_child/TRUE","AR lower",NA,NA,TRUE
"IV inference","A_2022/in_private_now/has_child/TRUE","AR upper",NA,NA,TRUE
"IV","A_2022/in_private_now/working/FALSE","n","274","274",TRUE
"IV","A_2022/in_private_now/working/FALSE","n_control","129","129",TRUE
"IV","A_2022/in_private_now/working/FALSE","n_selected","145","145",TRUE
"IV","A_2022/in_private_now/working/FALSE","reduced_form","-0.0240577385725742","-0.0240577385725742",TRUE
"IV","A_2022/in_private_now/working/FALSE","reduced_form_se","0.0332421090862386","0.0332421090862386",TRUE
"IV","A_2022/in_private_now/working/FALSE","first_stage","0.154878374766105","0.154878374766105",TRUE
"IV","A_2022/in_private_now/working/FALSE","first_stage_se","0.0529919583038417","0.0529919583038417",TRUE
"IV","A_2022/in_private_now/working/FALSE","first_stage_F","8.54204052053982","8.54204052053982",TRUE
"IV","A_2022/in_private_now/working/FALSE","estimate","-0.155333103210218","-0.155333103210218",TRUE
"IV","A_2022/in_private_now/working/FALSE","se","0.213574874174344","0.213574874174344",TRUE
"IV","A_2022/in_private_now/working/FALSE","ci_low","-0.575803051195355","-0.575803051195355",TRUE
"IV","A_2022/in_private_now/working/FALSE","ci_high","0.265136844774918","0.265136844774918",TRUE
"IV","A_2022/in_private_now/working/FALSE","p_value","0.467667447924032","0.467667447924032",TRUE
"IV","A_2022/in_private_now/working/FALSE","ar_p_zero","0.46986403879264","0.46986403879264",TRUE
"IV","A_2022/in_private_now/working/FALSE","var_rf","0.00110503781650139","0.00110503781650139",TRUE
"IV","A_2022/in_private_now/working/FALSE","var_fs","0.00280814764487609","0.00280814764487609",TRUE
"IV","A_2022/in_private_now/working/FALSE","cov_rf_fs","-0.000253105113325174","-0.000253105113325174",TRUE
"IV","A_2022/in_private_now/working/FALSE","df","272","272",TRUE
"AR set","A_2022/in_private_now/working/FALSE","type","bounded","bounded",TRUE
"AR set","A_2022/in_private_now/working/FALSE","lower","-0.780962618429016","-0.78096262",TRUE
"AR set","A_2022/in_private_now/working/FALSE","upper","0.361980678594298","0.36198068",TRUE
"IV","A_2022/in_private_now/working/TRUE","n","274","274",TRUE
"IV","A_2022/in_private_now/working/TRUE","n_control","129","129",TRUE
"IV","A_2022/in_private_now/working/TRUE","n_selected","145","145",TRUE
"IV","A_2022/in_private_now/working/TRUE","reduced_form","-0.00869008168136838","-0.00869008168136837",TRUE
"IV","A_2022/in_private_now/working/TRUE","reduced_form_se","0.0309585156211274","0.0309585156211274",TRUE
"IV","A_2022/in_private_now/working/TRUE","first_stage","0.155421970440643","0.155421970440643",TRUE
"IV","A_2022/in_private_now/working/TRUE","first_stage_se","0.0541554902360776","0.0541554902360776",TRUE
"IV","A_2022/in_private_now/working/TRUE","first_stage_F","8.23644567150242","8.23644567150243",TRUE
"IV","A_2022/in_private_now/working/TRUE","estimate","-0.0559128265890002","-0.0559128265890001",TRUE
"IV","A_2022/in_private_now/working/TRUE","se","0.197480195355194","0.197480195355194",TRUE
"IV","A_2022/in_private_now/working/TRUE","ci_low","-0.444729336382905","-0.444729336382905",TRUE
"IV","A_2022/in_private_now/working/TRUE","ci_high","0.332903683204905","0.332903683204905",TRUE
"IV","A_2022/in_private_now/working/TRUE","p_value","0.777295573068012","0.777295573068013",TRUE
"IV","A_2022/in_private_now/working/TRUE","ar_p_zero","0.779157238252266","0.779157238252266",TRUE
"IV","A_2022/in_private_now/working/TRUE","var_rf","0.000958429689463591","0.00095842968946359",TRUE
"IV","A_2022/in_private_now/working/TRUE","var_fs","0.0029328171227099","0.0029328171227099",TRUE
"IV","A_2022/in_private_now/working/TRUE","cov_rf_fs","-0.00022850578702203","-0.00022850578702203",TRUE
"IV","A_2022/in_private_now/working/TRUE","df","267","267",TRUE
"AR set","A_2022/in_private_now/working/TRUE","type","bounded","bounded",TRUE
"AR set","A_2022/in_private_now/working/TRUE","lower","-0.571120174218936","-0.57112017",TRUE
"AR set","A_2022/in_private_now/working/TRUE","upper","0.49841711784415","0.49841712",TRUE
"IV","A_2022/in_private_now/hours_worked/FALSE","n","274","274",TRUE
"IV","A_2022/in_private_now/hours_worked/FALSE","n_control","129","129",TRUE
"IV","A_2022/in_private_now/hours_worked/FALSE","n_selected","145","145",TRUE
"IV","A_2022/in_private_now/hours_worked/FALSE","reduced_form","-0.195028067361667","-0.195028067361667",TRUE
"IV","A_2022/in_private_now/hours_worked/FALSE","reduced_form_se","0.844462865821213","0.844462865821213",TRUE
"IV","A_2022/in_private_now/hours_worked/FALSE","first_stage","0.154878374766105","0.154878374766105",TRUE
"IV","A_2022/in_private_now/hours_worked/FALSE","first_stage_se","0.0529919583038417","0.0529919583038417",TRUE
"IV","A_2022/in_private_now/hours_worked/FALSE","first_stage_F","8.54204052053982","8.54204052053982",TRUE
"IV","A_2022/in_private_now/hours_worked/FALSE","estimate","-1.25923369002416","-1.25923369002416",TRUE
"IV","A_2022/in_private_now/hours_worked/FALSE","se","5.39613580059936","5.39613580059936",TRUE
"IV","A_2022/in_private_now/hours_worked/FALSE","ci_low","-11.8827349242873","-11.8827349242873",TRUE
"IV","A_2022/in_private_now/hours_worked/FALSE","ci_high","9.36426754423901","9.36426754423901",TRUE
"IV","A_2022/in_private_now/hours_worked/FALSE","p_value","0.815658624053392","0.815658624053392",TRUE
"IV","A_2022/in_private_now/hours_worked/FALSE","ar_p_zero","0.817527849107363","0.817527849107363",TRUE
"IV","A_2022/in_private_now/hours_worked/FALSE","var_rf","0.713117531750976","0.713117531750976",TRUE
"IV","A_2022/in_private_now/hours_worked/FALSE","var_fs","0.00280814764487609","0.00280814764487609",TRUE
"IV","A_2022/in_private_now/hours_worked/FALSE","cov_rf_fs","-0.0075843946973226","-0.0075843946973226",TRUE
"IV","A_2022/in_private_now/hours_worked/FALSE","df","272","272",TRUE
"AR set","A_2022/in_private_now/hours_worked/FALSE","type","bounded","bounded",TRUE
"AR set","A_2022/in_private_now/hours_worked/FALSE","lower","-14.4852622212692","-14.48526222",TRUE
"AR set","A_2022/in_private_now/hours_worked/FALSE","upper","14.3617092370645","14.36170924",TRUE
"IV","A_2022/in_private_now/hours_worked/TRUE","n","274","274",TRUE
"IV","A_2022/in_private_now/hours_worked/TRUE","n_control","129","129",TRUE
"IV","A_2022/in_private_now/hours_worked/TRUE","n_selected","145","145",TRUE
"IV","A_2022/in_private_now/hours_worked/TRUE","reduced_form","0.00524545921298757","0.00524545921298756",TRUE
"IV","A_2022/in_private_now/hours_worked/TRUE","reduced_form_se","0.781103416562492","0.781103416562492",TRUE
"IV","A_2022/in_private_now/hours_worked/TRUE","first_stage","0.155421970440643","0.155421970440643",TRUE
"IV","A_2022/in_private_now/hours_worked/TRUE","first_stage_se","0.0541554902360776","0.0541554902360776",TRUE
"IV","A_2022/in_private_now/hours_worked/TRUE","first_stage_F","8.23644567150242","8.23644567150243",TRUE
"IV","A_2022/in_private_now/hours_worked/TRUE","estimate","0.0337497922469775","0.0337497922469773",TRUE
"IV","A_2022/in_private_now/hours_worked/TRUE","se","5.02724553104095","5.02724553104095",TRUE
"IV","A_2022/in_private_now/hours_worked/TRUE","ci_low","-9.86433673607862","-9.86433673607861",TRUE
"IV","A_2022/in_private_now/hours_worked/TRUE","ci_high","9.93183632057257","9.93183632057257",TRUE
"IV","A_2022/in_private_now/hours_worked/TRUE","p_value","0.994648553940114","0.994648553940114",TRUE
"IV","A_2022/in_private_now/hours_worked/TRUE","ar_p_zero","0.994646902911296","0.994646902911296",TRUE
"IV","A_2022/in_private_now/hours_worked/TRUE","var_rf","0.610122547365599","0.610122547365599",TRUE
"IV","A_2022/in_private_now/hours_worked/TRUE","var_fs","0.0029328171227099","0.0029328171227099",TRUE
"IV","A_2022/in_private_now/hours_worked/TRUE","cov_rf_fs","-0.00552882375552405","-0.00552882375552405",TRUE
"IV","A_2022/in_private_now/hours_worked/TRUE","df","267","267",TRUE
"AR set","A_2022/in_private_now/hours_worked/TRUE","type","bounded","bounded",TRUE
"AR set","A_2022/in_private_now/hours_worked/TRUE","lower","-11.9711401477146","-11.97114015",TRUE
"AR set","A_2022/in_private_now/hours_worked/TRUE","upper","15.4509425315636","15.45094253",TRUE
"IV","B_2018/in_private_now/years_in_school/FALSE","n","162","162",TRUE
"IV","B_2018/in_private_now/years_in_school/FALSE","n_control","74","74",TRUE
"IV","B_2018/in_private_now/years_in_school/FALSE","n_selected","88","88",TRUE
"IV","B_2018/in_private_now/years_in_school/FALSE","reduced_form","0.0764742014742015","0.0764742014742015",TRUE
"IV","B_2018/in_private_now/years_in_school/FALSE","reduced_form_se","0.230753448067459","0.230753448067459",TRUE
"IV","B_2018/in_private_now/years_in_school/FALSE","first_stage","0.185503685503686","0.185503685503686",TRUE
"IV","B_2018/in_private_now/years_in_school/FALSE","first_stage_se","0.0779785207835154","0.0779785207835154",TRUE
"IV","B_2018/in_private_now/years_in_school/FALSE","first_stage_F","5.65920074546663","5.65920074546663",TRUE
"IV","B_2018/in_private_now/years_in_school/FALSE","estimate","0.412251655629138","0.412251655629138",TRUE
"IV","B_2018/in_private_now/years_in_school/FALSE","se","1.17931891772502","1.17931891772502",TRUE
"IV","B_2018/in_private_now/years_in_school/FALSE","ci_low","-1.91678711472445","-1.91678711472445",TRUE
"IV","B_2018/in_private_now/years_in_school/FALSE","ci_high","2.74129042598272","2.74129042598272",TRUE
"IV","B_2018/in_private_now/years_in_school/FALSE","p_value","0.727122921142627","0.727122921142627",TRUE
"IV","B_2018/in_private_now/years_in_school/FALSE","ar_p_zero","0.740767826430169","0.740767826430169",TRUE
"IV","B_2018/in_private_now/years_in_school/FALSE","var_rf","0.0532471537950213","0.0532471537950213",TRUE
"IV","B_2018/in_private_now/years_in_school/FALSE","var_fs","0.00608064970358514","0.00608064970358514",TRUE
"IV","B_2018/in_private_now/years_in_school/FALSE","cov_rf_fs","0.00778787485883371","0.00778787485883371",TRUE
"IV","B_2018/in_private_now/years_in_school/FALSE","df","160","160",TRUE
"AR set","B_2018/in_private_now/years_in_school/FALSE","type","bounded","bounded",TRUE
"AR set","B_2018/in_private_now/years_in_school/FALSE","lower","-6.11364242183484","-6.11364242",TRUE
"AR set","B_2018/in_private_now/years_in_school/FALSE","upper","3.08655965090426","3.08655965",TRUE
"IV","B_2018/in_private_now/years_in_school/TRUE","n","162","162",TRUE
"IV","B_2018/in_private_now/years_in_school/TRUE","n_control","74","74",TRUE
"IV","B_2018/in_private_now/years_in_school/TRUE","n_selected","88","88",TRUE
"IV","B_2018/in_private_now/years_in_school/TRUE","reduced_form","-0.24894877416341","-0.24894877416341",TRUE
"IV","B_2018/in_private_now/years_in_school/TRUE","reduced_form_se","0.210406406149933","0.210406406149933",TRUE
"IV","B_2018/in_private_now/years_in_school/TRUE","first_stage","0.127968936514765","0.127968936514765",TRUE
"IV","B_2018/in_private_now/years_in_school/TRUE","first_stage_se","0.0779598544013987","0.0779598544013987",TRUE
"IV","B_2018/in_private_now/years_in_school/TRUE","first_stage_F","2.69443110123318","2.69443110123318",TRUE
"IV","B_2018/in_private_now/years_in_school/TRUE","estimate","-1.94538441080728","-1.94538441080728",TRUE
"IV","B_2018/in_private_now/years_in_school/TRUE","se","2.41789777055843","2.41789777055843",TRUE
"IV","B_2018/in_private_now/years_in_school/TRUE","ci_low","-6.72191258257688","-6.72191258257688",TRUE
"IV","B_2018/in_private_now/years_in_school/TRUE","ci_high","2.83114376096232","2.83114376096231",TRUE
"IV","B_2018/in_private_now/years_in_school/TRUE","p_value","0.422304294093495","0.422304294093495",TRUE
"IV","B_2018/in_private_now/years_in_school/TRUE","ar_p_zero","0.238560890877926","0.238560890877926",TRUE
"IV","B_2018/in_private_now/years_in_school/TRUE","var_rf","0.0442708557489306","0.0442708557489306",TRUE
"IV","B_2018/in_private_now/years_in_school/TRUE","var_fs","0.00607773889828728","0.00607773889828728",TRUE
"IV","B_2018/in_private_now/years_in_school/TRUE","cov_rf_fs","0.00731628098578784","0.00731628098578784",TRUE
"IV","B_2018/in_private_now/years_in_school/TRUE","df","154","154",TRUE
"AR set","B_2018/in_private_now/years_in_school/TRUE","type","disjoint","disjoint",TRUE
"AR set","B_2018/in_private_now/years_in_school/TRUE","lower","0.974762478609578","0.97476248",TRUE
"AR set","B_2018/in_private_now/years_in_school/TRUE","upper","15.4797561850916","15.47975619",TRUE
"IV","B_2018/in_private_now/married_or_cohab/FALSE","n","162","162",TRUE
"IV","B_2018/in_private_now/married_or_cohab/FALSE","n_control","74","74",TRUE
"IV","B_2018/in_private_now/married_or_cohab/FALSE","n_selected","88","88",TRUE
"IV","B_2018/in_private_now/married_or_cohab/FALSE","reduced_form","-0.0313267813267812","-0.0313267813267812",TRUE
"IV","B_2018/in_private_now/married_or_cohab/FALSE","reduced_form_se","0.0309149993331921","0.0309149993331921",TRUE
"IV","B_2018/in_private_now/married_or_cohab/FALSE","first_stage","0.185503685503686","0.185503685503686",TRUE
"IV","B_2018/in_private_now/married_or_cohab/FALSE","first_stage_se","0.0779785207835154","0.0779785207835154",TRUE
"IV","B_2018/in_private_now/married_or_cohab/FALSE","first_stage_F","5.65920074546663","5.65920074546663",TRUE
"IV","B_2018/in_private_now/married_or_cohab/FALSE","estimate","-0.168874172185429","-0.168874172185429",TRUE
"IV","B_2018/in_private_now/married_or_cohab/FALSE","se","0.168379230750934","0.168379230750934",TRUE
"IV","B_2018/in_private_now/married_or_cohab/FALSE","ci_low","-0.501406577667183","-0.501406577667182",TRUE
"IV","B_2018/in_private_now/married_or_cohab/FALSE","ci_high","0.163658233296324","0.163658233296324",TRUE
"IV","B_2018/in_private_now/married_or_cohab/FALSE","p_value","0.317404458299729","0.317404458299729",TRUE
"IV","B_2018/in_private_now/married_or_cohab/FALSE","ar_p_zero","0.312437333899313","0.312437333899313",TRUE
"IV","B_2018/in_private_now/married_or_cohab/FALSE","var_rf","0.000955737183771269","0.000955737183771269",TRUE
"IV","B_2018/in_private_now/married_or_cohab/FALSE","var_fs","0.00608064970358514","0.00608064970358514",TRUE
"IV","B_2018/in_private_now/married_or_cohab/FALSE","cov_rf_fs","-0.000454554085422254","-0.000454554085422254",TRUE
"IV","B_2018/in_private_now/married_or_cohab/FALSE","df","160","160",TRUE
"AR set","B_2018/in_private_now/married_or_cohab/FALSE","type","bounded","bounded",TRUE
"AR set","B_2018/in_private_now/married_or_cohab/FALSE","lower","-1.00948983971323","-1.00948984",TRUE
"AR set","B_2018/in_private_now/married_or_cohab/FALSE","upper","0.254348061236878","0.25434806",TRUE
"IV","B_2018/in_private_now/married_or_cohab/TRUE","n","162","162",TRUE
"IV","B_2018/in_private_now/married_or_cohab/TRUE","n_control","74","74",TRUE
"IV","B_2018/in_private_now/married_or_cohab/TRUE","n_selected","88","88",TRUE
"IV","B_2018/in_private_now/married_or_cohab/TRUE","reduced_form","-0.0317560832114615","-0.0317560832114615",TRUE
"IV","B_2018/in_private_now/married_or_cohab/TRUE","reduced_form_se","0.0338917403007141","0.0338917403007141",TRUE
"IV","B_2018/in_private_now/married_or_cohab/TRUE","first_stage","0.127968936514765","0.127968936514765",TRUE
"IV","B_2018/in_private_now/married_or_cohab/TRUE","first_stage_se","0.0779598544013987","0.0779598544013987",TRUE
"IV","B_2018/in_private_now/married_or_cohab/TRUE","first_stage_F","2.69443110123318","2.69443110123318",TRUE
"IV","B_2018/in_private_now/married_or_cohab/TRUE","estimate","-0.248154623116662","-0.248154623116662",TRUE
"IV","B_2018/in_private_now/married_or_cohab/TRUE","se","0.276977351109298","0.276977351109298",TRUE
"IV","B_2018/in_private_now/married_or_cohab/TRUE","ci_low","-0.795320072634459","-0.795320072634459",TRUE
"IV","B_2018/in_private_now/married_or_cohab/TRUE","ci_high","0.299010826401136","0.299010826401136",TRUE
"IV","B_2018/in_private_now/married_or_cohab/TRUE","p_value","0.371684021669283","0.371684021669283",TRUE
"IV","B_2018/in_private_now/married_or_cohab/TRUE","ar_p_zero","0.350232896827849","0.350232896827848",TRUE
"IV","B_2018/in_private_now/married_or_cohab/TRUE","var_rf","0.00114865006061105","0.00114865006061105",TRUE
"IV","B_2018/in_private_now/married_or_cohab/TRUE","var_fs","0.00607773889828728","0.00607773889828728",TRUE
"IV","B_2018/in_private_now/married_or_cohab/TRUE","cov_rf_fs","-0.000537183640496272","-0.000537183640496272",TRUE
"IV","B_2018/in_private_now/married_or_cohab/TRUE","df","154","154",TRUE
"AR set","B_2018/in_private_now/married_or_cohab/TRUE","type","all real","all real",TRUE
"IV","B_2018/in_private_now/has_child/FALSE","n","162","162",TRUE
"IV","B_2018/in_private_now/has_child/FALSE","n_control","74","74",TRUE
"IV","B_2018/in_private_now/has_child/FALSE","n_selected","88","88",TRUE
"IV","B_2018/in_private_now/has_child/FALSE","reduced_form","-0.00859950859950857","-0.00859950859950857",TRUE
"IV","B_2018/in_private_now/has_child/FALSE","reduced_form_se","0.0346288732326396","0.0346288732326396",TRUE
"IV","B_2018/in_private_now/has_child/FALSE","first_stage","0.185503685503686","0.185503685503686",TRUE
"IV","B_2018/in_private_now/has_child/FALSE","first_stage_se","0.0779785207835154","0.0779785207835154",TRUE
"IV","B_2018/in_private_now/has_child/FALSE","first_stage_F","5.65920074546663","5.65920074546663",TRUE
"IV","B_2018/in_private_now/has_child/FALSE","estimate","-0.0463576158940394","-0.0463576158940394",TRUE
"IV","B_2018/in_private_now/has_child/FALSE","se","0.183266556171194","0.183266556171194",TRUE
"IV","B_2018/in_private_now/has_child/FALSE","ci_low","-0.408291023572503","-0.408291023572503",TRUE
"IV","B_2018/in_private_now/has_child/FALSE","ci_high","0.315575791784424","0.315575791784424",TRUE
"IV","B_2018/in_private_now/has_child/FALSE","p_value","0.800630114113263","0.800630114113263",TRUE
"IV","B_2018/in_private_now/has_child/FALSE","ar_p_zero","0.804194842591913","0.804194842591913",TRUE
"IV","B_2018/in_private_now/has_child/FALSE","var_rf","0.00119915886136222","0.00119915886136222",TRUE
"IV","B_2018/in_private_now/has_child/FALSE","var_fs","0.00608064970358514","0.00608064970358514",TRUE
"IV","B_2018/in_private_now/has_child/FALSE","cov_rf_fs","-0.000608919051699444","-0.000608919051699444",TRUE
"IV","B_2018/in_private_now/has_child/FALSE","df","160","160",TRUE
"AR set","B_2018/in_private_now/has_child/FALSE","type","bounded","bounded",TRUE
"AR set","B_2018/in_private_now/has_child/FALSE","lower","-0.587163585851772","-0.58716359",TRUE
"AR set","B_2018/in_private_now/has_child/FALSE","upper","0.732958887838261","0.73295889",TRUE
"IV","B_2018/in_private_now/has_child/TRUE","n","162","162",TRUE
"IV","B_2018/in_private_now/has_child/TRUE","n_control","74","74",TRUE
"IV","B_2018/in_private_now/has_child/TRUE","n_selected","88","88",TRUE
"IV","B_2018/in_private_now/has_child/TRUE","reduced_form","0.00662735905859132","0.00662735905859133",TRUE
"IV","B_2018/in_private_now/has_child/TRUE","reduced_form_se","0.0415148715287555","0.0415148715287555",TRUE
"IV","B_2018/in_private_now/has_child/TRUE","first_stage","0.127968936514765","0.127968936514765",TRUE
"IV","B_2018/in_private_now/has_child/TRUE","first_stage_se","0.0779598544013987","0.0779598544013987",TRUE
"IV","B_2018/in_private_now/has_child/TRUE","first_stage_F","2.69443110123318","2.69443110123318",TRUE
"IV","B_2018/in_private_now/has_child/TRUE","estimate","0.0517888109340243","0.0517888109340244",TRUE
"IV","B_2018/in_private_now/has_child/TRUE","se","0.331625783238759","0.331625783238759",TRUE
"IV","B_2018/in_private_now/has_child/TRUE","ci_low","-0.603333963656752","-0.603333963656752",TRUE
"IV","B_2018/in_private_now/has_child/TRUE","ci_high","0.706911585524801","0.706911585524801",TRUE
"IV","B_2018/in_private_now/has_child/TRUE","p_value","0.876106374536475","0.876106374536475",TRUE
"IV","B_2018/in_private_now/has_child/TRUE","ar_p_zero","0.873375275910781","0.873375275910781",TRUE
"IV","B_2018/in_private_now/has_child/TRUE","var_rf","0.00172348455804907","0.00172348455804907",TRUE
"IV","B_2018/in_private_now/has_child/TRUE","var_fs","0.00607773889828728","0.00607773889828728",TRUE
"IV","B_2018/in_private_now/has_child/TRUE","cov_rf_fs","-0.000590679920589492","-0.000590679920589493",TRUE
"IV","B_2018/in_private_now/has_child/TRUE","df","154","154",TRUE
"AR set","B_2018/in_private_now/has_child/TRUE","type","all real","all real",TRUE
"IV","B_2018/in_private_now/working/FALSE","n","162","162",TRUE
"IV","B_2018/in_private_now/working/FALSE","n_control","74","74",TRUE
"IV","B_2018/in_private_now/working/FALSE","n_selected","88","88",TRUE
"IV","B_2018/in_private_now/working/FALSE","reduced_form","0.00675675675675665","0.00675675675675665",TRUE
"IV","B_2018/in_private_now/working/FALSE","reduced_form_se","0.0683868482576264","0.0683868482576264",TRUE
"IV","B_2018/in_private_now/working/FALSE","first_stage","0.185503685503686","0.185503685503686",TRUE
"IV","B_2018/in_private_now/working/FALSE","first_stage_se","0.0779785207835154","0.0779785207835154",TRUE
"IV","B_2018/in_private_now/working/FALSE","first_stage_F","5.65920074546663","5.65920074546663",TRUE
"IV","B_2018/in_private_now/working/FALSE","estimate","0.036423841059602","0.036423841059602",TRUE
"IV","B_2018/in_private_now/working/FALSE","se","0.372950526248496","0.372950526248496",TRUE
"IV","B_2018/in_private_now/working/FALSE","ci_low","-0.70011673503167","-0.70011673503167",TRUE
"IV","B_2018/in_private_now/working/FALSE","ci_high","0.772964417150874","0.772964417150874",TRUE
"IV","B_2018/in_private_now/working/FALSE","p_value","0.922321337635343","0.922321337635343",TRUE
"IV","B_2018/in_private_now/working/FALSE","ar_p_zero","0.921419162391837","0.921419162391837",TRUE
"IV","B_2018/in_private_now/working/FALSE","var_rf","0.00467676101461162","0.00467676101461162",TRUE
"IV","B_2018/in_private_now/working/FALSE","var_fs","0.00608064970358514","0.00608064970358514",TRUE
"IV","B_2018/in_private_now/working/FALSE","cov_rf_fs","-0.00139408360182275","-0.00139408360182275",TRUE
"IV","B_2018/in_private_now/working/FALSE","df","160","160",TRUE
"AR set","B_2018/in_private_now/working/FALSE","type","bounded","bounded",TRUE
"AR set","B_2018/in_private_now/working/FALSE","lower","-0.82098230516733","-0.82098231",TRUE
"AR set","B_2018/in_private_now/working/FALSE","upper","2.07208161904062","2.07208162",TRUE
"IV","B_2018/in_private_now/working/TRUE","n","162","162",TRUE
"IV","B_2018/in_private_now/working/TRUE","n_control","74","74",TRUE
"IV","B_2018/in_private_now/working/TRUE","n_selected","88","88",TRUE
"IV","B_2018/in_private_now/working/TRUE","reduced_form","0.0100378760273187","0.0100378760273187",TRUE
"IV","B_2018/in_private_now/working/TRUE","reduced_form_se","0.0710356733118436","0.0710356733118436",TRUE
"IV","B_2018/in_private_now/working/TRUE","first_stage","0.127968936514765","0.127968936514765",TRUE
"IV","B_2018/in_private_now/working/TRUE","first_stage_se","0.0779598544013987","0.0779598544013987",TRUE
"IV","B_2018/in_private_now/working/TRUE","first_stage_F","2.69443110123318","2.69443110123318",TRUE
"IV","B_2018/in_private_now/working/TRUE","estimate","0.0784399425415286","0.0784399425415285",TRUE
"IV","B_2018/in_private_now/working/TRUE","se","0.569391467472751","0.569391467472751",TRUE
"IV","B_2018/in_private_now/working/TRUE","ci_low","-1.04638610191142","-1.04638610191142",TRUE
"IV","B_2018/in_private_now/working/TRUE","ci_high","1.20326598699447","1.20326598699447",TRUE
"IV","B_2018/in_private_now/working/TRUE","p_value","0.890609258765664","0.890609258765664",TRUE
"IV","B_2018/in_private_now/working/TRUE","ar_p_zero","0.887811673624862","0.887811673624863",TRUE
"IV","B_2018/in_private_now/working/TRUE","var_rf","0.00504606688286697","0.00504606688286697",TRUE
"IV","B_2018/in_private_now/working/TRUE","var_fs","0.00607773889828728","0.00607773889828728",TRUE
"IV","B_2018/in_private_now/working/TRUE","cov_rf_fs","-0.00143907320067123","-0.00143907320067123",TRUE
"IV","B_2018/in_private_now/working/TRUE","df","154","154",TRUE
"AR set","B_2018/in_private_now/working/TRUE","type","all real","all real",TRUE
"IV","B_2018/in_private_now/hours_worked/FALSE","n","162","162",TRUE
"IV","B_2018/in_private_now/hours_worked/FALSE","n_control","74","74",TRUE
"IV","B_2018/in_private_now/hours_worked/FALSE","n_selected","88","88",TRUE
"IV","B_2018/in_private_now/hours_worked/FALSE","reduced_form","-0.288083538083541","-0.288083538083541",TRUE
"IV","B_2018/in_private_now/hours_worked/FALSE","reduced_form_se","1.97845327867445","1.97845327867445",TRUE
"IV","B_2018/in_private_now/hours_worked/FALSE","first_stage","0.185503685503686","0.185503685503686",TRUE
"IV","B_2018/in_private_now/hours_worked/FALSE","first_stage_se","0.0779785207835154","0.0779785207835154",TRUE
"IV","B_2018/in_private_now/hours_worked/FALSE","first_stage_F","5.65920074546663","5.65920074546663",TRUE
"IV","B_2018/in_private_now/hours_worked/FALSE","estimate","-1.55298013245034","-1.55298013245034",TRUE
"IV","B_2018/in_private_now/hours_worked/FALSE","se","10.5586320083287","10.5586320083287",TRUE
"IV","B_2018/in_private_now/hours_worked/FALSE","ci_low","-22.4052389571731","-22.4052389571731",TRUE
"IV","B_2018/in_private_now/hours_worked/FALSE","ci_high","19.2992786922724","19.2992786922724",TRUE
"IV","B_2018/in_private_now/hours_worked/FALSE","p_value","0.883252808790954","0.883252808790954",TRUE
"IV","B_2018/in_private_now/hours_worked/FALSE","ar_p_zero","0.884412171035497","0.884412171035497",TRUE
"IV","B_2018/in_private_now/hours_worked/FALSE","var_rf","3.91427737589767","3.91427737589767",TRUE
"IV","B_2018/in_private_now/hours_worked/FALSE","var_fs","0.00608064970358514","0.00608064970358514",TRUE
"IV","B_2018/in_private_now/hours_worked/FALSE","cov_rf_fs","-0.0298050145724988","-0.0298050145724988",TRUE
"IV","B_2018/in_private_now/hours_worked/FALSE","df","160","160",TRUE
"AR set","B_2018/in_private_now/hours_worked/FALSE","type","bounded","bounded",TRUE
"AR set","B_2018/in_private_now/hours_worked/FALSE","lower","-32.2604008429262","-32.26040084",TRUE
"AR set","B_2018/in_private_now/hours_worked/FALSE","upper","44.004624535847","44.00462454",TRUE
"IV","B_2018/in_private_now/hours_worked/TRUE","n","162","162",TRUE
"IV","B_2018/in_private_now/hours_worked/TRUE","n_control","74","74",TRUE
"IV","B_2018/in_private_now/hours_worked/TRUE","n_selected","88","88",TRUE
"IV","B_2018/in_private_now/hours_worked/TRUE","reduced_form","-0.498331220353846","-0.498331220353846",TRUE
"IV","B_2018/in_private_now/hours_worked/TRUE","reduced_form_se","1.90278847284078","1.90278847284078",TRUE
"IV","B_2018/in_private_now/hours_worked/TRUE","first_stage","0.127968936514765","0.127968936514765",TRUE
"IV","B_2018/in_private_now/hours_worked/TRUE","first_stage_se","0.0779598544013987","0.0779598544013987",TRUE
"IV","B_2018/in_private_now/hours_worked/TRUE","first_stage_F","2.69443110123318","2.69443110123318",TRUE
"IV","B_2018/in_private_now/hours_worked/TRUE","estimate","-3.89415770675214","-3.89415770675214",TRUE
"IV","B_2018/in_private_now/hours_worked/TRUE","se","14.5834919384126","14.5834919384126",TRUE
"IV","B_2018/in_private_now/hours_worked/TRUE","ci_low","-32.703671878443","-32.703671878443",TRUE
"IV","B_2018/in_private_now/hours_worked/TRUE","ci_high","24.9153564649387","24.9153564649387",TRUE
"IV","B_2018/in_private_now/hours_worked/TRUE","p_value","0.789807116242214","0.789807116242214",TRUE
"IV","B_2018/in_private_now/hours_worked/TRUE","ar_p_zero","0.793752188144431","0.793752188144431",TRUE
"IV","B_2018/in_private_now/hours_worked/TRUE","var_rf","3.62060397237573","3.62060397237573",TRUE
"IV","B_2018/in_private_now/hours_worked/TRUE","var_fs","0.00607773889828728","0.00607773889828728",TRUE
"IV","B_2018/in_private_now/hours_worked/TRUE","cov_rf_fs","-0.0295237728835814","-0.0295237728835815",TRUE
"IV","B_2018/in_private_now/hours_worked/TRUE","df","154","154",TRUE
"AR set","B_2018/in_private_now/hours_worked/TRUE","type","all real","all real",TRUE
"IV","A_2020/started_g6_private/years_in_school/FALSE","n","1161","1161",TRUE
"IV","A_2020/started_g6_private/years_in_school/FALSE","n_control","571","571",TRUE
"IV","A_2020/started_g6_private/years_in_school/FALSE","n_selected","590","590",TRUE
"IV","A_2020/started_g6_private/years_in_school/FALSE","reduced_form","0.056873163347086","0.056873163347086",TRUE
"IV","A_2020/started_g6_private/years_in_school/FALSE","reduced_form_se","0.052027359385938","0.052027359385938",TRUE
"IV","A_2020/started_g6_private/years_in_school/FALSE","first_stage","0.0598236813203118","0.0598236813203118",TRUE
"IV","A_2020/started_g6_private/years_in_school/FALSE","first_stage_se","0.0168420872074309","0.0168420872074309",TRUE
"IV","A_2020/started_g6_private/years_in_school/FALSE","first_stage_F","12.6169518340872","12.6169518340872",TRUE
"IV","A_2020/started_g6_private/years_in_school/FALSE","estimate","0.950679765803313","0.950679765803313",TRUE
"IV","A_2020/started_g6_private/years_in_school/FALSE","se","0.919825179163343","0.919825179163342",TRUE
"IV","A_2020/started_g6_private/years_in_school/FALSE","ci_low","-0.854029113684986","-0.854029113684986",TRUE
"IV","A_2020/started_g6_private/years_in_school/FALSE","ci_high","2.75538864529161","2.75538864529161",TRUE
"IV","A_2020/started_g6_private/years_in_school/FALSE","p_value","0.3015650138558","0.3015650138558",TRUE
"IV","A_2020/started_g6_private/years_in_school/FALSE","ar_p_zero","0.274559693642628","0.274559693642628",TRUE
"IV","A_2020/started_g6_private/years_in_school/FALSE","var_rf","0.00270684612467355","0.00270684612467355",TRUE
"IV","A_2020/started_g6_private/years_in_school/FALSE","var_fs","0.000283655901502706","0.000283655901502706",TRUE
"IV","A_2020/started_g6_private/years_in_school/FALSE","cov_rf_fs","-3.40781448536272e-05","-3.40781448536272e-05",TRUE
"IV","A_2020/started_g6_private/years_in_school/FALSE","df","1159","1159",TRUE
"AR set","A_2020/started_g6_private/years_in_school/FALSE","type","bounded","bounded",TRUE
"AR set","A_2020/started_g6_private/years_in_school/FALSE","lower","-0.794572296940161","-0.7945723",TRUE
"AR set","A_2020/started_g6_private/years_in_school/FALSE","upper","3.63625264738851","3.63625265",TRUE
"IV","A_2020/started_g6_private/years_in_school/TRUE","n","1161","1161",TRUE
"IV","A_2020/started_g6_private/years_in_school/TRUE","n_control","571","571",TRUE
"IV","A_2020/started_g6_private/years_in_school/TRUE","n_selected","590","590",TRUE
"IV","A_2020/started_g6_private/years_in_school/TRUE","reduced_form","0.0367360165178557","0.0367360165178557",TRUE
"IV","A_2020/started_g6_private/years_in_school/TRUE","reduced_form_se","0.0501586741082828","0.0501586741082828",TRUE
"IV","A_2020/started_g6_private/years_in_school/TRUE","first_stage","0.0587127040398519","0.0587127040398519",TRUE
"IV","A_2020/started_g6_private/years_in_school/TRUE","first_stage_se","0.0168959110640824","0.0168959110640824",TRUE
"IV","A_2020/started_g6_private/years_in_school/TRUE","first_stage_F","12.0753835812894","12.0753835812894",TRUE
"IV","A_2020/started_g6_private/years_in_school/TRUE","estimate","0.625691102438762","0.625691102438762",TRUE
"IV","A_2020/started_g6_private/years_in_school/TRUE","se","0.882805375765654","0.882805375765654",TRUE
"IV","A_2020/started_g6_private/years_in_school/TRUE","ci_low","-1.10639228993172","-1.10639228993172",TRUE
"IV","A_2020/started_g6_private/years_in_school/TRUE","ci_high","2.35777449480925","2.35777449480925",TRUE
"IV","A_2020/started_g6_private/years_in_school/TRUE","p_value","0.478620814822785","0.478620814822785",TRUE
"IV","A_2020/started_g6_private/years_in_school/TRUE","ar_p_zero","0.464075569309805","0.464075569309805",TRUE
"IV","A_2020/started_g6_private/years_in_school/TRUE","var_rf","0.00251589258830092","0.00251589258830092",TRUE
"IV","A_2020/started_g6_private/years_in_school/TRUE","var_fs","0.000285471810685383","0.000285471810685383",TRUE
"IV","A_2020/started_g6_private/years_in_school/TRUE","cov_rf_fs","-4.70624683503376e-05","-4.70624683503376e-05",TRUE
"IV","A_2020/started_g6_private/years_in_school/TRUE","df","1154","1154",TRUE
"AR set","A_2020/started_g6_private/years_in_school/TRUE","type","bounded","bounded",TRUE
"AR set","A_2020/started_g6_private/years_in_school/TRUE","lower","-1.1353043019799","-1.1353043",TRUE
"AR set","A_2020/started_g6_private/years_in_school/TRUE","upper","3.12660827618518","3.12660828",TRUE
"IV","A_2020/started_g6_private/married_or_cohab/FALSE","n","1160","1160",TRUE
"IV","A_2020/started_g6_private/married_or_cohab/FALSE","n_control","571","571",TRUE
"IV","A_2020/started_g6_private/married_or_cohab/FALSE","n_selected","589","589",TRUE
"IV","A_2020/started_g6_private/married_or_cohab/FALSE","reduced_form","-0.00727285701967471","-0.00727285701967471",TRUE
"IV","A_2020/started_g6_private/married_or_cohab/FALSE","reduced_form_se","0.00644444925359114","0.00644444925359114",TRUE
"IV","A_2020/started_g6_private/married_or_cohab/FALSE","first_stage","0.0597200871791356","0.0597200871791356",TRUE
"IV","A_2020/started_g6_private/married_or_cohab/FALSE","first_stage_se","0.0168515872927087","0.0168515872927087",TRUE
"IV","A_2020/started_g6_private/married_or_cohab/FALSE","first_stage_F","12.5591207865251","12.5591207865251",TRUE
"IV","A_2020/started_g6_private/married_or_cohab/FALSE","estimate","-0.121782424695047","-0.121782424695047",TRUE
"IV","A_2020/started_g6_private/married_or_cohab/FALSE","se","0.113597060097044","0.113597060097044",TRUE
"IV","A_2020/started_g6_private/married_or_cohab/FALSE","ci_low","-0.34466152471898","-0.34466152471898",TRUE
"IV","A_2020/started_g6_private/married_or_cohab/FALSE","ci_high","0.101096675328886","0.101096675328886",TRUE
"IV","A_2020/started_g6_private/married_or_cohab/FALSE","p_value","0.283918189462545","0.283918189462545",TRUE
"IV","A_2020/started_g6_private/married_or_cohab/FALSE","ar_p_zero","0.259323175019383","0.259323175019383",TRUE
"IV","A_2020/started_g6_private/married_or_cohab/FALSE","var_rf","4.15309261821115e-05","4.15309261821115e-05",TRUE
"IV","A_2020/started_g6_private/married_or_cohab/FALSE","var_fs","0.000283975994283781","0.000283975994283781",TRUE
"IV","A_2020/started_g6_private/married_or_cohab/FALSE","cov_rf_fs","1.15144191629314e-06","1.15144191629314e-06",TRUE
"IV","A_2020/started_g6_private/married_or_cohab/FALSE","df","1158","1158",TRUE
"AR set","A_2020/started_g6_private/married_or_cohab/FALSE","type","bounded","bounded",TRUE
"AR set","A_2020/started_g6_private/married_or_cohab/FALSE","lower","-0.450757134214774","-0.45075713",TRUE
"AR set","A_2020/started_g6_private/married_or_cohab/FALSE","upper","0.0959565885573407","0.09595659",TRUE
"IV","A_2020/started_g6_private/married_or_cohab/TRUE","n","1160","1160",TRUE
"IV","A_2020/started_g6_private/married_or_cohab/TRUE","n_control","571","571",TRUE
"IV","A_2020/started_g6_private/married_or_cohab/TRUE","n_selected","589","589",TRUE
"IV","A_2020/started_g6_private/married_or_cohab/TRUE","reduced_form","-0.00586068074060152","-0.00586068074060152",TRUE
"IV","A_2020/started_g6_private/married_or_cohab/TRUE","reduced_form_se","0.00657005198979836","0.00657005198979836",TRUE
"IV","A_2020/started_g6_private/married_or_cohab/TRUE","first_stage","0.0586684936446656","0.0586684936446656",TRUE
"IV","A_2020/started_g6_private/married_or_cohab/TRUE","first_stage_se","0.0169140431396911","0.0169140431396911",TRUE
"IV","A_2020/started_g6_private/married_or_cohab/TRUE","first_stage_F","12.0313679049797","12.0313679049797",TRUE
"IV","A_2020/started_g6_private/married_or_cohab/TRUE","estimate","-0.0998948562766517","-0.0998948562766516",TRUE
"IV","A_2020/started_g6_private/married_or_cohab/TRUE","se","0.116149198645","0.116149198645",TRUE
"IV","A_2020/started_g6_private/married_or_cohab/TRUE","ci_low","-0.327782323576726","-0.327782323576726",TRUE
"IV","A_2020/started_g6_private/married_or_cohab/TRUE","ci_high","0.127992611023423","0.127992611023423",TRUE
"IV","A_2020/started_g6_private/married_or_cohab/TRUE","p_value","0.389936769362494","0.389936769362494",TRUE
"IV","A_2020/started_g6_private/married_or_cohab/TRUE","ar_p_zero","0.37256319608007","0.37256319608007",TRUE
"IV","A_2020/started_g6_private/married_or_cohab/TRUE","var_rf","4.31655831486534e-05","4.31655831486534e-05",TRUE
"IV","A_2020/started_g6_private/married_or_cohab/TRUE","var_fs","0.000286084855331333","0.000286084855331333",TRUE
"IV","A_2020/started_g6_private/married_or_cohab/TRUE","cov_rf_fs","2.07340753256257e-06","2.07340753256257e-06",TRUE
"IV","A_2020/started_g6_private/married_or_cohab/TRUE","df","1153","1153",TRUE
"AR set","A_2020/started_g6_private/married_or_cohab/TRUE","type","bounded","bounded",TRUE
"AR set","A_2020/started_g6_private/married_or_cohab/TRUE","lower","-0.431211066074776","-0.43121107",TRUE
"AR set","A_2020/started_g6_private/married_or_cohab/TRUE","upper","0.130600766831856","0.13060077",TRUE
"IV","A_2020/started_g6_private/has_child/FALSE","n","1160","1160",TRUE
"IV","A_2020/started_g6_private/has_child/FALSE","n_control","571","571",TRUE
"IV","A_2020/started_g6_private/has_child/FALSE","n_selected","589","589",TRUE
"IV","A_2020/started_g6_private/has_child/FALSE","reduced_form","-0.00950585604738362","-0.00950585604738362",TRUE
"IV","A_2020/started_g6_private/has_child/FALSE","reduced_form_se","0.009792723134451","0.009792723134451",TRUE
"IV","A_2020/started_g6_private/has_child/FALSE","first_stage","0.0597200871791356","0.0597200871791356",TRUE
"IV","A_2020/started_g6_private/has_child/FALSE","first_stage_se","0.0168515872927087","0.0168515872927087",TRUE
"IV","A_2020/started_g6_private/has_child/FALSE","first_stage_F","12.5591207865251","12.5591207865251",TRUE
"IV","A_2020/started_g6_private/has_child/FALSE","estimate","-0.159173512571574","-0.159173512571574",TRUE
"IV","A_2020/started_g6_private/has_child/FALSE","se","0.169387338350949","0.169387338350949",TRUE
"IV","A_2020/started_g6_private/has_child/FALSE","ci_low","-0.491513957780782","-0.491513957780782",TRUE
"IV","A_2020/started_g6_private/has_child/FALSE","ci_high","0.173166932637634","0.173166932637634",TRUE
"IV","A_2020/started_g6_private/has_child/FALSE","p_value","0.347566732612015","0.347566732612015",TRUE
"IV","A_2020/started_g6_private/has_child/FALSE","ar_p_zero","0.331897360702808","0.331897360702808",TRUE
"IV","A_2020/started_g6_private/has_child/FALSE","var_rf","9.58974263880118e-05","9.58974263880118e-05",TRUE
"IV","A_2020/started_g6_private/has_child/FALSE","var_fs","0.000283975994283781","0.000283975994283781",TRUE
"IV","A_2020/started_g6_private/has_child/FALSE","cov_rf_fs","-2.39472292835927e-06","-2.39472292835927e-06",TRUE
"IV","A_2020/started_g6_private/has_child/FALSE","df","1158","1158",TRUE
"AR set","A_2020/started_g6_private/has_child/FALSE","type","bounded","bounded",TRUE
"AR set","A_2020/started_g6_private/has_child/FALSE","lower","-0.63040440706107","-0.63040441",TRUE
"AR set","A_2020/started_g6_private/has_child/FALSE","upper","0.178807817538496","0.17880782",TRUE
"IV","A_2020/started_g6_private/has_child/TRUE","n","1160","1160",TRUE
"IV","A_2020/started_g6_private/has_child/TRUE","n_control","571","571",TRUE
"IV","A_2020/started_g6_private/has_child/TRUE","n_selected","589","589",TRUE
"IV","A_2020/started_g6_private/has_child/TRUE","reduced_form","-0.00766329968245394","-0.00766329968245394",TRUE
"IV","A_2020/started_g6_private/has_child/TRUE","reduced_form_se","0.00970715046897395","0.00970715046897395",TRUE
"IV","A_2020/started_g6_private/has_child/TRUE","first_stage","0.0586684936446656","0.0586684936446656",TRUE
"IV","A_2020/started_g6_private/has_child/TRUE","first_stage_se","0.0169140431396911","0.0169140431396911",TRUE
"IV","A_2020/started_g6_private/has_child/TRUE","first_stage_F","12.0313679049797","12.0313679049797",TRUE
"IV","A_2020/started_g6_private/has_child/TRUE","estimate","-0.130620358669303","-0.130620358669303",TRUE
"IV","A_2020/started_g6_private/has_child/TRUE","se","0.169476266572101","0.169476266572101",TRUE
"IV","A_2020/started_g6_private/has_child/TRUE","ci_low","-0.463136791043766","-0.463136791043766",TRUE
"IV","A_2020/started_g6_private/has_child/TRUE","ci_high","0.20189607370516","0.20189607370516",TRUE
"IV","A_2020/started_g6_private/has_child/TRUE","p_value","0.441025180057136","0.441025180057136",TRUE
"IV","A_2020/started_g6_private/has_child/TRUE","ar_p_zero","0.430011968939319","0.430011968939319",TRUE
"IV","A_2020/started_g6_private/has_child/TRUE","var_rf","9.42287702273011e-05","9.42287702273011e-05",TRUE
"IV","A_2020/started_g6_private/has_child/TRUE","var_fs","0.000286084855331333","0.000286084855331333",TRUE
"IV","A_2020/started_g6_private/has_child/TRUE","cov_rf_fs","-9.50288821998124e-07","-9.50288821998128e-07",TRUE
"IV","A_2020/started_g6_private/has_child/TRUE","df","1153","1153",TRUE
"AR set","A_2020/started_g6_private/has_child/TRUE","type","bounded","bounded",TRUE
"AR set","A_2020/started_g6_private/has_child/TRUE","lower","-0.59816116542678","-0.59816117",TRUE
"AR set","A_2020/started_g6_private/has_child/TRUE","upper","0.217132882534082","0.21713288",TRUE
"IV","A_2020/started_g6_private/working/FALSE","n","1161","1161",TRUE
"IV","A_2020/started_g6_private/working/FALSE","n_control","571","571",TRUE
"IV","A_2020/started_g6_private/working/FALSE","n_selected","590","590",TRUE
"IV","A_2020/started_g6_private/working/FALSE","reduced_form","-0.0434355427587645","-0.0434355427587645",TRUE
"IV","A_2020/started_g6_private/working/FALSE","reduced_form_se","0.0220092307825283","0.0220092307825283",TRUE
"IV","A_2020/started_g6_private/working/FALSE","first_stage","0.0598236813203118","0.0598236813203118",TRUE
"IV","A_2020/started_g6_private/working/FALSE","first_stage_se","0.0168420872074309","0.0168420872074309",TRUE
"IV","A_2020/started_g6_private/working/FALSE","first_stage_F","12.6169518340872","12.6169518340872",TRUE
"IV","A_2020/started_g6_private/working/FALSE","estimate","-0.726059343058464","-0.726059343058464",TRUE
"IV","A_2020/started_g6_private/working/FALSE","se","0.413065648700769","0.413065648700769",TRUE
"IV","A_2020/started_g6_private/working/FALSE","ci_low","-1.53649947984612","-1.53649947984612",TRUE
"IV","A_2020/started_g6_private/working/FALSE","ci_high","0.0843807937291942","0.084380793729194",TRUE
"IV","A_2020/started_g6_private/working/FALSE","p_value","0.0790568209504644","0.0790568209504643",TRUE
"IV","A_2020/started_g6_private/working/FALSE","ar_p_zero","0.0486741788454802","0.0486741788454802",TRUE
"IV","A_2020/started_g6_private/working/FALSE","var_rf","0.000484406239638592","0.000484406239638592",TRUE
"IV","A_2020/started_g6_private/working/FALSE","var_fs","0.000283655901502706","0.000283655901502706",TRUE
"IV","A_2020/started_g6_private/working/FALSE","cov_rf_fs","-1.60455581041101e-05","-1.60455581041101e-05",TRUE
"IV","A_2020/started_g6_private/working/FALSE","df","1159","1159",TRUE
"AR set","A_2020/started_g6_private/working/FALSE","type","bounded","bounded",TRUE
"AR set","A_2020/started_g6_private/working/FALSE","lower","-2.03569054330461","-2.03569054",TRUE
"AR set","A_2020/started_g6_private/working/FALSE","upper","-0.00433116450441826","-0.00433116",TRUE
"IV","A_2020/started_g6_private/working/TRUE","n","1161","1161",TRUE
"IV","A_2020/started_g6_private/working/TRUE","n_control","571","571",TRUE
"IV","A_2020/started_g6_private/working/TRUE","n_selected","590","590",TRUE
"IV","A_2020/started_g6_private/working/TRUE","reduced_form","-0.0378790478015577","-0.0378790478015576",TRUE
"IV","A_2020/started_g6_private/working/TRUE","reduced_form_se","0.0208120635527233","0.0208120635527233",TRUE
"IV","A_2020/started_g6_private/working/TRUE","first_stage","0.0587127040398519","0.0587127040398519",TRUE
"IV","A_2020/started_g6_private/working/TRUE","first_stage_se","0.0168959110640824","0.0168959110640824",TRUE
"IV","A_2020/started_g6_private/working/TRUE","first_stage_F","12.0753835812894","12.0753835812894",TRUE
"IV","A_2020/started_g6_private/working/TRUE","estimate","-0.645159312980149","-0.645159312980149",TRUE
"IV","A_2020/started_g6_private/working/TRUE","se","0.395288118152205","0.395288118152205",TRUE
"IV","A_2020/started_g6_private/working/TRUE","ci_low","-1.42072321805832","-1.42072321805832",TRUE
"IV","A_2020/started_g6_private/working/TRUE","ci_high","0.130404592098026","0.130404592098027",TRUE
"IV","A_2020/started_g6_private/working/TRUE","p_value","0.102926141866493","0.102926141866493",TRUE
"IV","A_2020/started_g6_private/working/TRUE","ar_p_zero","0.0690099676372553","0.0690099676372555",TRUE
"IV","A_2020/started_g6_private/working/TRUE","var_rf","0.000433141989322594","0.000433141989322594",TRUE
"IV","A_2020/started_g6_private/working/TRUE","var_fs","0.000285471810685383","0.000285471810685383",TRUE
"IV","A_2020/started_g6_private/working/TRUE","cov_rf_fs","-1.03328375303385e-05","-1.03328375303385e-05",TRUE
"IV","A_2020/started_g6_private/working/TRUE","df","1154","1154",TRUE
"AR set","A_2020/started_g6_private/working/TRUE","type","bounded","bounded",TRUE
"AR set","A_2020/started_g6_private/working/TRUE","lower","-1.91208040742619","-1.91208041",TRUE
"AR set","A_2020/started_g6_private/working/TRUE","upper","0.0517969842108459","0.05179698",TRUE
"IV","A_2020/started_g6_private/hours_worked/FALSE","n","1161","1161",TRUE
"IV","A_2020/started_g6_private/hours_worked/FALSE","n_control","571","571",TRUE
"IV","A_2020/started_g6_private/hours_worked/FALSE","n_selected","590","590",TRUE
"IV","A_2020/started_g6_private/hours_worked/FALSE","reduced_form","-1.51875983258624","-1.51875983258624",TRUE
"IV","A_2020/started_g6_private/hours_worked/FALSE","reduced_form_se","0.663397973047024","0.663397973047024",TRUE
"IV","A_2020/started_g6_private/hours_worked/FALSE","first_stage","0.0598236813203118","0.0598236813203118",TRUE
"IV","A_2020/started_g6_private/hours_worked/FALSE","first_stage_se","0.0168420872074309","0.0168420872074309",TRUE
"IV","A_2020/started_g6_private/hours_worked/FALSE","first_stage_F","12.6169518340872","12.6169518340872",TRUE
"IV","A_2020/started_g6_private/hours_worked/FALSE","estimate","-25.3872680361211","-25.3872680361211",TRUE
"IV","A_2020/started_g6_private/hours_worked/FALSE","se","12.8634427194195","12.8634427194195",TRUE
"IV","A_2020/started_g6_private/hours_worked/FALSE","ci_low","-50.6255087609959","-50.6255087609959",TRUE
"IV","A_2020/started_g6_private/hours_worked/FALSE","ci_high","-0.14902731124625","-0.14902731124625",TRUE
"IV","A_2020/started_g6_private/hours_worked/FALSE","p_value","0.0486646690521193","0.0486646690521193",TRUE
"IV","A_2020/started_g6_private/hours_worked/FALSE","ar_p_zero","0.0222373179559964","0.0222373179559964",TRUE
"IV","A_2020/started_g6_private/hours_worked/FALSE","var_rf","0.4400968706429","0.4400968706429",TRUE
"IV","A_2020/started_g6_private/hours_worked/FALSE","var_fs","0.000283655901502706","0.000283655901502706",TRUE
"IV","A_2020/started_g6_private/hours_worked/FALSE","cov_rf_fs","-0.000605173313014502","-0.000605173313014502",TRUE
"IV","A_2020/started_g6_private/hours_worked/FALSE","df","1159","1159",TRUE
"AR set","A_2020/started_g6_private/hours_worked/FALSE","type","bounded","bounded",TRUE
"AR set","A_2020/started_g6_private/hours_worked/FALSE","lower","-67.5484906953543","-67.5484907",TRUE
"AR set","A_2020/started_g6_private/hours_worked/FALSE","upper","-3.64595583210433","-3.64595583",TRUE
"IV","A_2020/started_g6_private/hours_worked/TRUE","n","1161","1161",TRUE
"IV","A_2020/started_g6_private/hours_worked/TRUE","n_control","571","571",TRUE
"IV","A_2020/started_g6_private/hours_worked/TRUE","n_selected","590","590",TRUE
"IV","A_2020/started_g6_private/hours_worked/TRUE","reduced_form","-1.34453043256319","-1.34453043256319",TRUE
"IV","A_2020/started_g6_private/hours_worked/TRUE","reduced_form_se","0.625760306840105","0.625760306840105",TRUE
"IV","A_2020/started_g6_private/hours_worked/TRUE","first_stage","0.0587127040398519","0.0587127040398519",TRUE
"IV","A_2020/started_g6_private/hours_worked/TRUE","first_stage_se","0.0168959110640824","0.0168959110640824",TRUE
"IV","A_2020/started_g6_private/hours_worked/TRUE","first_stage_F","12.0753835812894","12.0753835812894",TRUE
"IV","A_2020/started_g6_private/hours_worked/TRUE","estimate","-22.9001619760278","-22.9001619760278",TRUE
"IV","A_2020/started_g6_private/hours_worked/TRUE","se","12.2874914657456","12.2874914657455",TRUE
"IV","A_2020/started_g6_private/hours_worked/TRUE","ci_low","-47.0084880985928","-47.0084880985928",TRUE
"IV","A_2020/started_g6_private/hours_worked/TRUE","ci_high","1.20816414653723","1.20816414653723",TRUE
"IV","A_2020/started_g6_private/hours_worked/TRUE","p_value","0.0626180750573107","0.0626180750573107",TRUE
"IV","A_2020/started_g6_private/hours_worked/TRUE","ar_p_zero","0.0318709198402375","0.0318709198402375",TRUE
"IV","A_2020/started_g6_private/hours_worked/TRUE","var_rf","0.391575961616622","0.391575961616622",TRUE
"IV","A_2020/started_g6_private/hours_worked/TRUE","var_fs","0.000285471810685383","0.000285471810685383",TRUE
"IV","A_2020/started_g6_private/hours_worked/TRUE","cov_rf_fs","-0.000454547826456031","-0.000454547826456031",TRUE
"IV","A_2020/started_g6_private/hours_worked/TRUE","df","1154","1154",TRUE
"AR set","A_2020/started_g6_private/hours_worked/TRUE","type","bounded","bounded",TRUE
"AR set","A_2020/started_g6_private/hours_worked/TRUE","lower","-63.7366847436917","-63.73668474",TRUE
"AR set","A_2020/started_g6_private/hours_worked/TRUE","upper","-2.006945844207","-2.00694584",TRUE
"IV","A_2020/started_g7_private/years_in_school/FALSE","n","1161","1161",TRUE
"IV","A_2020/started_g7_private/years_in_school/FALSE","n_control","571","571",TRUE
"IV","A_2020/started_g7_private/years_in_school/FALSE","n_selected","590","590",TRUE
"IV","A_2020/started_g7_private/years_in_school/FALSE","reduced_form","0.056873163347086","0.056873163347086",TRUE
"IV","A_2020/started_g7_private/years_in_school/FALSE","reduced_form_se","0.052027359385938","0.052027359385938",TRUE
"IV","A_2020/started_g7_private/years_in_school/FALSE","first_stage","0.168004393125351","0.168004393125351",TRUE
"IV","A_2020/started_g7_private/years_in_school/FALSE","first_stage_se","0.024589333105209","0.024589333105209",TRUE
"IV","A_2020/started_g7_private/years_in_school/FALSE","first_stage_F","46.681819586058","46.681819586058",TRUE
"IV","A_2020/started_g7_private/years_in_school/FALSE","estimate","0.33852188201205","0.33852188201205",TRUE
"IV","A_2020/started_g7_private/years_in_school/FALSE","se","0.293474644414281","0.293474644414281",TRUE
"IV","A_2020/started_g7_private/years_in_school/FALSE","ci_low","-0.23727916005213","-0.23727916005213",TRUE
"IV","A_2020/started_g7_private/years_in_school/FALSE","ci_high","0.914322924076231","0.914322924076231",TRUE
"IV","A_2020/started_g7_private/years_in_school/FALSE","p_value","0.24894460195865","0.24894460195865",TRUE
"IV","A_2020/started_g7_private/years_in_school/FALSE","ar_p_zero","0.274559693642628","0.274559693642628",TRUE
"IV","A_2020/started_g7_private/years_in_school/FALSE","var_rf","0.00270684612467355","0.00270684612467355",TRUE
"IV","A_2020/started_g7_private/years_in_school/FALSE","var_fs","0.000604635302558925","0.000604635302558925",TRUE
"IV","A_2020/started_g7_private/years_in_school/FALSE","cov_rf_fs","0.000509789228762485","0.000509789228762485",TRUE
"IV","A_2020/started_g7_private/years_in_school/FALSE","df","1159","1159",TRUE
"AR set","A_2020/started_g7_private/years_in_school/FALSE","type","bounded","bounded",TRUE
"AR set","A_2020/started_g7_private/years_in_school/FALSE","lower","-0.309656930832603","-0.30965693",TRUE
"AR set","A_2020/started_g7_private/years_in_school/FALSE","upper","0.895997900350497","0.8959979",TRUE
"IV","A_2020/started_g7_private/years_in_school/TRUE","n","1161","1161",TRUE
"IV","A_2020/started_g7_private/years_in_school/TRUE","n_control","571","571",TRUE
"IV","A_2020/started_g7_private/years_in_school/TRUE","n_selected","590","590",TRUE
"IV","A_2020/started_g7_private/years_in_school/TRUE","reduced_form","0.0367360165178557","0.0367360165178557",TRUE
"IV","A_2020/started_g7_private/years_in_school/TRUE","reduced_form_se","0.0501586741082828","0.0501586741082828",TRUE
"IV","A_2020/started_g7_private/years_in_school/TRUE","first_stage","0.163200202325","0.163200202325",TRUE
"IV","A_2020/started_g7_private/years_in_school/TRUE","first_stage_se","0.024388257640553","0.024388257640553",TRUE
"IV","A_2020/started_g7_private/years_in_school/TRUE","first_stage_F","44.7795615572351","44.7795615572351",TRUE
"IV","A_2020/started_g7_private/years_in_school/TRUE","estimate","0.225097861365998","0.225097861365998",TRUE
"IV","A_2020/started_g7_private/years_in_school/TRUE","se","0.296256991021175","0.296256991021175",TRUE
"IV","A_2020/started_g7_private/years_in_school/TRUE","ci_low","-0.356164813406892","-0.356164813406892",TRUE
"IV","A_2020/started_g7_private/years_in_school/TRUE","ci_high","0.806360536138888","0.806360536138888",TRUE
"IV","A_2020/started_g7_private/years_in_school/TRUE","p_value","0.447525698851348","0.447525698851349",TRUE
"IV","A_2020/started_g7_private/years_in_school/TRUE","ar_p_zero","0.464075569309805","0.464075569309805",TRUE
"IV","A_2020/started_g7_private/years_in_school/TRUE","var_rf","0.00251589258830092","0.00251589258830092",TRUE
"IV","A_2020/started_g7_private/years_in_school/TRUE","var_fs","0.00059478711074199","0.00059478711074199",TRUE
"IV","A_2020/started_g7_private/years_in_school/TRUE","cov_rf_fs","0.000462875697669239","0.000462875697669239",TRUE
"IV","A_2020/started_g7_private/years_in_school/TRUE","df","1154","1154",TRUE
"AR set","A_2020/started_g7_private/years_in_school/TRUE","type","bounded","bounded",TRUE
"AR set","A_2020/started_g7_private/years_in_school/TRUE","lower","-0.437128560903587","-0.43712856",TRUE
"AR set","A_2020/started_g7_private/years_in_school/TRUE","upper","0.783280237434519","0.78328024",TRUE
"IV","A_2020/started_g7_private/married_or_cohab/FALSE","n","1160","1160",TRUE
"IV","A_2020/started_g7_private/married_or_cohab/FALSE","n_control","571","571",TRUE
"IV","A_2020/started_g7_private/married_or_cohab/FALSE","n_selected","589","589",TRUE
"IV","A_2020/started_g7_private/married_or_cohab/FALSE","reduced_form","-0.00727285701967471","-0.00727285701967471",TRUE
"IV","A_2020/started_g7_private/married_or_cohab/FALSE","reduced_form_se","0.00644444925359114","0.00644444925359114",TRUE
"IV","A_2020/started_g7_private/married_or_cohab/FALSE","first_stage","0.167742530157379","0.167742530157379",TRUE
"IV","A_2020/started_g7_private/married_or_cohab/FALSE","first_stage_se","0.0246032479523851","0.0246032479523851",TRUE
"IV","A_2020/started_g7_private/married_or_cohab/FALSE","first_stage_F","46.4837858727801","46.4837858727801",TRUE
"IV","A_2020/started_g7_private/married_or_cohab/FALSE","estimate","-0.0433572631392359","-0.0433572631392359",TRUE
"IV","A_2020/started_g7_private/married_or_cohab/FALSE","se","0.0385364918600714","0.0385364918600714",TRUE
"IV","A_2020/started_g7_private/married_or_cohab/FALSE","ci_low","-0.118966426056964","-0.118966426056964",TRUE
"IV","A_2020/started_g7_private/married_or_cohab/FALSE","ci_high","0.0322518997784917","0.0322518997784917",TRUE
"IV","A_2020/started_g7_private/married_or_cohab/FALSE","p_value","0.260781383078979","0.260781383078979",TRUE
"IV","A_2020/started_g7_private/married_or_cohab/FALSE","ar_p_zero","0.259323175019383","0.259323175019383",TRUE
"IV","A_2020/started_g7_private/married_or_cohab/FALSE","var_rf","4.15309261821115e-05","4.15309261821115e-05",TRUE
"IV","A_2020/started_g7_private/married_or_cohab/FALSE","var_fs","0.000605319809806542","0.000605319809806542",TRUE
"IV","A_2020/started_g7_private/married_or_cohab/FALSE","cov_rf_fs","-1.01810456890284e-05","-1.01810456890284e-05",TRUE
"IV","A_2020/started_g7_private/married_or_cohab/FALSE","df","1158","1158",TRUE
"AR set","A_2020/started_g7_private/married_or_cohab/FALSE","type","bounded","bounded",TRUE
"AR set","A_2020/started_g7_private/married_or_cohab/FALSE","lower","-0.124738591708597","-0.12473859",TRUE
"AR set","A_2020/started_g7_private/married_or_cohab/FALSE","upper","0.0332317722700996","0.03323177",TRUE
"IV","A_2020/started_g7_private/married_or_cohab/TRUE","n","1160","1160",TRUE
"IV","A_2020/started_g7_private/married_or_cohab/TRUE","n_control","571","571",TRUE
"IV","A_2020/started_g7_private/married_or_cohab/TRUE","n_selected","589","589",TRUE
"IV","A_2020/started_g7_private/married_or_cohab/TRUE","reduced_form","-0.00586068074060152","-0.00586068074060152",TRUE
"IV","A_2020/started_g7_private/married_or_cohab/TRUE","reduced_form_se","0.00657005198979836","0.00657005198979836",TRUE
"IV","A_2020/started_g7_private/married_or_cohab/TRUE","first_stage","0.163019278771909","0.163019278771909",TRUE
"IV","A_2020/started_g7_private/married_or_cohab/TRUE","first_stage_se","0.0244064904805997","0.0244064904805997",TRUE
"IV","A_2020/started_g7_private/married_or_cohab/TRUE","first_stage_F","44.613599608996","44.613599608996",TRUE
"IV","A_2020/started_g7_private/married_or_cohab/TRUE","estimate","-0.0359508444936845","-0.0359508444936845",TRUE
"IV","A_2020/started_g7_private/married_or_cohab/TRUE","se","0.0403696344553451","0.0403696344553451",TRUE
"IV","A_2020/started_g7_private/married_or_cohab/TRUE","ci_low","-0.11515701947537","-0.11515701947537",TRUE
"IV","A_2020/started_g7_private/married_or_cohab/TRUE","ci_high","0.0432553304880009","0.043255330488001",TRUE
"IV","A_2020/started_g7_private/married_or_cohab/TRUE","p_value","0.373360848163056","0.373360848163056",TRUE
"IV","A_2020/started_g7_private/married_or_cohab/TRUE","ar_p_zero","0.37256319608007","0.37256319608007",TRUE
"IV","A_2020/started_g7_private/married_or_cohab/TRUE","var_rf","4.31655831486534e-05","4.31655831486534e-05",TRUE
"IV","A_2020/started_g7_private/married_or_cohab/TRUE","var_fs","0.000595676777579606","0.000595676777579606",TRUE
"IV","A_2020/started_g7_private/married_or_cohab/TRUE","cov_rf_fs","-8.6998625861273e-06","-8.69986258612732e-06",TRUE
"IV","A_2020/started_g7_private/married_or_cohab/TRUE","df","1153","1153",TRUE
"AR set","A_2020/started_g7_private/married_or_cohab/TRUE","type","bounded","bounded",TRUE
"AR set","A_2020/started_g7_private/married_or_cohab/TRUE","lower","-0.120852864466737","-0.12085286",TRUE
"AR set","A_2020/started_g7_private/married_or_cohab/TRUE","upper","0.0449196054394901","0.04491961",TRUE
"IV","A_2020/started_g7_private/has_child/FALSE","n","1160","1160",TRUE
"IV","A_2020/started_g7_private/has_child/FALSE","n_control","571","571",TRUE
"IV","A_2020/started_g7_private/has_child/FALSE","n_selected","589","589",TRUE
"IV","A_2020/started_g7_private/has_child/FALSE","reduced_form","-0.00950585604738362","-0.00950585604738362",TRUE
"IV","A_2020/started_g7_private/has_child/FALSE","reduced_form_se","0.009792723134451","0.009792723134451",TRUE
"IV","A_2020/started_g7_private/has_child/FALSE","first_stage","0.167742530157379","0.167742530157379",TRUE
"IV","A_2020/started_g7_private/has_child/FALSE","first_stage_se","0.0246032479523851","0.0246032479523851",TRUE
"IV","A_2020/started_g7_private/has_child/FALSE","first_stage_F","46.4837858727801","46.4837858727801",TRUE
"IV","A_2020/started_g7_private/has_child/FALSE","estimate","-0.0566693255339898","-0.0566693255339898",TRUE
"IV","A_2020/started_g7_private/has_child/FALSE","se","0.0581776429390418","0.0581776429390418",TRUE
"IV","A_2020/started_g7_private/has_child/FALSE","ci_low","-0.170814715288709","-0.170814715288709",TRUE
"IV","A_2020/started_g7_private/has_child/FALSE","ci_high","0.0574760642207291","0.0574760642207291",TRUE
"IV","A_2020/started_g7_private/has_child/FALSE","p_value","0.330223258092478","0.330223258092478",TRUE
"IV","A_2020/started_g7_private/has_child/FALSE","ar_p_zero","0.331897360702808","0.331897360702808",TRUE
"IV","A_2020/started_g7_private/has_child/FALSE","var_rf","9.58974263880118e-05","9.58974263880118e-05",TRUE
"IV","A_2020/started_g7_private/has_child/FALSE","var_fs","0.000605319809806542","0.000605319809806542",TRUE
"IV","A_2020/started_g7_private/has_child/FALSE","cov_rf_fs","-2.29922569308401e-05","-2.29922569308401e-05",TRUE
"IV","A_2020/started_g7_private/has_child/FALSE","df","1158","1158",TRUE
"AR set","A_2020/started_g7_private/has_child/FALSE","type","bounded","bounded",TRUE
"AR set","A_2020/started_g7_private/has_child/FALSE","lower","-0.177555622828694","-0.17755562",TRUE
"AR set","A_2020/started_g7_private/has_child/FALSE","upper","0.0608426671459531","0.06084267",TRUE
"IV","A_2020/started_g7_private/has_child/TRUE","n","1160","1160",TRUE
"IV","A_2020/started_g7_private/has_child/TRUE","n_control","571","571",TRUE
"IV","A_2020/started_g7_private/has_child/TRUE","n_selected","589","589",TRUE
"IV","A_2020/started_g7_private/has_child/TRUE","reduced_form","-0.00766329968245394","-0.00766329968245394",TRUE
"IV","A_2020/started_g7_private/has_child/TRUE","reduced_form_se","0.00970715046897395","0.00970715046897395",TRUE
"IV","A_2020/started_g7_private/has_child/TRUE","first_stage","0.163019278771909","0.163019278771909",TRUE
"IV","A_2020/started_g7_private/has_child/TRUE","first_stage_se","0.0244064904805997","0.0244064904805997",TRUE
"IV","A_2020/started_g7_private/has_child/TRUE","first_stage_F","44.613599608996","44.613599608996",TRUE
"IV","A_2020/started_g7_private/has_child/TRUE","estimate","-0.0470085485605426","-0.0470085485605426",TRUE
"IV","A_2020/started_g7_private/has_child/TRUE","se","0.0593467795242324","0.0593467795242324",TRUE
"IV","A_2020/started_g7_private/has_child/TRUE","ci_low","-0.163448329772717","-0.163448329772718",TRUE
"IV","A_2020/started_g7_private/has_child/TRUE","ci_high","0.0694312326516322","0.0694312326516322",TRUE
"IV","A_2020/started_g7_private/has_child/TRUE","p_value","0.428465651850623","0.428465651850623",TRUE
"IV","A_2020/started_g7_private/has_child/TRUE","ar_p_zero","0.430011968939319","0.430011968939319",TRUE
"IV","A_2020/started_g7_private/has_child/TRUE","var_rf","9.42287702273011e-05","9.42287702273011e-05",TRUE
"IV","A_2020/started_g7_private/has_child/TRUE","var_fs","0.000595676777579606","0.000595676777579606",TRUE
"IV","A_2020/started_g7_private/has_child/TRUE","cov_rf_fs","-2.06970322954639e-05","-2.06970322954639e-05",TRUE
"IV","A_2020/started_g7_private/has_child/TRUE","df","1153","1153",TRUE
"AR set","A_2020/started_g7_private/has_child/TRUE","type","bounded","bounded",TRUE
"AR set","A_2020/started_g7_private/has_child/TRUE","lower","-0.169985858639015","-0.16998586",TRUE
"AR set","A_2020/started_g7_private/has_child/TRUE","upper","0.0736526327142885","0.07365263",TRUE
"IV","A_2020/started_g7_private/working/FALSE","n","1161","1161",TRUE
"IV","A_2020/started_g7_private/working/FALSE","n_control","571","571",TRUE
"IV","A_2020/started_g7_private/working/FALSE","n_selected","590","590",TRUE
"IV","A_2020/started_g7_private/working/FALSE","reduced_form","-0.0434355427587645","-0.0434355427587645",TRUE
"IV","A_2020/started_g7_private/working/FALSE","reduced_form_se","0.0220092307825283","0.0220092307825283",TRUE
"IV","A_2020/started_g7_private/working/FALSE","first_stage","0.168004393125351","0.168004393125351",TRUE
"IV","A_2020/started_g7_private/working/FALSE","first_stage_se","0.024589333105209","0.024589333105209",TRUE
"IV","A_2020/started_g7_private/working/FALSE","first_stage_F","46.681819586058","46.681819586058",TRUE
"IV","A_2020/started_g7_private/working/FALSE","estimate","-0.258538136716202","-0.258538136716202",TRUE
"IV","A_2020/started_g7_private/working/FALSE","se","0.128831202604191","0.128831202604191",TRUE
"IV","A_2020/started_g7_private/working/FALSE","ci_low","-0.511306619860379","-0.511306619860379",TRUE
"IV","A_2020/started_g7_private/working/FALSE","ci_high","-0.00576965357202536","-0.00576965357202536",TRUE
"IV","A_2020/started_g7_private/working/FALSE","p_value","0.0450031328234798","0.0450031328234798",TRUE
"IV","A_2020/started_g7_private/working/FALSE","ar_p_zero","0.0486741788454802","0.0486741788454802",TRUE
"IV","A_2020/started_g7_private/working/FALSE","var_rf","0.000484406239638592","0.000484406239638592",TRUE
"IV","A_2020/started_g7_private/working/FALSE","var_fs","0.000604635302558925","0.000604635302558925",TRUE
"IV","A_2020/started_g7_private/working/FALSE","cov_rf_fs","-0.000108977177680535","-0.000108977177680535",TRUE
"IV","A_2020/started_g7_private/working/FALSE","df","1159","1159",TRUE
"AR set","A_2020/started_g7_private/working/FALSE","type","bounded","bounded",TRUE
"AR set","A_2020/started_g7_private/working/FALSE","lower","-0.529551971085055","-0.52955197",TRUE
"AR set","A_2020/started_g7_private/working/FALSE","upper","-0.00159885167707962","-0.00159885",TRUE
"IV","A_2020/started_g7_private/working/TRUE","n","1161","1161",TRUE
"IV","A_2020/started_g7_private/working/TRUE","n_control","571","571",TRUE
"IV","A_2020/started_g7_private/working/TRUE","n_selected","590","590",TRUE
"IV","A_2020/started_g7_private/working/TRUE","reduced_form","-0.0378790478015577","-0.0378790478015576",TRUE
"IV","A_2020/started_g7_private/working/TRUE","reduced_form_se","0.0208120635527233","0.0208120635527233",TRUE
"IV","A_2020/started_g7_private/working/TRUE","first_stage","0.163200202325","0.163200202325",TRUE
"IV","A_2020/started_g7_private/working/TRUE","first_stage_se","0.024388257640553","0.024388257640553",TRUE
"IV","A_2020/started_g7_private/working/TRUE","first_stage_F","44.7795615572351","44.7795615572351",TRUE
"IV","A_2020/started_g7_private/working/TRUE","estimate","-0.232101720842996","-0.232101720842996",TRUE
"IV","A_2020/started_g7_private/working/TRUE","se","0.126374129610073","0.126374129610073",TRUE
"IV","A_2020/started_g7_private/working/TRUE","ci_low","-0.480050518088414","-0.480050518088414",TRUE
"IV","A_2020/started_g7_private/working/TRUE","ci_high","0.0158470764024212","0.0158470764024213",TRUE
"IV","A_2020/started_g7_private/working/TRUE","p_value","0.0665225479063489","0.066522547906349",TRUE
"IV","A_2020/started_g7_private/working/TRUE","ar_p_zero","0.0690099676372553","0.0690099676372555",TRUE
"IV","A_2020/started_g7_private/working/TRUE","var_rf","0.000433141989322594","0.000433141989322594",TRUE
"IV","A_2020/started_g7_private/working/TRUE","var_fs","0.00059478711074199","0.00059478711074199",TRUE
"IV","A_2020/started_g7_private/working/TRUE","cov_rf_fs","-8.57874277454052e-05","-8.57874277454053e-05",TRUE
"IV","A_2020/started_g7_private/working/TRUE","df","1154","1154",TRUE
"AR set","A_2020/started_g7_private/working/TRUE","type","bounded","bounded",TRUE
"AR set","A_2020/started_g7_private/working/TRUE","lower","-0.499844415137167","-0.49984442",TRUE
"AR set","A_2020/started_g7_private/working/TRUE","upper","0.0191124506724959","0.01911245",TRUE
"IV","A_2020/started_g7_private/hours_worked/FALSE","n","1161","1161",TRUE
"IV","A_2020/started_g7_private/hours_worked/FALSE","n_control","571","571",TRUE
"IV","A_2020/started_g7_private/hours_worked/FALSE","n_selected","590","590",TRUE
"IV","A_2020/started_g7_private/hours_worked/FALSE","reduced_form","-1.51875983258624","-1.51875983258624",TRUE
"IV","A_2020/started_g7_private/hours_worked/FALSE","reduced_form_se","0.663397973047024","0.663397973047024",TRUE
"IV","A_2020/started_g7_private/hours_worked/FALSE","first_stage","0.168004393125351","0.168004393125351",TRUE
"IV","A_2020/started_g7_private/hours_worked/FALSE","first_stage_se","0.024589333105209","0.024589333105209",TRUE
"IV","A_2020/started_g7_private/hours_worked/FALSE","first_stage_F","46.681819586058","46.681819586058",TRUE
"IV","A_2020/started_g7_private/hours_worked/FALSE","estimate","-9.04000070672601","-9.04000070672601",TRUE
"IV","A_2020/started_g7_private/hours_worked/FALSE","se","3.89002612763906","3.89002612763906",TRUE
"IV","A_2020/started_g7_private/hours_worked/FALSE","ci_low","-16.6722822021916","-16.6722822021916",TRUE
"IV","A_2020/started_g7_private/hours_worked/FALSE","ci_high","-1.40771921126044","-1.40771921126044",TRUE
"IV","A_2020/started_g7_private/hours_worked/FALSE","p_value","0.0203035107118905","0.0203035107118905",TRUE
"IV","A_2020/started_g7_private/hours_worked/FALSE","ar_p_zero","0.0222373179559964","0.0222373179559964",TRUE
"IV","A_2020/started_g7_private/hours_worked/FALSE","var_rf","0.4400968706429","0.4400968706429",TRUE
"IV","A_2020/started_g7_private/hours_worked/FALSE","var_fs","0.000604635302558925","0.000604635302558925",TRUE
"IV","A_2020/started_g7_private/hours_worked/FALSE","cov_rf_fs","-0.00345089454092538","-0.00345089454092538",TRUE
"IV","A_2020/started_g7_private/hours_worked/FALSE","df","1159","1159",TRUE
"AR set","A_2020/started_g7_private/hours_worked/FALSE","type","bounded","bounded",TRUE
"AR set","A_2020/started_g7_private/hours_worked/FALSE","lower","-17.3130147393469","-17.31301474",TRUE
"AR set","A_2020/started_g7_private/hours_worked/FALSE","upper","-1.36601252480971","-1.36601252",TRUE
"IV","A_2020/started_g7_private/hours_worked/TRUE","n","1161","1161",TRUE
"IV","A_2020/started_g7_private/hours_worked/TRUE","n_control","571","571",TRUE
"IV","A_2020/started_g7_private/hours_worked/TRUE","n_selected","590","590",TRUE
"IV","A_2020/started_g7_private/hours_worked/TRUE","reduced_form","-1.34453043256319","-1.34453043256319",TRUE
"IV","A_2020/started_g7_private/hours_worked/TRUE","reduced_form_se","0.625760306840105","0.625760306840105",TRUE
"IV","A_2020/started_g7_private/hours_worked/TRUE","first_stage","0.163200202325","0.163200202325",TRUE
"IV","A_2020/started_g7_private/hours_worked/TRUE","first_stage_se","0.024388257640553","0.024388257640553",TRUE
"IV","A_2020/started_g7_private/hours_worked/TRUE","first_stage_F","44.7795615572351","44.7795615572351",TRUE
"IV","A_2020/started_g7_private/hours_worked/TRUE","estimate","-8.23853410356481","-8.23853410356481",TRUE
"IV","A_2020/started_g7_private/hours_worked/TRUE","se","3.80876533215722","3.80876533215721",TRUE
"IV","A_2020/started_g7_private/hours_worked/TRUE","ci_low","-15.7114147161736","-15.7114147161736",TRUE
"IV","A_2020/started_g7_private/hours_worked/TRUE","ci_high","-0.765653490956026","-0.765653490956026",TRUE
"IV","A_2020/started_g7_private/hours_worked/TRUE","p_value","0.0307424682166088","0.0307424682166088",TRUE
"IV","A_2020/started_g7_private/hours_worked/TRUE","ar_p_zero","0.0318709198402375","0.0318709198402375",TRUE
"IV","A_2020/started_g7_private/hours_worked/TRUE","var_rf","0.391575961616622","0.391575961616622",TRUE
"IV","A_2020/started_g7_private/hours_worked/TRUE","var_fs","0.00059478711074199","0.00059478711074199",TRUE
"IV","A_2020/started_g7_private/hours_worked/TRUE","cov_rf_fs","-0.00276569231609879","-0.00276569231609879",TRUE
"IV","A_2020/started_g7_private/hours_worked/TRUE","df","1154","1154",TRUE
"AR set","A_2020/started_g7_private/hours_worked/TRUE","type","bounded","bounded",TRUE
"AR set","A_2020/started_g7_private/hours_worked/TRUE","lower","-16.3997380356859","-16.39973804",TRUE
"AR set","A_2020/started_g7_private/hours_worked/TRUE","upper","-0.752365388769894","-0.75236539",TRUE
"IV","A_2022/started_g6_private/years_in_school/FALSE","n","274","274",TRUE
"IV","A_2022/started_g6_private/years_in_school/FALSE","n_control","128","128",TRUE
"IV","A_2022/started_g6_private/years_in_school/FALSE","n_selected","146","146",TRUE
"IV","A_2022/started_g6_private/years_in_school/FALSE","reduced_form","0.0206549657534249","0.0206549657534249",TRUE
"IV","A_2022/started_g6_private/years_in_school/FALSE","reduced_form_se","0.0539534489768392","0.0539534489768392",TRUE
"IV","A_2022/started_g6_private/years_in_school/FALSE","first_stage","-0.0207619863013703","-0.0207619863013703",TRUE
"IV","A_2022/started_g6_private/years_in_school/FALSE","first_stage_se","0.0393411166129759","0.0393411166129759",TRUE
"IV","A_2022/started_g6_private/years_in_school/FALSE","first_stage_F","0.278512335913839","0.278512335913839",TRUE
"IV","A_2022/started_g6_private/years_in_school/FALSE","estimate","-0.994845360824736","-0.994845360824736",TRUE
"IV","A_2022/started_g6_private/years_in_school/FALSE","se","3.02953679702023","3.02953679702023",TRUE
"IV","A_2022/started_g6_private/years_in_school/FALSE","ci_low","-6.95916669959003","-6.95916669959003",TRUE
"IV","A_2022/started_g6_private/years_in_school/FALSE","ci_high","4.96947597794056","4.96947597794056",TRUE
"IV","A_2022/started_g6_private/years_in_school/FALSE","p_value","0.742875505966132","0.742875505966132",TRUE
"IV","A_2022/started_g6_private/years_in_school/FALSE","ar_p_zero","0.702145265135353","0.702145265135353",TRUE
"IV","A_2022/started_g6_private/years_in_school/FALSE","var_rf","0.00291097465649639","0.00291097465649639",TRUE
"IV","A_2022/started_g6_private/years_in_school/FALSE","var_fs","0.00154772345635577","0.00154772345635577",TRUE
"IV","A_2022/started_g6_private/years_in_school/FALSE","cov_rf_fs","-0.00024449718360604","-0.00024449718360604",TRUE
"IV","A_2022/started_g6_private/years_in_school/FALSE","df","272","272",TRUE
"AR set","A_2022/started_g6_private/years_in_school/FALSE","type","all real","all real",TRUE
"IV","A_2022/started_g6_private/years_in_school/TRUE","n","274","274",TRUE
"IV","A_2022/started_g6_private/years_in_school/TRUE","n_control","128","128",TRUE
"IV","A_2022/started_g6_private/years_in_school/TRUE","n_selected","146","146",TRUE
"IV","A_2022/started_g6_private/years_in_school/TRUE","reduced_form","0.0312720034282057","0.0312720034282057",TRUE
"IV","A_2022/started_g6_private/years_in_school/TRUE","reduced_form_se","0.0536677922393642","0.0536677922393642",TRUE
"IV","A_2022/started_g6_private/years_in_school/TRUE","first_stage","-0.018285801831342","-0.0182858018313419",TRUE
"IV","A_2022/started_g6_private/years_in_school/TRUE","first_stage_se","0.0404359510394563","0.0404359510394563",TRUE
"IV","A_2022/started_g6_private/years_in_school/TRUE","first_stage_F","0.204499708701664","0.204499708701662",TRUE
"IV","A_2022/started_g6_private/years_in_school/TRUE","estimate","-1.71017949973652","-1.71017949973653",TRUE
"IV","A_2022/started_g6_private/years_in_school/TRUE","se","4.48074552952835","4.48074552952837",TRUE
"IV","A_2022/started_g6_private/years_in_school/TRUE","ci_low","-10.5322683929154","-10.5322683929155",TRUE
"IV","A_2022/started_g6_private/years_in_school/TRUE","ci_high","7.11190939344237","7.11190939344242",TRUE
"IV","A_2022/started_g6_private/years_in_school/TRUE","p_value","0.7030075142639","0.703007514263901",TRUE
"IV","A_2022/started_g6_private/years_in_school/TRUE","ar_p_zero","0.560589792489731","0.560589792489731",TRUE
"IV","A_2022/started_g6_private/years_in_school/TRUE","var_rf","0.00288023192384756","0.00288023192384756",TRUE
"IV","A_2022/started_g6_private/years_in_school/TRUE","var_fs","0.00163506613646531","0.00163506613646531",TRUE
"IV","A_2022/started_g6_private/years_in_school/TRUE","cov_rf_fs","-0.000277499582379129","-0.000277499582379129",TRUE
"IV","A_2022/started_g6_private/years_in_school/TRUE","df","267","267",TRUE
"AR set","A_2022/started_g6_private/years_in_school/TRUE","type","all real","all real",TRUE
"IV","A_2022/started_g6_private/married_or_cohab/FALSE","n","274","274",TRUE
"IV","A_2022/started_g6_private/married_or_cohab/FALSE","n_control","128","128",TRUE
"IV","A_2022/started_g6_private/married_or_cohab/FALSE","n_selected","146","146",TRUE
"IV","A_2022/started_g6_private/married_or_cohab/FALSE","reduced_form","0","0",TRUE
"IV","A_2022/started_g6_private/married_or_cohab/FALSE","reduced_form_se","0","0",TRUE
"IV","A_2022/started_g6_private/married_or_cohab/FALSE","first_stage","-0.0207619863013703","-0.0207619863013703",TRUE
"IV","A_2022/started_g6_private/married_or_cohab/FALSE","first_stage_se","0.0393411166129759","0.0393411166129759",TRUE
"IV","A_2022/started_g6_private/married_or_cohab/FALSE","first_stage_F","0.278512335913839","0.278512335913839",TRUE
"IV","A_2022/started_g6_private/married_or_cohab/FALSE","estimate","0","0",TRUE
"IV","A_2022/started_g6_private/married_or_cohab/FALSE","se",NA,NA,TRUE
"IV","A_2022/started_g6_private/married_or_cohab/FALSE","ci_low",NA,NA,TRUE
"IV","A_2022/started_g6_private/married_or_cohab/FALSE","ci_high",NA,NA,TRUE
"IV","A_2022/started_g6_private/married_or_cohab/FALSE","p_value",NA,NA,TRUE
"IV","A_2022/started_g6_private/married_or_cohab/FALSE","ar_p_zero",NA,NA,TRUE
"IV","A_2022/started_g6_private/married_or_cohab/FALSE","var_rf","0","0",TRUE
"IV","A_2022/started_g6_private/married_or_cohab/FALSE","var_fs","0.00154772345635577","0.00154772345635577",TRUE
"IV","A_2022/started_g6_private/married_or_cohab/FALSE","cov_rf_fs","0","0",TRUE
"IV","A_2022/started_g6_private/married_or_cohab/FALSE","df","272","272",TRUE
"IV inference","A_2022/started_g6_private/married_or_cohab/FALSE","zero-event suppression","not reported","not reported",TRUE
"IV inference","A_2022/started_g6_private/married_or_cohab/FALSE","AR lower",NA,NA,TRUE
"IV inference","A_2022/started_g6_private/married_or_cohab/FALSE","AR upper",NA,NA,TRUE
"IV","A_2022/started_g6_private/married_or_cohab/TRUE","n","274","274",TRUE
"IV","A_2022/started_g6_private/married_or_cohab/TRUE","n_control","128","128",TRUE
"IV","A_2022/started_g6_private/married_or_cohab/TRUE","n_selected","146","146",TRUE
"IV","A_2022/started_g6_private/married_or_cohab/TRUE","reduced_form","0","0",TRUE
"IV","A_2022/started_g6_private/married_or_cohab/TRUE","reduced_form_se","0","0",TRUE
"IV","A_2022/started_g6_private/married_or_cohab/TRUE","first_stage","-0.018285801831342","-0.0182858018313419",TRUE
"IV","A_2022/started_g6_private/married_or_cohab/TRUE","first_stage_se","0.0404359510394563","0.0404359510394563",TRUE
"IV","A_2022/started_g6_private/married_or_cohab/TRUE","first_stage_F","0.204499708701664","0.204499708701662",TRUE
"IV","A_2022/started_g6_private/married_or_cohab/TRUE","estimate","0","0",TRUE
"IV","A_2022/started_g6_private/married_or_cohab/TRUE","se",NA,NA,TRUE
"IV","A_2022/started_g6_private/married_or_cohab/TRUE","ci_low",NA,NA,TRUE
"IV","A_2022/started_g6_private/married_or_cohab/TRUE","ci_high",NA,NA,TRUE
"IV","A_2022/started_g6_private/married_or_cohab/TRUE","p_value",NA,NA,TRUE
"IV","A_2022/started_g6_private/married_or_cohab/TRUE","ar_p_zero",NA,NA,TRUE
"IV","A_2022/started_g6_private/married_or_cohab/TRUE","var_rf","0","0",TRUE
"IV","A_2022/started_g6_private/married_or_cohab/TRUE","var_fs","0.00163506613646531","0.00163506613646531",TRUE
"IV","A_2022/started_g6_private/married_or_cohab/TRUE","cov_rf_fs","0","0",TRUE
"IV","A_2022/started_g6_private/married_or_cohab/TRUE","df","267","267",TRUE
"IV inference","A_2022/started_g6_private/married_or_cohab/TRUE","zero-event suppression","not reported","not reported",TRUE
"IV inference","A_2022/started_g6_private/married_or_cohab/TRUE","AR lower",NA,NA,TRUE
"IV inference","A_2022/started_g6_private/married_or_cohab/TRUE","AR upper",NA,NA,TRUE
"IV","A_2022/started_g6_private/has_child/FALSE","n","273","273",TRUE
"IV","A_2022/started_g6_private/has_child/FALSE","n_control","127","127",TRUE
"IV","A_2022/started_g6_private/has_child/FALSE","n_selected","146","146",TRUE
"IV","A_2022/started_g6_private/has_child/FALSE","reduced_form","0","0",TRUE
"IV","A_2022/started_g6_private/has_child/FALSE","reduced_form_se","0","0",TRUE
"IV","A_2022/started_g6_private/has_child/FALSE","first_stage","-0.0199007658289295","-0.0199007658289295",TRUE
"IV","A_2022/started_g6_private/has_child/FALSE","first_stage_se","0.039486009856967","0.039486009856967",TRUE
"IV","A_2022/started_g6_private/has_child/FALSE","first_stage_F","0.254011324844293","0.254011324844293",TRUE
"IV","A_2022/started_g6_private/has_child/FALSE","estimate","0","0",TRUE
"IV","A_2022/started_g6_private/has_child/FALSE","se",NA,NA,TRUE
"IV","A_2022/started_g6_private/has_child/FALSE","ci_low",NA,NA,TRUE
"IV","A_2022/started_g6_private/has_child/FALSE","ci_high",NA,NA,TRUE
"IV","A_2022/started_g6_private/has_child/FALSE","p_value",NA,NA,TRUE
"IV","A_2022/started_g6_private/has_child/FALSE","ar_p_zero",NA,NA,TRUE
"IV","A_2022/started_g6_private/has_child/FALSE","var_rf","0","0",TRUE
"IV","A_2022/started_g6_private/has_child/FALSE","var_fs","0.0015591449744245","0.0015591449744245",TRUE
"IV","A_2022/started_g6_private/has_child/FALSE","cov_rf_fs","0","0",TRUE
"IV","A_2022/started_g6_private/has_child/FALSE","df","271","271",TRUE
"IV inference","A_2022/started_g6_private/has_child/FALSE","zero-event suppression","not reported","not reported",TRUE
"IV inference","A_2022/started_g6_private/has_child/FALSE","AR lower",NA,NA,TRUE
"IV inference","A_2022/started_g6_private/has_child/FALSE","AR upper",NA,NA,TRUE
"IV","A_2022/started_g6_private/has_child/TRUE","n","273","273",TRUE
"IV","A_2022/started_g6_private/has_child/TRUE","n_control","127","127",TRUE
"IV","A_2022/started_g6_private/has_child/TRUE","n_selected","146","146",TRUE
"IV","A_2022/started_g6_private/has_child/TRUE","reduced_form","0","0",TRUE
"IV","A_2022/started_g6_private/has_child/TRUE","reduced_form_se","0","0",TRUE
"IV","A_2022/started_g6_private/has_child/TRUE","first_stage","-0.0174295287148506","-0.0174295287148506",TRUE
"IV","A_2022/started_g6_private/has_child/TRUE","first_stage_se","0.0405667425141799","0.0405667425141799",TRUE
"IV","A_2022/started_g6_private/has_child/TRUE","first_stage_F","0.184599711235662","0.184599711235663",TRUE
"IV","A_2022/started_g6_private/has_child/TRUE","estimate","0","0",TRUE
"IV","A_2022/started_g6_private/has_child/TRUE","se",NA,NA,TRUE
"IV","A_2022/started_g6_private/has_child/TRUE","ci_low",NA,NA,TRUE
"IV","A_2022/started_g6_private/has_child/TRUE","ci_high",NA,NA,TRUE
"IV","A_2022/started_g6_private/has_child/TRUE","p_value",NA,NA,TRUE
"IV","A_2022/started_g6_private/has_child/TRUE","ar_p_zero",NA,NA,TRUE
"IV","A_2022/started_g6_private/has_child/TRUE","var_rf","0","0",TRUE
"IV","A_2022/started_g6_private/has_child/TRUE","var_fs","0.00164566059821177","0.00164566059821177",TRUE
"IV","A_2022/started_g6_private/has_child/TRUE","cov_rf_fs","0","0",TRUE
"IV","A_2022/started_g6_private/has_child/TRUE","df","266","266",TRUE
"IV inference","A_2022/started_g6_private/has_child/TRUE","zero-event suppression","not reported","not reported",TRUE
"IV inference","A_2022/started_g6_private/has_child/TRUE","AR lower",NA,NA,TRUE
"IV inference","A_2022/started_g6_private/has_child/TRUE","AR upper",NA,NA,TRUE
"IV","A_2022/started_g6_private/working/FALSE","n","274","274",TRUE
"IV","A_2022/started_g6_private/working/FALSE","n_control","128","128",TRUE
"IV","A_2022/started_g6_private/working/FALSE","n_selected","146","146",TRUE
"IV","A_2022/started_g6_private/working/FALSE","reduced_form","-0.0252568493150687","-0.0252568493150687",TRUE
"IV","A_2022/started_g6_private/working/FALSE","reduced_form_se","0.0333015981983001","0.0333015981983001",TRUE
"IV","A_2022/started_g6_private/working/FALSE","first_stage","-0.0207619863013703","-0.0207619863013703",TRUE
"IV","A_2022/started_g6_private/working/FALSE","first_stage_se","0.0393411166129759","0.0393411166129759",TRUE
"IV","A_2022/started_g6_private/working/FALSE","first_stage_F","0.278512335913839","0.278512335913839",TRUE
"IV","A_2022/started_g6_private/working/FALSE","estimate","1.21649484536081","1.21649484536081",TRUE
"IV","A_2022/started_g6_private/working/FALSE","se","2.86889141269794","2.86889141269794",TRUE
"IV","A_2022/started_g6_private/working/FALSE","ci_low","-4.43156009431997","-4.43156009431997",TRUE
"IV","A_2022/started_g6_private/working/FALSE","ci_high","6.86454978504159","6.86454978504159",TRUE
"IV","A_2022/started_g6_private/working/FALSE","p_value","0.671879385529814","0.671879385529814",TRUE
"IV","A_2022/started_g6_private/working/FALSE","ar_p_zero","0.448851727318376","0.448851727318376",TRUE
"IV","A_2022/started_g6_private/working/FALSE","var_rf","0.00110899644256103","0.00110899644256103",TRUE
"IV","A_2022/started_g6_private/working/FALSE","var_fs","0.00154772345635577","0.00154772345635577",TRUE
"IV","A_2022/started_g6_private/working/FALSE","cov_rf_fs","-6.10139355888251e-05","-6.10139355888251e-05",TRUE
"IV","A_2022/started_g6_private/working/FALSE","df","272","272",TRUE
"AR set","A_2022/started_g6_private/working/FALSE","type","all real","all real",TRUE
"IV","A_2022/started_g6_private/working/TRUE","n","274","274",TRUE
"IV","A_2022/started_g6_private/working/TRUE","n_control","128","128",TRUE
"IV","A_2022/started_g6_private/working/TRUE","n_selected","146","146",TRUE
"IV","A_2022/started_g6_private/working/TRUE","reduced_form","-0.0102601831364348","-0.0102601831364348",TRUE
"IV","A_2022/started_g6_private/working/TRUE","reduced_form_se","0.0310117630698311","0.0310117630698311",TRUE
"IV","A_2022/started_g6_private/working/TRUE","first_stage","-0.018285801831342","-0.0182858018313419",TRUE
"IV","A_2022/started_g6_private/working/TRUE","first_stage_se","0.0404359510394563","0.0404359510394563",TRUE
"IV","A_2022/started_g6_private/working/TRUE","first_stage_F","0.204499708701664","0.204499708701662",TRUE
"IV","A_2022/started_g6_private/working/TRUE","estimate","0.561101078917347","0.561101078917349",TRUE
"IV","A_2022/started_g6_private/working/TRUE","se","2.13694612803809","2.1369461280381",TRUE
"IV","A_2022/started_g6_private/working/TRUE","ci_low","-3.64630783936392","-3.64630783936393",TRUE
"IV","A_2022/started_g6_private/working/TRUE","ci_high","4.76850999719861","4.76850999719863",TRUE
"IV","A_2022/started_g6_private/working/TRUE","p_value","0.793083376321795","0.793083376321795",TRUE
"IV","A_2022/started_g6_private/working/TRUE","ar_p_zero","0.741018708618011","0.741018708618011",TRUE
"IV","A_2022/started_g6_private/working/TRUE","var_rf","0.000961729448699342","0.000961729448699342",TRUE
"IV","A_2022/started_g6_private/working/TRUE","var_fs","0.00163506613646531","0.00163506613646531",TRUE
"IV","A_2022/started_g6_private/working/TRUE","cov_rf_fs","-4.49219594345726e-05","-4.4921959434573e-05",TRUE
"IV","A_2022/started_g6_private/working/TRUE","df","267","267",TRUE
"AR set","A_2022/started_g6_private/working/TRUE","type","all real","all real",TRUE
"IV","A_2022/started_g6_private/hours_worked/FALSE","n","274","274",TRUE
"IV","A_2022/started_g6_private/hours_worked/FALSE","n_control","128","128",TRUE
"IV","A_2022/started_g6_private/hours_worked/FALSE","n_selected","146","146",TRUE
"IV","A_2022/started_g6_private/hours_worked/FALSE","reduced_form","-0.219606164383564","-0.219606164383564",TRUE
"IV","A_2022/started_g6_private/hours_worked/FALSE","reduced_form_se","0.845216153840248","0.845216153840248",TRUE
"IV","A_2022/started_g6_private/hours_worked/FALSE","first_stage","-0.0207619863013703","-0.0207619863013703",TRUE
"IV","A_2022/started_g6_private/hours_worked/FALSE","first_stage_se","0.0393411166129759","0.0393411166129759",TRUE
"IV","A_2022/started_g6_private/hours_worked/FALSE","first_stage_F","0.278512335913839","0.278512335913839",TRUE
"IV","A_2022/started_g6_private/hours_worked/FALSE","estimate","10.5773195876288","10.5773195876288",TRUE
"IV","A_2022/started_g6_private/hours_worked/FALSE","se","46.9800008599044","46.9800008599044",TRUE
"IV","A_2022/started_g6_private/hours_worked/FALSE","ci_low","-81.9133284545209","-81.9133284545209",TRUE
"IV","A_2022/started_g6_private/hours_worked/FALSE","ci_high","103.067967629778","103.067967629778",TRUE
"IV","A_2022/started_g6_private/hours_worked/FALSE","p_value","0.822035410812019","0.822035410812019",TRUE
"IV","A_2022/started_g6_private/hours_worked/FALSE","ar_p_zero","0.795197260451875","0.795197260451875",TRUE
"IV","A_2022/started_g6_private/hours_worked/FALSE","var_rf","0.714390346712502","0.714390346712502",TRUE
"IV","A_2022/started_g6_private/hours_worked/FALSE","var_fs","0.00154772345635577","0.00154772345635577",TRUE
"IV","A_2022/started_g6_private/hours_worked/FALSE","cov_rf_fs","-0.00301836174861918","-0.00301836174861918",TRUE
"IV","A_2022/started_g6_private/hours_worked/FALSE","df","272","272",TRUE
"AR set","A_2022/started_g6_private/hours_worked/FALSE","type","all real","all real",TRUE
"IV","A_2022/started_g6_private/hours_worked/TRUE","n","274","274",TRUE
"IV","A_2022/started_g6_private/hours_worked/TRUE","n_control","128","128",TRUE
"IV","A_2022/started_g6_private/hours_worked/TRUE","n_selected","146","146",TRUE
"IV","A_2022/started_g6_private/hours_worked/TRUE","reduced_form","-0.0274630368176789","-0.0274630368176797",TRUE
"IV","A_2022/started_g6_private/hours_worked/TRUE","reduced_form_se","0.778493670367293","0.778493670367293",TRUE
"IV","A_2022/started_g6_private/hours_worked/TRUE","first_stage","-0.018285801831342","-0.0182858018313419",TRUE
"IV","A_2022/started_g6_private/hours_worked/TRUE","first_stage_se","0.0404359510394563","0.0404359510394563",TRUE
"IV","A_2022/started_g6_private/hours_worked/TRUE","first_stage_F","0.204499708701664","0.204499708701662",TRUE
"IV","A_2022/started_g6_private/hours_worked/TRUE","estimate","1.50187763550008","1.50187763550012",TRUE
"IV","A_2022/started_g6_private/hours_worked/TRUE","se","42.9444952314393","42.9444952314395",TRUE
"IV","A_2022/started_g6_private/hours_worked/TRUE","ci_low","-83.0510504225088","-83.0510504225091",TRUE
"IV","A_2022/started_g6_private/hours_worked/TRUE","ci_high","86.054805693509","86.0548056935094",TRUE
"IV","A_2022/started_g6_private/hours_worked/TRUE","p_value","0.972127776618348","0.972127776618348",TRUE
"IV","A_2022/started_g6_private/hours_worked/TRUE","ar_p_zero","0.971885103765156","0.971885103765155",TRUE
"IV","A_2022/started_g6_private/hours_worked/TRUE","var_rf","0.606052394801939","0.606052394801939",TRUE
"IV","A_2022/started_g6_private/hours_worked/TRUE","var_fs","0.00163506613646531","0.00163506613646531",TRUE
"IV","A_2022/started_g6_private/hours_worked/TRUE","cov_rf_fs","-0.00230231047024392","-0.00230231047024393",TRUE
"IV","A_2022/started_g6_private/hours_worked/TRUE","df","267","267",TRUE
"AR set","A_2022/started_g6_private/hours_worked/TRUE","type","all real","all real",TRUE
"IV","A_2022/started_g7_private/years_in_school/FALSE","n","274","274",TRUE
"IV","A_2022/started_g7_private/years_in_school/FALSE","n_control","128","128",TRUE
"IV","A_2022/started_g7_private/years_in_school/FALSE","n_selected","146","146",TRUE
"IV","A_2022/started_g7_private/years_in_school/FALSE","reduced_form","0.0206549657534249","0.0206549657534249",TRUE
"IV","A_2022/started_g7_private/years_in_school/FALSE","reduced_form_se","0.0539534489768392","0.0539534489768392",TRUE
"IV","A_2022/started_g7_private/years_in_school/FALSE","first_stage","0.159781678082192","0.159781678082192",TRUE
"IV","A_2022/started_g7_private/years_in_school/FALSE","first_stage_se","0.0535161871951274","0.0535161871951274",TRUE
"IV","A_2022/started_g7_private/years_in_school/FALSE","first_stage_F","8.91422573489077","8.91422573489077",TRUE
"IV","A_2022/started_g7_private/years_in_school/FALSE","estimate","0.129269926322841","0.129269926322841",TRUE
"IV","A_2022/started_g7_private/years_in_school/FALSE","se","0.330577974847766","0.330577974847766",TRUE
"IV","A_2022/started_g7_private/years_in_school/FALSE","ci_low","-0.521546816173778","-0.521546816173778",TRUE
"IV","A_2022/started_g7_private/years_in_school/FALSE","ci_high","0.78008666881946","0.78008666881946",TRUE
"IV","A_2022/started_g7_private/years_in_school/FALSE","p_value","0.696072196398887","0.696072196398887",TRUE
"IV","A_2022/started_g7_private/years_in_school/FALSE","ar_p_zero","0.702145265135353","0.702145265135353",TRUE
"IV","A_2022/started_g7_private/years_in_school/FALSE","var_rf","0.00291097465649639","0.00291097465649639",TRUE
"IV","A_2022/started_g7_private/years_in_school/FALSE","var_fs","0.00286398229190392","0.00286398229190392",TRUE
"IV","A_2022/started_g7_private/years_in_school/FALSE","cov_rf_fs","0.00065308839370455","0.00065308839370455",TRUE
"IV","A_2022/started_g7_private/years_in_school/FALSE","df","272","272",TRUE
"AR set","A_2022/started_g7_private/years_in_school/FALSE","type","bounded","bounded",TRUE
"AR set","A_2022/started_g7_private/years_in_school/FALSE","lower","-0.815713055540466","-0.81571306",TRUE
"AR set","A_2022/started_g7_private/years_in_school/FALSE","upper","0.922297987725922","0.92229799",TRUE
"IV","A_2022/started_g7_private/years_in_school/TRUE","n","274","274",TRUE
"IV","A_2022/started_g7_private/years_in_school/TRUE","n_control","128","128",TRUE
"IV","A_2022/started_g7_private/years_in_school/TRUE","n_selected","146","146",TRUE
"IV","A_2022/started_g7_private/years_in_school/TRUE","reduced_form","0.0312720034282057","0.0312720034282057",TRUE
"IV","A_2022/started_g7_private/years_in_school/TRUE","reduced_form_se","0.0536677922393642","0.0536677922393642",TRUE
"IV","A_2022/started_g7_private/years_in_school/TRUE","first_stage","0.162287566047029","0.162287566047029",TRUE
"IV","A_2022/started_g7_private/years_in_school/TRUE","first_stage_se","0.0549207381409343","0.0549207381409344",TRUE
"IV","A_2022/started_g7_private/years_in_school/TRUE","first_stage_F","8.73167902132846","8.73167902132846",TRUE
"IV","A_2022/started_g7_private/years_in_school/TRUE","estimate","0.192695005476534","0.192695005476534",TRUE
"IV","A_2022/started_g7_private/years_in_school/TRUE","se","0.322633568187875","0.322633568187875",TRUE
"IV","A_2022/started_g7_private/years_in_school/TRUE","ci_low","-0.442534556148791","-0.44253455614879",TRUE
"IV","A_2022/started_g7_private/years_in_school/TRUE","ci_high","0.827924567101859","0.827924567101859",TRUE
"IV","A_2022/started_g7_private/years_in_school/TRUE","p_value","0.550842274463328","0.550842274463328",TRUE
"IV","A_2022/started_g7_private/years_in_school/TRUE","ar_p_zero","0.560589792489731","0.560589792489731",TRUE
"IV","A_2022/started_g7_private/years_in_school/TRUE","var_rf","0.00288023192384756","0.00288023192384756",TRUE
"IV","A_2022/started_g7_private/years_in_school/TRUE","var_fs","0.00301628747794508","0.00301628747794508",TRUE
"IV","A_2022/started_g7_private/years_in_school/TRUE","cov_rf_fs","0.000650567714630478","0.000650567714630478",TRUE
"IV","A_2022/started_g7_private/years_in_school/TRUE","df","267","267",TRUE
"AR set","A_2022/started_g7_private/years_in_school/TRUE","type","bounded","bounded",TRUE
"AR set","A_2022/started_g7_private/years_in_school/TRUE","lower","-0.677737756459417","-0.67773776",TRUE
"AR set","A_2022/started_g7_private/years_in_school/TRUE","upper","1.02641591045376","1.02641591",TRUE
"IV","A_2022/started_g7_private/married_or_cohab/FALSE","n","274","274",TRUE
"IV","A_2022/started_g7_private/married_or_cohab/FALSE","n_control","128","128",TRUE
"IV","A_2022/started_g7_private/married_or_cohab/FALSE","n_selected","146","146",TRUE
"IV","A_2022/started_g7_private/married_or_cohab/FALSE","reduced_form","0","0",TRUE
"IV","A_2022/started_g7_private/married_or_cohab/FALSE","reduced_form_se","0","0",TRUE
"IV","A_2022/started_g7_private/married_or_cohab/FALSE","first_stage","0.159781678082192","0.159781678082192",TRUE
"IV","A_2022/started_g7_private/married_or_cohab/FALSE","first_stage_se","0.0535161871951274","0.0535161871951274",TRUE
"IV","A_2022/started_g7_private/married_or_cohab/FALSE","first_stage_F","8.91422573489077","8.91422573489077",TRUE
"IV","A_2022/started_g7_private/married_or_cohab/FALSE","estimate","0","0",TRUE
"IV","A_2022/started_g7_private/married_or_cohab/FALSE","se",NA,NA,TRUE
"IV","A_2022/started_g7_private/married_or_cohab/FALSE","ci_low",NA,NA,TRUE
"IV","A_2022/started_g7_private/married_or_cohab/FALSE","ci_high",NA,NA,TRUE
"IV","A_2022/started_g7_private/married_or_cohab/FALSE","p_value",NA,NA,TRUE
"IV","A_2022/started_g7_private/married_or_cohab/FALSE","ar_p_zero",NA,NA,TRUE
"IV","A_2022/started_g7_private/married_or_cohab/FALSE","var_rf","0","0",TRUE
"IV","A_2022/started_g7_private/married_or_cohab/FALSE","var_fs","0.00286398229190392","0.00286398229190392",TRUE
"IV","A_2022/started_g7_private/married_or_cohab/FALSE","cov_rf_fs","0","0",TRUE
"IV","A_2022/started_g7_private/married_or_cohab/FALSE","df","272","272",TRUE
"IV inference","A_2022/started_g7_private/married_or_cohab/FALSE","zero-event suppression","not reported","not reported",TRUE
"IV inference","A_2022/started_g7_private/married_or_cohab/FALSE","AR lower",NA,NA,TRUE
"IV inference","A_2022/started_g7_private/married_or_cohab/FALSE","AR upper",NA,NA,TRUE
"IV","A_2022/started_g7_private/married_or_cohab/TRUE","n","274","274",TRUE
"IV","A_2022/started_g7_private/married_or_cohab/TRUE","n_control","128","128",TRUE
"IV","A_2022/started_g7_private/married_or_cohab/TRUE","n_selected","146","146",TRUE
"IV","A_2022/started_g7_private/married_or_cohab/TRUE","reduced_form","0","0",TRUE
"IV","A_2022/started_g7_private/married_or_cohab/TRUE","reduced_form_se","0","0",TRUE
"IV","A_2022/started_g7_private/married_or_cohab/TRUE","first_stage","0.162287566047029","0.162287566047029",TRUE
"IV","A_2022/started_g7_private/married_or_cohab/TRUE","first_stage_se","0.0549207381409343","0.0549207381409344",TRUE
"IV","A_2022/started_g7_private/married_or_cohab/TRUE","first_stage_F","8.73167902132846","8.73167902132846",TRUE
"IV","A_2022/started_g7_private/married_or_cohab/TRUE","estimate","0","0",TRUE
"IV","A_2022/started_g7_private/married_or_cohab/TRUE","se",NA,NA,TRUE
"IV","A_2022/started_g7_private/married_or_cohab/TRUE","ci_low",NA,NA,TRUE
"IV","A_2022/started_g7_private/married_or_cohab/TRUE","ci_high",NA,NA,TRUE
"IV","A_2022/started_g7_private/married_or_cohab/TRUE","p_value",NA,NA,TRUE
"IV","A_2022/started_g7_private/married_or_cohab/TRUE","ar_p_zero",NA,NA,TRUE
"IV","A_2022/started_g7_private/married_or_cohab/TRUE","var_rf","0","0",TRUE
"IV","A_2022/started_g7_private/married_or_cohab/TRUE","var_fs","0.00301628747794508","0.00301628747794508",TRUE
"IV","A_2022/started_g7_private/married_or_cohab/TRUE","cov_rf_fs","0","0",TRUE
"IV","A_2022/started_g7_private/married_or_cohab/TRUE","df","267","267",TRUE
"IV inference","A_2022/started_g7_private/married_or_cohab/TRUE","zero-event suppression","not reported","not reported",TRUE
"IV inference","A_2022/started_g7_private/married_or_cohab/TRUE","AR lower",NA,NA,TRUE
"IV inference","A_2022/started_g7_private/married_or_cohab/TRUE","AR upper",NA,NA,TRUE
"IV","A_2022/started_g7_private/has_child/FALSE","n","273","273",TRUE
"IV","A_2022/started_g7_private/has_child/FALSE","n_control","127","127",TRUE
"IV","A_2022/started_g7_private/has_child/FALSE","n_selected","146","146",TRUE
"IV","A_2022/started_g7_private/has_child/FALSE","reduced_form","0","0",TRUE
"IV","A_2022/started_g7_private/has_child/FALSE","reduced_form_se","0","0",TRUE
"IV","A_2022/started_g7_private/has_child/FALSE","first_stage","0.162549886743609","0.162549886743609",TRUE
"IV","A_2022/started_g7_private/has_child/FALSE","first_stage_se","0.0537093092970506","0.0537093092970506",TRUE
"IV","A_2022/started_g7_private/has_child/FALSE","first_stage_F","9.15955147658667","9.15955147658667",TRUE
"IV","A_2022/started_g7_private/has_child/FALSE","estimate","0","0",TRUE
"IV","A_2022/started_g7_private/has_child/FALSE","se",NA,NA,TRUE
"IV","A_2022/started_g7_private/has_child/FALSE","ci_low",NA,NA,TRUE
"IV","A_2022/started_g7_private/has_child/FALSE","ci_high",NA,NA,TRUE
"IV","A_2022/started_g7_private/has_child/FALSE","p_value",NA,NA,TRUE
"IV","A_2022/started_g7_private/has_child/FALSE","ar_p_zero",NA,NA,TRUE
"IV","A_2022/started_g7_private/has_child/FALSE","var_rf","0","0",TRUE
"IV","A_2022/started_g7_private/has_child/FALSE","var_fs","0.00288468990516624","0.00288468990516624",TRUE
"IV","A_2022/started_g7_private/has_child/FALSE","cov_rf_fs","0","0",TRUE
"IV","A_2022/started_g7_private/has_child/FALSE","df","271","271",TRUE
"IV inference","A_2022/started_g7_private/has_child/FALSE","zero-event suppression","not reported","not reported",TRUE
"IV inference","A_2022/started_g7_private/has_child/FALSE","AR lower",NA,NA,TRUE
"IV inference","A_2022/started_g7_private/has_child/FALSE","AR upper",NA,NA,TRUE
"IV","A_2022/started_g7_private/has_child/TRUE","n","273","273",TRUE
"IV","A_2022/started_g7_private/has_child/TRUE","n_control","127","127",TRUE
"IV","A_2022/started_g7_private/has_child/TRUE","n_selected","146","146",TRUE
"IV","A_2022/started_g7_private/has_child/TRUE","reduced_form","0","0",TRUE
"IV","A_2022/started_g7_private/has_child/TRUE","reduced_form_se","0","0",TRUE
"IV","A_2022/started_g7_private/has_child/TRUE","first_stage","0.165318933947033","0.165318933947033",TRUE
"IV","A_2022/started_g7_private/has_child/TRUE","first_stage_se","0.0550988460622106","0.0550988460622106",TRUE
"IV","A_2022/started_g7_private/has_child/TRUE","first_stage_F","9.00243895607817","9.00243895607817",TRUE
"IV","A_2022/started_g7_private/has_child/TRUE","estimate","0","0",TRUE
"IV","A_2022/started_g7_private/has_child/TRUE","se",NA,NA,TRUE
"IV","A_2022/started_g7_private/has_child/TRUE","ci_low",NA,NA,TRUE
"IV","A_2022/started_g7_private/has_child/TRUE","ci_high",NA,NA,TRUE
"IV","A_2022/started_g7_private/has_child/TRUE","p_value",NA,NA,TRUE
"IV","A_2022/started_g7_private/has_child/TRUE","ar_p_zero",NA,NA,TRUE
"IV","A_2022/started_g7_private/has_child/TRUE","var_rf","0","0",TRUE
"IV","A_2022/started_g7_private/has_child/TRUE","var_fs","0.00303588283738718","0.00303588283738718",TRUE
"IV","A_2022/started_g7_private/has_child/TRUE","cov_rf_fs","0","0",TRUE
"IV","A_2022/started_g7_private/has_child/TRUE","df","266","266",TRUE
"IV inference","A_2022/started_g7_private/has_child/TRUE","zero-event suppression","not reported","not reported",TRUE
"IV inference","A_2022/started_g7_private/has_child/TRUE","AR lower",NA,NA,TRUE
"IV inference","A_2022/started_g7_private/has_child/TRUE","AR upper",NA,NA,TRUE
"IV","A_2022/started_g7_private/working/FALSE","n","274","274",TRUE
"IV","A_2022/started_g7_private/working/FALSE","n_control","128","128",TRUE
"IV","A_2022/started_g7_private/working/FALSE","n_selected","146","146",TRUE
"IV","A_2022/started_g7_private/working/FALSE","reduced_form","-0.0252568493150687","-0.0252568493150687",TRUE
"IV","A_2022/started_g7_private/working/FALSE","reduced_form_se","0.0333015981983001","0.0333015981983001",TRUE
"IV","A_2022/started_g7_private/working/FALSE","first_stage","0.159781678082192","0.159781678082192",TRUE
"IV","A_2022/started_g7_private/working/FALSE","first_stage_se","0.0535161871951274","0.0535161871951274",TRUE
"IV","A_2022/started_g7_private/working/FALSE","first_stage_F","8.91422573489077","8.91422573489077",TRUE
"IV","A_2022/started_g7_private/working/FALSE","estimate","-0.158070997990624","-0.158070997990624",TRUE
"IV","A_2022/started_g7_private/working/FALSE","se","0.204724201594613","0.204724201594613",TRUE
"IV","A_2022/started_g7_private/working/FALSE","ci_low","-0.561116415802819","-0.561116415802819",TRUE
"IV","A_2022/started_g7_private/working/FALSE","ci_high","0.244974419821572","0.244974419821572",TRUE
"IV","A_2022/started_g7_private/working/FALSE","p_value","0.440715576292228","0.440715576292228",TRUE
"IV","A_2022/started_g7_private/working/FALSE","ar_p_zero","0.448851727318376","0.448851727318376",TRUE
"IV","A_2022/started_g7_private/working/FALSE","var_rf","0.00110899644256103","0.00110899644256103",TRUE
"IV","A_2022/started_g7_private/working/FALSE","var_fs","0.00286398229190392","0.00286398229190392",TRUE
"IV","A_2022/started_g7_private/working/FALSE","cov_rf_fs","-0.000349640669252518","-0.000349640669252518",TRUE
"IV","A_2022/started_g7_private/working/FALSE","df","272","272",TRUE
"AR set","A_2022/started_g7_private/working/FALSE","type","bounded","bounded",TRUE
"AR set","A_2022/started_g7_private/working/FALSE","lower","-0.722577867629562","-0.72257787",TRUE
"AR set","A_2022/started_g7_private/working/FALSE","upper","0.351065057726089","0.35106506",TRUE
"IV","A_2022/started_g7_private/working/TRUE","n","274","274",TRUE
"IV","A_2022/started_g7_private/working/TRUE","n_control","128","128",TRUE
"IV","A_2022/started_g7_private/working/TRUE","n_selected","146","146",TRUE
"IV","A_2022/started_g7_private/working/TRUE","reduced_form","-0.0102601831364348","-0.0102601831364348",TRUE
"IV","A_2022/started_g7_private/working/TRUE","reduced_form_se","0.0310117630698311","0.0310117630698311",TRUE
"IV","A_2022/started_g7_private/working/TRUE","first_stage","0.162287566047029","0.162287566047029",TRUE
"IV","A_2022/started_g7_private/working/TRUE","first_stage_se","0.0549207381409343","0.0549207381409344",TRUE
"IV","A_2022/started_g7_private/working/TRUE","first_stage_F","8.73167902132846","8.73167902132846",TRUE
"IV","A_2022/started_g7_private/working/TRUE","estimate","-0.0632222380700536","-0.0632222380700535",TRUE
"IV","A_2022/started_g7_private/working/TRUE","se","0.188059452285071","0.188059452285071",TRUE
"IV","A_2022/started_g7_private/working/TRUE","ci_low","-0.433490354018176","-0.433490354018176",TRUE
"IV","A_2022/started_g7_private/working/TRUE","ci_high","0.307045877878069","0.307045877878069",TRUE
"IV","A_2022/started_g7_private/working/TRUE","p_value","0.736997531124128","0.736997531124128",TRUE
"IV","A_2022/started_g7_private/working/TRUE","ar_p_zero","0.741018708618011","0.741018708618011",TRUE
"IV","A_2022/started_g7_private/working/TRUE","var_rf","0.000961729448699342","0.000961729448699342",TRUE
"IV","A_2022/started_g7_private/working/TRUE","var_fs","0.00301628747794508","0.00301628747794508",TRUE
"IV","A_2022/started_g7_private/working/TRUE","cov_rf_fs","-0.000334794842213089","-0.000334794842213089",TRUE
"IV","A_2022/started_g7_private/working/TRUE","df","267","267",TRUE
"AR set","A_2022/started_g7_private/working/TRUE","type","bounded","bounded",TRUE
"AR set","A_2022/started_g7_private/working/TRUE","lower","-0.52309189045335","-0.52309189",TRUE
"AR set","A_2022/started_g7_private/working/TRUE","upper","0.472935280884485","0.47293528",TRUE
"IV","A_2022/started_g7_private/hours_worked/FALSE","n","274","274",TRUE
"IV","A_2022/started_g7_private/hours_worked/FALSE","n_control","128","128",TRUE
"IV","A_2022/started_g7_private/hours_worked/FALSE","n_selected","146","146",TRUE
"IV","A_2022/started_g7_private/hours_worked/FALSE","reduced_form","-0.219606164383564","-0.219606164383564",TRUE
"IV","A_2022/started_g7_private/hours_worked/FALSE","reduced_form_se","0.845216153840248","0.845216153840248",TRUE
"IV","A_2022/started_g7_private/hours_worked/FALSE","first_stage","0.159781678082192","0.159781678082192",TRUE
"IV","A_2022/started_g7_private/hours_worked/FALSE","first_stage_se","0.0535161871951274","0.0535161871951274",TRUE
"IV","A_2022/started_g7_private/hours_worked/FALSE","first_stage_F","8.91422573489077","8.91422573489077",TRUE
"IV","A_2022/started_g7_private/hours_worked/FALSE","estimate","-1.37441393168119","-1.37441393168119",TRUE
"IV","A_2022/started_g7_private/hours_worked/FALSE","se","5.22728604976189","5.22728604976189",TRUE
"IV","A_2022/started_g7_private/hours_worked/FALSE","ci_low","-11.6654966348489","-11.6654966348489",TRUE
"IV","A_2022/started_g7_private/hours_worked/FALSE","ci_high","8.91666877148651","8.91666877148651",TRUE
"IV","A_2022/started_g7_private/hours_worked/FALSE","p_value","0.792803049972916","0.792803049972916",TRUE
"IV","A_2022/started_g7_private/hours_worked/FALSE","ar_p_zero","0.795197260451875","0.795197260451875",TRUE
"IV","A_2022/started_g7_private/hours_worked/FALSE","var_rf","0.714390346712502","0.714390346712502",TRUE
"IV","A_2022/started_g7_private/hours_worked/FALSE","var_fs","0.00286398229190392","0.00286398229190392",TRUE
"IV","A_2022/started_g7_private/hours_worked/FALSE","cov_rf_fs","-0.00807632289988123","-0.00807632289988123",TRUE
"IV","A_2022/started_g7_private/hours_worked/FALSE","df","272","272",TRUE
"AR set","A_2022/started_g7_private/hours_worked/FALSE","type","bounded","bounded",TRUE
"AR set","A_2022/started_g7_private/hours_worked/FALSE","lower","-13.9960724988863","-13.9960725",TRUE
"AR set","A_2022/started_g7_private/hours_worked/FALSE","upper","13.4712907800323","13.47129078",TRUE
"IV","A_2022/started_g7_private/hours_worked/TRUE","n","274","274",TRUE
"IV","A_2022/started_g7_private/hours_worked/TRUE","n_control","128","128",TRUE
"IV","A_2022/started_g7_private/hours_worked/TRUE","n_selected","146","146",TRUE
"IV","A_2022/started_g7_private/hours_worked/TRUE","reduced_form","-0.0274630368176789","-0.0274630368176797",TRUE
"IV","A_2022/started_g7_private/hours_worked/TRUE","reduced_form_se","0.778493670367293","0.778493670367293",TRUE
"IV","A_2022/started_g7_private/hours_worked/TRUE","first_stage","0.162287566047029","0.162287566047029",TRUE
"IV","A_2022/started_g7_private/hours_worked/TRUE","first_stage_se","0.0549207381409343","0.0549207381409344",TRUE
"IV","A_2022/started_g7_private/hours_worked/TRUE","first_stage_F","8.73167902132846","8.73167902132846",TRUE
"IV","A_2022/started_g7_private/hours_worked/TRUE","estimate","-0.169224528327207","-0.169224528327212",TRUE
"IV","A_2022/started_g7_private/hours_worked/TRUE","se","4.7889291131779","4.7889291131779",TRUE
"IV","A_2022/started_g7_private/hours_worked/TRUE","ci_low","-9.59809257297937","-9.59809257297937",TRUE
"IV","A_2022/started_g7_private/hours_worked/TRUE","ci_high","9.25964351632495","9.25964351632495",TRUE
"IV","A_2022/started_g7_private/hours_worked/TRUE","p_value","0.971837733080173","0.971837733080172",TRUE
"IV","A_2022/started_g7_private/hours_worked/TRUE","ar_p_zero","0.971885103765156","0.971885103765155",TRUE
"IV","A_2022/started_g7_private/hours_worked/TRUE","var_rf","0.606052394801939","0.606052394801939",TRUE
"IV","A_2022/started_g7_private/hours_worked/TRUE","var_fs","0.00301628747794508","0.00301628747794508",TRUE
"IV","A_2022/started_g7_private/hours_worked/TRUE","cov_rf_fs","-0.0062767100953085","-0.00627671009530851",TRUE
"IV","A_2022/started_g7_private/hours_worked/TRUE","df","267","267",TRUE
"AR set","A_2022/started_g7_private/hours_worked/TRUE","type","bounded","bounded",TRUE
"AR set","A_2022/started_g7_private/hours_worked/TRUE","lower","-11.3792906534487","-11.37929065",TRUE
"AR set","A_2022/started_g7_private/hours_worked/TRUE","upper","14.0935974107377","14.09359741",TRUE
"IV","B_2018/started_g6_private/years_in_school/FALSE","n","163","163",TRUE
"IV","B_2018/started_g6_private/years_in_school/FALSE","n_control","73","73",TRUE
"IV","B_2018/started_g6_private/years_in_school/FALSE","n_selected","90","90",TRUE
"IV","B_2018/started_g6_private/years_in_school/FALSE","reduced_form","0.0141552511415513","0.0141552511415513",TRUE
"IV","B_2018/started_g6_private/years_in_school/FALSE","reduced_form_se","0.223551964908954","0.223551964908954",TRUE
"IV","B_2018/started_g6_private/years_in_school/FALSE","first_stage","0.26834094368341","0.26834094368341",TRUE
"IV","B_2018/started_g6_private/years_in_school/FALSE","first_stage_se","0.0730590863869344","0.0730590863869344",TRUE
"IV","B_2018/started_g6_private/years_in_school/FALSE","first_stage_F","13.490418155255","13.490418155255",TRUE
"IV","B_2018/started_g6_private/years_in_school/FALSE","estimate","0.0527509926262007","0.0527509926262007",TRUE
"IV","B_2018/started_g6_private/years_in_school/FALSE","se","0.82943780337644","0.829437803376441",TRUE
"IV","B_2018/started_g6_private/years_in_school/FALSE","ci_low","-1.58522949308642","-1.58522949308642",TRUE
"IV","B_2018/started_g6_private/years_in_school/FALSE","ci_high","1.69073147833882","1.69073147833882",TRUE
"IV","B_2018/started_g6_private/years_in_school/FALSE","p_value","0.949368825720902","0.949368825720902",TRUE
"IV","B_2018/started_g6_private/years_in_school/FALSE","ar_p_zero","0.949590446353504","0.949590446353504",TRUE
"IV","B_2018/started_g6_private/years_in_school/FALSE","var_rf","0.0499754810146541","0.0499754810146541",TRUE
"IV","B_2018/started_g6_private/years_in_school/FALSE","var_fs","0.00533763010369354","0.00533763010369354",TRUE
"IV","B_2018/started_g6_private/years_in_school/FALSE","cov_rf_fs","0.00428412770144782","0.00428412770144782",TRUE
"IV","B_2018/started_g6_private/years_in_school/FALSE","df","161","161",TRUE
"AR set","B_2018/started_g6_private/years_in_school/FALSE","type","bounded","bounded",TRUE
"AR set","B_2018/started_g6_private/years_in_school/FALSE","lower","-2.21863419678448","-2.2186342",TRUE
"AR set","B_2018/started_g6_private/years_in_school/FALSE","upper","1.71428219908066","1.7142822",TRUE
"IV","B_2018/started_g6_private/years_in_school/TRUE","n","163","163",TRUE
"IV","B_2018/started_g6_private/years_in_school/TRUE","n_control","73","73",TRUE
"IV","B_2018/started_g6_private/years_in_school/TRUE","n_selected","90","90",TRUE
"IV","B_2018/started_g6_private/years_in_school/TRUE","reduced_form","-0.264000802112576","-0.264000802112576",TRUE
"IV","B_2018/started_g6_private/years_in_school/TRUE","reduced_form_se","0.208495505554777","0.208495505554777",TRUE
"IV","B_2018/started_g6_private/years_in_school/TRUE","first_stage","0.233564754442286","0.233564754442286",TRUE
"IV","B_2018/started_g6_private/years_in_school/TRUE","first_stage_se","0.0685372847062308","0.0685372847062307",TRUE
"IV","B_2018/started_g6_private/years_in_school/TRUE","first_stage_F","11.6134385154518","11.6134385154519",TRUE
"IV","B_2018/started_g6_private/years_in_school/TRUE","estimate","-1.13031096127053","-1.13031096127053",TRUE
"IV","B_2018/started_g6_private/years_in_school/TRUE","se","1.00155092230209","1.00155092230209",TRUE
"IV","B_2018/started_g6_private/years_in_school/TRUE","ci_low","-3.10876176428247","-3.10876176428246",TRUE
"IV","B_2018/started_g6_private/years_in_school/TRUE","ci_high","0.848139841741402","0.848139841741402",TRUE
"IV","B_2018/started_g6_private/years_in_school/TRUE","p_value","0.260826952235831","0.260826952235832",TRUE
"IV","B_2018/started_g6_private/years_in_school/TRUE","ar_p_zero","0.207334657457904","0.207334657457905",TRUE
"IV","B_2018/started_g6_private/years_in_school/TRUE","var_rf","0.0434703758365422","0.0434703758365422",TRUE
"IV","B_2018/started_g6_private/years_in_school/TRUE","var_fs","0.00469735939490293","0.00469735939490293",TRUE
"IV","B_2018/started_g6_private/years_in_school/TRUE","cov_rf_fs","0.00232241551207784","0.00232241551207784",TRUE
"IV","B_2018/started_g6_private/years_in_school/TRUE","df","155","155",TRUE
"AR set","B_2018/started_g6_private/years_in_school/TRUE","type","bounded","bounded",TRUE
"AR set","B_2018/started_g6_private/years_in_school/TRUE","lower","-4.5158585660436","-4.51585857",TRUE
"AR set","B_2018/started_g6_private/years_in_school/TRUE","upper","0.610917276873427","0.61091728",TRUE
"IV","B_2018/started_g6_private/married_or_cohab/FALSE","n","163","163",TRUE
"IV","B_2018/started_g6_private/married_or_cohab/FALSE","n_control","73","73",TRUE
"IV","B_2018/started_g6_private/married_or_cohab/FALSE","n_selected","90","90",TRUE
"IV","B_2018/started_g6_private/married_or_cohab/FALSE","reduced_form","-0.032572298325723","-0.032572298325723",TRUE
"IV","B_2018/started_g6_private/married_or_cohab/FALSE","reduced_form_se","0.0310398732214652","0.0310398732214652",TRUE
"IV","B_2018/started_g6_private/married_or_cohab/FALSE","first_stage","0.26834094368341","0.26834094368341",TRUE
"IV","B_2018/started_g6_private/married_or_cohab/FALSE","first_stage_se","0.0730590863869344","0.0730590863869344",TRUE
"IV","B_2018/started_g6_private/married_or_cohab/FALSE","first_stage_F","13.490418155255","13.490418155255",TRUE
"IV","B_2018/started_g6_private/married_or_cohab/FALSE","estimate","-0.121384004537719","-0.121384004537719",TRUE
"IV","B_2018/started_g6_private/married_or_cohab/FALSE","se","0.115388857259146","0.115388857259146",TRUE
"IV","B_2018/started_g6_private/married_or_cohab/FALSE","ci_low","-0.349254853551072","-0.349254853551072",TRUE
"IV","B_2018/started_g6_private/married_or_cohab/FALSE","ci_high","0.106486844475633","0.106486844475633",TRUE
"IV","B_2018/started_g6_private/married_or_cohab/FALSE","p_value","0.294396032561135","0.294396032561135",TRUE
"IV","B_2018/started_g6_private/married_or_cohab/FALSE","ar_p_zero","0.295580708449623","0.295580708449623",TRUE
"IV","B_2018/started_g6_private/married_or_cohab/FALSE","var_rf","0.000963473729604635","0.000963473729604635",TRUE
"IV","B_2018/started_g6_private/married_or_cohab/FALSE","var_fs","0.00533763010369354","0.00533763010369354",TRUE
"IV","B_2018/started_g6_private/married_or_cohab/FALSE","cov_rf_fs","-0.000343443321523124","-0.000343443321523124",TRUE
"IV","B_2018/started_g6_private/married_or_cohab/FALSE","df","161","161",TRUE
"AR set","B_2018/started_g6_private/married_or_cohab/FALSE","type","bounded","bounded",TRUE
"AR set","B_2018/started_g6_private/married_or_cohab/FALSE","lower","-0.415830838554172","-0.41583084",TRUE
"AR set","B_2018/started_g6_private/married_or_cohab/FALSE","upper","0.126673572417019","0.12667357",TRUE
"IV","B_2018/started_g6_private/married_or_cohab/TRUE","n","163","163",TRUE
"IV","B_2018/started_g6_private/married_or_cohab/TRUE","n_control","73","73",TRUE
"IV","B_2018/started_g6_private/married_or_cohab/TRUE","n_selected","90","90",TRUE
"IV","B_2018/started_g6_private/married_or_cohab/TRUE","reduced_form","-0.0323007558221536","-0.0323007558221536",TRUE
"IV","B_2018/started_g6_private/married_or_cohab/TRUE","reduced_form_se","0.0337452009145421","0.0337452009145421",TRUE
"IV","B_2018/started_g6_private/married_or_cohab/TRUE","first_stage","0.233564754442286","0.233564754442286",TRUE
"IV","B_2018/started_g6_private/married_or_cohab/TRUE","first_stage_se","0.0685372847062308","0.0685372847062307",TRUE
"IV","B_2018/started_g6_private/married_or_cohab/TRUE","first_stage_F","11.6134385154518","11.6134385154519",TRUE
"IV","B_2018/started_g6_private/married_or_cohab/TRUE","estimate","-0.138294649375855","-0.138294649375855",TRUE
"IV","B_2018/started_g6_private/married_or_cohab/TRUE","se","0.144869260289606","0.144869260289606",TRUE
"IV","B_2018/started_g6_private/married_or_cohab/TRUE","ci_low","-0.424467521837416","-0.424467521837416",TRUE
"IV","B_2018/started_g6_private/married_or_cohab/TRUE","ci_high","0.147878223085706","0.147878223085706",TRUE
"IV","B_2018/started_g6_private/married_or_cohab/TRUE","p_value","0.341257866249436","0.341257866249435",TRUE
"IV","B_2018/started_g6_private/married_or_cohab/TRUE","ar_p_zero","0.339959160569523","0.339959160569522",TRUE
"IV","B_2018/started_g6_private/married_or_cohab/TRUE","var_rf","0.00113873858476281","0.00113873858476281",TRUE
"IV","B_2018/started_g6_private/married_or_cohab/TRUE","var_fs","0.00469735939490293","0.00469735939490293",TRUE
"IV","B_2018/started_g6_private/married_or_cohab/TRUE","cov_rf_fs","-0.000302537775088353","-0.000302537775088353",TRUE
"IV","B_2018/started_g6_private/married_or_cohab/TRUE","df","155","155",TRUE
"AR set","B_2018/started_g6_private/married_or_cohab/TRUE","type","bounded","bounded",TRUE
"AR set","B_2018/started_g6_private/married_or_cohab/TRUE","lower","-0.528862192740702","-0.52886219",TRUE
"AR set","B_2018/started_g6_private/married_or_cohab/TRUE","upper","0.177492818729388","0.17749282",TRUE
"IV","B_2018/started_g6_private/has_child/FALSE","n","163","163",TRUE
"IV","B_2018/started_g6_private/has_child/FALSE","n_control","73","73",TRUE
"IV","B_2018/started_g6_private/has_child/FALSE","n_selected","90","90",TRUE
"IV","B_2018/started_g6_private/has_child/FALSE","reduced_form","-0.0103500761035008","-0.0103500761035008",TRUE
"IV","B_2018/started_g6_private/has_child/FALSE","reduced_form_se","0.0345906889263496","0.0345906889263496",TRUE
"IV","B_2018/started_g6_private/has_child/FALSE","first_stage","0.26834094368341","0.26834094368341",TRUE
"IV","B_2018/started_g6_private/has_child/FALSE","first_stage_se","0.0730590863869344","0.0730590863869344",TRUE
"IV","B_2018/started_g6_private/has_child/FALSE","first_stage_F","13.490418155255","13.490418155255",TRUE
"IV","B_2018/started_g6_private/has_child/FALSE","estimate","-0.0385706182643223","-0.0385706182643223",TRUE
"IV","B_2018/started_g6_private/has_child/FALSE","se","0.12707484068313","0.12707484068313",TRUE
"IV","B_2018/started_g6_private/has_child/FALSE","ci_low","-0.289519041903435","-0.289519041903435",TRUE
"IV","B_2018/started_g6_private/has_child/FALSE","ci_high","0.212377805374791","0.212377805374791",TRUE
"IV","B_2018/started_g6_private/has_child/FALSE","p_value","0.761880317307472","0.761880317307472",TRUE
"IV","B_2018/started_g6_private/has_child/FALSE","ar_p_zero","0.765161393244108","0.765161393244108",TRUE
"IV","B_2018/started_g6_private/has_child/FALSE","var_rf","0.00119651576039948","0.00119651576039948",TRUE
"IV","B_2018/started_g6_private/has_child/FALSE","var_fs","0.00533763010369354","0.00533763010369354",TRUE
"IV","B_2018/started_g6_private/has_child/FALSE","cov_rf_fs","-0.000540419323742572","-0.000540419323742572",TRUE
"IV","B_2018/started_g6_private/has_child/FALSE","df","161","161",TRUE
"AR set","B_2018/started_g6_private/has_child/FALSE","type","bounded","bounded",TRUE
"AR set","B_2018/started_g6_private/has_child/FALSE","lower","-0.311802436966217","-0.31180244",TRUE
"AR set","B_2018/started_g6_private/has_child/FALSE","upper","0.285634238310713","0.28563424",TRUE
"IV","B_2018/started_g6_private/has_child/TRUE","n","163","163",TRUE
"IV","B_2018/started_g6_private/has_child/TRUE","n_control","73","73",TRUE
"IV","B_2018/started_g6_private/has_child/TRUE","n_selected","90","90",TRUE
"IV","B_2018/started_g6_private/has_child/TRUE","reduced_form","0.0055579293100417","0.00555792931004171",TRUE
"IV","B_2018/started_g6_private/has_child/TRUE","reduced_form_se","0.0412202722307908","0.0412202722307908",TRUE
"IV","B_2018/started_g6_private/has_child/TRUE","first_stage","0.233564754442286","0.233564754442286",TRUE
"IV","B_2018/started_g6_private/has_child/TRUE","first_stage_se","0.0685372847062308","0.0685372847062307",TRUE
"IV","B_2018/started_g6_private/has_child/TRUE","first_stage_F","11.6134385154518","11.6134385154519",TRUE
"IV","B_2018/started_g6_private/has_child/TRUE","estimate","0.0237960959619662","0.0237960959619662",TRUE
"IV","B_2018/started_g6_private/has_child/TRUE","se","0.177403129832487","0.177403129832487",TRUE
"IV","B_2018/started_g6_private/has_child/TRUE","ci_low","-0.326643763718029","-0.326643763718028",TRUE
"IV","B_2018/started_g6_private/has_child/TRUE","ci_high","0.374235955641961","0.374235955641961",TRUE
"IV","B_2018/started_g6_private/has_child/TRUE","p_value","0.89346926644037","0.89346926644037",TRUE
"IV","B_2018/started_g6_private/has_child/TRUE","ar_p_zero","0.892917381689598","0.892917381689598",TRUE
"IV","B_2018/started_g6_private/has_child/TRUE","var_rf","0.00169911084278051","0.00169911084278051",TRUE
"IV","B_2018/started_g6_private/has_child/TRUE","var_fs","0.00469735939490293","0.00469735939490293",TRUE
"IV","B_2018/started_g6_private/has_child/TRUE","cov_rf_fs","-0.000317243201385152","-0.000317243201385152",TRUE
"IV","B_2018/started_g6_private/has_child/TRUE","df","155","155",TRUE
"AR set","B_2018/started_g6_private/has_child/TRUE","type","bounded","bounded",TRUE
"AR set","B_2018/started_g6_private/has_child/TRUE","lower","-0.362524475902224","-0.36252448",TRUE
"AR set","B_2018/started_g6_private/has_child/TRUE","upper","0.502551044528453","0.50255104",TRUE
"IV","B_2018/started_g6_private/working/FALSE","n","163","163",TRUE
"IV","B_2018/started_g6_private/working/FALSE","n_control","73","73",TRUE
"IV","B_2018/started_g6_private/working/FALSE","n_selected","90","90",TRUE
"IV","B_2018/started_g6_private/working/FALSE","reduced_form","-0.00213089802130901","-0.00213089802130901",TRUE
"IV","B_2018/started_g6_private/working/FALSE","reduced_form_se","0.0682305300282948","0.0682305300282948",TRUE
"IV","B_2018/started_g6_private/working/FALSE","first_stage","0.26834094368341","0.26834094368341",TRUE
"IV","B_2018/started_g6_private/working/FALSE","first_stage_se","0.0730590863869344","0.0730590863869344",TRUE
"IV","B_2018/started_g6_private/working/FALSE","first_stage_F","13.490418155255","13.490418155255",TRUE
"IV","B_2018/started_g6_private/working/FALSE","estimate","-0.00794100964265466","-0.00794100964265466",TRUE
"IV","B_2018/started_g6_private/working/FALSE","se","0.254036555143953","0.254036555143953",TRUE
"IV","B_2018/started_g6_private/working/FALSE","ci_low","-0.50961445434168","-0.50961445434168",TRUE
"IV","B_2018/started_g6_private/working/FALSE","ci_high","0.493732435056371","0.493732435056371",TRUE
"IV","B_2018/started_g6_private/working/FALSE","p_value","0.975101450844206","0.975101450844206",TRUE
"IV","B_2018/started_g6_private/working/FALSE","ar_p_zero","0.975124112530607","0.975124112530607",TRUE
"IV","B_2018/started_g6_private/working/FALSE","var_rf","0.00465540522794204","0.00465540522794204",TRUE
"IV","B_2018/started_g6_private/working/FALSE","var_fs","0.00533763010369354","0.00533763010369354",TRUE
"IV","B_2018/started_g6_private/working/FALSE","cov_rf_fs","-0.000554705275647783","-0.000554705275647783",TRUE
"IV","B_2018/started_g6_private/working/FALSE","df","161","161",TRUE
"AR set","B_2018/started_g6_private/working/FALSE","type","bounded","bounded",TRUE
"AR set","B_2018/started_g6_private/working/FALSE","lower","-0.565183034539865","-0.56518303",TRUE
"AR set","B_2018/started_g6_private/working/FALSE","upper","0.627360971207403","0.62736097",TRUE
"IV","B_2018/started_g6_private/working/TRUE","n","163","163",TRUE
"IV","B_2018/started_g6_private/working/TRUE","n_control","73","73",TRUE
"IV","B_2018/started_g6_private/working/TRUE","n_selected","90","90",TRUE
"IV","B_2018/started_g6_private/working/TRUE","reduced_form","0.00124670447149117","0.00124670447149117",TRUE
"IV","B_2018/started_g6_private/working/TRUE","reduced_form_se","0.0708452180894626","0.0708452180894626",TRUE
"IV","B_2018/started_g6_private/working/TRUE","first_stage","0.233564754442286","0.233564754442286",TRUE
"IV","B_2018/started_g6_private/working/TRUE","first_stage_se","0.0685372847062308","0.0685372847062307",TRUE
"IV","B_2018/started_g6_private/working/TRUE","first_stage_F","11.6134385154518","11.6134385154519",TRUE
"IV","B_2018/started_g6_private/working/TRUE","estimate","0.00533772518232937","0.00533772518232937",TRUE
"IV","B_2018/started_g6_private/working/TRUE","se","0.303384014471624","0.303384014471624",TRUE
"IV","B_2018/started_g6_private/working/TRUE","ci_low","-0.593963152772754","-0.593963152772754",TRUE
"IV","B_2018/started_g6_private/working/TRUE","ci_high","0.604638603137412","0.604638603137412",TRUE
"IV","B_2018/started_g6_private/working/TRUE","p_value","0.985985404809611","0.985985404809611",TRUE
"IV","B_2018/started_g6_private/working/TRUE","ar_p_zero","0.985982517976816","0.985982517976816",TRUE
"IV","B_2018/started_g6_private/working/TRUE","var_rf","0.00501904492614352","0.00501904492614352",TRUE
"IV","B_2018/started_g6_private/working/TRUE","var_fs","0.00469735939490293","0.00469735939490293",TRUE
"IV","B_2018/started_g6_private/working/TRUE","cov_rf_fs","-0.000181192908887005","-0.000181192908887006",TRUE
"IV","B_2018/started_g6_private/working/TRUE","df","155","155",TRUE
"AR set","B_2018/started_g6_private/working/TRUE","type","bounded","bounded",TRUE
"AR set","B_2018/started_g6_private/working/TRUE","lower","-0.708242404390422","-0.7082424",TRUE
"AR set","B_2018/started_g6_private/working/TRUE","upper","0.763358652046703","0.76335865",TRUE
"IV","B_2018/started_g6_private/hours_worked/FALSE","n","163","163",TRUE
"IV","B_2018/started_g6_private/hours_worked/FALSE","n_control","73","73",TRUE
"IV","B_2018/started_g6_private/hours_worked/FALSE","n_selected","90","90",TRUE
"IV","B_2018/started_g6_private/hours_worked/FALSE","reduced_form","-0.490410958904103","-0.490410958904103",TRUE
"IV","B_2018/started_g6_private/hours_worked/FALSE","reduced_form_se","1.97232718020126","1.97232718020126",TRUE
"IV","B_2018/started_g6_private/hours_worked/FALSE","first_stage","0.26834094368341","0.26834094368341",TRUE
"IV","B_2018/started_g6_private/hours_worked/FALSE","first_stage_se","0.0730590863869344","0.0730590863869344",TRUE
"IV","B_2018/started_g6_private/hours_worked/FALSE","first_stage_F","13.490418155255","13.490418155255",TRUE
"IV","B_2018/started_g6_private/hours_worked/FALSE","estimate","-1.82756664775947","-1.82756664775947",TRUE
"IV","B_2018/started_g6_private/hours_worked/FALSE","se","7.31039719557184","7.31039719557184",TRUE
"IV","B_2018/started_g6_private/hours_worked/FALSE","ci_low","-16.2641981834943","-16.2641981834943",TRUE
"IV","B_2018/started_g6_private/hours_worked/FALSE","ci_high","12.6090648879753","12.6090648879753",TRUE
"IV","B_2018/started_g6_private/hours_worked/FALSE","p_value","0.80290950657703","0.80290950657703",TRUE
"IV","B_2018/started_g6_private/hours_worked/FALSE","ar_p_zero","0.803951631752619","0.803951631752619",TRUE
"IV","B_2018/started_g6_private/hours_worked/FALSE","var_rf","3.89007450576065","3.89007450576065",TRUE
"IV","B_2018/started_g6_private/hours_worked/FALSE","var_fs","0.00533763010369354","0.00533763010369354",TRUE
"IV","B_2018/started_g6_private/hours_worked/FALSE","cov_rf_fs","-0.0163381600546699","-0.0163381600546699",TRUE
"IV","B_2018/started_g6_private/hours_worked/FALSE","df","161","161",TRUE
"AR set","B_2018/started_g6_private/hours_worked/FALSE","type","bounded","bounded",TRUE
"AR set","B_2018/started_g6_private/hours_worked/FALSE","lower","-18.455467149116","-18.45546715",TRUE
"AR set","B_2018/started_g6_private/hours_worked/FALSE","upper","15.8034019744912","15.80340197",TRUE
"IV","B_2018/started_g6_private/hours_worked/TRUE","n","163","163",TRUE
"IV","B_2018/started_g6_private/hours_worked/TRUE","n_control","73","73",TRUE
"IV","B_2018/started_g6_private/hours_worked/TRUE","n_selected","90","90",TRUE
"IV","B_2018/started_g6_private/hours_worked/TRUE","reduced_form","-0.69314332890296","-0.69314332890296",TRUE
"IV","B_2018/started_g6_private/hours_worked/TRUE","reduced_form_se","1.90439352842029","1.90439352842029",TRUE
"IV","B_2018/started_g6_private/hours_worked/TRUE","first_stage","0.233564754442286","0.233564754442286",TRUE
"IV","B_2018/started_g6_private/hours_worked/TRUE","first_stage_se","0.0685372847062308","0.0685372847062307",TRUE
"IV","B_2018/started_g6_private/hours_worked/TRUE","first_stage_F","11.6134385154518","11.6134385154519",TRUE
"IV","B_2018/started_g6_private/hours_worked/TRUE","estimate","-2.96767091660757","-2.96767091660757",TRUE
"IV","B_2018/started_g6_private/hours_worked/TRUE","se","8.03379316441279","8.03379316441278",TRUE
"IV","B_2018/started_g6_private/hours_worked/TRUE","ci_low","-18.8375225471471","-18.8375225471471",TRUE
"IV","B_2018/started_g6_private/hours_worked/TRUE","ci_high","12.902180713932","12.902180713932",TRUE
"IV","B_2018/started_g6_private/hours_worked/TRUE","p_value","0.71233490042068","0.71233490042068",TRUE
"IV","B_2018/started_g6_private/hours_worked/TRUE","ar_p_zero","0.716375937940922","0.716375937940922",TRUE
"IV","B_2018/started_g6_private/hours_worked/TRUE","var_rf","3.62671471108909","3.62671471108909",TRUE
"IV","B_2018/started_g6_private/hours_worked/TRUE","var_fs","0.00469735939490293","0.00469735939490293",TRUE
"IV","B_2018/started_g6_private/hours_worked/TRUE","cov_rf_fs","-0.0247949860065832","-0.0247949860065833",TRUE
"IV","B_2018/started_g6_private/hours_worked/TRUE","df","155","155",TRUE
"AR set","B_2018/started_g6_private/hours_worked/TRUE","type","bounded","bounded",TRUE
"AR set","B_2018/started_g6_private/hours_worked/TRUE","lower","-21.3089529740093","-21.30895297",TRUE
"AR set","B_2018/started_g6_private/hours_worked/TRUE","upper","17.7123112122489","17.71231121",TRUE
"IV","B_2018/started_g7_private/years_in_school/FALSE","n","163","163",TRUE
"IV","B_2018/started_g7_private/years_in_school/FALSE","n_control","73","73",TRUE
"IV","B_2018/started_g7_private/years_in_school/FALSE","n_selected","90","90",TRUE
"IV","B_2018/started_g7_private/years_in_school/FALSE","reduced_form","0.0141552511415513","0.0141552511415513",TRUE
"IV","B_2018/started_g7_private/years_in_school/FALSE","reduced_form_se","0.223551964908954","0.223551964908954",TRUE
"IV","B_2018/started_g7_private/years_in_school/FALSE","first_stage","0.215372907153729","0.215372907153729",TRUE
"IV","B_2018/started_g7_private/years_in_school/FALSE","first_stage_se","0.0756683384059413","0.0756683384059413",TRUE
"IV","B_2018/started_g7_private/years_in_school/FALSE","first_stage_F","8.10128192159807","8.10128192159807",TRUE
"IV","B_2018/started_g7_private/years_in_school/FALSE","estimate","0.0657243816254362","0.0657243816254362",TRUE
"IV","B_2018/started_g7_private/years_in_school/FALSE","se","1.03112542422436","1.03112542422436",TRUE
"IV","B_2018/started_g7_private/years_in_school/FALSE","ci_low","-1.97055044974383","-1.97055044974383",TRUE
"IV","B_2018/started_g7_private/years_in_school/FALSE","ci_high","2.1019992129947","2.1019992129947",TRUE
"IV","B_2018/started_g7_private/years_in_school/FALSE","p_value","0.949255977981198","0.949255977981198",TRUE
"IV","B_2018/started_g7_private/years_in_school/FALSE","ar_p_zero","0.949590446353504","0.949590446353504",TRUE
"IV","B_2018/started_g7_private/years_in_school/FALSE","var_rf","0.0499754810146541","0.0499754810146541",TRUE
"IV","B_2018/started_g7_private/years_in_school/FALSE","var_fs","0.00572569743711604","0.00572569743711604",TRUE
"IV","B_2018/started_g7_private/years_in_school/FALSE","cov_rf_fs","0.0051902443050834","0.0051902443050834",TRUE
"IV","B_2018/started_g7_private/years_in_school/FALSE","df","161","161",TRUE
"AR set","B_2018/started_g7_private/years_in_school/FALSE","type","bounded","bounded",TRUE
"AR set","B_2018/started_g7_private/years_in_school/FALSE","lower","-3.64799473381041","-3.64799473",TRUE
"AR set","B_2018/started_g7_private/years_in_school/FALSE","upper","2.21861470503775","2.21861471",TRUE
"IV","B_2018/started_g7_private/years_in_school/TRUE","n","163","163",TRUE
"IV","B_2018/started_g7_private/years_in_school/TRUE","n_control","73","73",TRUE
"IV","B_2018/started_g7_private/years_in_school/TRUE","n_selected","90","90",TRUE
"IV","B_2018/started_g7_private/years_in_school/TRUE","reduced_form","-0.264000802112576","-0.264000802112576",TRUE
"IV","B_2018/started_g7_private/years_in_school/TRUE","reduced_form_se","0.208495505554777","0.208495505554777",TRUE
"IV","B_2018/started_g7_private/years_in_school/TRUE","first_stage","0.182015745284303","0.182015745284303",TRUE
"IV","B_2018/started_g7_private/years_in_school/TRUE","first_stage_se","0.0740537784399886","0.0740537784399886",TRUE
"IV","B_2018/started_g7_private/years_in_school/TRUE","first_stage_F","6.04120358963014","6.04120358963014",TRUE
"IV","B_2018/started_g7_private/years_in_school/TRUE","estimate","-1.45042837750226","-1.45042837750226",TRUE
"IV","B_2018/started_g7_private/years_in_school/TRUE","se","1.40342308996943","1.40342308996943",TRUE
"IV","B_2018/started_g7_private/years_in_school/TRUE","ci_low","-4.22273228885346","-4.22273228885346",TRUE
"IV","B_2018/started_g7_private/years_in_school/TRUE","ci_high","1.32187553384894","1.32187553384894",TRUE
"IV","B_2018/started_g7_private/years_in_school/TRUE","p_value","0.302982913909998","0.302982913909998",TRUE
"IV","B_2018/started_g7_private/years_in_school/TRUE","ar_p_zero","0.207334657457904","0.207334657457905",TRUE
"IV","B_2018/started_g7_private/years_in_school/TRUE","var_rf","0.0434703758365422","0.0434703758365422",TRUE
"IV","B_2018/started_g7_private/years_in_school/TRUE","var_fs","0.00548396210123891","0.00548396210123892",TRUE
"IV","B_2018/started_g7_private/years_in_school/TRUE","cov_rf_fs","0.0035317080271634","0.00353170802716339",TRUE
"IV","B_2018/started_g7_private/years_in_school/TRUE","df","155","155",TRUE
"AR set","B_2018/started_g7_private/years_in_school/TRUE","type","bounded","bounded",TRUE
"AR set","B_2018/started_g7_private/years_in_school/TRUE","lower","-11.2965158214472","-11.29651582",TRUE
"AR set","B_2018/started_g7_private/years_in_school/TRUE","upper","0.754125262115731","0.75412526",TRUE
"IV","B_2018/started_g7_private/married_or_cohab/FALSE","n","163","163",TRUE
"IV","B_2018/started_g7_private/married_or_cohab/FALSE","n_control","73","73",TRUE
"IV","B_2018/started_g7_private/married_or_cohab/FALSE","n_selected","90","90",TRUE
"IV","B_2018/started_g7_private/married_or_cohab/FALSE","reduced_form","-0.032572298325723","-0.032572298325723",TRUE
"IV","B_2018/started_g7_private/married_or_cohab/FALSE","reduced_form_se","0.0310398732214652","0.0310398732214652",TRUE
"IV","B_2018/started_g7_private/married_or_cohab/FALSE","first_stage","0.215372907153729","0.215372907153729",TRUE
"IV","B_2018/started_g7_private/married_or_cohab/FALSE","first_stage_se","0.0756683384059413","0.0756683384059413",TRUE
"IV","B_2018/started_g7_private/married_or_cohab/FALSE","first_stage_F","8.10128192159807","8.10128192159807",TRUE
"IV","B_2018/started_g7_private/married_or_cohab/FALSE","estimate","-0.151236749116608","-0.151236749116608",TRUE
"IV","B_2018/started_g7_private/married_or_cohab/FALSE","se","0.143934810079112","0.143934810079112",TRUE
"IV","B_2018/started_g7_private/married_or_cohab/FALSE","ci_low","-0.435480376745595","-0.435480376745595",TRUE
"IV","B_2018/started_g7_private/married_or_cohab/FALSE","ci_high","0.133006878512379","0.133006878512379",TRUE
"IV","B_2018/started_g7_private/married_or_cohab/FALSE","p_value","0.294956788609852","0.294956788609852",TRUE
"IV","B_2018/started_g7_private/married_or_cohab/FALSE","ar_p_zero","0.295580708449623","0.295580708449623",TRUE
"IV","B_2018/started_g7_private/married_or_cohab/FALSE","var_rf","0.000963473729604635","0.000963473729604635",TRUE
"IV","B_2018/started_g7_private/married_or_cohab/FALSE","var_fs","0.00572569743711604","0.00572569743711604",TRUE
"IV","B_2018/started_g7_private/married_or_cohab/FALSE","cov_rf_fs","-0.000441216270158747","-0.000441216270158747",TRUE
"IV","B_2018/started_g7_private/married_or_cohab/FALSE","df","161","161",TRUE
"AR set","B_2018/started_g7_private/married_or_cohab/FALSE","type","bounded","bounded",TRUE
"AR set","B_2018/started_g7_private/married_or_cohab/FALSE","lower","-0.620753627524111","-0.62075363",TRUE
"AR set","B_2018/started_g7_private/married_or_cohab/FALSE","upper","0.180572461487006","0.18057246",TRUE
"IV","B_2018/started_g7_private/married_or_cohab/TRUE","n","163","163",TRUE
"IV","B_2018/started_g7_private/married_or_cohab/TRUE","n_control","73","73",TRUE
"IV","B_2018/started_g7_private/married_or_cohab/TRUE","n_selected","90","90",TRUE
"IV","B_2018/started_g7_private/married_or_cohab/TRUE","reduced_form","-0.0323007558221536","-0.0323007558221536",TRUE
"IV","B_2018/started_g7_private/married_or_cohab/TRUE","reduced_form_se","0.0337452009145421","0.0337452009145421",TRUE
"IV","B_2018/started_g7_private/married_or_cohab/TRUE","first_stage","0.182015745284303","0.182015745284303",TRUE
"IV","B_2018/started_g7_private/married_or_cohab/TRUE","first_stage_se","0.0740537784399886","0.0740537784399886",TRUE
"IV","B_2018/started_g7_private/married_or_cohab/TRUE","first_stage_F","6.04120358963014","6.04120358963014",TRUE
"IV","B_2018/started_g7_private/married_or_cohab/TRUE","estimate","-0.177461327709319","-0.177461327709319",TRUE
"IV","B_2018/started_g7_private/married_or_cohab/TRUE","se","0.186003939118251","0.186003939118251",TRUE
"IV","B_2018/started_g7_private/married_or_cohab/TRUE","ci_low","-0.544891115369071","-0.544891115369071",TRUE
"IV","B_2018/started_g7_private/married_or_cohab/TRUE","ci_high","0.189968459950433","0.189968459950433",TRUE
"IV","B_2018/started_g7_private/married_or_cohab/TRUE","p_value","0.341532249945648","0.341532249945648",TRUE
"IV","B_2018/started_g7_private/married_or_cohab/TRUE","ar_p_zero","0.339959160569523","0.339959160569522",TRUE
"IV","B_2018/started_g7_private/married_or_cohab/TRUE","var_rf","0.00113873858476281","0.00113873858476281",TRUE
"IV","B_2018/started_g7_private/married_or_cohab/TRUE","var_fs","0.00548396210123891","0.00548396210123892",TRUE
"IV","B_2018/started_g7_private/married_or_cohab/TRUE","cov_rf_fs","-0.000465559593429014","-0.000465559593429014",TRUE
"IV","B_2018/started_g7_private/married_or_cohab/TRUE","df","155","155",TRUE
"AR set","B_2018/started_g7_private/married_or_cohab/TRUE","type","bounded","bounded",TRUE
"AR set","B_2018/started_g7_private/married_or_cohab/TRUE","lower","-0.986483140675306","-0.98648314",TRUE
"AR set","B_2018/started_g7_private/married_or_cohab/TRUE","upper","0.293831874443253","0.29383187",TRUE
"IV","B_2018/started_g7_private/has_child/FALSE","n","163","163",TRUE
"IV","B_2018/started_g7_private/has_child/FALSE","n_control","73","73",TRUE
"IV","B_2018/started_g7_private/has_child/FALSE","n_selected","90","90",TRUE
"IV","B_2018/started_g7_private/has_child/FALSE","reduced_form","-0.0103500761035008","-0.0103500761035008",TRUE
"IV","B_2018/started_g7_private/has_child/FALSE","reduced_form_se","0.0345906889263496","0.0345906889263496",TRUE
"IV","B_2018/started_g7_private/has_child/FALSE","first_stage","0.215372907153729","0.215372907153729",TRUE
"IV","B_2018/started_g7_private/has_child/FALSE","first_stage_se","0.0756683384059413","0.0756683384059413",TRUE
"IV","B_2018/started_g7_private/has_child/FALSE","first_stage_F","8.10128192159807","8.10128192159807",TRUE
"IV","B_2018/started_g7_private/has_child/FALSE","estimate","-0.0480565371024739","-0.0480565371024739",TRUE
"IV","B_2018/started_g7_private/has_child/FALSE","se","0.1582748299646","0.1582748299646",TRUE
"IV","B_2018/started_g7_private/has_child/FALSE","ci_low","-0.360618952037203","-0.360618952037203",TRUE
"IV","B_2018/started_g7_private/has_child/FALSE","ci_high","0.264505877832255","0.264505877832255",TRUE
"IV","B_2018/started_g7_private/has_child/FALSE","p_value","0.761803978404857","0.761803978404857",TRUE
"IV","B_2018/started_g7_private/has_child/FALSE","ar_p_zero","0.765161393244108","0.765161393244108",TRUE
"IV","B_2018/started_g7_private/has_child/FALSE","var_rf","0.00119651576039948","0.00119651576039948",TRUE
"IV","B_2018/started_g7_private/has_child/FALSE","var_fs","0.00572569743711604","0.00572569743711604",TRUE
"IV","B_2018/started_g7_private/has_child/FALSE","cov_rf_fs","-0.000496702467967042","-0.000496702467967042",TRUE
"IV","B_2018/started_g7_private/has_child/FALSE","df","161","161",TRUE
"AR set","B_2018/started_g7_private/has_child/FALSE","type","bounded","bounded",TRUE
"AR set","B_2018/started_g7_private/has_child/FALSE","lower","-0.447650106391913","-0.44765011",TRUE
"AR set","B_2018/started_g7_private/has_child/FALSE","upper","0.423369091737894","0.42336909",TRUE
"IV","B_2018/started_g7_private/has_child/TRUE","n","163","163",TRUE
"IV","B_2018/started_g7_private/has_child/TRUE","n_control","73","73",TRUE
"IV","B_2018/started_g7_private/has_child/TRUE","n_selected","90","90",TRUE
"IV","B_2018/started_g7_private/has_child/TRUE","reduced_form","0.0055579293100417","0.00555792931004171",TRUE
"IV","B_2018/started_g7_private/has_child/TRUE","reduced_form_se","0.0412202722307908","0.0412202722307908",TRUE
"IV","B_2018/started_g7_private/has_child/TRUE","first_stage","0.182015745284303","0.182015745284303",TRUE
"IV","B_2018/started_g7_private/has_child/TRUE","first_stage_se","0.0740537784399886","0.0740537784399886",TRUE
"IV","B_2018/started_g7_private/has_child/TRUE","first_stage_F","6.04120358963014","6.04120358963014",TRUE
"IV","B_2018/started_g7_private/has_child/TRUE","estimate","0.0305354314340245","0.0305354314340246",TRUE
"IV","B_2018/started_g7_private/has_child/TRUE","se","0.227699936700566","0.227699936700566",TRUE
"IV","B_2018/started_g7_private/has_child/TRUE","ci_low","-0.419260093266337","-0.419260093266337",TRUE
"IV","B_2018/started_g7_private/has_child/TRUE","ci_high","0.480330956134386","0.480330956134386",TRUE
"IV","B_2018/started_g7_private/has_child/TRUE","p_value","0.893494445967925","0.893494445967925",TRUE
"IV","B_2018/started_g7_private/has_child/TRUE","ar_p_zero","0.892917381689598","0.892917381689598",TRUE
"IV","B_2018/started_g7_private/has_child/TRUE","var_rf","0.00169911084278051","0.00169911084278051",TRUE
"IV","B_2018/started_g7_private/has_child/TRUE","var_fs","0.00548396210123891","0.00548396210123892",TRUE
"IV","B_2018/started_g7_private/has_child/TRUE","cov_rf_fs","-0.000220427298543376","-0.000220427298543376",TRUE
"IV","B_2018/started_g7_private/has_child/TRUE","df","155","155",TRUE
"AR set","B_2018/started_g7_private/has_child/TRUE","type","bounded","bounded",TRUE
"AR set","B_2018/started_g7_private/has_child/TRUE","lower","-0.607272010720882","-0.60727201",TRUE
"AR set","B_2018/started_g7_private/has_child/TRUE","upper","0.92640206359545","0.92640206",TRUE
"IV","B_2018/started_g7_private/working/FALSE","n","163","163",TRUE
"IV","B_2018/started_g7_private/working/FALSE","n_control","73","73",TRUE
"IV","B_2018/started_g7_private/working/FALSE","n_selected","90","90",TRUE
"IV","B_2018/started_g7_private/working/FALSE","reduced_form","-0.00213089802130901","-0.00213089802130901",TRUE
"IV","B_2018/started_g7_private/working/FALSE","reduced_form_se","0.0682305300282948","0.0682305300282948",TRUE
"IV","B_2018/started_g7_private/working/FALSE","first_stage","0.215372907153729","0.215372907153729",TRUE
"IV","B_2018/started_g7_private/working/FALSE","first_stage_se","0.0756683384059413","0.0756683384059413",TRUE
"IV","B_2018/started_g7_private/working/FALSE","first_stage_F","8.10128192159807","8.10128192159807",TRUE
"IV","B_2018/started_g7_private/working/FALSE","estimate","-0.00989399293286235","-0.00989399293286235",TRUE
"IV","B_2018/started_g7_private/working/FALSE","se","0.316562183424025","0.316562183424025",TRUE
"IV","B_2018/started_g7_private/working/FALSE","ci_low","-0.63504355430124","-0.63504355430124",TRUE
"IV","B_2018/started_g7_private/working/FALSE","ci_high","0.615255568435515","0.615255568435515",TRUE
"IV","B_2018/started_g7_private/working/FALSE","p_value","0.975105287340856","0.975105287340856",TRUE
"IV","B_2018/started_g7_private/working/FALSE","ar_p_zero","0.975124112530607","0.975124112530607",TRUE
"IV","B_2018/started_g7_private/working/FALSE","var_rf","0.00465540522794204","0.00465540522794204",TRUE
"IV","B_2018/started_g7_private/working/FALSE","var_fs","0.00572569743711604","0.00572569743711604",TRUE
"IV","B_2018/started_g7_private/working/FALSE","cov_rf_fs","-0.000384116844207662","-0.000384116844207662",TRUE
"IV","B_2018/started_g7_private/working/FALSE","df","161","161",TRUE
"AR set","B_2018/started_g7_private/working/FALSE","type","bounded","bounded",TRUE
"AR set","B_2018/started_g7_private/working/FALSE","lower","-0.826514679467141","-0.82651468",TRUE
"AR set","B_2018/started_g7_private/working/FALSE","upper","0.91290190750694","0.91290191",TRUE
"IV","B_2018/started_g7_private/working/TRUE","n","163","163",TRUE
"IV","B_2018/started_g7_private/working/TRUE","n_control","73","73",TRUE
"IV","B_2018/started_g7_private/working/TRUE","n_selected","90","90",TRUE
"IV","B_2018/started_g7_private/working/TRUE","reduced_form","0.00124670447149117","0.00124670447149117",TRUE
"IV","B_2018/started_g7_private/working/TRUE","reduced_form_se","0.0708452180894626","0.0708452180894626",TRUE
"IV","B_2018/started_g7_private/working/TRUE","first_stage","0.182015745284303","0.182015745284303",TRUE
"IV","B_2018/started_g7_private/working/TRUE","first_stage_se","0.0740537784399886","0.0740537784399886",TRUE
"IV","B_2018/started_g7_private/working/TRUE","first_stage_F","6.04120358963014","6.04120358963014",TRUE
"IV","B_2018/started_g7_private/working/TRUE","estimate","0.00684943200679619","0.00684943200679618",TRUE
"IV","B_2018/started_g7_private/working/TRUE","se","0.389104999118395","0.389104999118395",TRUE
"IV","B_2018/started_g7_private/working/TRUE","ci_low","-0.761783575880891","-0.761783575880891",TRUE
"IV","B_2018/started_g7_private/working/TRUE","ci_high","0.775482439894484","0.775482439894484",TRUE
"IV","B_2018/started_g7_private/working/TRUE","p_value","0.985978167769034","0.985978167769034",TRUE
"IV","B_2018/started_g7_private/working/TRUE","ar_p_zero","0.985982517976816","0.985982517976816",TRUE
"IV","B_2018/started_g7_private/working/TRUE","var_rf","0.00501904492614352","0.00501904492614352",TRUE
"IV","B_2018/started_g7_private/working/TRUE","var_fs","0.00548396210123891","0.00548396210123892",TRUE
"IV","B_2018/started_g7_private/working/TRUE","cov_rf_fs","0.000246107218999885","0.000246107218999884",TRUE
"IV","B_2018/started_g7_private/working/TRUE","df","155","155",TRUE
"AR set","B_2018/started_g7_private/working/TRUE","type","bounded","bounded",TRUE
"AR set","B_2018/started_g7_private/working/TRUE","lower","-1.35611082003876","-1.35611082",TRUE
"AR set","B_2018/started_g7_private/working/TRUE","upper","1.2310640303566","1.23106403",TRUE
"IV","B_2018/started_g7_private/hours_worked/FALSE","n","163","163",TRUE
"IV","B_2018/started_g7_private/hours_worked/FALSE","n_control","73","73",TRUE
"IV","B_2018/started_g7_private/hours_worked/FALSE","n_selected","90","90",TRUE
"IV","B_2018/started_g7_private/hours_worked/FALSE","reduced_form","-0.490410958904103","-0.490410958904103",TRUE
"IV","B_2018/started_g7_private/hours_worked/FALSE","reduced_form_se","1.97232718020126","1.97232718020126",TRUE
"IV","B_2018/started_g7_private/hours_worked/FALSE","first_stage","0.215372907153729","0.215372907153729",TRUE
"IV","B_2018/started_g7_private/hours_worked/FALSE","first_stage_se","0.0756683384059413","0.0756683384059413",TRUE
"IV","B_2018/started_g7_private/hours_worked/FALSE","first_stage_F","8.10128192159807","8.10128192159807",TRUE
"IV","B_2018/started_g7_private/hours_worked/FALSE","estimate","-2.27703180212011","-2.27703180212011",TRUE
"IV","B_2018/started_g7_private/hours_worked/FALSE","se","9.12987810558593","9.12987810558593",TRUE
"IV","B_2018/started_g7_private/hours_worked/FALSE","ci_low","-20.3067889617387","-20.3067889617387",TRUE
"IV","B_2018/started_g7_private/hours_worked/FALSE","ci_high","15.7527253574984","15.7527253574984",TRUE
"IV","B_2018/started_g7_private/hours_worked/FALSE","p_value","0.803365888285073","0.803365888285073",TRUE
"IV","B_2018/started_g7_private/hours_worked/FALSE","ar_p_zero","0.803951631752619","0.803951631752619",TRUE
"IV","B_2018/started_g7_private/hours_worked/FALSE","var_rf","3.89007450576065","3.89007450576065",TRUE
"IV","B_2018/started_g7_private/hours_worked/FALSE","var_fs","0.00572569743711604","0.00572569743711604",TRUE
"IV","B_2018/started_g7_private/hours_worked/FALSE","cov_rf_fs","-0.0117069486935663","-0.0117069486935663",TRUE
"IV","B_2018/started_g7_private/hours_worked/FALSE","df","161","161",TRUE
"AR set","B_2018/started_g7_private/hours_worked/FALSE","type","bounded","bounded",TRUE
"AR set","B_2018/started_g7_private/hours_worked/FALSE","lower","-27.5299119598894","-27.52991196",TRUE
"AR set","B_2018/started_g7_private/hours_worked/FALSE","upper","22.5444102441758","22.54441024",TRUE
"IV","B_2018/started_g7_private/hours_worked/TRUE","n","163","163",TRUE
"IV","B_2018/started_g7_private/hours_worked/TRUE","n_control","73","73",TRUE
"IV","B_2018/started_g7_private/hours_worked/TRUE","n_selected","90","90",TRUE
"IV","B_2018/started_g7_private/hours_worked/TRUE","reduced_form","-0.69314332890296","-0.69314332890296",TRUE
"IV","B_2018/started_g7_private/hours_worked/TRUE","reduced_form_se","1.90439352842029","1.90439352842029",TRUE
"IV","B_2018/started_g7_private/hours_worked/TRUE","first_stage","0.182015745284303","0.182015745284303",TRUE
"IV","B_2018/started_g7_private/hours_worked/TRUE","first_stage_se","0.0740537784399886","0.0740537784399886",TRUE
"IV","B_2018/started_g7_private/hours_worked/TRUE","first_stage_F","6.04120358963014","6.04120358963014",TRUE
"IV","B_2018/started_g7_private/hours_worked/TRUE","estimate","-3.80815037633306","-3.80815037633306",TRUE
"IV","B_2018/started_g7_private/hours_worked/TRUE","se","10.4369907337692","10.4369907337692",TRUE
"IV","B_2018/started_g7_private/hours_worked/TRUE","ci_low","-24.4252475587621","-24.4252475587621",TRUE
"IV","B_2018/started_g7_private/hours_worked/TRUE","ci_high","16.808946806096","16.808946806096",TRUE
"IV","B_2018/started_g7_private/hours_worked/TRUE","p_value","0.715705405204478","0.715705405204478",TRUE
"IV","B_2018/started_g7_private/hours_worked/TRUE","ar_p_zero","0.716375937940922","0.716375937940922",TRUE
"IV","B_2018/started_g7_private/hours_worked/TRUE","var_rf","3.62671471108909","3.62671471108909",TRUE
"IV","B_2018/started_g7_private/hours_worked/TRUE","var_fs","0.00548396210123891","0.00548396210123892",TRUE
"IV","B_2018/started_g7_private/hours_worked/TRUE","cov_rf_fs","-0.0127878130364469","-0.0127878130364469",TRUE
"IV","B_2018/started_g7_private/hours_worked/TRUE","df","155","155",TRUE
"AR set","B_2018/started_g7_private/hours_worked/TRUE","type","bounded","bounded",TRUE
"AR set","B_2018/started_g7_private/hours_worked/TRUE","lower","-41.2538379728868","-41.25383797",TRUE
"AR set","B_2018/started_g7_private/hours_worked/TRUE","upper","28.2512879748322","28.25128797",TRUE
"IV Holm","A_2020/in_private_now/FALSE/1","AR Holm five","0.292428511912728","0.292428511912728",TRUE
"IV Holm","A_2020/in_private_now/FALSE/2","AR Holm five","0.292428511912728","0.292428511912728",TRUE
"IV Holm","A_2020/in_private_now/FALSE/3","AR Holm five","0.292428511912728","0.292428511912728",TRUE
"IV Holm","A_2020/in_private_now/FALSE/4","AR Holm five","0.286442399142136","0.286442399142136",TRUE
"IV Holm","A_2020/in_private_now/FALSE/5","AR Holm five","0.158234742566259","0.15823474256626",TRUE
"IV Holm","A_2020/in_private_now/TRUE/1","AR Holm five","0.464438108340004","0.464438108340003",TRUE
"IV Holm","A_2020/in_private_now/TRUE/2","AR Holm five","0.464438108340004","0.464438108340003",TRUE
"IV Holm","A_2020/in_private_now/TRUE/3","AR Holm five","0.464438108340004","0.464438108340003",TRUE
"IV Holm","A_2020/in_private_now/TRUE/4","AR Holm five","0.446397350003499","0.4463973500035",TRUE
"IV Holm","A_2020/in_private_now/TRUE/5","AR Holm five","0.253239195277451","0.253239195277451",TRUE
"IV Holm","A_2020/started_g6_private/FALSE/1","AR Holm five","0.777969525058148","0.777969525058149",TRUE
"IV Holm","A_2020/started_g6_private/FALSE/2","AR Holm five","0.777969525058148","0.777969525058149",TRUE
"IV Holm","A_2020/started_g6_private/FALSE/3","AR Holm five","0.777969525058148","0.777969525058149",TRUE
"IV Holm","A_2020/started_g6_private/FALSE/4","AR Holm five","0.194696715381921","0.194696715381921",TRUE
"IV Holm","A_2020/started_g6_private/FALSE/5","AR Holm five","0.111186589779982","0.111186589779982",TRUE
"IV Holm","A_2020/started_g6_private/TRUE/1","AR Holm five","1","1",TRUE
"IV Holm","A_2020/started_g6_private/TRUE/2","AR Holm five","1","1",TRUE
"IV Holm","A_2020/started_g6_private/TRUE/3","AR Holm five","1","1",TRUE
"IV Holm","A_2020/started_g6_private/TRUE/4","AR Holm five","0.276039870549021","0.276039870549021",TRUE
"IV Holm","A_2020/started_g6_private/TRUE/5","AR Holm five","0.159354599201187","0.159354599201187",TRUE
"IV Holm","A_2020/started_g7_private/FALSE/1","AR Holm five","0.777969525058148","0.777969525058149",TRUE
"IV Holm","A_2020/started_g7_private/FALSE/2","AR Holm five","0.777969525058148","0.777969525058149",TRUE
"IV Holm","A_2020/started_g7_private/FALSE/3","AR Holm five","0.777969525058148","0.777969525058149",TRUE
"IV Holm","A_2020/started_g7_private/FALSE/4","AR Holm five","0.194696715381921","0.194696715381921",TRUE
"IV Holm","A_2020/started_g7_private/FALSE/5","AR Holm five","0.111186589779982","0.111186589779982",TRUE
"IV Holm","A_2020/started_g7_private/TRUE/1","AR Holm five","1","1",TRUE
"IV Holm","A_2020/started_g7_private/TRUE/2","AR Holm five","1","1",TRUE
"IV Holm","A_2020/started_g7_private/TRUE/3","AR Holm five","1","1",TRUE
"IV Holm","A_2020/started_g7_private/TRUE/4","AR Holm five","0.276039870549021","0.276039870549021",TRUE
"IV Holm","A_2020/started_g7_private/TRUE/5","AR Holm five","0.159354599201187","0.159354599201187",TRUE
"IV Holm","A_2022/in_private_now/FALSE/1","AR Holm five","1","1",TRUE
"IV Holm","A_2022/in_private_now/FALSE/2","AR Holm five",NA,NA,TRUE
"IV Holm","A_2022/in_private_now/FALSE/3","AR Holm five",NA,NA,TRUE
"IV Holm","A_2022/in_private_now/FALSE/4","AR Holm five","1","1",TRUE
"IV Holm","A_2022/in_private_now/FALSE/5","AR Holm five","1","1",TRUE
"IV Holm","A_2022/in_private_now/TRUE/1","AR Holm five","1","1",TRUE
"IV Holm","A_2022/in_private_now/TRUE/2","AR Holm five",NA,NA,TRUE
"IV Holm","A_2022/in_private_now/TRUE/3","AR Holm five",NA,NA,TRUE
"IV Holm","A_2022/in_private_now/TRUE/4","AR Holm five","1","1",TRUE
"IV Holm","A_2022/in_private_now/TRUE/5","AR Holm five","1","1",TRUE
"IV Holm","A_2022/started_g6_private/FALSE/1","AR Holm five","1","1",TRUE
"IV Holm","A_2022/started_g6_private/FALSE/2","AR Holm five",NA,NA,TRUE
"IV Holm","A_2022/started_g6_private/FALSE/3","AR Holm five",NA,NA,TRUE
"IV Holm","A_2022/started_g6_private/FALSE/4","AR Holm five","1","1",TRUE
"IV Holm","A_2022/started_g6_private/FALSE/5","AR Holm five","1","1",TRUE
"IV Holm","A_2022/started_g6_private/TRUE/1","AR Holm five","1","1",TRUE
"IV Holm","A_2022/started_g6_private/TRUE/2","AR Holm five",NA,NA,TRUE
"IV Holm","A_2022/started_g6_private/TRUE/3","AR Holm five",NA,NA,TRUE
"IV Holm","A_2022/started_g6_private/TRUE/4","AR Holm five","1","1",TRUE
"IV Holm","A_2022/started_g6_private/TRUE/5","AR Holm five","1","1",TRUE
"IV Holm","A_2022/started_g7_private/FALSE/1","AR Holm five","1","1",TRUE
"IV Holm","A_2022/started_g7_private/FALSE/2","AR Holm five",NA,NA,TRUE
"IV Holm","A_2022/started_g7_private/FALSE/3","AR Holm five",NA,NA,TRUE
"IV Holm","A_2022/started_g7_private/FALSE/4","AR Holm five","1","1",TRUE
"IV Holm","A_2022/started_g7_private/FALSE/5","AR Holm five","1","1",TRUE
"IV Holm","A_2022/started_g7_private/TRUE/1","AR Holm five","1","1",TRUE
"IV Holm","A_2022/started_g7_private/TRUE/2","AR Holm five",NA,NA,TRUE
"IV Holm","A_2022/started_g7_private/TRUE/3","AR Holm five",NA,NA,TRUE
"IV Holm","A_2022/started_g7_private/TRUE/4","AR Holm five","1","1",TRUE
"IV Holm","A_2022/started_g7_private/TRUE/5","AR Holm five","1","1",TRUE
"IV Holm","B_2018/in_private_now/FALSE/1","AR Holm five","1","1",TRUE
"IV Holm","B_2018/in_private_now/FALSE/2","AR Holm five","1","1",TRUE
"IV Holm","B_2018/in_private_now/FALSE/3","AR Holm five","1","1",TRUE
"IV Holm","B_2018/in_private_now/FALSE/4","AR Holm five","1","1",TRUE
"IV Holm","B_2018/in_private_now/FALSE/5","AR Holm five","1","1",TRUE
"IV Holm","B_2018/in_private_now/TRUE/1","AR Holm five","1","1",TRUE
"IV Holm","B_2018/in_private_now/TRUE/2","AR Holm five","1","1",TRUE
"IV Holm","B_2018/in_private_now/TRUE/3","AR Holm five","1","1",TRUE
"IV Holm","B_2018/in_private_now/TRUE/4","AR Holm five","1","1",TRUE
"IV Holm","B_2018/in_private_now/TRUE/5","AR Holm five","1","1",TRUE
"IV Holm","B_2018/started_g6_private/FALSE/1","AR Holm five","1","1",TRUE
"IV Holm","B_2018/started_g6_private/FALSE/2","AR Holm five","1","1",TRUE
"IV Holm","B_2018/started_g6_private/FALSE/3","AR Holm five","1","1",TRUE
"IV Holm","B_2018/started_g6_private/FALSE/4","AR Holm five","1","1",TRUE
"IV Holm","B_2018/started_g6_private/FALSE/5","AR Holm five","1","1",TRUE
"IV Holm","B_2018/started_g6_private/TRUE/1","AR Holm five","1","1",TRUE
"IV Holm","B_2018/started_g6_private/TRUE/2","AR Holm five","1","1",TRUE
"IV Holm","B_2018/started_g6_private/TRUE/3","AR Holm five","1","1",TRUE
"IV Holm","B_2018/started_g6_private/TRUE/4","AR Holm five","1","1",TRUE
"IV Holm","B_2018/started_g6_private/TRUE/5","AR Holm five","1","1",TRUE
"IV Holm","B_2018/started_g7_private/FALSE/1","AR Holm five","1","1",TRUE
"IV Holm","B_2018/started_g7_private/FALSE/2","AR Holm five","1","1",TRUE
"IV Holm","B_2018/started_g7_private/FALSE/3","AR Holm five","1","1",TRUE
"IV Holm","B_2018/started_g7_private/FALSE/4","AR Holm five","1","1",TRUE
"IV Holm","B_2018/started_g7_private/FALSE/5","AR Holm five","1","1",TRUE
"IV Holm","B_2018/started_g7_private/TRUE/1","AR Holm five","1","1",TRUE
"IV Holm","B_2018/started_g7_private/TRUE/2","AR Holm five","1","1",TRUE
"IV Holm","B_2018/started_g7_private/TRUE/3","AR Holm five","1","1",TRUE
"IV Holm","B_2018/started_g7_private/TRUE/4","AR Holm five","1","1",TRUE
"IV Holm","B_2018/started_g7_private/TRUE/5","AR Holm five","1","1",TRUE
"Transition","A_2020/0/started_g6_private/started_g7_private","prior_private","503","503",TRUE
"Transition","A_2020/0/started_g6_private/started_g7_private","paired_observed","503","503",TRUE
"Transition","A_2020/0/started_g6_private/started_g7_private","later_unknown","0","0",TRUE
"Transition","A_2020/0/started_g6_private/started_g7_private","exits","125","125",TRUE
"Transition","A_2020/0/started_g6_private/started_g7_private","exit_fraction","0.248508946322068","0.248508946322068",TRUE
"Transition","A_2020/0/started_g6_private/started_g7_private","exits_currently_enrolled","79","79",TRUE
"Transition","A_2020/0/started_g6_private/started_g7_private","exits_not_currently_enrolled","46","46",TRUE
"Transition","A_2020/0/started_g6_private/started_g7_private","exits_enrollment_unknown","0","0",TRUE
"Transition","A_2020/0/started_g6_private/in_private_now","prior_private","503","503",TRUE
"Transition","A_2020/0/started_g6_private/in_private_now","paired_observed","498","498",TRUE
"Transition","A_2020/0/started_g6_private/in_private_now","later_unknown","5","5",TRUE
"Transition","A_2020/0/started_g6_private/in_private_now","exits","208","208",TRUE
"Transition","A_2020/0/started_g6_private/in_private_now","exit_fraction","0.417670682730924","0.417670682730924",TRUE
"Transition","A_2020/0/started_g6_private/in_private_now","exits_currently_enrolled","127","127",TRUE
"Transition","A_2020/0/started_g6_private/in_private_now","exits_not_currently_enrolled","81","81",TRUE
"Transition","A_2020/0/started_g6_private/in_private_now","exits_enrollment_unknown","0","0",TRUE
"Transition","A_2020/0/started_g7_private/in_private_now","prior_private","388","388",TRUE
"Transition","A_2020/0/started_g7_private/in_private_now","paired_observed","383","383",TRUE
"Transition","A_2020/0/started_g7_private/in_private_now","later_unknown","5","5",TRUE
"Transition","A_2020/0/started_g7_private/in_private_now","exits","89","89",TRUE
"Transition","A_2020/0/started_g7_private/in_private_now","exit_fraction","0.232375979112272","0.232375979112272",TRUE
"Transition","A_2020/0/started_g7_private/in_private_now","exits_currently_enrolled","52","52",TRUE
"Transition","A_2020/0/started_g7_private/in_private_now","exits_not_currently_enrolled","37","37",TRUE
"Transition","A_2020/0/started_g7_private/in_private_now","exits_enrollment_unknown","0","0",TRUE
"Transition","A_2020/1/started_g6_private/started_g7_private","prior_private","554","554",TRUE
"Transition","A_2020/1/started_g6_private/started_g7_private","paired_observed","554","554",TRUE
"Transition","A_2020/1/started_g6_private/started_g7_private","later_unknown","0","0",TRUE
"Transition","A_2020/1/started_g6_private/started_g7_private","exits","60","60",TRUE
"Transition","A_2020/1/started_g6_private/started_g7_private","exit_fraction","0.108303249097473","0.108303249097473",TRUE
"Transition","A_2020/1/started_g6_private/started_g7_private","exits_currently_enrolled","28","28",TRUE
"Transition","A_2020/1/started_g6_private/started_g7_private","exits_not_currently_enrolled","32","32",TRUE
"Transition","A_2020/1/started_g6_private/started_g7_private","exits_enrollment_unknown","0","0",TRUE
"Transition","A_2020/1/started_g6_private/in_private_now","prior_private","554","554",TRUE
"Transition","A_2020/1/started_g6_private/in_private_now","paired_observed","552","552",TRUE
"Transition","A_2020/1/started_g6_private/in_private_now","later_unknown","2","2",TRUE
"Transition","A_2020/1/started_g6_private/in_private_now","exits","150","150",TRUE
"Transition","A_2020/1/started_g6_private/in_private_now","exit_fraction","0.271739130434783","0.271739130434783",TRUE
"Transition","A_2020/1/started_g6_private/in_private_now","exits_currently_enrolled","68","68",TRUE
"Transition","A_2020/1/started_g6_private/in_private_now","exits_not_currently_enrolled","82","82",TRUE
"Transition","A_2020/1/started_g6_private/in_private_now","exits_enrollment_unknown","0","0",TRUE
"Transition","A_2020/1/started_g7_private/in_private_now","prior_private","499","499",TRUE
"Transition","A_2020/1/started_g7_private/in_private_now","paired_observed","497","497",TRUE
"Transition","A_2020/1/started_g7_private/in_private_now","later_unknown","2","2",TRUE
"Transition","A_2020/1/started_g7_private/in_private_now","exits","98","98",TRUE
"Transition","A_2020/1/started_g7_private/in_private_now","exit_fraction","0.197183098591549","0.197183098591549",TRUE
"Transition","A_2020/1/started_g7_private/in_private_now","exits_currently_enrolled","48","48",TRUE
"Transition","A_2020/1/started_g7_private/in_private_now","exits_not_currently_enrolled","50","50",TRUE
"Transition","A_2020/1/started_g7_private/in_private_now","exits_enrollment_unknown","0","0",TRUE
"Transition","A_2022/0/started_g6_private/started_g7_private","prior_private","115","115",TRUE
"Transition","A_2022/0/started_g6_private/started_g7_private","paired_observed","115","115",TRUE
"Transition","A_2022/0/started_g6_private/started_g7_private","later_unknown","0","0",TRUE
"Transition","A_2022/0/started_g6_private/started_g7_private","exits","34","34",TRUE
"Transition","A_2022/0/started_g6_private/started_g7_private","exit_fraction","0.295652173913043","0.295652173913043",TRUE
"Transition","A_2022/0/started_g6_private/started_g7_private","exits_currently_enrolled","27","27",TRUE
"Transition","A_2022/0/started_g6_private/started_g7_private","exits_not_currently_enrolled","7","7",TRUE
"Transition","A_2022/0/started_g6_private/started_g7_private","exits_enrollment_unknown","0","0",TRUE
"Transition","A_2022/0/started_g6_private/in_private_now","prior_private","115","115",TRUE
"Transition","A_2022/0/started_g6_private/in_private_now","paired_observed","115","115",TRUE
"Transition","A_2022/0/started_g6_private/in_private_now","later_unknown","0","0",TRUE
"Transition","A_2022/0/started_g6_private/in_private_now","exits","32","32",TRUE
"Transition","A_2022/0/started_g6_private/in_private_now","exit_fraction","0.278260869565217","0.278260869565217",TRUE
"Transition","A_2022/0/started_g6_private/in_private_now","exits_currently_enrolled","25","25",TRUE
"Transition","A_2022/0/started_g6_private/in_private_now","exits_not_currently_enrolled","7","7",TRUE
"Transition","A_2022/0/started_g6_private/in_private_now","exits_enrollment_unknown","0","0",TRUE
"Transition","A_2022/0/started_g7_private/in_private_now","prior_private","83","83",TRUE
"Transition","A_2022/0/started_g7_private/in_private_now","paired_observed","83","83",TRUE
"Transition","A_2022/0/started_g7_private/in_private_now","later_unknown","0","0",TRUE
"Transition","A_2022/0/started_g7_private/in_private_now","exits","5","5",TRUE
"Transition","A_2022/0/started_g7_private/in_private_now","exit_fraction","0.0602409638554217","0.0602409638554217",TRUE
"Transition","A_2022/0/started_g7_private/in_private_now","exits_currently_enrolled","5","5",TRUE
"Transition","A_2022/0/started_g7_private/in_private_now","exits_not_currently_enrolled","0","0",TRUE
"Transition","A_2022/0/started_g7_private/in_private_now","exits_enrollment_unknown","0","0",TRUE
"Transition","A_2022/1/started_g6_private/started_g7_private","prior_private","127","127",TRUE
"Transition","A_2022/1/started_g6_private/started_g7_private","paired_observed","127","127",TRUE
"Transition","A_2022/1/started_g6_private/started_g7_private","later_unknown","0","0",TRUE
"Transition","A_2022/1/started_g6_private/started_g7_private","exits","13","13",TRUE
"Transition","A_2022/1/started_g6_private/started_g7_private","exit_fraction","0.102362204724409","0.102362204724409",TRUE
"Transition","A_2022/1/started_g6_private/started_g7_private","exits_currently_enrolled","10","10",TRUE
"Transition","A_2022/1/started_g6_private/started_g7_private","exits_not_currently_enrolled","3","3",TRUE
"Transition","A_2022/1/started_g6_private/started_g7_private","exits_enrollment_unknown","0","0",TRUE
"Transition","A_2022/1/started_g6_private/in_private_now","prior_private","127","127",TRUE
"Transition","A_2022/1/started_g6_private/in_private_now","paired_observed","126","126",TRUE
"Transition","A_2022/1/started_g6_private/in_private_now","later_unknown","1","1",TRUE
"Transition","A_2022/1/started_g6_private/in_private_now","exits","11","11",TRUE
"Transition","A_2022/1/started_g6_private/in_private_now","exit_fraction","0.0873015873015873","0.0873015873015873",TRUE
"Transition","A_2022/1/started_g6_private/in_private_now","exits_currently_enrolled","8","8",TRUE
"Transition","A_2022/1/started_g6_private/in_private_now","exits_not_currently_enrolled","3","3",TRUE
"Transition","A_2022/1/started_g6_private/in_private_now","exits_enrollment_unknown","0","0",TRUE
"Transition","A_2022/1/started_g7_private/in_private_now","prior_private","118","118",TRUE
"Transition","A_2022/1/started_g7_private/in_private_now","paired_observed","117","117",TRUE
"Transition","A_2022/1/started_g7_private/in_private_now","later_unknown","1","1",TRUE
"Transition","A_2022/1/started_g7_private/in_private_now","exits","2","2",TRUE
"Transition","A_2022/1/started_g7_private/in_private_now","exit_fraction","0.0170940170940171","0.0170940170940171",TRUE
"Transition","A_2022/1/started_g7_private/in_private_now","exits_currently_enrolled","1","1",TRUE
"Transition","A_2022/1/started_g7_private/in_private_now","exits_not_currently_enrolled","1","1",TRUE
"Transition","A_2022/1/started_g7_private/in_private_now","exits_enrollment_unknown","0","0",TRUE
"Transition","B_2018/0/started_g6_private/started_g7_private","prior_private","38","38",TRUE
"Transition","B_2018/0/started_g6_private/started_g7_private","paired_observed","38","38",TRUE
"Transition","B_2018/0/started_g6_private/started_g7_private","later_unknown","0","0",TRUE
"Transition","B_2018/0/started_g6_private/started_g7_private","exits","4","4",TRUE
"Transition","B_2018/0/started_g6_private/started_g7_private","exit_fraction","0.105263157894737","0.105263157894737",TRUE
"Transition","B_2018/0/started_g6_private/started_g7_private","exits_currently_enrolled","4","4",TRUE
"Transition","B_2018/0/started_g6_private/started_g7_private","exits_not_currently_enrolled","0","0",TRUE
"Transition","B_2018/0/started_g6_private/started_g7_private","exits_enrollment_unknown","0","0",TRUE
"Transition","B_2018/0/started_g6_private/in_private_now","prior_private","38","38",TRUE
"Transition","B_2018/0/started_g6_private/in_private_now","paired_observed","38","38",TRUE
"Transition","B_2018/0/started_g6_private/in_private_now","later_unknown","0","0",TRUE
"Transition","B_2018/0/started_g6_private/in_private_now","exits","13","13",TRUE
"Transition","B_2018/0/started_g6_private/in_private_now","exit_fraction","0.342105263157895","0.342105263157895",TRUE
"Transition","B_2018/0/started_g6_private/in_private_now","exits_currently_enrolled","9","9",TRUE
"Transition","B_2018/0/started_g6_private/in_private_now","exits_not_currently_enrolled","4","4",TRUE
"Transition","B_2018/0/started_g6_private/in_private_now","exits_enrollment_unknown","0","0",TRUE
"Transition","B_2018/0/started_g7_private/in_private_now","prior_private","37","37",TRUE
"Transition","B_2018/0/started_g7_private/in_private_now","paired_observed","37","37",TRUE
"Transition","B_2018/0/started_g7_private/in_private_now","later_unknown","0","0",TRUE
"Transition","B_2018/0/started_g7_private/in_private_now","exits","11","11",TRUE
"Transition","B_2018/0/started_g7_private/in_private_now","exit_fraction","0.297297297297297","0.297297297297297",TRUE
"Transition","B_2018/0/started_g7_private/in_private_now","exits_currently_enrolled","7","7",TRUE
"Transition","B_2018/0/started_g7_private/in_private_now","exits_not_currently_enrolled","4","4",TRUE
"Transition","B_2018/0/started_g7_private/in_private_now","exits_enrollment_unknown","0","0",TRUE
"Transition","B_2018/1/started_g6_private/started_g7_private","prior_private","71","71",TRUE
"Transition","B_2018/1/started_g6_private/started_g7_private","paired_observed","71","71",TRUE
"Transition","B_2018/1/started_g6_private/started_g7_private","later_unknown","0","0",TRUE
"Transition","B_2018/1/started_g6_private/started_g7_private","exits","7","7",TRUE
"Transition","B_2018/1/started_g6_private/started_g7_private","exit_fraction","0.0985915492957746","0.0985915492957746",TRUE
"Transition","B_2018/1/started_g6_private/started_g7_private","exits_currently_enrolled","4","4",TRUE
"Transition","B_2018/1/started_g6_private/started_g7_private","exits_not_currently_enrolled","3","3",TRUE
"Transition","B_2018/1/started_g6_private/started_g7_private","exits_enrollment_unknown","0","0",TRUE
"Transition","B_2018/1/started_g6_private/in_private_now","prior_private","71","71",TRUE
"Transition","B_2018/1/started_g6_private/in_private_now","paired_observed","70","70",TRUE
"Transition","B_2018/1/started_g6_private/in_private_now","later_unknown","1","1",TRUE
"Transition","B_2018/1/started_g6_private/in_private_now","exits","20","20",TRUE
"Transition","B_2018/1/started_g6_private/in_private_now","exit_fraction","0.285714285714286","0.285714285714286",TRUE
"Transition","B_2018/1/started_g6_private/in_private_now","exits_currently_enrolled","7","7",TRUE
"Transition","B_2018/1/started_g6_private/in_private_now","exits_not_currently_enrolled","13","13",TRUE
"Transition","B_2018/1/started_g6_private/in_private_now","exits_enrollment_unknown","0","0",TRUE
"Transition","B_2018/1/started_g7_private/in_private_now","prior_private","65","65",TRUE
"Transition","B_2018/1/started_g7_private/in_private_now","paired_observed","64","64",TRUE
"Transition","B_2018/1/started_g7_private/in_private_now","later_unknown","1","1",TRUE
"Transition","B_2018/1/started_g7_private/in_private_now","exits","14","14",TRUE
"Transition","B_2018/1/started_g7_private/in_private_now","exit_fraction","0.21875","0.21875",TRUE
"Transition","B_2018/1/started_g7_private/in_private_now","exits_currently_enrolled","3","3",TRUE
"Transition","B_2018/1/started_g7_private/in_private_now","exits_not_currently_enrolled","11","11",TRUE
"Transition","B_2018/1/started_g7_private/in_private_now","exits_enrollment_unknown","0","0",TRUE
"Transition","record level","exact source IDs","100011,100017,100027,100029,100031,100036,100041,100042,100043,100046,100047,100048,100050,100060,100064,100069,100072,100073,100076,100078,100083,100084,100092,100093,100097,100098,100099,100109,100117,100119,100120,100125,100128,100131,100140,100144,100148,100150,100157,100160,100165,100169,100171,100173,100175,100176,100178,100180,100184,100185,100191,100200,100207,100215,100218,100223,100226,100228,100231,100236,100238,100239,100242,100243,100253,100259,100265,100266,100270,100272,100279,100280,100281,100282,100288,100291,100294,100296,100299,100300,100306,100307,100309,100313,100315,100319,100323,100328,100334,100336,100337,100339,100346,100349,100350,100351,100352,100361,100366,100367,100379,100384,100387,100398,100399,100402,100405,100410,100411,100412,100415,100417,100423,100437,100440,100445,100446,100447,100451,100452,100459,100460,100462,100470,100472,100475,100478,100483,100485,100488,100489,100503,100504,100505,100509,100510,100512,100520,100522,100525,100527,100529,100530,100532,100533,100537,100543,100546,100560,100566,100568,100569,100570,100572,100573,100577,100579,100582,100592,100605,100607,100609,100610,100614,100615,100619,100620,100621,100622,100623,100625,100630,100634,100636,100637,100644,100650,100653,100655,100656,100660,100666,100669,100674,100675,100677,100682,100686,100688,100691,100692,100693,100695,100696,100701,100704,100706,100710,100715,100716,100723,100731,100732,100733,100735,100736,100739,100741,100750,100752,100760,100765,100769,100771,100772,100778,100785,100788,100792,100794,100799,100810,100811,100813,100821,100822,100824,100826,100834,100847,100851,100863,100864,100868,100874,100875,100876,100882,100884,100885,100891,100893,100899,100903,100917,100920,100924,100925,100928,100931,100936,100937,100945,100946,100948,100955,100961,100968,100970,100981,100983,100985,100990,100991,100997,101000,101002,101015,101016,101020,101023,101024,101028,101032,101034,101037,101038,101039,101042,101046,101049,101052,101053,101057,101060,101070,101072,101076,101082,101085,101086,101090,101092,101093,101094,101099,101103,101110,101111,101116,101117,101124,101128,101130,101131,101132,101138,101145,101147,101152,101159,101165,101170,101172,101177,101182,101187,101188,101189,101190,101192,101194,101197,101200,101201,101202,101204,101208,101209,101212,101214,101218,101221,101231,101234,101235,101239,101241,101242,101248,101249,101252,101258,101259,101268,101270,101272,101279,101288,101289,101291,101295,101296,101298,101299,101300,101301,101302,101311,101313,101317,101319,101321,101322,101323,101325,101327,101330,101332,101335,101337,101340,101342,101345,101346,101348,101349,101352,101354,101355,101364,101365,101369,101372,101373,101376,101378,101380,101385,101387,101393,101397,101401,101409,101412,101418,101422,101423,101424,101434,101441,101446,101448,101451,101452,101455,101457,101459,101461,101467,101469,101479,101485,101486,101488,101498,101503,101519,101521,101523,101528,101540,101547,101550,101570,101573,101574,101577,101583,101584,101585,101586,101592,101593,101601,101608,101609,101610,101616","100011,100017,100027,100029,100031,100036,100041,100042,100043,100046,100047,100048,100050,100060,100064,100069,100072,100073,100076,100078,100083,100084,100092,100093,100097,100098,100099,100109,100117,100119,100120,100125,100128,100131,100140,100144,100148,100150,100157,100160,100165,100169,100171,100173,100175,100176,100178,100180,100184,100185,100191,100200,100207,100215,100218,100223,100226,100228,100231,100236,100238,100239,100242,100243,100253,100259,100265,100266,100270,100272,100279,100280,100281,100282,100288,100291,100294,100296,100299,100300,100306,100307,100309,100313,100315,100319,100323,100328,100334,100336,100337,100339,100346,100349,100350,100351,100352,100361,100366,100367,100379,100384,100387,100398,100399,100402,100405,100410,100411,100412,100415,100417,100423,100437,100440,100445,100446,100447,100451,100452,100459,100460,100462,100470,100472,100475,100478,100483,100485,100488,100489,100503,100504,100505,100509,100510,100512,100520,100522,100525,100527,100529,100530,100532,100533,100537,100543,100546,100560,100566,100568,100569,100570,100572,100573,100577,100579,100582,100592,100605,100607,100609,100610,100614,100615,100619,100620,100621,100622,100623,100625,100630,100634,100636,100637,100644,100650,100653,100655,100656,100660,100666,100669,100674,100675,100677,100682,100686,100688,100691,100692,100693,100695,100696,100701,100704,100706,100710,100715,100716,100723,100731,100732,100733,100735,100736,100739,100741,100750,100752,100760,100765,100769,100771,100772,100778,100785,100788,100792,100794,100799,100810,100811,100813,100821,100822,100824,100826,100834,100847,100851,100863,100864,100868,100874,100875,100876,100882,100884,100885,100891,100893,100899,100903,100917,100920,100924,100925,100928,100931,100936,100937,100945,100946,100948,100955,100961,100968,100970,100981,100983,100985,100990,100991,100997,101000,101002,101015,101016,101020,101023,101024,101028,101032,101034,101037,101038,101039,101042,101046,101049,101052,101053,101057,101060,101070,101072,101076,101082,101085,101086,101090,101092,101093,101094,101099,101103,101110,101111,101116,101117,101124,101128,101130,101131,101132,101138,101145,101147,101152,101159,101165,101170,101172,101177,101182,101187,101188,101189,101190,101192,101194,101197,101200,101201,101202,101204,101208,101209,101212,101214,101218,101221,101231,101234,101235,101239,101241,101242,101248,101249,101252,101258,101259,101268,101270,101272,101279,101288,101289,101291,101295,101296,101298,101299,101300,101301,101302,101311,101313,101317,101319,101321,101322,101323,101325,101327,101330,101332,101335,101337,101340,101342,101345,101346,101348,101349,101352,101354,101355,101364,101365,101369,101372,101373,101376,101378,101380,101385,101387,101393,101397,101401,101409,101412,101418,101422,101423,101424,101434,101441,101446,101448,101451,101452,101455,101457,101459,101461,101467,101469,101479,101485,101486,101488,101498,101503,101519,101521,101523,101528,101540,101547,101550,101570,101573,101574,101577,101583,101584,101585,101586,101592,101593,101601,101608,101609,101610,101616",TRUE
"Missing bounds","married_or_cohab","lower","-0.0172972847890917","-0.0172972847890917",TRUE
"Missing bounds","married_or_cohab","upper","-0.00534827417642652","-0.00534827417642652",TRUE
"Missing bounds","has_child","lower","-0.0209881435501086","-0.0209881435501086",TRUE
"Missing bounds","has_child","upper","-0.00903913293744342","-0.00903913293744342",TRUE
"Missing bounds","working","lower","-0.0471423323566249","-0.0471423323566249",TRUE
"Missing bounds","working","upper","-0.0385949282509784","-0.0385949282509784",TRUE
"Missing bounds","in_school_now","lower","0.0164121728918573","0.0164121728918573",TRUE
"Missing bounds","in_school_now","upper","0.0283611835045224","0.0283611835045224",TRUE
"Missing bounds","in_private_now","lower","0.147631457918136","0.147631457918136",TRUE
"Missing bounds","in_private_now","upper","0.169843138502657","0.169843138502657",TRUE
"revised_first_stage.csv","A_2020/in_private_now","estimate","0.159088354482796","0.159088354482799",TRUE
"revised_first_stage.csv","A_2020/in_private_now","se","0.0281677241212135","0.0281677241212135",TRUE
"revised_first_stage.csv","A_2020/in_private_now","ci_low","0.103823015541512","0.103823015541515",TRUE
"revised_first_stage.csv","A_2020/in_private_now","ci_high","0.214353693424081","0.214353693424084",TRUE
"revised_first_stage.csv","A_2020/in_private_now","p_value","2.04131617559389e-08","2.0413161755926e-08",TRUE
"revised_first_stage.csv","A_2020/in_private_now","n","1163","1163",TRUE
"revised_first_stage.csv","A_2020/in_private_now","df","1161","1161",TRUE
"revised_first_stage.csv","A_2020/in_private_now","control_mean","0.537521815008726","0.537521815008726",TRUE
"revised_first_stage.csv","A_2020/in_private_now","selected_mean","0.696610169491525","0.696610169491525",TRUE
"revised_first_stage.csv","A_2020/in_private_now","n_control","573","573",TRUE
"revised_first_stage.csv","A_2020/in_private_now","n_selected","590","590",TRUE
"revised_first_stage.csv","A_2020/in_private_now","F_statistic","31.8987204402866","31.8987204402879",TRUE
"revised_first_stage.csv","A_2020/started_g6_private","estimate","0.0596124214768293","0.0596124214768282",TRUE
"revised_first_stage.csv","A_2020/started_g6_private","se","0.0168240555234594","0.0168240555234593",TRUE
"revised_first_stage.csv","A_2020/started_g6_private","ci_low","0.0266034370330105","0.0266034370330095",TRUE
"revised_first_stage.csv","A_2020/started_g6_private","ci_high","0.0926214059206482","0.0926214059206469",TRUE
"revised_first_stage.csv","A_2020/started_g6_private","p_value","0.000410884174532018","0.000410884174532091",TRUE
"revised_first_stage.csv","A_2020/started_g6_private","n","1162","1162",TRUE
"revised_first_stage.csv","A_2020/started_g6_private","df","1160","1160",TRUE
"revised_first_stage.csv","A_2020/started_g6_private","control_mean","0.879370629370629","0.879370629370629",TRUE
"revised_first_stage.csv","A_2020/started_g6_private","selected_mean","0.938983050847458","0.938983050847458",TRUE
"revised_first_stage.csv","A_2020/started_g6_private","n_control","572","572",TRUE
"revised_first_stage.csv","A_2020/started_g6_private","n_selected","590","590",TRUE
"revised_first_stage.csv","A_2020/started_g6_private","F_statistic","12.5548677072551","12.5548677072548",TRUE
"revised_first_stage.csv","A_2020/started_g7_private","estimate","0.167441033542733","0.167441033542728",TRUE
"revised_first_stage.csv","A_2020/started_g7_private","se","0.0245685358032","0.0245685358032",TRUE
"revised_first_stage.csv","A_2020/started_g7_private","ci_low","0.119237292476591","0.119237292476586",TRUE
"revised_first_stage.csv","A_2020/started_g7_private","ci_high","0.215644774608875","0.21564477460887",TRUE
"revised_first_stage.csv","A_2020/started_g7_private","p_value","1.50900388100742e-11","1.50900388100947e-11",TRUE
"revised_first_stage.csv","A_2020/started_g7_private","n","1162","1162",TRUE
"revised_first_stage.csv","A_2020/started_g7_private","df","1160","1160",TRUE
"revised_first_stage.csv","A_2020/started_g7_private","control_mean","0.678321678321678","0.678321678321678",TRUE
"revised_first_stage.csv","A_2020/started_g7_private","selected_mean","0.845762711864407","0.845762711864407",TRUE
"revised_first_stage.csv","A_2020/started_g7_private","n_control","572","572",TRUE
"revised_first_stage.csv","A_2020/started_g7_private","n_selected","590","590",TRUE
"revised_first_stage.csv","A_2020/started_g7_private","F_statistic","46.4478100471132","46.4478100471104",TRUE
"revised_first_stage.csv","A_2020/receiving_aid_now","estimate","0.507232297063898","0.507232297063903",TRUE
"revised_first_stage.csv","A_2020/receiving_aid_now","se","0.0225108087937363","0.0225108087937362",TRUE
"revised_first_stage.csv","A_2020/receiving_aid_now","ci_low","0.463066194475021","0.463066194475026",TRUE
"revised_first_stage.csv","A_2020/receiving_aid_now","ci_high","0.551398399652775","0.55139839965278",TRUE
"revised_first_stage.csv","A_2020/receiving_aid_now","p_value","1.16306032990755e-93","1.16306032990288e-93",TRUE
"revised_first_stage.csv","A_2020/receiving_aid_now","n","1171","1171",TRUE
"revised_first_stage.csv","A_2020/receiving_aid_now","df","1169","1169",TRUE
"revised_first_stage.csv","A_2020/receiving_aid_now","control_mean","0.0552677029360967","0.0552677029360967",TRUE
"revised_first_stage.csv","A_2020/receiving_aid_now","selected_mean","0.5625","0.5625",TRUE
"revised_first_stage.csv","A_2020/receiving_aid_now","n_control","579","579",TRUE
"revised_first_stage.csv","A_2020/receiving_aid_now","n_selected","592","592",TRUE
"revised_first_stage.csv","A_2020/receiving_aid_now","F_statistic","507.728566648865","507.728566648876",TRUE
"revised_first_stage.csv","A_2022/in_private_now","estimate","0.159946949602121","0.159946949602122",TRUE
"revised_first_stage.csv","A_2022/in_private_now","se","0.0529794803887115","0.0529794803887115",TRUE
"revised_first_stage.csv","A_2022/in_private_now","ci_low","0.0556466905397559","0.0556466905397565",TRUE
"revised_first_stage.csv","A_2022/in_private_now","ci_high","0.264247208664487","0.264247208664487",TRUE
"revised_first_stage.csv","A_2022/in_private_now","p_value","0.00277565652696271","0.00277565652696261",TRUE
"revised_first_stage.csv","A_2022/in_private_now","n","275","275",TRUE
"revised_first_stage.csv","A_2022/in_private_now","df","273","273",TRUE
"revised_first_stage.csv","A_2022/in_private_now","control_mean","0.653846153846154","0.653846153846154",TRUE
"revised_first_stage.csv","A_2022/in_private_now","selected_mean","0.813793103448276","0.813793103448276",TRUE
"revised_first_stage.csv","A_2022/in_private_now","n_control","130","130",TRUE
"revised_first_stage.csv","A_2022/in_private_now","n_selected","145","145",TRUE
"revised_first_stage.csv","A_2022/in_private_now","F_statistic","9.11457734895754","9.11457734895762",TRUE
"revised_first_stage.csv","A_2022/started_g6_private","estimate","-0.0216098545184246","-0.0216098545184241",TRUE
"revised_first_stage.csv","A_2022/started_g6_private","se","0.0391988582029566","0.0391988582029566",TRUE
"revised_first_stage.csv","A_2022/started_g6_private","ci_low","-0.0987803181681292","-0.0987803181681287",TRUE
"revised_first_stage.csv","A_2022/started_g6_private","ci_high","0.0555606091312801","0.0555606091312805",TRUE
"revised_first_stage.csv","A_2022/started_g6_private","p_value","0.581887273908699","0.581887273908707",TRUE
"revised_first_stage.csv","A_2022/started_g6_private","n","275","275",TRUE
"revised_first_stage.csv","A_2022/started_g6_private","df","273","273",TRUE
"revised_first_stage.csv","A_2022/started_g6_private","control_mean","0.891472868217054","0.891472868217054",TRUE
"revised_first_stage.csv","A_2022/started_g6_private","selected_mean","0.86986301369863","0.86986301369863",TRUE
"revised_first_stage.csv","A_2022/started_g6_private","n_control","129","129",TRUE
"revised_first_stage.csv","A_2022/started_g6_private","n_selected","146","146",TRUE
"revised_first_stage.csv","A_2022/started_g6_private","F_statistic","0.303918300793817","0.303918300793805",TRUE
"revised_first_stage.csv","A_2022/started_g7_private","estimate","0.164808325369013","0.164808325369013",TRUE
"revised_first_stage.csv","A_2022/started_g7_private","se","0.0534922410984573","0.0534922410984573",TRUE
"revised_first_stage.csv","A_2022/started_g7_private","ci_low","0.0594985985944112","0.059498598594411",TRUE
"revised_first_stage.csv","A_2022/started_g7_private","ci_high","0.270118052143616","0.270118052143616",TRUE
"revised_first_stage.csv","A_2022/started_g7_private","p_value","0.00227398493909872","0.00227398493909874",TRUE
"revised_first_stage.csv","A_2022/started_g7_private","n","275","275",TRUE
"revised_first_stage.csv","A_2022/started_g7_private","df","273","273",TRUE
"revised_first_stage.csv","A_2022/started_g7_private","control_mean","0.643410852713178","0.643410852713178",TRUE
"revised_first_stage.csv","A_2022/started_g7_private","selected_mean","0.808219178082192","0.808219178082192",TRUE
"revised_first_stage.csv","A_2022/started_g7_private","n_control","129","129",TRUE
"revised_first_stage.csv","A_2022/started_g7_private","n_selected","146","146",TRUE
"revised_first_stage.csv","A_2022/started_g7_private","F_statistic","9.49241476657478","9.49241476657476",TRUE
"revised_first_stage.csv","A_2022/receiving_aid_now","estimate","0.658967824147819","0.658967824147818",TRUE
"revised_first_stage.csv","A_2022/receiving_aid_now","se","0.0421832209878708","0.0421832209878709",TRUE
"revised_first_stage.csv","A_2022/receiving_aid_now","ci_low","0.575922070493024","0.575922070493023",TRUE
"revised_first_stage.csv","A_2022/receiving_aid_now","ci_high","0.742013577802613","0.742013577802612",TRUE
"revised_first_stage.csv","A_2022/receiving_aid_now","p_value","9.67565143417322e-40","9.67565143417598e-40",TRUE
"revised_first_stage.csv","A_2022/receiving_aid_now","n","275","275",TRUE
"revised_first_stage.csv","A_2022/receiving_aid_now","df","273","273",TRUE
"revised_first_stage.csv","A_2022/receiving_aid_now","control_mean","0.0465116279069767","0.0465116279069767",TRUE
"revised_first_stage.csv","A_2022/receiving_aid_now","selected_mean","0.705479452054795","0.705479452054795",TRUE
"revised_first_stage.csv","A_2022/receiving_aid_now","n_control","129","129",TRUE
"revised_first_stage.csv","A_2022/receiving_aid_now","n_selected","146","146",TRUE
"revised_first_stage.csv","A_2022/receiving_aid_now","F_statistic","244.033215707599","244.033215707598",TRUE
"revised_first_stage.csv","B_2018/in_private_now","estimate","0.185503685503686","0.185503685503686",TRUE
"revised_first_stage.csv","B_2018/in_private_now","se","0.0779785207835153","0.0779785207835153",TRUE
"revised_first_stage.csv","B_2018/in_private_now","ci_low","0.0315037831617674","0.0315037831617667",TRUE
"revised_first_stage.csv","B_2018/in_private_now","ci_high","0.339503587845605","0.339503587845604",TRUE
"revised_first_stage.csv","B_2018/in_private_now","p_value","0.0185429310028129","0.0185429310028133",TRUE
"revised_first_stage.csv","B_2018/in_private_now","n","162","162",TRUE
"revised_first_stage.csv","B_2018/in_private_now","df","160","160",TRUE
"revised_first_stage.csv","B_2018/in_private_now","control_mean","0.405405405405405","0.405405405405405",TRUE
"revised_first_stage.csv","B_2018/in_private_now","selected_mean","0.590909090909091","0.590909090909091",TRUE
"revised_first_stage.csv","B_2018/in_private_now","n_control","74","74",TRUE
"revised_first_stage.csv","B_2018/in_private_now","n_selected","88","88",TRUE
"revised_first_stage.csv","B_2018/in_private_now","F_statistic","5.65920074546665","5.6592007454666",TRUE
"revised_first_stage.csv","B_2018/started_g6_private","estimate","0.26834094368341","0.268340943683409",TRUE
"revised_first_stage.csv","B_2018/started_g6_private","se","0.0730590863869344","0.0730590863869344",TRUE
"revised_first_stage.csv","B_2018/started_g6_private","ci_low","0.1240632687105","0.124063268710499",TRUE
"revised_first_stage.csv","B_2018/started_g6_private","ci_high","0.412618618656321","0.41261861865632",TRUE
"revised_first_stage.csv","B_2018/started_g6_private","p_value","0.000325952520265498","0.000325952520265512",TRUE
"revised_first_stage.csv","B_2018/started_g6_private","n","163","163",TRUE
"revised_first_stage.csv","B_2018/started_g6_private","df","161","161",TRUE
"revised_first_stage.csv","B_2018/started_g6_private","control_mean","0.520547945205479","0.520547945205479",TRUE
"revised_first_stage.csv","B_2018/started_g6_private","selected_mean","0.788888888888889","0.788888888888889",TRUE
"revised_first_stage.csv","B_2018/started_g6_private","n_control","73","73",TRUE
"revised_first_stage.csv","B_2018/started_g6_private","n_selected","90","90",TRUE
"revised_first_stage.csv","B_2018/started_g6_private","F_statistic","13.490418155255","13.4904181552549",TRUE
"revised_first_stage.csv","B_2018/started_g7_private","estimate","0.215372907153729","0.215372907153729",TRUE
"revised_first_stage.csv","B_2018/started_g7_private","se","0.0756683384059413","0.0756683384059413",TRUE
"revised_first_stage.csv","B_2018/started_g7_private","ci_low","0.0659424601802635","0.0659424601802639",TRUE
"revised_first_stage.csv","B_2018/started_g7_private","ci_high","0.364803354127194","0.364803354127194",TRUE
"revised_first_stage.csv","B_2018/started_g7_private","p_value","0.00499944074034357","0.00499944074034348",TRUE
"revised_first_stage.csv","B_2018/started_g7_private","n","163","163",TRUE
"revised_first_stage.csv","B_2018/started_g7_private","df","161","161",TRUE
"revised_first_stage.csv","B_2018/started_g7_private","control_mean","0.506849315068493","0.506849315068493",TRUE
"revised_first_stage.csv","B_2018/started_g7_private","selected_mean","0.722222222222222","0.722222222222222",TRUE
"revised_first_stage.csv","B_2018/started_g7_private","n_control","73","73",TRUE
"revised_first_stage.csv","B_2018/started_g7_private","n_selected","90","90",TRUE
"revised_first_stage.csv","B_2018/started_g7_private","F_statistic","8.10128192159805","8.10128192159809",TRUE
"revised_first_stage.csv","B_2018/receiving_aid_now","estimate","0.417417417417416","0.417417417417417",TRUE
"revised_first_stage.csv","B_2018/receiving_aid_now","se","0.0559869344882253","0.0559869344882254",TRUE
"revised_first_stage.csv","B_2018/receiving_aid_now","ci_low","0.306859134078036","0.306859134078038",TRUE
"revised_first_stage.csv","B_2018/receiving_aid_now","ci_high","0.527975700756795","0.527975700756797",TRUE
"revised_first_stage.csv","B_2018/receiving_aid_now","p_value","5.10504723825864e-12","5.105047238258e-12",TRUE
"revised_first_stage.csv","B_2018/receiving_aid_now","n","164","164",TRUE
"revised_first_stage.csv","B_2018/receiving_aid_now","df","162","162",TRUE
"revised_first_stage.csv","B_2018/receiving_aid_now","control_mean","0.027027027027027","0.027027027027027",TRUE
"revised_first_stage.csv","B_2018/receiving_aid_now","selected_mean","0.444444444444444","0.444444444444444",TRUE
"revised_first_stage.csv","B_2018/receiving_aid_now","n_control","74","74",TRUE
"revised_first_stage.csv","B_2018/receiving_aid_now","n_selected","90","90",TRUE
"revised_first_stage.csv","B_2018/receiving_aid_now","F_statistic","55.5862985904213","55.5862985904216",TRUE
"revised_missingness.csv","A_2020/years_in_school","estimate","-0.00517472282402762","-0.00517472282402761",TRUE
"revised_missingness.csv","A_2020/years_in_school","se","0.00381465989382918","0.00381465989382918",TRUE
"revised_missingness.csv","A_2020/years_in_school","ci_low","-0.0126590348309891","-0.0126590348309891",TRUE
"revised_missingness.csv","A_2020/years_in_school","ci_high","0.00230958918293387","0.00230958918293388",TRUE
"revised_missingness.csv","A_2020/years_in_school","p_value","0.175189541810516","0.175189541810517",TRUE
"revised_missingness.csv","A_2020/years_in_school","n","1176","1176",TRUE
"revised_missingness.csv","A_2020/years_in_school","df","1174","1174",TRUE
"revised_missingness.csv","A_2020/years_in_school","control_mean","0.00686106346483705","0.00686106346483705",TRUE
"revised_missingness.csv","A_2020/years_in_school","selected_mean","0.00168634064080944","0.00168634064080944",TRUE
"revised_missingness.csv","A_2020/years_in_school","n_control","583","583",TRUE
"revised_missingness.csv","A_2020/years_in_school","n_selected","593","593",TRUE
"revised_missingness.csv","A_2020/years_in_school","missing_control","4","4",TRUE
"revised_missingness.csv","A_2020/years_in_school","missing_selected","1","1",TRUE
"revised_missingness.csv","A_2020/years_in_school","observed_control","579","579",TRUE
"revised_missingness.csv","A_2020/years_in_school","observed_selected","592","592",TRUE
"revised_missingness.csv","A_2020/married_or_cohab","estimate","-0.00520364804942745","-0.00520364804942743",TRUE
"revised_missingness.csv","A_2020/married_or_cohab","se","0.00450416061689918","0.00450416061689914",TRUE
"revised_missingness.csv","A_2020/married_or_cohab","ci_low","-0.0140407513101595","-0.0140407513101594",TRUE
"revised_missingness.csv","A_2020/married_or_cohab","ci_high","0.00363345521130458","0.00363345521130454",TRUE
"revised_missingness.csv","A_2020/married_or_cohab","p_value","0.248203465238468","0.248203465238466",TRUE
"revised_missingness.csv","A_2020/married_or_cohab","n","1176","1176",TRUE
"revised_missingness.csv","A_2020/married_or_cohab","df","1174","1174",TRUE
"revised_missingness.csv","A_2020/married_or_cohab","control_mean","0.00857632933104631","0.00857632933104631",TRUE
"revised_missingness.csv","A_2020/married_or_cohab","selected_mean","0.00337268128161889","0.00337268128161889",TRUE
"revised_missingness.csv","A_2020/married_or_cohab","n_control","583","583",TRUE
"revised_missingness.csv","A_2020/married_or_cohab","n_selected","593","593",TRUE
"revised_missingness.csv","A_2020/married_or_cohab","missing_control","5","5",TRUE
"revised_missingness.csv","A_2020/married_or_cohab","missing_selected","2","2",TRUE
"revised_missingness.csv","A_2020/married_or_cohab","observed_control","578","578",TRUE
"revised_missingness.csv","A_2020/married_or_cohab","observed_selected","591","591",TRUE
"revised_missingness.csv","A_2020/has_child","estimate","-0.00520364804942745","-0.00520364804942743",TRUE
"revised_missingness.csv","A_2020/has_child","se","0.00450416061689918","0.00450416061689914",TRUE
"revised_missingness.csv","A_2020/has_child","ci_low","-0.0140407513101595","-0.0140407513101594",TRUE
"revised_missingness.csv","A_2020/has_child","ci_high","0.00363345521130458","0.00363345521130454",TRUE
"revised_missingness.csv","A_2020/has_child","p_value","0.248203465238468","0.248203465238466",TRUE
"revised_missingness.csv","A_2020/has_child","n","1176","1176",TRUE
"revised_missingness.csv","A_2020/has_child","df","1174","1174",TRUE
"revised_missingness.csv","A_2020/has_child","control_mean","0.00857632933104631","0.00857632933104631",TRUE
"revised_missingness.csv","A_2020/has_child","selected_mean","0.00337268128161889","0.00337268128161889",TRUE
"revised_missingness.csv","A_2020/has_child","n_control","583","583",TRUE
"revised_missingness.csv","A_2020/has_child","n_selected","593","593",TRUE
"revised_missingness.csv","A_2020/has_child","missing_control","5","5",TRUE
"revised_missingness.csv","A_2020/has_child","missing_selected","2","2",TRUE
"revised_missingness.csv","A_2020/has_child","observed_control","578","578",TRUE
"revised_missingness.csv","A_2020/has_child","observed_selected","591","591",TRUE
"revised_missingness.csv","A_2020/working","estimate","-0.00517472282402762","-0.00517472282402761",TRUE
"revised_missingness.csv","A_2020/working","se","0.00381465989382918","0.00381465989382918",TRUE
"revised_missingness.csv","A_2020/working","ci_low","-0.0126590348309891","-0.0126590348309891",TRUE
"revised_missingness.csv","A_2020/working","ci_high","0.00230958918293387","0.00230958918293388",TRUE
"revised_missingness.csv","A_2020/working","p_value","0.175189541810516","0.175189541810517",TRUE
"revised_missingness.csv","A_2020/working","n","1176","1176",TRUE
"revised_missingness.csv","A_2020/working","df","1174","1174",TRUE
"revised_missingness.csv","A_2020/working","control_mean","0.00686106346483705","0.00686106346483705",TRUE
"revised_missingness.csv","A_2020/working","selected_mean","0.00168634064080944","0.00168634064080944",TRUE
"revised_missingness.csv","A_2020/working","n_control","583","583",TRUE
"revised_missingness.csv","A_2020/working","n_selected","593","593",TRUE
"revised_missingness.csv","A_2020/working","missing_control","4","4",TRUE
"revised_missingness.csv","A_2020/working","missing_selected","1","1",TRUE
"revised_missingness.csv","A_2020/working","observed_control","579","579",TRUE
"revised_missingness.csv","A_2020/working","observed_selected","592","592",TRUE
"revised_missingness.csv","A_2020/hours_worked","estimate","-0.00517472282402762","-0.00517472282402761",TRUE
"revised_missingness.csv","A_2020/hours_worked","se","0.00381465989382918","0.00381465989382918",TRUE
"revised_missingness.csv","A_2020/hours_worked","ci_low","-0.0126590348309891","-0.0126590348309891",TRUE
"revised_missingness.csv","A_2020/hours_worked","ci_high","0.00230958918293387","0.00230958918293388",TRUE
"revised_missingness.csv","A_2020/hours_worked","p_value","0.175189541810516","0.175189541810517",TRUE
"revised_missingness.csv","A_2020/hours_worked","n","1176","1176",TRUE
"revised_missingness.csv","A_2020/hours_worked","df","1174","1174",TRUE
"revised_missingness.csv","A_2020/hours_worked","control_mean","0.00686106346483705","0.00686106346483705",TRUE
"revised_missingness.csv","A_2020/hours_worked","selected_mean","0.00168634064080944","0.00168634064080944",TRUE
"revised_missingness.csv","A_2020/hours_worked","n_control","583","583",TRUE
"revised_missingness.csv","A_2020/hours_worked","n_selected","593","593",TRUE
"revised_missingness.csv","A_2020/hours_worked","missing_control","4","4",TRUE
"revised_missingness.csv","A_2020/hours_worked","missing_selected","1","1",TRUE
"revised_missingness.csv","A_2020/hours_worked","observed_control","579","579",TRUE
"revised_missingness.csv","A_2020/hours_worked","observed_selected","592","592",TRUE
"revised_missingness.csv","A_2020/in_school_now","estimate","-0.00520364804942745","-0.00520364804942743",TRUE
"revised_missingness.csv","A_2020/in_school_now","se","0.00450416061689919","0.00450416061689914",TRUE
"revised_missingness.csv","A_2020/in_school_now","ci_low","-0.0140407513101595","-0.0140407513101594",TRUE
"revised_missingness.csv","A_2020/in_school_now","ci_high","0.00363345521130461","0.00363345521130453",TRUE
"revised_missingness.csv","A_2020/in_school_now","p_value","0.24820346523847","0.248203465238466",TRUE
"revised_missingness.csv","A_2020/in_school_now","n","1176","1176",TRUE
"revised_missingness.csv","A_2020/in_school_now","df","1174","1174",TRUE
"revised_missingness.csv","A_2020/in_school_now","control_mean","0.00857632933104631","0.00857632933104631",TRUE
"revised_missingness.csv","A_2020/in_school_now","selected_mean","0.00337268128161889","0.00337268128161889",TRUE
"revised_missingness.csv","A_2020/in_school_now","n_control","583","583",TRUE
"revised_missingness.csv","A_2020/in_school_now","n_selected","593","593",TRUE
"revised_missingness.csv","A_2020/in_school_now","missing_control","5","5",TRUE
"revised_missingness.csv","A_2020/in_school_now","missing_selected","2","2",TRUE
"revised_missingness.csv","A_2020/in_school_now","observed_control","578","578",TRUE
"revised_missingness.csv","A_2020/in_school_now","observed_selected","591","591",TRUE
"revised_missingness.csv","A_2020/in_private_now","estimate","-0.0120936367396642","-0.0120936367396643",TRUE
"revised_missingness.csv","A_2020/in_private_now","se","0.0061211774041485","0.00612117740414849",TRUE
"revised_missingness.csv","A_2020/in_private_now","ci_low","-0.0241033054434769","-0.024103305443477",TRUE
"revised_missingness.csv","A_2020/in_private_now","ci_high","-8.39680358514176e-05","-8.39680358515685e-05",TRUE
"revised_missingness.csv","A_2020/in_private_now","p_value","0.0484221421897849","0.0484221421897821",TRUE
"revised_missingness.csv","A_2020/in_private_now","n","1176","1176",TRUE
"revised_missingness.csv","A_2020/in_private_now","df","1174","1174",TRUE
"revised_missingness.csv","A_2020/in_private_now","control_mean","0.0171526586620926","0.0171526586620926",TRUE
"revised_missingness.csv","A_2020/in_private_now","selected_mean","0.00505902192242833","0.00505902192242833",TRUE
"revised_missingness.csv","A_2020/in_private_now","n_control","583","583",TRUE
"revised_missingness.csv","A_2020/in_private_now","n_selected","593","593",TRUE
"revised_missingness.csv","A_2020/in_private_now","missing_control","10","10",TRUE
"revised_missingness.csv","A_2020/in_private_now","missing_selected","3","3",TRUE
"revised_missingness.csv","A_2020/in_private_now","observed_control","573","573",TRUE
"revised_missingness.csv","A_2020/in_private_now","observed_selected","590","590",TRUE
"revised_missingness.csv","A_2020/highest_grade","estimate","0","0",TRUE
"revised_missingness.csv","A_2020/highest_grade","se","0","0",TRUE
"revised_missingness.csv","A_2020/highest_grade","ci_low","0","0",TRUE
"revised_missingness.csv","A_2020/highest_grade","ci_high","0","0",TRUE
"revised_missingness.csv","A_2020/highest_grade","p_value","1","1",TRUE
"revised_missingness.csv","A_2020/highest_grade","n","1176","1176",TRUE
"revised_missingness.csv","A_2020/highest_grade","df","1174","1174",TRUE
"revised_missingness.csv","A_2020/highest_grade","control_mean","0","0",TRUE
"revised_missingness.csv","A_2020/highest_grade","selected_mean","0","0",TRUE
"revised_missingness.csv","A_2020/highest_grade","n_control","583","583",TRUE
"revised_missingness.csv","A_2020/highest_grade","n_selected","593","593",TRUE
"revised_missingness.csv","A_2020/highest_grade","missing_control","0","0",TRUE
"revised_missingness.csv","A_2020/highest_grade","missing_selected","0","0",TRUE
"revised_missingness.csv","A_2020/highest_grade","observed_control","583","583",TRUE
"revised_missingness.csv","A_2020/highest_grade","observed_selected","593","593",TRUE
"revised_missingness.csv","A_2020/total_repeats","estimate","-0.00517472282402762","-0.00517472282402761",TRUE
"revised_missingness.csv","A_2020/total_repeats","se","0.00381465989382918","0.00381465989382918",TRUE
"revised_missingness.csv","A_2020/total_repeats","ci_low","-0.0126590348309891","-0.0126590348309891",TRUE
"revised_missingness.csv","A_2020/total_repeats","ci_high","0.00230958918293387","0.00230958918293388",TRUE
"revised_missingness.csv","A_2020/total_repeats","p_value","0.175189541810516","0.175189541810517",TRUE
"revised_missingness.csv","A_2020/total_repeats","n","1176","1176",TRUE
"revised_missingness.csv","A_2020/total_repeats","df","1174","1174",TRUE
"revised_missingness.csv","A_2020/total_repeats","control_mean","0.00686106346483705","0.00686106346483705",TRUE
"revised_missingness.csv","A_2020/total_repeats","selected_mean","0.00168634064080944","0.00168634064080944",TRUE
"revised_missingness.csv","A_2020/total_repeats","n_control","583","583",TRUE
"revised_missingness.csv","A_2020/total_repeats","n_selected","593","593",TRUE
"revised_missingness.csv","A_2020/total_repeats","missing_control","4","4",TRUE
"revised_missingness.csv","A_2020/total_repeats","missing_selected","1","1",TRUE
"revised_missingness.csv","A_2020/total_repeats","observed_control","579","579",TRUE
"revised_missingness.csv","A_2020/total_repeats","observed_selected","592","592",TRUE
"revised_missingness.csv","A_2022/years_in_school","estimate","-0.0152671755725192","-0.0152671755725191",TRUE
"revised_missingness.csv","A_2022/years_in_school","se","0.0107539219759966","0.0107539219759966",TRUE
"revised_missingness.csv","A_2022/years_in_school","ci_low","-0.0364376460953855","-0.0364376460953854",TRUE
"revised_missingness.csv","A_2022/years_in_school","ci_high","0.00590329495034717","0.00590329495034724",TRUE
"revised_missingness.csv","A_2022/years_in_school","p_value","0.15683214942682","0.156832149426822",TRUE
"revised_missingness.csv","A_2022/years_in_school","n","277","277",TRUE
"revised_missingness.csv","A_2022/years_in_school","df","275","275",TRUE
"revised_missingness.csv","A_2022/years_in_school","control_mean","0.0152671755725191","0.0152671755725191",TRUE
"revised_missingness.csv","A_2022/years_in_school","selected_mean","0","0",TRUE
"revised_missingness.csv","A_2022/years_in_school","n_control","131","131",TRUE
"revised_missingness.csv","A_2022/years_in_school","n_selected","146","146",TRUE
"revised_missingness.csv","A_2022/years_in_school","missing_control","2","2",TRUE
"revised_missingness.csv","A_2022/years_in_school","missing_selected","0","0",TRUE
"revised_missingness.csv","A_2022/years_in_school","observed_control","129","129",TRUE
"revised_missingness.csv","A_2022/years_in_school","observed_selected","146","146",TRUE
"revised_missingness.csv","A_2022/married_or_cohab","estimate","-0.0229007633587787","-0.0229007633587786",TRUE
"revised_missingness.csv","A_2022/married_or_cohab","se","0.0131196618144629","0.0131196618144629",TRUE
"revised_missingness.csv","A_2022/married_or_cohab","ci_low","-0.0487284952628241","-0.048728495262824",TRUE
"revised_missingness.csv","A_2022/married_or_cohab","ci_high","0.0029269685452667","0.00292696854526674",TRUE
"revised_missingness.csv","A_2022/married_or_cohab","p_value","0.0820095092271723","0.0820095092271729",TRUE
"revised_missingness.csv","A_2022/married_or_cohab","n","277","277",TRUE
"revised_missingness.csv","A_2022/married_or_cohab","df","275","275",TRUE
"revised_missingness.csv","A_2022/married_or_cohab","control_mean","0.0229007633587786","0.0229007633587786",TRUE
"revised_missingness.csv","A_2022/married_or_cohab","selected_mean","0","0",TRUE
"revised_missingness.csv","A_2022/married_or_cohab","n_control","131","131",TRUE
"revised_missingness.csv","A_2022/married_or_cohab","n_selected","146","146",TRUE
"revised_missingness.csv","A_2022/married_or_cohab","missing_control","3","3",TRUE
"revised_missingness.csv","A_2022/married_or_cohab","missing_selected","0","0",TRUE
"revised_missingness.csv","A_2022/married_or_cohab","observed_control","128","128",TRUE
"revised_missingness.csv","A_2022/married_or_cohab","observed_selected","146","146",TRUE
"revised_missingness.csv","A_2022/has_child","estimate","-0.0305343511450384","-0.0305343511450382",TRUE
"revised_missingness.csv","A_2022/has_child","se","0.0150899876497859","0.0150899876497859",TRUE
"revised_missingness.csv","A_2022/has_child","ci_low","-0.0602409214031514","-0.0602409214031512",TRUE
"revised_missingness.csv","A_2022/has_child","ci_high","-0.000827780886925367","-0.000827780886925138",TRUE
"revised_missingness.csv","A_2022/has_child","p_value","0.043990351939617","0.0439903519396186",TRUE
"revised_missingness.csv","A_2022/has_child","n","277","277",TRUE
"revised_missingness.csv","A_2022/has_child","df","275","275",TRUE
"revised_missingness.csv","A_2022/has_child","control_mean","0.0305343511450382","0.0305343511450382",TRUE
"revised_missingness.csv","A_2022/has_child","selected_mean","0","0",TRUE
"revised_missingness.csv","A_2022/has_child","n_control","131","131",TRUE
"revised_missingness.csv","A_2022/has_child","n_selected","146","146",TRUE
"revised_missingness.csv","A_2022/has_child","missing_control","4","4",TRUE
"revised_missingness.csv","A_2022/has_child","missing_selected","0","0",TRUE
"revised_missingness.csv","A_2022/has_child","observed_control","127","127",TRUE
"revised_missingness.csv","A_2022/has_child","observed_selected","146","146",TRUE
"revised_missingness.csv","A_2022/working","estimate","-0.0152671755725192","-0.0152671755725191",TRUE
"revised_missingness.csv","A_2022/working","se","0.0107539219759966","0.0107539219759966",TRUE
"revised_missingness.csv","A_2022/working","ci_low","-0.0364376460953855","-0.0364376460953854",TRUE
"revised_missingness.csv","A_2022/working","ci_high","0.00590329495034717","0.00590329495034724",TRUE
"revised_missingness.csv","A_2022/working","p_value","0.15683214942682","0.156832149426822",TRUE
"revised_missingness.csv","A_2022/working","n","277","277",TRUE
"revised_missingness.csv","A_2022/working","df","275","275",TRUE
"revised_missingness.csv","A_2022/working","control_mean","0.0152671755725191","0.0152671755725191",TRUE
"revised_missingness.csv","A_2022/working","selected_mean","0","0",TRUE
"revised_missingness.csv","A_2022/working","n_control","131","131",TRUE
"revised_missingness.csv","A_2022/working","n_selected","146","146",TRUE
"revised_missingness.csv","A_2022/working","missing_control","2","2",TRUE
"revised_missingness.csv","A_2022/working","missing_selected","0","0",TRUE
"revised_missingness.csv","A_2022/working","observed_control","129","129",TRUE
"revised_missingness.csv","A_2022/working","observed_selected","146","146",TRUE
"revised_missingness.csv","A_2022/hours_worked","estimate","-0.0152671755725192","-0.0152671755725191",TRUE
"revised_missingness.csv","A_2022/hours_worked","se","0.0107539219759966","0.0107539219759966",TRUE
"revised_missingness.csv","A_2022/hours_worked","ci_low","-0.0364376460953855","-0.0364376460953854",TRUE
"revised_missingness.csv","A_2022/hours_worked","ci_high","0.00590329495034717","0.00590329495034724",TRUE
"revised_missingness.csv","A_2022/hours_worked","p_value","0.15683214942682","0.156832149426822",TRUE
"revised_missingness.csv","A_2022/hours_worked","n","277","277",TRUE
"revised_missingness.csv","A_2022/hours_worked","df","275","275",TRUE
"revised_missingness.csv","A_2022/hours_worked","control_mean","0.0152671755725191","0.0152671755725191",TRUE
"revised_missingness.csv","A_2022/hours_worked","selected_mean","0","0",TRUE
"revised_missingness.csv","A_2022/hours_worked","n_control","131","131",TRUE
"revised_missingness.csv","A_2022/hours_worked","n_selected","146","146",TRUE
"revised_missingness.csv","A_2022/hours_worked","missing_control","2","2",TRUE
"revised_missingness.csv","A_2022/hours_worked","missing_selected","0","0",TRUE
"revised_missingness.csv","A_2022/hours_worked","observed_control","129","129",TRUE
"revised_missingness.csv","A_2022/hours_worked","observed_selected","146","146",TRUE
"revised_missingness.csv","A_2022/in_school_now","estimate","-0.00763358778625964","-0.00763358778625954",TRUE
"revised_missingness.csv","A_2022/in_school_now","se","0.00763358778625953","0.00763358778625953",TRUE
"revised_missingness.csv","A_2022/in_school_now","ci_low","-0.0226612814568512","-0.0226612814568511",TRUE
"revised_missingness.csv","A_2022/in_school_now","ci_high","0.00739410588433194","0.00739410588433205",TRUE
"revised_missingness.csv","A_2022/in_school_now","p_value","0.318189601019021","0.318189601019028",TRUE
"revised_missingness.csv","A_2022/in_school_now","n","277","277",TRUE
"revised_missingness.csv","A_2022/in_school_now","df","275","275",TRUE
"revised_missingness.csv","A_2022/in_school_now","control_mean","0.00763358778625954","0.00763358778625954",TRUE
"revised_missingness.csv","A_2022/in_school_now","selected_mean","0","0",TRUE
"revised_missingness.csv","A_2022/in_school_now","n_control","131","131",TRUE
"revised_missingness.csv","A_2022/in_school_now","n_selected","146","146",TRUE
"revised_missingness.csv","A_2022/in_school_now","missing_control","1","1",TRUE
"revised_missingness.csv","A_2022/in_school_now","missing_selected","0","0",TRUE
"revised_missingness.csv","A_2022/in_school_now","observed_control","130","130",TRUE
"revised_missingness.csv","A_2022/in_school_now","observed_selected","146","146",TRUE
"revised_missingness.csv","A_2022/in_private_now","estimate","-0.000784272717766381","-0.000784272717766391",TRUE
"revised_missingness.csv","A_2022/in_private_now","se","0.0102559631141116","0.0102559631141116",TRUE
"revised_missingness.csv","A_2022/in_private_now","ci_low","-0.0209744475465905","-0.0209744475465905",TRUE
"revised_missingness.csv","A_2022/in_private_now","ci_high","0.0194059021110577","0.0194059021110577",TRUE
"revised_missingness.csv","A_2022/in_private_now","p_value","0.939100844623928","0.939100844623927",TRUE
"revised_missingness.csv","A_2022/in_private_now","n","277","277",TRUE
"revised_missingness.csv","A_2022/in_private_now","df","275","275",TRUE
"revised_missingness.csv","A_2022/in_private_now","control_mean","0.00763358778625954","0.00763358778625954",TRUE
"revised_missingness.csv","A_2022/in_private_now","selected_mean","0.00684931506849315","0.00684931506849315",TRUE
"revised_missingness.csv","A_2022/in_private_now","n_control","131","131",TRUE
"revised_missingness.csv","A_2022/in_private_now","n_selected","146","146",TRUE
"revised_missingness.csv","A_2022/in_private_now","missing_control","1","1",TRUE
"revised_missingness.csv","A_2022/in_private_now","missing_selected","1","1",TRUE
"revised_missingness.csv","A_2022/in_private_now","observed_control","130","130",TRUE
"revised_missingness.csv","A_2022/in_private_now","observed_selected","145","145",TRUE
"revised_missingness.csv","A_2022/highest_grade","estimate","0","0",TRUE
"revised_missingness.csv","A_2022/highest_grade","se","0","0",TRUE
"revised_missingness.csv","A_2022/highest_grade","ci_low","0","0",TRUE
"revised_missingness.csv","A_2022/highest_grade","ci_high","0","0",TRUE
"revised_missingness.csv","A_2022/highest_grade","p_value","1","1",TRUE
"revised_missingness.csv","A_2022/highest_grade","n","277","277",TRUE
"revised_missingness.csv","A_2022/highest_grade","df","275","275",TRUE
"revised_missingness.csv","A_2022/highest_grade","control_mean","0","0",TRUE
"revised_missingness.csv","A_2022/highest_grade","selected_mean","0","0",TRUE
"revised_missingness.csv","A_2022/highest_grade","n_control","131","131",TRUE
"revised_missingness.csv","A_2022/highest_grade","n_selected","146","146",TRUE
"revised_missingness.csv","A_2022/highest_grade","missing_control","0","0",TRUE
"revised_missingness.csv","A_2022/highest_grade","missing_selected","0","0",TRUE
"revised_missingness.csv","A_2022/highest_grade","observed_control","131","131",TRUE
"revised_missingness.csv","A_2022/highest_grade","observed_selected","146","146",TRUE
"revised_missingness.csv","A_2022/total_repeats","estimate","-0.0152671755725192","-0.0152671755725191",TRUE
"revised_missingness.csv","A_2022/total_repeats","se","0.0107539219759966","0.0107539219759966",TRUE
"revised_missingness.csv","A_2022/total_repeats","ci_low","-0.0364376460953855","-0.0364376460953854",TRUE
"revised_missingness.csv","A_2022/total_repeats","ci_high","0.00590329495034717","0.00590329495034724",TRUE
"revised_missingness.csv","A_2022/total_repeats","p_value","0.15683214942682","0.156832149426822",TRUE
"revised_missingness.csv","A_2022/total_repeats","n","277","277",TRUE
"revised_missingness.csv","A_2022/total_repeats","df","275","275",TRUE
"revised_missingness.csv","A_2022/total_repeats","control_mean","0.0152671755725191","0.0152671755725191",TRUE
"revised_missingness.csv","A_2022/total_repeats","selected_mean","0","0",TRUE
"revised_missingness.csv","A_2022/total_repeats","n_control","131","131",TRUE
"revised_missingness.csv","A_2022/total_repeats","n_selected","146","146",TRUE
"revised_missingness.csv","A_2022/total_repeats","missing_control","2","2",TRUE
"revised_missingness.csv","A_2022/total_repeats","missing_selected","0","0",TRUE
"revised_missingness.csv","A_2022/total_repeats","observed_control","129","129",TRUE
"revised_missingness.csv","A_2022/total_repeats","observed_selected","146","146",TRUE
"revised_missingness.csv","B_2018/years_in_school","estimate","0.010989010989011","0.010989010989011",TRUE
"revised_missingness.csv","B_2018/years_in_school","se","0.010989010989011","0.010989010989011",TRUE
"revised_missingness.csv","B_2018/years_in_school","ci_low","-0.0107101606699599","-0.0107101606699599",TRUE
"revised_missingness.csv","B_2018/years_in_school","ci_high","0.032688182647982","0.0326881826479819",TRUE
"revised_missingness.csv","B_2018/years_in_school","p_value","0.31879271169654","0.318792711696541",TRUE
"revised_missingness.csv","B_2018/years_in_school","n","165","165",TRUE
"revised_missingness.csv","B_2018/years_in_school","df","163","163",TRUE
"revised_missingness.csv","B_2018/years_in_school","control_mean","0","0",TRUE
"revised_missingness.csv","B_2018/years_in_school","selected_mean","0.010989010989011","0.010989010989011",TRUE
"revised_missingness.csv","B_2018/years_in_school","n_control","74","74",TRUE
"revised_missingness.csv","B_2018/years_in_school","n_selected","91","91",TRUE
"revised_missingness.csv","B_2018/years_in_school","missing_control","0","0",TRUE
"revised_missingness.csv","B_2018/years_in_school","missing_selected","1","1",TRUE
"revised_missingness.csv","B_2018/years_in_school","observed_control","74","74",TRUE
"revised_missingness.csv","B_2018/years_in_school","observed_selected","90","90",TRUE
"revised_missingness.csv","B_2018/married_or_cohab","estimate","0.010989010989011","0.010989010989011",TRUE
"revised_missingness.csv","B_2018/married_or_cohab","se","0.010989010989011","0.010989010989011",TRUE
"revised_missingness.csv","B_2018/married_or_cohab","ci_low","-0.0107101606699599","-0.0107101606699599",TRUE
"revised_missingness.csv","B_2018/married_or_cohab","ci_high","0.032688182647982","0.0326881826479819",TRUE
"revised_missingness.csv","B_2018/married_or_cohab","p_value","0.31879271169654","0.318792711696541",TRUE
"revised_missingness.csv","B_2018/married_or_cohab","n","165","165",TRUE
"revised_missingness.csv","B_2018/married_or_cohab","df","163","163",TRUE
"revised_missingness.csv","B_2018/married_or_cohab","control_mean","0","0",TRUE
"revised_missingness.csv","B_2018/married_or_cohab","selected_mean","0.010989010989011","0.010989010989011",TRUE
"revised_missingness.csv","B_2018/married_or_cohab","n_control","74","74",TRUE
"revised_missingness.csv","B_2018/married_or_cohab","n_selected","91","91",TRUE
"revised_missingness.csv","B_2018/married_or_cohab","missing_control","0","0",TRUE
"revised_missingness.csv","B_2018/married_or_cohab","missing_selected","1","1",TRUE
"revised_missingness.csv","B_2018/married_or_cohab","observed_control","74","74",TRUE
"revised_missingness.csv","B_2018/married_or_cohab","observed_selected","90","90",TRUE
"revised_missingness.csv","B_2018/has_child","estimate","0.010989010989011","0.010989010989011",TRUE
"revised_missingness.csv","B_2018/has_child","se","0.010989010989011","0.010989010989011",TRUE
"revised_missingness.csv","B_2018/has_child","ci_low","-0.0107101606699599","-0.0107101606699599",TRUE
"revised_missingness.csv","B_2018/has_child","ci_high","0.032688182647982","0.0326881826479819",TRUE
"revised_missingness.csv","B_2018/has_child","p_value","0.31879271169654","0.318792711696541",TRUE
"revised_missingness.csv","B_2018/has_child","n","165","165",TRUE
"revised_missingness.csv","B_2018/has_child","df","163","163",TRUE
"revised_missingness.csv","B_2018/has_child","control_mean","0","0",TRUE
"revised_missingness.csv","B_2018/has_child","selected_mean","0.010989010989011","0.010989010989011",TRUE
"revised_missingness.csv","B_2018/has_child","n_control","74","74",TRUE
"revised_missingness.csv","B_2018/has_child","n_selected","91","91",TRUE
"revised_missingness.csv","B_2018/has_child","missing_control","0","0",TRUE
"revised_missingness.csv","B_2018/has_child","missing_selected","1","1",TRUE
"revised_missingness.csv","B_2018/has_child","observed_control","74","74",TRUE
"revised_missingness.csv","B_2018/has_child","observed_selected","90","90",TRUE
"revised_missingness.csv","B_2018/working","estimate","0.010989010989011","0.010989010989011",TRUE
"revised_missingness.csv","B_2018/working","se","0.010989010989011","0.010989010989011",TRUE
"revised_missingness.csv","B_2018/working","ci_low","-0.0107101606699599","-0.0107101606699599",TRUE
"revised_missingness.csv","B_2018/working","ci_high","0.032688182647982","0.0326881826479819",TRUE
"revised_missingness.csv","B_2018/working","p_value","0.31879271169654","0.318792711696541",TRUE
"revised_missingness.csv","B_2018/working","n","165","165",TRUE
"revised_missingness.csv","B_2018/working","df","163","163",TRUE
"revised_missingness.csv","B_2018/working","control_mean","0","0",TRUE
"revised_missingness.csv","B_2018/working","selected_mean","0.010989010989011","0.010989010989011",TRUE
"revised_missingness.csv","B_2018/working","n_control","74","74",TRUE
"revised_missingness.csv","B_2018/working","n_selected","91","91",TRUE
"revised_missingness.csv","B_2018/working","missing_control","0","0",TRUE
"revised_missingness.csv","B_2018/working","missing_selected","1","1",TRUE
"revised_missingness.csv","B_2018/working","observed_control","74","74",TRUE
"revised_missingness.csv","B_2018/working","observed_selected","90","90",TRUE
"revised_missingness.csv","B_2018/hours_worked","estimate","0.010989010989011","0.010989010989011",TRUE
"revised_missingness.csv","B_2018/hours_worked","se","0.010989010989011","0.010989010989011",TRUE
"revised_missingness.csv","B_2018/hours_worked","ci_low","-0.0107101606699599","-0.0107101606699599",TRUE
"revised_missingness.csv","B_2018/hours_worked","ci_high","0.032688182647982","0.0326881826479819",TRUE
"revised_missingness.csv","B_2018/hours_worked","p_value","0.31879271169654","0.318792711696541",TRUE
"revised_missingness.csv","B_2018/hours_worked","n","165","165",TRUE
"revised_missingness.csv","B_2018/hours_worked","df","163","163",TRUE
"revised_missingness.csv","B_2018/hours_worked","control_mean","0","0",TRUE
"revised_missingness.csv","B_2018/hours_worked","selected_mean","0.010989010989011","0.010989010989011",TRUE
"revised_missingness.csv","B_2018/hours_worked","n_control","74","74",TRUE
"revised_missingness.csv","B_2018/hours_worked","n_selected","91","91",TRUE
"revised_missingness.csv","B_2018/hours_worked","missing_control","0","0",TRUE
"revised_missingness.csv","B_2018/hours_worked","missing_selected","1","1",TRUE
"revised_missingness.csv","B_2018/hours_worked","observed_control","74","74",TRUE
"revised_missingness.csv","B_2018/hours_worked","observed_selected","90","90",TRUE
"revised_missingness.csv","B_2018/in_school_now","estimate","0.032967032967033","0.032967032967033",TRUE
"revised_missingness.csv","B_2018/in_school_now","se","0.0188208535951137","0.0188208535951137",TRUE
"revised_missingness.csv","B_2018/in_school_now","ci_low","-0.00419708792948178","-0.00419708792948174",TRUE
"revised_missingness.csv","B_2018/in_school_now","ci_high","0.0701311538635478","0.0701311538635477",TRUE
"revised_missingness.csv","B_2018/in_school_now","p_value","0.0817195124208044","0.0817195124208042",TRUE
"revised_missingness.csv","B_2018/in_school_now","n","165","165",TRUE
"revised_missingness.csv","B_2018/in_school_now","df","163","163",TRUE
"revised_missingness.csv","B_2018/in_school_now","control_mean","0","0",TRUE
"revised_missingness.csv","B_2018/in_school_now","selected_mean","0.032967032967033","0.032967032967033",TRUE
"revised_missingness.csv","B_2018/in_school_now","n_control","74","74",TRUE
"revised_missingness.csv","B_2018/in_school_now","n_selected","91","91",TRUE
"revised_missingness.csv","B_2018/in_school_now","missing_control","0","0",TRUE
"revised_missingness.csv","B_2018/in_school_now","missing_selected","3","3",TRUE
"revised_missingness.csv","B_2018/in_school_now","observed_control","74","74",TRUE
"revised_missingness.csv","B_2018/in_school_now","observed_selected","88","88",TRUE
"revised_missingness.csv","B_2018/in_private_now","estimate","0.032967032967033","0.032967032967033",TRUE
"revised_missingness.csv","B_2018/in_private_now","se","0.0188208535951137","0.0188208535951137",TRUE
"revised_missingness.csv","B_2018/in_private_now","ci_low","-0.00419708792948178","-0.00419708792948174",TRUE
"revised_missingness.csv","B_2018/in_private_now","ci_high","0.0701311538635478","0.0701311538635477",TRUE
"revised_missingness.csv","B_2018/in_private_now","p_value","0.0817195124208044","0.0817195124208042",TRUE
"revised_missingness.csv","B_2018/in_private_now","n","165","165",TRUE
"revised_missingness.csv","B_2018/in_private_now","df","163","163",TRUE
"revised_missingness.csv","B_2018/in_private_now","control_mean","0","0",TRUE
"revised_missingness.csv","B_2018/in_private_now","selected_mean","0.032967032967033","0.032967032967033",TRUE
"revised_missingness.csv","B_2018/in_private_now","n_control","74","74",TRUE
"revised_missingness.csv","B_2018/in_private_now","n_selected","91","91",TRUE
"revised_missingness.csv","B_2018/in_private_now","missing_control","0","0",TRUE
"revised_missingness.csv","B_2018/in_private_now","missing_selected","3","3",TRUE
"revised_missingness.csv","B_2018/in_private_now","observed_control","74","74",TRUE
"revised_missingness.csv","B_2018/in_private_now","observed_selected","88","88",TRUE
"revised_missingness.csv","B_2018/highest_grade","estimate","0","0",TRUE
"revised_missingness.csv","B_2018/highest_grade","se","0","0",TRUE
"revised_missingness.csv","B_2018/highest_grade","ci_low","0","0",TRUE
"revised_missingness.csv","B_2018/highest_grade","ci_high","0","0",TRUE
"revised_missingness.csv","B_2018/highest_grade","p_value","1","1",TRUE
"revised_missingness.csv","B_2018/highest_grade","n","165","165",TRUE
"revised_missingness.csv","B_2018/highest_grade","df","163","163",TRUE
"revised_missingness.csv","B_2018/highest_grade","control_mean","0","0",TRUE
"revised_missingness.csv","B_2018/highest_grade","selected_mean","0","0",TRUE
"revised_missingness.csv","B_2018/highest_grade","n_control","74","74",TRUE
"revised_missingness.csv","B_2018/highest_grade","n_selected","91","91",TRUE
"revised_missingness.csv","B_2018/highest_grade","missing_control","0","0",TRUE
"revised_missingness.csv","B_2018/highest_grade","missing_selected","0","0",TRUE
"revised_missingness.csv","B_2018/highest_grade","observed_control","74","74",TRUE
"revised_missingness.csv","B_2018/highest_grade","observed_selected","91","91",TRUE
"revised_missingness.csv","B_2018/total_repeats","estimate","0.010989010989011","0.010989010989011",TRUE
"revised_missingness.csv","B_2018/total_repeats","se","0.010989010989011","0.010989010989011",TRUE
"revised_missingness.csv","B_2018/total_repeats","ci_low","-0.0107101606699599","-0.0107101606699599",TRUE
"revised_missingness.csv","B_2018/total_repeats","ci_high","0.032688182647982","0.0326881826479819",TRUE
"revised_missingness.csv","B_2018/total_repeats","p_value","0.31879271169654","0.318792711696541",TRUE
"revised_missingness.csv","B_2018/total_repeats","n","165","165",TRUE
"revised_missingness.csv","B_2018/total_repeats","df","163","163",TRUE
"revised_missingness.csv","B_2018/total_repeats","control_mean","0","0",TRUE
"revised_missingness.csv","B_2018/total_repeats","selected_mean","0.010989010989011","0.010989010989011",TRUE
"revised_missingness.csv","B_2018/total_repeats","n_control","74","74",TRUE
"revised_missingness.csv","B_2018/total_repeats","n_selected","91","91",TRUE
"revised_missingness.csv","B_2018/total_repeats","missing_control","0","0",TRUE
"revised_missingness.csv","B_2018/total_repeats","missing_selected","1","1",TRUE
"revised_missingness.csv","B_2018/total_repeats","observed_control","74","74",TRUE
"revised_missingness.csv","B_2018/total_repeats","observed_selected","90","90",TRUE
"revised_baseline_balance.csv","A_2020/male","estimate","0.0016718780281104","0.00167187802810953",TRUE
"revised_baseline_balance.csv","A_2020/male","se","0.0291862722858887","0.0291862722858887",TRUE
"revised_baseline_balance.csv","A_2020/male","ci_low","-0.0555912002507904","-0.0555912002507913",TRUE
"revised_baseline_balance.csv","A_2020/male","ci_high","0.0589349563070112","0.0589349563070104",TRUE
"revised_baseline_balance.csv","A_2020/male","p_value","0.954329488203887","0.95432948820391",TRUE
"revised_baseline_balance.csv","A_2020/male","n","1176","1176",TRUE
"revised_baseline_balance.csv","A_2020/male","df","1174","1174",TRUE
"revised_baseline_balance.csv","A_2020/male","control_mean","0.500857632933105","0.500857632933105",TRUE
"revised_baseline_balance.csv","A_2020/male","selected_mean","0.502529510961214","0.502529510961214",TRUE
"revised_baseline_balance.csv","A_2020/male","n_control","583","583",TRUE
"revised_baseline_balance.csv","A_2020/male","n_selected","593","593",TRUE
"revised_baseline_balance.csv","A_2020/male","standardized_difference","0.00334093514408602","0.00334093514408429",TRUE
"revised_baseline_balance.csv","A_2020/age_at_application","estimate","-0.0622966507177","-0.0622966507177036",TRUE
"revised_baseline_balance.csv","A_2020/age_at_application","se","0.0763236873904853","0.0763236873904855",TRUE
"revised_baseline_balance.csv","A_2020/age_at_application","ci_low","-0.212050452006155","-0.21205045200616",TRUE
"revised_baseline_balance.csv","A_2020/age_at_application","ci_high","0.0874571505707556","0.0874571505707523",TRUE
"revised_baseline_balance.csv","A_2020/age_at_application","p_value","0.414550208395557","0.414550208395531",TRUE
"revised_baseline_balance.csv","A_2020/age_at_application","n","1120","1120",TRUE
"revised_baseline_balance.csv","A_2020/age_at_application","df","1118","1118",TRUE
"revised_baseline_balance.csv","A_2020/age_at_application","control_mean","12.6254545454545","12.6254545454545",TRUE
"revised_baseline_balance.csv","A_2020/age_at_application","selected_mean","12.5631578947368","12.5631578947368",TRUE
"revised_baseline_balance.csv","A_2020/age_at_application","n_control","550","550",TRUE
"revised_baseline_balance.csv","A_2020/age_at_application","n_selected","570","570",TRUE
"revised_baseline_balance.csv","A_2020/age_at_application","standardized_difference","-0.0487987624532859","-0.0487987624532887",TRUE
"revised_baseline_balance.csv","A_2020/has_phone","estimate","1.14032956750929e-15","0",TRUE
"revised_baseline_balance.csv","A_2020/has_phone","se",NA,NA,TRUE
"revised_baseline_balance.csv","A_2020/has_phone","ci_low",NA,NA,TRUE
"revised_baseline_balance.csv","A_2020/has_phone","ci_high",NA,NA,TRUE
"revised_baseline_balance.csv","A_2020/has_phone","p_value",NA,NA,TRUE
"revised_baseline_balance.csv","A_2020/has_phone","n","1176","1176",TRUE
"revised_baseline_balance.csv","A_2020/has_phone","df","1174","1174",TRUE
"revised_baseline_balance.csv","A_2020/has_phone","control_mean","1","1",TRUE
"revised_baseline_balance.csv","A_2020/has_phone","selected_mean","1","1",TRUE
"revised_baseline_balance.csv","A_2020/has_phone","n_control","583","583",TRUE
"revised_baseline_balance.csv","A_2020/has_phone","n_selected","593","593",TRUE
"revised_baseline_balance.csv","A_2020/has_phone","standardized_difference",NA,NA,TRUE
"revised_baseline_balance.csv","A_2020/ses_stratum","estimate","0.0202102684495253","0.0202102684495253",TRUE
"revised_baseline_balance.csv","A_2020/ses_stratum","se","0.0385359220257763","0.0385359220257764",TRUE
"revised_baseline_balance.csv","A_2020/ses_stratum","ci_low","-0.0554113903550844","-0.0554113903550845",TRUE
"revised_baseline_balance.csv","A_2020/ses_stratum","ci_high","0.0958319272541349","0.0958319272541351",TRUE
"revised_baseline_balance.csv","A_2020/ses_stratum","p_value","0.600081350051617","0.600081350051616",TRUE
"revised_baseline_balance.csv","A_2020/ses_stratum","n","990","990",TRUE
"revised_baseline_balance.csv","A_2020/ses_stratum","df","988","988",TRUE
"revised_baseline_balance.csv","A_2020/ses_stratum","control_mean","1.98969072164948","1.98969072164948",TRUE
"revised_baseline_balance.csv","A_2020/ses_stratum","selected_mean","2.00990099009901","2.00990099009901",TRUE
"revised_baseline_balance.csv","A_2020/ses_stratum","n_control","485","485",TRUE
"revised_baseline_balance.csv","A_2020/ses_stratum","n_selected","505","505",TRUE
"revised_baseline_balance.csv","A_2020/ses_stratum","standardized_difference","0.0333222151859378","0.033322215185938",TRUE
"revised_baseline_balance.csv","A_2020/age_at_application_missing","estimate","-0.0178179388462886","-0.0178179388462885",TRUE
"revised_baseline_balance.csv","A_2020/age_at_application_missing","se","0.0124389592221679","0.0124389592221679",TRUE
"revised_baseline_balance.csv","A_2020/age_at_application_missing","ci_low","-0.042223011500649","-0.0422230115006488",TRUE
"revised_baseline_balance.csv","A_2020/age_at_application_missing","ci_high","0.00658713380807174","0.00658713380807186",TRUE
"revised_baseline_balance.csv","A_2020/age_at_application_missing","p_value","0.152286987734775","0.152286987734778",TRUE
"revised_baseline_balance.csv","A_2020/age_at_application_missing","n","1176","1176",TRUE
"revised_baseline_balance.csv","A_2020/age_at_application_missing","df","1174","1174",TRUE
"revised_baseline_balance.csv","A_2020/age_at_application_missing","control_mean","0.0566037735849057","0.0566037735849057",TRUE
"revised_baseline_balance.csv","A_2020/age_at_application_missing","selected_mean","0.0387858347386172","0.0387858347386172",TRUE
"revised_baseline_balance.csv","A_2020/age_at_application_missing","n_control","583","583",TRUE
"revised_baseline_balance.csv","A_2020/age_at_application_missing","n_selected","593","593",TRUE
"revised_baseline_balance.csv","A_2020/age_at_application_missing","standardized_difference","-0.0836071543863865","-0.0836071543863858",TRUE
"revised_baseline_balance.csv","A_2020/ses_stratum_missing","estimate","-0.0196980784972766","-0.0196980784972767",TRUE
"revised_baseline_balance.csv","A_2020/ses_stratum_missing","se","0.0213013502547375","0.0213013502547375",TRUE
"revised_baseline_balance.csv","A_2020/ses_stratum_missing","ci_low","-0.0614910445580048","-0.0614910445580048",TRUE
"revised_baseline_balance.csv","A_2020/ses_stratum_missing","ci_high","0.0220948875634516","0.0220948875634515",TRUE
"revised_baseline_balance.csv","A_2020/ses_stratum_missing","p_value","0.355294426762014","0.355294426762012",TRUE
"revised_baseline_balance.csv","A_2020/ses_stratum_missing","n","1176","1176",TRUE
"revised_baseline_balance.csv","A_2020/ses_stratum_missing","df","1174","1174",TRUE
"revised_baseline_balance.csv","A_2020/ses_stratum_missing","control_mean","0.168096054888508","0.168096054888508",TRUE
"revised_baseline_balance.csv","A_2020/ses_stratum_missing","selected_mean","0.148397976391231","0.148397976391231",TRUE
"revised_baseline_balance.csv","A_2020/ses_stratum_missing","n_control","583","583",TRUE
"revised_baseline_balance.csv","A_2020/ses_stratum_missing","n_selected","593","593",TRUE
"revised_baseline_balance.csv","A_2020/ses_stratum_missing","standardized_difference","-0.0539451194650375","-0.0539451194650376",TRUE
"revised_baseline_balance.csv","A_2020/neighborhood_missing","estimate","-0.0397519372669716","-0.0397519372669712",TRUE
"revised_baseline_balance.csv","A_2020/neighborhood_missing","se","0.0248165685445854","0.0248165685445856",TRUE
"revised_baseline_balance.csv","A_2020/neighborhood_missing","ci_low","-0.0884417148878491","-0.0884417148878491",TRUE
"revised_baseline_balance.csv","A_2020/neighborhood_missing","ci_high","0.008937840353906","0.00893784035390678",TRUE
"revised_baseline_balance.csv","A_2020/neighborhood_missing","p_value","0.109462102652732","0.109462102652738",TRUE
"revised_baseline_balance.csv","A_2020/neighborhood_missing","n","1176","1176",TRUE
"revised_baseline_balance.csv","A_2020/neighborhood_missing","df","1174","1174",TRUE
"revised_baseline_balance.csv","A_2020/neighborhood_missing","control_mean","0.257289879931389","0.257289879931389",TRUE
"revised_baseline_balance.csv","A_2020/neighborhood_missing","selected_mean","0.217537942664418","0.217537942664418",TRUE
"revised_baseline_balance.csv","A_2020/neighborhood_missing","n_control","583","583",TRUE
"revised_baseline_balance.csv","A_2020/neighborhood_missing","n_selected","593","593",TRUE
"revised_baseline_balance.csv","A_2020/neighborhood_missing","standardized_difference","-0.0934469857254272","-0.0934469857254262",TRUE
"revised_baseline_balance.csv","A_2022/male","estimate","-0.0404161873888947","-0.0404161873888947",TRUE
"revised_baseline_balance.csv","A_2022/male","se","0.0603359736440989","0.0603359736440989",TRUE
"revised_baseline_balance.csv","A_2022/male","ci_low","-0.159195266719388","-0.159195266719388",TRUE
"revised_baseline_balance.csv","A_2022/male","ci_high","0.0783628919415986","0.0783628919415986",TRUE
"revised_baseline_balance.csv","A_2022/male","p_value","0.503514042152974","0.503514042152974",TRUE
"revised_baseline_balance.csv","A_2022/male","n","277","277",TRUE
"revised_baseline_balance.csv","A_2022/male","df","275","275",TRUE
"revised_baseline_balance.csv","A_2022/male","control_mean","0.526717557251908","0.526717557251908",TRUE
"revised_baseline_balance.csv","A_2022/male","selected_mean","0.486301369863014","0.486301369863014",TRUE
"revised_baseline_balance.csv","A_2022/male","n_control","131","131",TRUE
"revised_baseline_balance.csv","A_2022/male","n_selected","146","146",TRUE
"revised_baseline_balance.csv","A_2022/male","standardized_difference","-0.0806118844501881","-0.0806118844501881",TRUE
"revised_baseline_balance.csv","A_2022/age_at_application","estimate","-0.200804522722324","-0.200804522722331",TRUE
"revised_baseline_balance.csv","A_2022/age_at_application","se","0.170834723688174","0.170834723688174",TRUE
"revised_baseline_balance.csv","A_2022/age_at_application","ci_low","-0.537142051267692","-0.537142051267698",TRUE
"revised_baseline_balance.csv","A_2022/age_at_application","ci_high","0.135533005823043","0.135533005823036",TRUE
"revised_baseline_balance.csv","A_2022/age_at_application","p_value","0.240857581369479","0.240857581369464",TRUE
"revised_baseline_balance.csv","A_2022/age_at_application","n","272","272",TRUE
"revised_baseline_balance.csv","A_2022/age_at_application","df","270","270",TRUE
"revised_baseline_balance.csv","A_2022/age_at_application","control_mean","12.515873015873","12.515873015873",TRUE
"revised_baseline_balance.csv","A_2022/age_at_application","selected_mean","12.3150684931507","12.3150684931507",TRUE
"revised_baseline_balance.csv","A_2022/age_at_application","n_control","126","126",TRUE
"revised_baseline_balance.csv","A_2022/age_at_application","n_selected","146","146",TRUE
"revised_baseline_balance.csv","A_2022/age_at_application","standardized_difference","-0.143734303187394","-0.143734303187399",TRUE
"revised_baseline_balance.csv","A_2022/has_phone","estimate","2.66125348881593e-16","0",TRUE
"revised_baseline_balance.csv","A_2022/has_phone","se",NA,NA,TRUE
"revised_baseline_balance.csv","A_2022/has_phone","ci_low",NA,NA,TRUE
"revised_baseline_balance.csv","A_2022/has_phone","ci_high",NA,NA,TRUE
"revised_baseline_balance.csv","A_2022/has_phone","p_value",NA,NA,TRUE
"revised_baseline_balance.csv","A_2022/has_phone","n","277","277",TRUE
"revised_baseline_balance.csv","A_2022/has_phone","df","275","275",TRUE
"revised_baseline_balance.csv","A_2022/has_phone","control_mean","1","1",TRUE
"revised_baseline_balance.csv","A_2022/has_phone","selected_mean","1","1",TRUE
"revised_baseline_balance.csv","A_2022/has_phone","n_control","131","131",TRUE
"revised_baseline_balance.csv","A_2022/has_phone","n_selected","146","146",TRUE
"revised_baseline_balance.csv","A_2022/has_phone","standardized_difference",NA,NA,TRUE
"revised_baseline_balance.csv","A_2022/ses_stratum","estimate","0.0406063023534118","0.0406063023534102",TRUE
"revised_baseline_balance.csv","A_2022/ses_stratum","se","0.0811594621353815","0.0811594621353817",TRUE
"revised_baseline_balance.csv","A_2022/ses_stratum","ci_low","-0.11933524987701","-0.119335249877012",TRUE
"revised_baseline_balance.csv","A_2022/ses_stratum","ci_high","0.200547854583833","0.200547854583832",TRUE
"revised_baseline_balance.csv","A_2022/ses_stratum","p_value","0.617340180455998","0.617340180456013",TRUE
"revised_baseline_balance.csv","A_2022/ses_stratum","n","224","224",TRUE
"revised_baseline_balance.csv","A_2022/ses_stratum","df","222","222",TRUE
"revised_baseline_balance.csv","A_2022/ses_stratum","control_mean","2.05504587155963","2.05504587155963",TRUE
"revised_baseline_balance.csv","A_2022/ses_stratum","selected_mean","2.09565217391304","2.09565217391304",TRUE
"revised_baseline_balance.csv","A_2022/ses_stratum","n_control","109","109",TRUE
"revised_baseline_balance.csv","A_2022/ses_stratum","n_selected","115","115",TRUE
"revised_baseline_balance.csv","A_2022/ses_stratum","standardized_difference","0.0669261274242321","0.0669261274242295",TRUE
"revised_baseline_balance.csv","A_2022/age_at_application_missing","estimate","-0.0381679389312979","-0.0381679389312977",TRUE
"revised_baseline_balance.csv","A_2022/age_at_application_missing","se","0.0168045660848552","0.0168045660848552",TRUE
"revised_baseline_balance.csv","A_2022/age_at_application_missing","ci_low","-0.0712498760834425","-0.0712498760834423",TRUE
"revised_baseline_balance.csv","A_2022/age_at_application_missing","ci_high","-0.00508600177915332","-0.00508600177915312",TRUE
"revised_baseline_balance.csv","A_2022/age_at_application_missing","p_value","0.0239028092555535","0.0239028092555542",TRUE
"revised_baseline_balance.csv","A_2022/age_at_application_missing","n","277","277",TRUE
"revised_baseline_balance.csv","A_2022/age_at_application_missing","df","275","275",TRUE
"revised_baseline_balance.csv","A_2022/age_at_application_missing","control_mean","0.0381679389312977","0.0381679389312977",TRUE
"revised_baseline_balance.csv","A_2022/age_at_application_missing","selected_mean","0","0",TRUE
"revised_baseline_balance.csv","A_2022/age_at_application_missing","n_control","131","131",TRUE
"revised_baseline_balance.csv","A_2022/age_at_application_missing","n_selected","146","146",TRUE
"revised_baseline_balance.csv","A_2022/age_at_application_missing","standardized_difference","-0.280640765151079","-0.280640765151078",TRUE
"revised_baseline_balance.csv","A_2022/ses_stratum_missing","estimate","0.044389835825578","0.0443898358255777",TRUE
"revised_baseline_balance.csv","A_2022/ses_stratum_missing","se","0.04720491128708","0.0472049112870799",TRUE
"revised_baseline_balance.csv","A_2022/ses_stratum_missing","ci_low","-0.0485390681750515","-0.0485390681750516",TRUE
"revised_baseline_balance.csv","A_2022/ses_stratum_missing","ci_high","0.137318739826207","0.137318739826207",TRUE
"revised_baseline_balance.csv","A_2022/ses_stratum_missing","p_value","0.347855745823526","0.347855745823528",TRUE
"revised_baseline_balance.csv","A_2022/ses_stratum_missing","n","277","277",TRUE
"revised_baseline_balance.csv","A_2022/ses_stratum_missing","df","275","275",TRUE
"revised_baseline_balance.csv","A_2022/ses_stratum_missing","control_mean","0.16793893129771","0.16793893129771",TRUE
"revised_baseline_balance.csv","A_2022/ses_stratum_missing","selected_mean","0.212328767123288","0.212328767123288",TRUE
"revised_baseline_balance.csv","A_2022/ses_stratum_missing","n_control","131","131",TRUE
"revised_baseline_balance.csv","A_2022/ses_stratum_missing","n_selected","146","146",TRUE
"revised_baseline_balance.csv","A_2022/ses_stratum_missing","standardized_difference","0.11289441696645","0.112894416966449",TRUE
"revised_baseline_balance.csv","A_2022/neighborhood_missing","estimate","2.66125348881593e-16","0",TRUE
"revised_baseline_balance.csv","A_2022/neighborhood_missing","se",NA,NA,TRUE
"revised_baseline_balance.csv","A_2022/neighborhood_missing","ci_low",NA,NA,TRUE
"revised_baseline_balance.csv","A_2022/neighborhood_missing","ci_high",NA,NA,TRUE
"revised_baseline_balance.csv","A_2022/neighborhood_missing","p_value",NA,NA,TRUE
"revised_baseline_balance.csv","A_2022/neighborhood_missing","n","277","277",TRUE
"revised_baseline_balance.csv","A_2022/neighborhood_missing","df","275","275",TRUE
"revised_baseline_balance.csv","A_2022/neighborhood_missing","control_mean","1","1",TRUE
"revised_baseline_balance.csv","A_2022/neighborhood_missing","selected_mean","1","1",TRUE
"revised_baseline_balance.csv","A_2022/neighborhood_missing","n_control","131","131",TRUE
"revised_baseline_balance.csv","A_2022/neighborhood_missing","n_selected","146","146",TRUE
"revised_baseline_balance.csv","A_2022/neighborhood_missing","standardized_difference",NA,NA,TRUE
"revised_baseline_balance.csv","B_2018/male","estimate","0.107662607662608","0.107662607662608",TRUE
"revised_baseline_balance.csv","B_2018/male","se","0.0770966388070182","0.0770966388070182",TRUE
"revised_baseline_balance.csv","B_2018/male","ci_low","-0.0445743135194808","-0.0445743135194808",TRUE
"revised_baseline_balance.csv","B_2018/male","ci_high","0.259899528844696","0.259899528844696",TRUE
"revised_baseline_balance.csv","B_2018/male","p_value","0.164473783917654","0.164473783917654",TRUE
"revised_baseline_balance.csv","B_2018/male","n","165","165",TRUE
"revised_baseline_balance.csv","B_2018/male","df","163","163",TRUE
"revised_baseline_balance.csv","B_2018/male","control_mean","0.364864864864865","0.364864864864865",TRUE
"revised_baseline_balance.csv","B_2018/male","selected_mean","0.472527472527473","0.472527472527473",TRUE
"revised_baseline_balance.csv","B_2018/male","n_control","74","74",TRUE
"revised_baseline_balance.csv","B_2018/male","n_selected","91","91",TRUE
"revised_baseline_balance.csv","B_2018/male","standardized_difference","0.218196447438896","0.218196447438896",TRUE
"revised_baseline_balance.csv","B_2018/age_at_application","estimate","-0.627777777777781","-0.627777777777778",TRUE
"revised_baseline_balance.csv","B_2018/age_at_application","se","0.22817769072326","0.22817769072326",TRUE
"revised_baseline_balance.csv","B_2018/age_at_application","ci_low","-1.07840625514453","-1.07840625514452",TRUE
"revised_baseline_balance.csv","B_2018/age_at_application","ci_high","-0.177149300411035","-0.177149300411032",TRUE
"revised_baseline_balance.csv","B_2018/age_at_application","p_value","0.0066214609131341","0.00662146091313431",TRUE
"revised_baseline_balance.csv","B_2018/age_at_application","n","162","162",TRUE
"revised_baseline_balance.csv","B_2018/age_at_application","df","160","160",TRUE
"revised_baseline_balance.csv","B_2018/age_at_application","control_mean","12.75","12.75",TRUE
"revised_baseline_balance.csv","B_2018/age_at_application","selected_mean","12.1222222222222","12.1222222222222",TRUE
"revised_baseline_balance.csv","B_2018/age_at_application","n_control","72","72",TRUE
"revised_baseline_balance.csv","B_2018/age_at_application","n_selected","90","90",TRUE
"revised_baseline_balance.csv","B_2018/age_at_application","standardized_difference","-0.435683493445523","-0.435683493445521",TRUE
"revised_baseline_balance.csv","B_2018/has_phone","estimate","0.165132165132165","0.165132165132165",TRUE
"revised_baseline_balance.csv","B_2018/has_phone","se","0.0767901403685622","0.0767901403685623",TRUE
"revised_baseline_balance.csv","B_2018/has_phone","ci_low","0.0135004633129395","0.0135004633129394",TRUE
"revised_baseline_balance.csv","B_2018/has_phone","ci_high","0.316763866951391","0.316763866951391",TRUE
"revised_baseline_balance.csv","B_2018/has_phone","p_value","0.032994736641594","0.032994736641594",TRUE
"revised_baseline_balance.csv","B_2018/has_phone","n","165","165",TRUE
"revised_baseline_balance.csv","B_2018/has_phone","df","163","163",TRUE
"revised_baseline_balance.csv","B_2018/has_phone","control_mean","0.351351351351351","0.351351351351351",TRUE
"revised_baseline_balance.csv","B_2018/has_phone","selected_mean","0.516483516483517","0.516483516483517",TRUE
"revised_baseline_balance.csv","B_2018/has_phone","n_control","74","74",TRUE
"revised_baseline_balance.csv","B_2018/has_phone","n_selected","91","91",TRUE
"revised_baseline_balance.csv","B_2018/has_phone","standardized_difference","0.335842450512793","0.335842450512793",TRUE
"revised_baseline_balance.csv","B_2018/ses_stratum","estimate","0.125000000000001","0.125",TRUE
"revised_baseline_balance.csv","B_2018/ses_stratum","se","0.109888297296222","0.109888297296222",TRUE
"revised_baseline_balance.csv","B_2018/ses_stratum","ci_low","-0.092517146707174","-0.0925171467071746",TRUE
"revised_baseline_balance.csv","B_2018/ses_stratum","ci_high","0.342517146707175","0.342517146707175",TRUE
"revised_baseline_balance.csv","B_2018/ses_stratum","p_value","0.257532521970025","0.257532521970028",TRUE
"revised_baseline_balance.csv","B_2018/ses_stratum","n","125","125",TRUE
"revised_baseline_balance.csv","B_2018/ses_stratum","df","123","123",TRUE
"revised_baseline_balance.csv","B_2018/ses_stratum","control_mean","1.875","1.875",TRUE
"revised_baseline_balance.csv","B_2018/ses_stratum","selected_mean","2","2",TRUE
"revised_baseline_balance.csv","B_2018/ses_stratum","n_control","56","56",TRUE
"revised_baseline_balance.csv","B_2018/ses_stratum","n_selected","69","69",TRUE
"revised_baseline_balance.csv","B_2018/ses_stratum","standardized_difference","0.204361064546356","0.204361064546354",TRUE
"revised_baseline_balance.csv","B_2018/age_at_application_missing","estimate","-0.016038016038016","-0.016038016038016",TRUE
"revised_baseline_balance.csv","B_2018/age_at_application_missing","se","0.0219313771909262","0.0219313771909262",TRUE
"revised_baseline_balance.csv","B_2018/age_at_application_missing","ci_low","-0.0593442534109189","-0.0593442534109189",TRUE
"revised_baseline_balance.csv","B_2018/age_at_application_missing","ci_high","0.0272682213348868","0.0272682213348868",TRUE
"revised_baseline_balance.csv","B_2018/age_at_application_missing","p_value","0.465657031966674","0.465657031966673",TRUE
"revised_baseline_balance.csv","B_2018/age_at_application_missing","n","165","165",TRUE
"revised_baseline_balance.csv","B_2018/age_at_application_missing","df","163","163",TRUE
"revised_baseline_balance.csv","B_2018/age_at_application_missing","control_mean","0.027027027027027","0.027027027027027",TRUE
"revised_baseline_balance.csv","B_2018/age_at_application_missing","selected_mean","0.010989010989011","0.010989010989011",TRUE
"revised_baseline_balance.csv","B_2018/age_at_application_missing","n_control","74","74",TRUE
"revised_baseline_balance.csv","B_2018/age_at_application_missing","n_selected","91","91",TRUE
"revised_baseline_balance.csv","B_2018/age_at_application_missing","standardized_difference","-0.116898072009625","-0.116898072009625",TRUE
"revised_baseline_balance.csv","B_2018/ses_stratum_missing","estimate","-0.00148500148500139","-0.0014850014850015",TRUE
"revised_baseline_balance.csv","B_2018/ses_stratum_missing","se","0.0675157733318561","0.0675157733318562",TRUE
"revised_baseline_balance.csv","B_2018/ses_stratum_missing","ci_low","-0.134803309809668","-0.134803309809668",TRUE
"revised_baseline_balance.csv","B_2018/ses_stratum_missing","ci_high","0.131833306839666","0.131833306839665",TRUE
"revised_baseline_balance.csv","B_2018/ses_stratum_missing","p_value","0.98247893983781","0.982478939837809",TRUE
"revised_baseline_balance.csv","B_2018/ses_stratum_missing","n","165","165",TRUE
"revised_baseline_balance.csv","B_2018/ses_stratum_missing","df","163","163",TRUE
"revised_baseline_balance.csv","B_2018/ses_stratum_missing","control_mean","0.243243243243243","0.243243243243243",TRUE
"revised_baseline_balance.csv","B_2018/ses_stratum_missing","selected_mean","0.241758241758242","0.241758241758242",TRUE
"revised_baseline_balance.csv","B_2018/ses_stratum_missing","n_control","74","74",TRUE
"revised_baseline_balance.csv","B_2018/ses_stratum_missing","n_selected","91","91",TRUE
"revised_baseline_balance.csv","B_2018/ses_stratum_missing","standardized_difference","-0.00344351680686603","-0.00344351680686628",TRUE
"revised_baseline_balance.csv","B_2018/neighborhood_missing","estimate","2.11863715576288e-17","0",TRUE
"revised_baseline_balance.csv","B_2018/neighborhood_missing","se",NA,NA,TRUE
"revised_baseline_balance.csv","B_2018/neighborhood_missing","ci_low",NA,NA,TRUE
"revised_baseline_balance.csv","B_2018/neighborhood_missing","ci_high",NA,NA,TRUE
"revised_baseline_balance.csv","B_2018/neighborhood_missing","p_value",NA,NA,TRUE
"revised_baseline_balance.csv","B_2018/neighborhood_missing","n","165","165",TRUE
"revised_baseline_balance.csv","B_2018/neighborhood_missing","df","163","163",TRUE
"revised_baseline_balance.csv","B_2018/neighborhood_missing","control_mean","1","1",TRUE
"revised_baseline_balance.csv","B_2018/neighborhood_missing","selected_mean","1","1",TRUE
"revised_baseline_balance.csv","B_2018/neighborhood_missing","n_control","74","74",TRUE
"revised_baseline_balance.csv","B_2018/neighborhood_missing","n_selected","91","91",TRUE
"revised_baseline_balance.csv","B_2018/neighborhood_missing","standardized_difference",NA,NA,TRUE
"Baseline joint","A_2020","F_statistic","0.7302291047799","0.730229104779961",TRUE
"Baseline joint","A_2020","numerator_df","5","5",TRUE
"Baseline joint","A_2020","denominator_df","1170","1170",TRUE
"Baseline joint","A_2020","p_value","0.600802477664379","0.600802477664335",TRUE
"Baseline joint","A_2020","n","1176","1176",TRUE
"Baseline joint","A_2022","F_statistic","41.682428461256","41.6824284612561",TRUE
"Baseline joint","A_2022","numerator_df","5","5",TRUE
"Baseline joint","A_2022","denominator_df","271","271",TRUE
"Baseline joint","A_2022","p_value","9.44125983931342e-32","9.44125983931276e-32",TRUE
"Baseline joint","A_2022","n","277","277",TRUE
"Baseline joint","B_2018","F_statistic","2.66656356235195","2.66656356235183",TRUE
"Baseline joint","B_2018","numerator_df","6","6",TRUE
"Baseline joint","B_2018","denominator_df","158","158",TRUE
"Baseline joint","B_2018","p_value","0.0171586364526757","0.0171586364526802",TRUE
"Baseline joint","B_2018","n","165","165",TRUE
"Sex interactions","years_in_school/Girls","estimate","0.174135633634898","0.174135633634897",TRUE
"Sex interactions","years_in_school/Girls","se","0.0709086255716584","0.0709086255716594",TRUE
"Sex interactions","years_in_school/Girls","ci_low","0.0350129915828151","0.0350129915828117",TRUE
"Sex interactions","years_in_school/Girls","ci_high","0.313258275686982","0.313258275686983",TRUE
"Sex interactions","years_in_school/Girls","p_value","0.0142030699555279","0.01420306995553",TRUE
"Sex interactions","years_in_school/Girls","n","1171","1171",TRUE
"Sex interactions","years_in_school/Girls","df","1167","1167",TRUE
"Sex interactions","years_in_school/Girls","subgroup_n","585","585",TRUE
"Sex interactions","years_in_school/Boys","estimate","0.0129334451901622","0.0129334451901566",TRUE
"Sex interactions","years_in_school/Boys","se","0.0831243277222905","0.0831243277222905",TRUE
"Sex interactions","years_in_school/Boys","ci_low","-0.150156390472236","-0.150156390472242",TRUE
"Sex interactions","years_in_school/Boys","ci_high","0.17602328085256","0.176023280852555",TRUE
"Sex interactions","years_in_school/Boys","p_value","0.87638187299331","0.876381872993363",TRUE
"Sex interactions","years_in_school/Boys","n","1171","1171",TRUE
"Sex interactions","years_in_school/Boys","df","1167","1167",TRUE
"Sex interactions","years_in_school/Boys","subgroup_n","586","586",TRUE
"Sex interactions","years_in_school/Boys minus girls","estimate","-0.161202188444736","-0.161202188444741",TRUE
"Sex interactions","years_in_school/Boys minus girls","se","0.109259722861375","0.109259722861375",TRUE
"Sex interactions","years_in_school/Boys minus girls","ci_low","-0.375569639397394","-0.3755696393974",TRUE
"Sex interactions","years_in_school/Boys minus girls","ci_high","0.0531652625079217","0.0531652625079187",TRUE
"Sex interactions","years_in_school/Boys minus girls","p_value","0.140373807164665","0.140373807164657",TRUE
"Sex interactions","years_in_school/Boys minus girls","n","1171","1171",TRUE
"Sex interactions","years_in_school/Boys minus girls","df","1167","1167",TRUE
"Sex interactions","years_in_school/Boys minus girls","subgroup_n","1171","1171",TRUE
"Sex interactions","married_or_cohab/Girls","estimate","-0.0138629886351639","-0.0138629886351641",TRUE
"Sex interactions","married_or_cohab/Girls","se","0.0126804293379008","0.0126804293379008",TRUE
"Sex interactions","married_or_cohab/Girls","ci_low","-0.0387420207962139","-0.0387420207962143",TRUE
"Sex interactions","married_or_cohab/Girls","ci_high","0.0110160435258861","0.011016043525886",TRUE
"Sex interactions","married_or_cohab/Girls","p_value","0.274506272441066","0.274506272441059",TRUE
"Sex interactions","married_or_cohab/Girls","n","1169","1169",TRUE
"Sex interactions","married_or_cohab/Girls","df","1165","1165",TRUE
"Sex interactions","married_or_cohab/Girls","subgroup_n","584","584",TRUE
"Sex interactions","married_or_cohab/Boys","estimate","-0.00348432055749093","-0.00348432055749129",TRUE
"Sex interactions","married_or_cohab/Boys","se","0.00348432055749128","0.0034843205574913",TRUE
"Sex interactions","married_or_cohab/Boys","ci_low","-0.0103205656797388","-0.0103205656797392",TRUE
"Sex interactions","married_or_cohab/Boys","ci_high","0.00335192456475698","0.00335192456475666",TRUE
"Sex interactions","married_or_cohab/Boys","p_value","0.317518163478452","0.317518163478404",TRUE
"Sex interactions","married_or_cohab/Boys","n","1169","1169",TRUE
"Sex interactions","married_or_cohab/Boys","df","1165","1165",TRUE
"Sex interactions","married_or_cohab/Boys","subgroup_n","585","585",TRUE
"Sex interactions","married_or_cohab/Boys minus girls","estimate","0.0103786680776729","0.0103786680776729",TRUE
"Sex interactions","married_or_cohab/Boys minus girls","se","0.0131504288120521","0.0131504288120522",TRUE
"Sex interactions","married_or_cohab/Boys minus girls","ci_low","-0.0154225041562008","-0.0154225041562011",TRUE
"Sex interactions","married_or_cohab/Boys minus girls","ci_high","0.0361798403115467","0.0361798403115468",TRUE
"Sex interactions","married_or_cohab/Boys minus girls","p_value","0.430140170142443","0.430140170142449",TRUE
"Sex interactions","married_or_cohab/Boys minus girls","n","1169","1169",TRUE
"Sex interactions","married_or_cohab/Boys minus girls","df","1165","1165",TRUE
"Sex interactions","married_or_cohab/Boys minus girls","subgroup_n","1169","1169",TRUE
"Sex interactions","has_child/Girls","estimate","-0.0243364648206137","-0.0243364648206139",TRUE
"Sex interactions","has_child/Girls","se","0.0185730873908921","0.0185730873908923",TRUE
"Sex interactions","has_child/Girls","ci_low","-0.0607769059298808","-0.0607769059298814",TRUE
"Sex interactions","has_child/Girls","ci_high","0.0121039762886535","0.0121039762886537",TRUE
"Sex interactions","has_child/Girls","p_value","0.190349940876284","0.190349940876285",TRUE
"Sex interactions","has_child/Girls","n","1169","1169",TRUE
"Sex interactions","has_child/Girls","df","1165","1165",TRUE
"Sex interactions","has_child/Girls","subgroup_n","584","584",TRUE
"Sex interactions","has_child/Boys","estimate","-0.000257231719008957","-0.000257231719009424",TRUE
"Sex interactions","has_child/Boys","se","0.00682947721365173","0.00682947721365171",TRUE
"Sex interactions","has_child/Boys","ci_low","-0.0136566820620467","-0.0136566820620471",TRUE
"Sex interactions","has_child/Boys","ci_high","0.0131422186240287","0.0131422186240282",TRUE
"Sex interactions","has_child/Boys","p_value","0.969961298067695","0.96996129806764",TRUE
"Sex interactions","has_child/Boys","n","1169","1169",TRUE
"Sex interactions","has_child/Boys","df","1165","1165",TRUE
"Sex interactions","has_child/Boys","subgroup_n","585","585",TRUE
"Sex interactions","has_child/Boys minus girls","estimate","0.0240792331016047","0.0240792331016044",TRUE
"Sex interactions","has_child/Boys minus girls","se","0.0197889194814043","0.0197889194814045",TRUE
"Sex interactions","has_child/Boys minus girls","ci_low","-0.0147466734265564","-0.014746673426557",TRUE
"Sex interactions","has_child/Boys minus girls","ci_high","0.0629051396297658","0.0629051396297658",TRUE
"Sex interactions","has_child/Boys minus girls","p_value","0.223925307239364","0.223925307239374",TRUE
"Sex interactions","has_child/Boys minus girls","n","1169","1169",TRUE
"Sex interactions","has_child/Boys minus girls","df","1165","1165",TRUE
"Sex interactions","has_child/Boys minus girls","subgroup_n","1169","1169",TRUE
"Sex interactions","working/Girls","estimate","-0.0385721298828801","-0.038572129882881",TRUE
"Sex interactions","working/Girls","se","0.0241449361903585","0.0241449361903584",TRUE
"Sex interactions","working/Girls","ci_low","-0.0859444669984404","-0.0859444669984411",TRUE
"Sex interactions","working/Girls","ci_high","0.00880020723268017","0.0088002072326791",TRUE
"Sex interactions","working/Girls","p_value","0.110419529963868","0.110419529963858",TRUE
"Sex interactions","working/Girls","n","1171","1171",TRUE
"Sex interactions","working/Girls","df","1167","1167",TRUE
"Sex interactions","working/Girls","subgroup_n","585","585",TRUE
"Sex interactions","working/Boys","estimate","-0.0458846010439961","-0.045884601043997",TRUE
"Sex interactions","working/Boys","se","0.0355395578119384","0.0355395578119384",TRUE
"Sex interactions","working/Boys","ci_low","-0.115613172713503","-0.115613172713504",TRUE
"Sex interactions","working/Boys","ci_high","0.0238439706255111","0.0238439706255102",TRUE
"Sex interactions","working/Boys","p_value","0.196929784754211","0.196929784754202",TRUE
"Sex interactions","working/Boys","n","1171","1171",TRUE
"Sex interactions","working/Boys","df","1167","1167",TRUE
"Sex interactions","working/Boys","subgroup_n","586","586",TRUE
"Sex interactions","working/Boys minus girls","estimate","-0.00731247116111594","-0.00731247116111601",TRUE
"Sex interactions","working/Boys minus girls","se","0.0429655456511912","0.0429655456511912",TRUE
"Sex interactions","working/Boys minus girls","ci_low","-0.0916108224549573","-0.0916108224549573",TRUE
"Sex interactions","working/Boys minus girls","ci_high","0.0769858801327255","0.0769858801327253",TRUE
"Sex interactions","working/Boys minus girls","p_value","0.864887196399758","0.864887196399757",TRUE
"Sex interactions","working/Boys minus girls","n","1171","1171",TRUE
"Sex interactions","working/Boys minus girls","df","1167","1167",TRUE
"Sex interactions","working/Boys minus girls","subgroup_n","1171","1171",TRUE
"Sex interactions","hours_worked/Girls","estimate","-2.36036888982395","-2.36036888982397",TRUE
"Sex interactions","hours_worked/Girls","se","0.670532875691164","0.670532875691177",TRUE
"Sex interactions","hours_worked/Girls","ci_low","-3.67595362294874","-3.67595362294879",TRUE
"Sex interactions","hours_worked/Girls","ci_high","-1.04478415669916","-1.04478415669915",TRUE
"Sex interactions","hours_worked/Girls","p_value","0.000447943922092719","0.000447943922092784",TRUE
"Sex interactions","hours_worked/Girls","n","1171","1171",TRUE
"Sex interactions","hours_worked/Girls","df","1167","1167",TRUE
"Sex interactions","hours_worked/Girls","subgroup_n","585","585",TRUE
"Sex interactions","hours_worked/Boys","estimate","-0.617589485458615","-0.617589485458614",TRUE
"Sex interactions","hours_worked/Boys","se","1.11640349754622","1.11640349754622",TRUE
"Sex interactions","hours_worked/Boys","ci_low","-2.80797186732918","-2.80797186732918",TRUE
"Sex interactions","hours_worked/Boys","ci_high","1.57279289641195","1.57279289641195",TRUE
"Sex interactions","hours_worked/Boys","p_value","0.580235446314225","0.580235446314225",TRUE
"Sex interactions","hours_worked/Boys","n","1171","1171",TRUE
"Sex interactions","hours_worked/Boys","df","1167","1167",TRUE
"Sex interactions","hours_worked/Boys","subgroup_n","586","586",TRUE
"Sex interactions","hours_worked/Boys minus girls","estimate","1.74277940436534","1.74277940436536",TRUE
"Sex interactions","hours_worked/Boys minus girls","se","1.30229455451373","1.30229455451373",TRUE
"Sex interactions","hours_worked/Boys minus girls","ci_low","-0.812321018091677","-0.812321018091667",TRUE
"Sex interactions","hours_worked/Boys minus girls","ci_high","4.29787982682235","4.29787982682238",TRUE
"Sex interactions","hours_worked/Boys minus girls","p_value","0.181079706988797","0.181079706988794",TRUE
"Sex interactions","hours_worked/Boys minus girls","n","1171","1171",TRUE
"Sex interactions","hours_worked/Boys minus girls","df","1167","1167",TRUE
"Sex interactions","hours_worked/Boys minus girls","subgroup_n","1171","1171",TRUE
"Sex interactions","in_school_now/Girls","estimate","0.0637579169598857","0.0637579169598874",TRUE
"Sex interactions","in_school_now/Girls","se","0.0298509648526285","0.0298509648526283",TRUE
"Sex interactions","in_school_now/Girls","ci_low","0.00519025376671921","0.00519025376672141",TRUE
"Sex interactions","in_school_now/Girls","ci_high","0.122325580153052","0.122325580153053",TRUE
"Sex interactions","in_school_now/Girls","p_value","0.0328976348443478","0.0328976348443416",TRUE
"Sex interactions","in_school_now/Girls","n","1169","1169",TRUE
"Sex interactions","in_school_now/Girls","df","1165","1165",TRUE
"Sex interactions","in_school_now/Girls","subgroup_n","584","584",TRUE
"Sex interactions","in_school_now/Boys","estimate","-0.0219907407407429","-0.0219907407407408",TRUE
"Sex interactions","in_school_now/Boys","se","0.0313941853548648","0.0313941853548648",TRUE
"Sex interactions","in_school_now/Boys","ci_low","-0.0835862061859965","-0.0835862061859945",TRUE
"Sex interactions","in_school_now/Boys","ci_high","0.0396047247045108","0.0396047247045129",TRUE
"Sex interactions","in_school_now/Boys","p_value","0.483772590309245","0.483772590309286",TRUE
"Sex interactions","in_school_now/Boys","n","1169","1169",TRUE
"Sex interactions","in_school_now/Boys","df","1165","1165",TRUE
"Sex interactions","in_school_now/Boys","subgroup_n","585","585",TRUE
"Sex interactions","in_school_now/Boys minus girls","estimate","-0.0857486577006285","-0.0857486577006282",TRUE
"Sex interactions","in_school_now/Boys minus girls","se","0.0433206068370293","0.0433206068370292",TRUE
"Sex interactions","in_school_now/Boys minus girls","ci_low","-0.170743790121995","-0.170743790121994",TRUE
"Sex interactions","in_school_now/Boys minus girls","ci_high","-0.000753525279262021","-0.000753525279262035",TRUE
"Sex interactions","in_school_now/Boys minus girls","p_value","0.0480064803548218","0.0480064803548218",TRUE
"Sex interactions","in_school_now/Boys minus girls","n","1169","1169",TRUE
"Sex interactions","in_school_now/Boys minus girls","df","1165","1165",TRUE
"Sex interactions","in_school_now/Boys minus girls","subgroup_n","1169","1169",TRUE
"Sex interactions","in_private_now/Girls","estimate","0.183622504191884","0.183622504191887",TRUE
"Sex interactions","in_private_now/Girls","se","0.0395677411529914","0.0395677411529915",TRUE
"Sex interactions","in_private_now/Girls","ci_low","0.105990085099976","0.105990085099979",TRUE
"Sex interactions","in_private_now/Girls","ci_high","0.261254923283793","0.261254923283796",TRUE
"Sex interactions","in_private_now/Girls","p_value","3.86759159512581e-06","3.86759159512433e-06",TRUE
"Sex interactions","in_private_now/Girls","n","1163","1163",TRUE
"Sex interactions","in_private_now/Girls","df","1159","1159",TRUE
"Sex interactions","in_private_now/Girls","subgroup_n","580","580",TRUE
"Sex interactions","in_private_now/Boys","estimate","0.134809634809631","0.134809634809635",TRUE
"Sex interactions","in_private_now/Boys","se","0.0401253898577565","0.0401253898577565",TRUE
"Sex interactions","in_private_now/Boys","ci_low","0.0560831017578935","0.0560831017578976",TRUE
"Sex interactions","in_private_now/Boys","ci_high","0.213536167861368","0.213536167861372",TRUE
"Sex interactions","in_private_now/Boys","p_value","0.000805640835828477","0.00080564083582818",TRUE
"Sex interactions","in_private_now/Boys","n","1163","1163",TRUE
"Sex interactions","in_private_now/Boys","df","1159","1159",TRUE
"Sex interactions","in_private_now/Boys","subgroup_n","583","583",TRUE
"Sex interactions","in_private_now/Boys minus girls","estimate","-0.0488128693822536","-0.0488128693822526",TRUE
"Sex interactions","in_private_now/Boys minus girls","se","0.0563529329421911","0.0563529329421911",TRUE
"Sex interactions","in_private_now/Boys minus girls","ci_low","-0.159378051516631","-0.15937805151663",TRUE
"Sex interactions","in_private_now/Boys minus girls","ci_high","0.0617523127521233","0.0617523127521244",TRUE
"Sex interactions","in_private_now/Boys minus girls","p_value","0.386560167571766","0.386560167571776",TRUE
"Sex interactions","in_private_now/Boys minus girls","n","1163","1163",TRUE
"Sex interactions","in_private_now/Boys minus girls","df","1159","1159",TRUE
"Sex interactions","in_private_now/Boys minus girls","subgroup_n","1163","1163",TRUE
"Sex interactions","highest_grade/Girls","estimate","0.206010833478947","0.206010833478945",TRUE
"Sex interactions","highest_grade/Girls","se","0.0716092343081832","0.0716092343081834",TRUE
"Sex interactions","highest_grade/Girls","ci_low","0.0655142201733636","0.0655142201733603",TRUE
"Sex interactions","highest_grade/Girls","ci_high","0.346507446784531","0.346507446784529",TRUE
"Sex interactions","highest_grade/Girls","p_value","0.00408912255063239","0.00408912255063299",TRUE
"Sex interactions","highest_grade/Girls","n","1176","1176",TRUE
"Sex interactions","highest_grade/Girls","df","1172","1172",TRUE
"Sex interactions","highest_grade/Girls","subgroup_n","586","586",TRUE
"Sex interactions","highest_grade/Boys","estimate","0.170060678495919","0.17006067849591",TRUE
"Sex interactions","highest_grade/Boys","se","0.083443126548501","0.0834431265485006",TRUE
"Sex interactions","highest_grade/Boys","ci_low","0.00634608502268708","0.00634608502267811",TRUE
"Sex interactions","highest_grade/Boys","ci_high","0.333775271969151","0.333775271969141",TRUE
"Sex interactions","highest_grade/Boys","p_value","0.0417697859616839","0.0417697859616946",TRUE
"Sex interactions","highest_grade/Boys","n","1176","1176",TRUE
"Sex interactions","highest_grade/Boys","df","1172","1172",TRUE
"Sex interactions","highest_grade/Boys","subgroup_n","590","590",TRUE
"Sex interactions","highest_grade/Boys minus girls","estimate","-0.0359501549830282","-0.035950154983035",TRUE
"Sex interactions","highest_grade/Boys minus girls","se","0.109957436339674","0.109957436339674",TRUE
"Sex interactions","highest_grade/Boys minus girls","ci_low","-0.251685563450077","-0.251685563450084",TRUE
"Sex interactions","highest_grade/Boys minus girls","ci_high","0.179785253484021","0.179785253484014",TRUE
"Sex interactions","highest_grade/Boys minus girls","p_value","0.743767033726918","0.743767033726871",TRUE
"Sex interactions","highest_grade/Boys minus girls","n","1176","1176",TRUE
"Sex interactions","highest_grade/Boys minus girls","df","1172","1172",TRUE
"Sex interactions","highest_grade/Boys minus girls","subgroup_n","1176","1176",TRUE
"Sex interactions","total_repeats/Girls","estimate","-0.0395189003436424","-0.0395189003436426",TRUE
"Sex interactions","total_repeats/Girls","se","0.0353590556457135","0.0353590556457143",TRUE
"Sex interactions","total_repeats/Girls","ci_low","-0.10889332697002","-0.108893326970022",TRUE
"Sex interactions","total_repeats/Girls","ci_high","0.0298555262827352","0.0298555262827366",TRUE
"Sex interactions","total_repeats/Girls","p_value","0.263948325706424","0.263948325706433",TRUE
"Sex interactions","total_repeats/Girls","n","1171","1171",TRUE
"Sex interactions","total_repeats/Girls","df","1167","1167",TRUE
"Sex interactions","total_repeats/Girls","subgroup_n","585","585",TRUE
"Sex interactions","total_repeats/Boys","estimate","-0.0902078672632365","-0.0902078672632364",TRUE
"Sex interactions","total_repeats/Boys","se","0.0420397442326398","0.0420397442326398",TRUE
"Sex interactions","total_repeats/Boys","ci_low","-0.172689797235609","-0.172689797235609",TRUE
"Sex interactions","total_repeats/Boys","ci_high","-0.00772593729086425","-0.00772593729086413",TRUE
"Sex interactions","total_repeats/Boys","p_value","0.0320966569314177","0.0320966569314178",TRUE
"Sex interactions","total_repeats/Boys","n","1171","1171",TRUE
"Sex interactions","total_repeats/Boys","df","1167","1167",TRUE
"Sex interactions","total_repeats/Boys","subgroup_n","586","586",TRUE
"Sex interactions","total_repeats/Boys minus girls","estimate","-0.0506889669195941","-0.0506889669195938",TRUE
"Sex interactions","total_repeats/Boys minus girls","se","0.0549327125791403","0.0549327125791408",TRUE
"Sex interactions","total_repeats/Boys minus girls","ci_low","-0.158466886001872","-0.158466886001872",TRUE
"Sex interactions","total_repeats/Boys minus girls","ci_high","0.0570889521626835","0.0570889521626848",TRUE
"Sex interactions","total_repeats/Boys minus girls","p_value","0.356330072977668","0.356330072977676",TRUE
"Sex interactions","total_repeats/Boys minus girls","n","1171","1171",TRUE
"Sex interactions","total_repeats/Boys minus girls","df","1167","1167",TRUE
"Sex interactions","total_repeats/Boys minus girls","subgroup_n","1171","1171",TRUE
"Sex interactions","years_in_school","Holm interaction","0.701869035823326","0.701869035823325",TRUE
"Sex interactions","married_or_cohab","Holm interaction","0.860280340284885","0.860280340284886",TRUE
"Sex interactions","has_child","Holm interaction","0.724318827955188","0.724318827955188",TRUE
"Sex interactions","working","Holm interaction","0.864887196399758","0.864887196399758",TRUE
"Sex interactions","hours_worked","Holm interaction","0.724318827955188","0.724318827955188",TRUE
"Sex interactions","in_school_now","Holm interaction","0.192025921419287","0.192025921419287",TRUE
"Sex interactions","in_private_now","Holm interaction","1","1",TRUE
"Sex interactions","highest_grade","Holm interaction","1","1",TRUE
"Sex interactions","total_repeats","Holm interaction","1","1",TRUE
"Policy sensitivity","years_in_school/Primary observed outcome","estimate","0.093068781216453","0.0930687812164499",TRUE
"Policy sensitivity","years_in_school/Primary observed outcome","se","0.054717908830444","0.0547179088304439",TRUE
"Policy sensitivity","years_in_school/Primary observed outcome","ci_low","-0.0142875024692163","-0.014287502469219",TRUE
"Policy sensitivity","years_in_school/Primary observed outcome","ci_high","0.200425064902122","0.200425064902119",TRUE
"Policy sensitivity","years_in_school/Primary observed outcome","p_value","0.0892308418657351","0.0892308418657447",TRUE
"Policy sensitivity","years_in_school/Primary observed outcome","n","1171","1171",TRUE
"Policy sensitivity","years_in_school/Primary observed outcome","df","1169","1169",TRUE
"Policy sensitivity","years_in_school/Primary observed outcome","control_mean","3.60794473229706","3.60794473229706",TRUE
"Policy sensitivity","years_in_school/Primary observed outcome","selected_mean","3.70101351351351","3.70101351351351",TRUE
"Policy sensitivity","years_in_school/Primary observed outcome","n_control","579","579",TRUE
"Policy sensitivity","years_in_school/Primary observed outcome","n_selected","592","592",TRUE
"Policy sensitivity","years_in_school/Exclude declining-age records","estimate","0.0972072851398146","0.0972072851398114",TRUE
"Policy sensitivity","years_in_school/Exclude declining-age records","se","0.0546179350418894","0.0546179350418894",TRUE
"Policy sensitivity","years_in_school/Exclude declining-age records","ci_low","-0.00995294552400308","-0.00995294552400641",TRUE
"Policy sensitivity","years_in_school/Exclude declining-age records","ci_high","0.204367515803632","0.204367515803629",TRUE
"Policy sensitivity","years_in_school/Exclude declining-age records","p_value","0.0753737826220857","0.0753737826220957",TRUE
"Policy sensitivity","years_in_school/Exclude declining-age records","n","1170","1170",TRUE
"Policy sensitivity","years_in_school/Exclude declining-age records","df","1168","1168",TRUE
"Policy sensitivity","years_in_school/Exclude declining-age records","control_mean","3.6038062283737","3.6038062283737",TRUE
"Policy sensitivity","years_in_school/Exclude declining-age records","selected_mean","3.70101351351351","3.70101351351351",TRUE
"Policy sensitivity","years_in_school/Exclude declining-age records","n_control","578","578",TRUE
"Policy sensitivity","years_in_school/Exclude declining-age records","n_selected","592","592",TRUE
"Policy sensitivity","years_in_school/Exclude schooling contradictions","estimate","0.0930413832199581","0.0930413832199548",TRUE
"Policy sensitivity","years_in_school/Exclude schooling contradictions","se","0.0549465592384032","0.0549465592384027",TRUE
"Policy sensitivity","years_in_school/Exclude schooling contradictions","ci_low","-0.0147641845907704","-0.0147641845907726",TRUE
"Policy sensitivity","years_in_school/Exclude schooling contradictions","ci_high","0.200846951030687","0.200846951030682",TRUE
"Policy sensitivity","years_in_school/Exclude schooling contradictions","p_value","0.0906651067144955","0.0906651067145036",TRUE
"Policy sensitivity","years_in_school/Exclude schooling contradictions","n","1164","1164",TRUE
"Policy sensitivity","years_in_school/Exclude schooling contradictions","df","1162","1162",TRUE
"Policy sensitivity","years_in_school/Exclude schooling contradictions","control_mean","3.60763888888889","3.60763888888889",TRUE
"Policy sensitivity","years_in_school/Exclude schooling contradictions","selected_mean","3.70068027210884","3.70068027210884",TRUE
"Policy sensitivity","years_in_school/Exclude schooling contradictions","n_control","576","576",TRUE
"Policy sensitivity","years_in_school/Exclude schooling contradictions","n_selected","588","588",TRUE
"Policy sensitivity","years_in_school/Exclude work-hours contradiction","estimate","0.093747077527355","0.0937470775273543",TRUE
"Policy sensitivity","years_in_school/Exclude work-hours contradiction","se","0.054770829177176","0.0547708291771763",TRUE
"Policy sensitivity","years_in_school/Exclude work-hours contradiction","ci_low","-0.013713130987912","-0.0137131309879132",TRUE
"Policy sensitivity","years_in_school/Exclude work-hours contradiction","ci_high","0.201207286042622","0.201207286042622",TRUE
"Policy sensitivity","years_in_school/Exclude work-hours contradiction","p_value","0.0872314180359924","0.0872314180359963",TRUE
"Policy sensitivity","years_in_school/Exclude work-hours contradiction","n","1170","1170",TRUE
"Policy sensitivity","years_in_school/Exclude work-hours contradiction","df","1168","1168",TRUE
"Policy sensitivity","years_in_school/Exclude work-hours contradiction","control_mean","3.60726643598616","3.60726643598616",TRUE
"Policy sensitivity","years_in_school/Exclude work-hours contradiction","selected_mean","3.70101351351351","3.70101351351351",TRUE
"Policy sensitivity","years_in_school/Exclude work-hours contradiction","n_control","578","578",TRUE
"Policy sensitivity","years_in_school/Exclude work-hours contradiction","n_selected","592","592",TRUE
"Policy sensitivity","years_in_school/HC3 standard errors","estimate","0.093068781216453","0.0930687812164499",TRUE
"Policy sensitivity","years_in_school/HC3 standard errors","se","0.0547648090047395","0.0547648090047399",TRUE
"Policy sensitivity","years_in_school/HC3 standard errors","ci_low","-0.0143795203939542","-0.014379520393958",TRUE
"Policy sensitivity","years_in_school/HC3 standard errors","ci_high","0.20051708282686","0.200517082826858",TRUE
"Policy sensitivity","years_in_school/HC3 standard errors","p_value","0.0895048497884622","0.0895048497884749",TRUE
"Policy sensitivity","years_in_school/HC3 standard errors","n","1171","1171",TRUE
"Policy sensitivity","years_in_school/HC3 standard errors","df","1169","1169",TRUE
"Policy sensitivity","years_in_school/HC3 standard errors","control_mean","3.60794473229706","3.60794473229706",TRUE
"Policy sensitivity","years_in_school/HC3 standard errors","selected_mean","3.70101351351351","3.70101351351351",TRUE
"Policy sensitivity","years_in_school/HC3 standard errors","n_control","579","579",TRUE
"Policy sensitivity","years_in_school/HC3 standard errors","n_selected","592","592",TRUE
"Policy sensitivity","years_in_school/Baseline adjustment with assignment interactions","estimate","0.070615208988442","0.0706152089884388",TRUE
"Policy sensitivity","years_in_school/Baseline adjustment with assignment interactions","se","0.052805680110704","0.052805680110704",TRUE
"Policy sensitivity","years_in_school/Baseline adjustment with assignment interactions","ci_low","-0.0329902172838507","-0.032990217283854",TRUE
"Policy sensitivity","years_in_school/Baseline adjustment with assignment interactions","ci_high","0.174220635260735","0.174220635260732",TRUE
"Policy sensitivity","years_in_school/Baseline adjustment with assignment interactions","p_value","0.18139840273818","0.1813984027382",TRUE
"Policy sensitivity","years_in_school/Baseline adjustment with assignment interactions","n","1171","1171",TRUE
"Policy sensitivity","years_in_school/Baseline adjustment with assignment interactions","df","1159","1159",TRUE
"Policy sensitivity","years_in_school/Baseline adjustment with assignment interactions","control_mean",NA,NA,TRUE
"Policy sensitivity","years_in_school/Baseline adjustment with assignment interactions","selected_mean",NA,NA,TRUE
"Policy sensitivity","years_in_school/Baseline adjustment with assignment interactions","n_control","579","579",TRUE
"Policy sensitivity","years_in_school/Baseline adjustment with assignment interactions","n_selected","592","592",TRUE
"Policy sensitivity","married_or_cohab/Primary observed outcome","estimate","-0.00884080117565068","-0.00884080117565091",TRUE
"Policy sensitivity","married_or_cohab/Primary observed outcome","se","0.00660937028665378","0.00660937028665375",TRUE
"Policy sensitivity","married_or_cohab/Primary observed outcome","ci_low","-0.0218083780982999","-0.0218083780983001",TRUE
"Policy sensitivity","married_or_cohab/Primary observed outcome","ci_high","0.00412677574699851","0.00412677574699823",TRUE
"Policy sensitivity","married_or_cohab/Primary observed outcome","p_value","0.181282178387602","0.181282178387588",TRUE
"Policy sensitivity","married_or_cohab/Primary observed outcome","n","1169","1169",TRUE
"Policy sensitivity","married_or_cohab/Primary observed outcome","df","1167","1167",TRUE
"Policy sensitivity","married_or_cohab/Primary observed outcome","control_mean","0.0173010380622837","0.0173010380622837",TRUE
"Policy sensitivity","married_or_cohab/Primary observed outcome","selected_mean","0.00846023688663283","0.00846023688663283",TRUE
"Policy sensitivity","married_or_cohab/Primary observed outcome","n_control","578","578",TRUE
"Policy sensitivity","married_or_cohab/Primary observed outcome","n_selected","591","591",TRUE
"Policy sensitivity","married_or_cohab/Exclude declining-age records","estimate","-0.0088707856436965","-0.00887078564369646",TRUE
"Policy sensitivity","married_or_cohab/Exclude declining-age records","se","0.00661703746958326","0.00661703746958328",TRUE
"Policy sensitivity","married_or_cohab/Exclude declining-age records","ci_low","-0.0218534171301078","-0.0218534171301078",TRUE
"Policy sensitivity","married_or_cohab/Exclude declining-age records","ci_high","0.00411184584271483","0.00411184584271491",TRUE
"Policy sensitivity","married_or_cohab/Exclude declining-age records","p_value","0.180312209793639","0.180312209793642",TRUE
"Policy sensitivity","married_or_cohab/Exclude declining-age records","n","1168","1168",TRUE
"Policy sensitivity","married_or_cohab/Exclude declining-age records","df","1166","1166",TRUE
"Policy sensitivity","married_or_cohab/Exclude declining-age records","control_mean","0.0173310225303293","0.0173310225303293",TRUE
"Policy sensitivity","married_or_cohab/Exclude declining-age records","selected_mean","0.00846023688663283","0.00846023688663283",TRUE
"Policy sensitivity","married_or_cohab/Exclude declining-age records","n_control","577","577",TRUE
"Policy sensitivity","married_or_cohab/Exclude declining-age records","n_selected","591","591",TRUE
"Policy sensitivity","married_or_cohab/Exclude schooling contradictions","estimate","-0.00887341678394204","-0.00887341678394193",TRUE
"Policy sensitivity","married_or_cohab/Exclude schooling contradictions","se","0.00664705510497522","0.00664705510497527",TRUE
"Policy sensitivity","married_or_cohab/Exclude schooling contradictions","ci_low","-0.0219150129823964","-0.0219150129823964",TRUE
"Policy sensitivity","married_or_cohab/Exclude schooling contradictions","ci_high","0.00416817941451232","0.00416817941451254",TRUE
"Policy sensitivity","married_or_cohab/Exclude schooling contradictions","p_value","0.182158059804333","0.182158059804342",TRUE
"Policy sensitivity","married_or_cohab/Exclude schooling contradictions","n","1162","1162",TRUE
"Policy sensitivity","married_or_cohab/Exclude schooling contradictions","df","1160","1160",TRUE
"Policy sensitivity","married_or_cohab/Exclude schooling contradictions","control_mean","0.0173913043478261","0.0173913043478261",TRUE
"Policy sensitivity","married_or_cohab/Exclude schooling contradictions","selected_mean","0.00851788756388416","0.00851788756388416",TRUE
"Policy sensitivity","married_or_cohab/Exclude schooling contradictions","n_control","575","575",TRUE
"Policy sensitivity","married_or_cohab/Exclude schooling contradictions","n_selected","587","587",TRUE
"Policy sensitivity","married_or_cohab/Exclude work-hours contradiction","estimate","-0.0088707856436965","-0.00887078564369646",TRUE
"Policy sensitivity","married_or_cohab/Exclude work-hours contradiction","se","0.00661703746958326","0.00661703746958328",TRUE
"Policy sensitivity","married_or_cohab/Exclude work-hours contradiction","ci_low","-0.0218534171301078","-0.0218534171301078",TRUE
"Policy sensitivity","married_or_cohab/Exclude work-hours contradiction","ci_high","0.00411184584271482","0.00411184584271491",TRUE
"Policy sensitivity","married_or_cohab/Exclude work-hours contradiction","p_value","0.180312209793639","0.180312209793642",TRUE
"Policy sensitivity","married_or_cohab/Exclude work-hours contradiction","n","1168","1168",TRUE
"Policy sensitivity","married_or_cohab/Exclude work-hours contradiction","df","1166","1166",TRUE
"Policy sensitivity","married_or_cohab/Exclude work-hours contradiction","control_mean","0.0173310225303293","0.0173310225303293",TRUE
"Policy sensitivity","married_or_cohab/Exclude work-hours contradiction","selected_mean","0.00846023688663283","0.00846023688663283",TRUE
"Policy sensitivity","married_or_cohab/Exclude work-hours contradiction","n_control","577","577",TRUE
"Policy sensitivity","married_or_cohab/Exclude work-hours contradiction","n_selected","591","591",TRUE
"Policy sensitivity","married_or_cohab/HC3 standard errors","estimate","-0.00884080117565068","-0.00884080117565091",TRUE
"Policy sensitivity","married_or_cohab/HC3 standard errors","se","0.00661505412604988","0.00661505412604993",TRUE
"Policy sensitivity","married_or_cohab/HC3 standard errors","ci_low","-0.0218195297846767","-0.021819529784677",TRUE
"Policy sensitivity","married_or_cohab/HC3 standard errors","ci_high","0.00413792743337531","0.00413792743337518",TRUE
"Policy sensitivity","married_or_cohab/HC3 standard errors","p_value","0.181657204738639","0.181657204738631",TRUE
"Policy sensitivity","married_or_cohab/HC3 standard errors","n","1169","1169",TRUE
"Policy sensitivity","married_or_cohab/HC3 standard errors","df","1167","1167",TRUE
"Policy sensitivity","married_or_cohab/HC3 standard errors","control_mean","0.0173010380622837","0.0173010380622837",TRUE
"Policy sensitivity","married_or_cohab/HC3 standard errors","selected_mean","0.00846023688663283","0.00846023688663283",TRUE
"Policy sensitivity","married_or_cohab/HC3 standard errors","n_control","578","578",TRUE
"Policy sensitivity","married_or_cohab/HC3 standard errors","n_selected","591","591",TRUE
"Policy sensitivity","married_or_cohab/Baseline adjustment with assignment interactions","estimate","-0.0071373273155771","-0.00713732731557727",TRUE
"Policy sensitivity","married_or_cohab/Baseline adjustment with assignment interactions","se","0.00675367401771494","0.00675367401771494",TRUE
"Policy sensitivity","married_or_cohab/Baseline adjustment with assignment interactions","ci_low","-0.020388146895233","-0.0203881468952331",TRUE
"Policy sensitivity","married_or_cohab/Baseline adjustment with assignment interactions","ci_high","0.00611349226407876","0.00611349226407859",TRUE
"Policy sensitivity","married_or_cohab/Baseline adjustment with assignment interactions","p_value","0.290820463432673","0.290820463432661",TRUE
"Policy sensitivity","married_or_cohab/Baseline adjustment with assignment interactions","n","1169","1169",TRUE
"Policy sensitivity","married_or_cohab/Baseline adjustment with assignment interactions","df","1157","1157",TRUE
"Policy sensitivity","married_or_cohab/Baseline adjustment with assignment interactions","control_mean",NA,NA,TRUE
"Policy sensitivity","married_or_cohab/Baseline adjustment with assignment interactions","selected_mean",NA,NA,TRUE
"Policy sensitivity","married_or_cohab/Baseline adjustment with assignment interactions","n_control","578","578",TRUE
"Policy sensitivity","married_or_cohab/Baseline adjustment with assignment interactions","n_selected","591","591",TRUE
"Policy sensitivity","has_child/Primary observed outcome","estimate","-0.0126435166482238","-0.0126435166482239",TRUE
"Policy sensitivity","has_child/Primary observed outcome","se","0.00999393871173971","0.0099939387117397",TRUE
"Policy sensitivity","has_child/Primary observed outcome","ci_low","-0.032251612939397","-0.0322516129393971",TRUE
"Policy sensitivity","has_child/Primary observed outcome","ci_high","0.00696457964294939","0.00696457964294924",TRUE
"Policy sensitivity","has_child/Primary observed outcome","p_value","0.206081408886682","0.206081408886677",TRUE
"Policy sensitivity","has_child/Primary observed outcome","n","1169","1169",TRUE
"Policy sensitivity","has_child/Primary observed outcome","df","1167","1167",TRUE
"Policy sensitivity","has_child/Primary observed outcome","control_mean","0.0363321799307958","0.0363321799307958",TRUE
"Policy sensitivity","has_child/Primary observed outcome","selected_mean","0.0236886632825719","0.0236886632825719",TRUE
"Policy sensitivity","has_child/Primary observed outcome","n_control","578","578",TRUE
"Policy sensitivity","has_child/Primary observed outcome","n_selected","591","591",TRUE
"Policy sensitivity","has_child/Exclude declining-age records","estimate","-0.0127064840311198","-0.0127064840311196",TRUE
"Policy sensitivity","has_child/Exclude declining-age records","se","0.0100042753616782","0.0100042753616782",TRUE
"Policy sensitivity","has_child/Exclude declining-age records","ci_low","-0.0323348782946077","-0.0323348782946076",TRUE
"Policy sensitivity","has_child/Exclude declining-age records","ci_high","0.00692191023236818","0.00692191023236838",TRUE
"Policy sensitivity","has_child/Exclude declining-age records","p_value","0.204300485900727","0.204300485900734",TRUE
"Policy sensitivity","has_child/Exclude declining-age records","n","1168","1168",TRUE
"Policy sensitivity","has_child/Exclude declining-age records","df","1166","1166",TRUE
"Policy sensitivity","has_child/Exclude declining-age records","control_mean","0.0363951473136915","0.0363951473136915",TRUE
"Policy sensitivity","has_child/Exclude declining-age records","selected_mean","0.0236886632825719","0.0236886632825719",TRUE
"Policy sensitivity","has_child/Exclude declining-age records","n_control","577","577",TRUE
"Policy sensitivity","has_child/Exclude declining-age records","n_selected","591","591",TRUE
"Policy sensitivity","has_child/Exclude schooling contradictions","estimate","-0.0126716539515597","-0.0126716539515591",TRUE
"Policy sensitivity","has_child/Exclude schooling contradictions","se","0.0100514712804834","0.0100514712804835",TRUE
"Policy sensitivity","has_child/Exclude schooling contradictions","ci_low","-0.0323927526291243","-0.0323927526291238",TRUE
"Policy sensitivity","has_child/Exclude schooling contradictions","ci_high","0.00704944472600487","0.00704944472600551",TRUE
"Policy sensitivity","has_child/Exclude schooling contradictions","p_value","0.207678923077095","0.207678923077117",TRUE
"Policy sensitivity","has_child/Exclude schooling contradictions","n","1162","1162",TRUE
"Policy sensitivity","has_child/Exclude schooling contradictions","df","1160","1160",TRUE
"Policy sensitivity","has_child/Exclude schooling contradictions","control_mean","0.0365217391304348","0.0365217391304348",TRUE
"Policy sensitivity","has_child/Exclude schooling contradictions","selected_mean","0.0238500851788756","0.0238500851788756",TRUE
"Policy sensitivity","has_child/Exclude schooling contradictions","n_control","575","575",TRUE
"Policy sensitivity","has_child/Exclude schooling contradictions","n_selected","587","587",TRUE
"Policy sensitivity","has_child/Exclude work-hours contradiction","estimate","-0.0127064840311198","-0.0127064840311196",TRUE
"Policy sensitivity","has_child/Exclude work-hours contradiction","se","0.0100042753616782","0.0100042753616782",TRUE
"Policy sensitivity","has_child/Exclude work-hours contradiction","ci_low","-0.0323348782946077","-0.0323348782946076",TRUE
"Policy sensitivity","has_child/Exclude work-hours contradiction","ci_high","0.00692191023236816","0.00692191023236838",TRUE
"Policy sensitivity","has_child/Exclude work-hours contradiction","p_value","0.204300485900726","0.204300485900734",TRUE
"Policy sensitivity","has_child/Exclude work-hours contradiction","n","1168","1168",TRUE
"Policy sensitivity","has_child/Exclude work-hours contradiction","df","1166","1166",TRUE
"Policy sensitivity","has_child/Exclude work-hours contradiction","control_mean","0.0363951473136915","0.0363951473136915",TRUE
"Policy sensitivity","has_child/Exclude work-hours contradiction","selected_mean","0.0236886632825719","0.0236886632825719",TRUE
"Policy sensitivity","has_child/Exclude work-hours contradiction","n_control","577","577",TRUE
"Policy sensitivity","has_child/Exclude work-hours contradiction","n_selected","591","591",TRUE
"Policy sensitivity","has_child/HC3 standard errors","estimate","-0.0126435166482238","-0.0126435166482239",TRUE
"Policy sensitivity","has_child/HC3 standard errors","se","0.0100025203957637","0.0100025203957636",TRUE
"Policy sensitivity","has_child/HC3 standard errors","ci_low","-0.0322684501936103","-0.0322684501936104",TRUE
"Policy sensitivity","has_child/HC3 standard errors","ci_high","0.00698141689716276","0.00698141689716251",TRUE
"Policy sensitivity","has_child/HC3 standard errors","p_value","0.206470570717314","0.206470570717306",TRUE
"Policy sensitivity","has_child/HC3 standard errors","n","1169","1169",TRUE
"Policy sensitivity","has_child/HC3 standard errors","df","1167","1167",TRUE
"Policy sensitivity","has_child/HC3 standard errors","control_mean","0.0363321799307958","0.0363321799307958",TRUE
"Policy sensitivity","has_child/HC3 standard errors","selected_mean","0.0236886632825719","0.0236886632825719",TRUE
"Policy sensitivity","has_child/HC3 standard errors","n_control","578","578",TRUE
"Policy sensitivity","has_child/HC3 standard errors","n_selected","591","591",TRUE
"Policy sensitivity","has_child/Baseline adjustment with assignment interactions","estimate","-0.0103896346411931","-0.0103896346411931",TRUE
"Policy sensitivity","has_child/Baseline adjustment with assignment interactions","se","0.00988518604308799","0.009885186043088",TRUE
"Policy sensitivity","has_child/Baseline adjustment with assignment interactions","ci_low","-0.0297845323553427","-0.0297845323553428",TRUE
"Policy sensitivity","has_child/Baseline adjustment with assignment interactions","ci_high","0.00900526307295654","0.00900526307295652",TRUE
"Policy sensitivity","has_child/Baseline adjustment with assignment interactions","p_value","0.29346392972764","0.293463929727638",TRUE
"Policy sensitivity","has_child/Baseline adjustment with assignment interactions","n","1169","1169",TRUE
"Policy sensitivity","has_child/Baseline adjustment with assignment interactions","df","1157","1157",TRUE
"Policy sensitivity","has_child/Baseline adjustment with assignment interactions","control_mean",NA,NA,TRUE
"Policy sensitivity","has_child/Baseline adjustment with assignment interactions","selected_mean",NA,NA,TRUE
"Policy sensitivity","has_child/Baseline adjustment with assignment interactions","n_control","578","578",TRUE
"Policy sensitivity","has_child/Baseline adjustment with assignment interactions","n_selected","591","591",TRUE
"Policy sensitivity","working/Primary observed outcome","estimate","-0.0413340801941829","-0.0413340801941838",TRUE
"Policy sensitivity","working/Primary observed outcome","se","0.021917500186536","0.0219175001865361",TRUE
"Policy sensitivity","working/Primary observed outcome","ci_low","-0.08433611404379","-0.084336114043791",TRUE
"Policy sensitivity","working/Primary observed outcome","ci_high","0.00166795365542414","0.00166795365542344",TRUE
"Policy sensitivity","working/Primary observed outcome","p_value","0.0595569970220583","0.0595569970220539",TRUE
"Policy sensitivity","working/Primary observed outcome","n","1171","1171",TRUE
"Policy sensitivity","working/Primary observed outcome","df","1169","1169",TRUE
"Policy sensitivity","working/Primary observed outcome","control_mean","0.189982728842832","0.189982728842832",TRUE
"Policy sensitivity","working/Primary observed outcome","selected_mean","0.148648648648649","0.148648648648649",TRUE
"Policy sensitivity","working/Primary observed outcome","n_control","579","579",TRUE
"Policy sensitivity","working/Primary observed outcome","n_selected","592","592",TRUE
"Policy sensitivity","working/Exclude declining-age records","estimate","-0.0416627700364717","-0.0416627700364725",TRUE
"Policy sensitivity","working/Exclude declining-age records","se","0.0219360721334794","0.0219360721334795",TRUE
"Policy sensitivity","working/Exclude declining-age records","ci_low","-0.0847012801500258","-0.0847012801500267",TRUE
"Policy sensitivity","working/Exclude declining-age records","ci_high","0.00137574007708236","0.00137574007708183",TRUE
"Policy sensitivity","working/Exclude declining-age records","p_value","0.0577736923353983","0.0577736923353951",TRUE
"Policy sensitivity","working/Exclude declining-age records","n","1170","1170",TRUE
"Policy sensitivity","working/Exclude declining-age records","df","1168","1168",TRUE
"Policy sensitivity","working/Exclude declining-age records","control_mean","0.190311418685121","0.190311418685121",TRUE
"Policy sensitivity","working/Exclude declining-age records","selected_mean","0.148648648648649","0.148648648648649",TRUE
"Policy sensitivity","working/Exclude declining-age records","n_control","578","578",TRUE
"Policy sensitivity","working/Exclude declining-age records","n_selected","592","592",TRUE
"Policy sensitivity","working/Exclude schooling contradictions","estimate","-0.039576247165533","-0.0395762471655329",TRUE
"Policy sensitivity","working/Exclude schooling contradictions","se","0.0219915395023077","0.0219915395023074",TRUE
"Policy sensitivity","working/Exclude schooling contradictions","ci_low","-0.0827238152014463","-0.0827238152014457",TRUE
"Policy sensitivity","working/Exclude schooling contradictions","ci_high","0.00357132087038024","0.00357132087037996",TRUE
"Policy sensitivity","working/Exclude schooling contradictions","p_value","0.0721811935772708","0.0721811935772691",TRUE
"Policy sensitivity","working/Exclude schooling contradictions","n","1164","1164",TRUE
"Policy sensitivity","working/Exclude schooling contradictions","df","1162","1162",TRUE
"Policy sensitivity","working/Exclude schooling contradictions","control_mean","0.189236111111111","0.189236111111111",TRUE
"Policy sensitivity","working/Exclude schooling contradictions","selected_mean","0.149659863945578","0.149659863945578",TRUE
"Policy sensitivity","working/Exclude schooling contradictions","n_control","576","576",TRUE
"Policy sensitivity","working/Exclude schooling contradictions","n_selected","588","588",TRUE
"Policy sensitivity","working/Exclude work-hours contradiction","estimate","-0.0416627700364717","-0.0416627700364725",TRUE
"Policy sensitivity","working/Exclude work-hours contradiction","se","0.0219360721334794","0.0219360721334795",TRUE
"Policy sensitivity","working/Exclude work-hours contradiction","ci_low","-0.0847012801500258","-0.0847012801500267",TRUE
"Policy sensitivity","working/Exclude work-hours contradiction","ci_high","0.00137574007708236","0.00137574007708183",TRUE
"Policy sensitivity","working/Exclude work-hours contradiction","p_value","0.0577736923353983","0.0577736923353951",TRUE
"Policy sensitivity","working/Exclude work-hours contradiction","n","1170","1170",TRUE
"Policy sensitivity","working/Exclude work-hours contradiction","df","1168","1168",TRUE
"Policy sensitivity","working/Exclude work-hours contradiction","control_mean","0.190311418685121","0.190311418685121",TRUE
"Policy sensitivity","working/Exclude work-hours contradiction","selected_mean","0.148648648648649","0.148648648648649",TRUE
"Policy sensitivity","working/Exclude work-hours contradiction","n_control","578","578",TRUE
"Policy sensitivity","working/Exclude work-hours contradiction","n_selected","592","592",TRUE
"Policy sensitivity","working/HC3 standard errors","estimate","-0.0413340801941829","-0.0413340801941838",TRUE
"Policy sensitivity","working/HC3 standard errors","se","0.0219362660238413","0.0219362660238414",TRUE
"Policy sensitivity","working/HC3 standard errors","ci_low","-0.0843729325296643","-0.0843729325296653",TRUE
"Policy sensitivity","working/HC3 standard errors","ci_high","0.00170477214129845","0.00170477214129772",TRUE
"Policy sensitivity","working/HC3 standard errors","p_value","0.0597749871088223","0.0597749871088178",TRUE
"Policy sensitivity","working/HC3 standard errors","n","1171","1171",TRUE
"Policy sensitivity","working/HC3 standard errors","df","1169","1169",TRUE
"Policy sensitivity","working/HC3 standard errors","control_mean","0.189982728842832","0.189982728842832",TRUE
"Policy sensitivity","working/HC3 standard errors","selected_mean","0.148648648648649","0.148648648648649",TRUE
"Policy sensitivity","working/HC3 standard errors","n_control","579","579",TRUE
"Policy sensitivity","working/HC3 standard errors","n_selected","592","592",TRUE
"Policy sensitivity","working/Baseline adjustment with assignment interactions","estimate","-0.0352539851801016","-0.0352539851801025",TRUE
"Policy sensitivity","working/Baseline adjustment with assignment interactions","se","0.0207263043483071","0.0207263043483071",TRUE
"Policy sensitivity","working/Baseline adjustment with assignment interactions","ci_low","-0.0759192619562708","-0.0759192619562717",TRUE
"Policy sensitivity","working/Baseline adjustment with assignment interactions","ci_high","0.00541129159606757","0.00541129159606662",TRUE
"Policy sensitivity","working/Baseline adjustment with assignment interactions","p_value","0.0892244456996396","0.089224445699631",TRUE
"Policy sensitivity","working/Baseline adjustment with assignment interactions","n","1171","1171",TRUE
"Policy sensitivity","working/Baseline adjustment with assignment interactions","df","1159","1159",TRUE
"Policy sensitivity","working/Baseline adjustment with assignment interactions","control_mean",NA,NA,TRUE
"Policy sensitivity","working/Baseline adjustment with assignment interactions","selected_mean",NA,NA,TRUE
"Policy sensitivity","working/Baseline adjustment with assignment interactions","n_control","579","579",TRUE
"Policy sensitivity","working/Baseline adjustment with assignment interactions","n_selected","592","592",TRUE
"Policy sensitivity","hours_worked/Primary observed outcome","estimate","-1.46346508425523","-1.46346508425524",TRUE
"Policy sensitivity","hours_worked/Primary observed outcome","se","0.663040607254476","0.663040607254475",TRUE
"Policy sensitivity","hours_worked/Primary observed outcome","ci_low","-2.76434768465033","-2.76434768465034",TRUE
"Policy sensitivity","hours_worked/Primary observed outcome","ci_high","-0.162582483860134","-0.162582483860145",TRUE
"Policy sensitivity","hours_worked/Primary observed outcome","p_value","0.0274936222751458","0.0274936222751446",TRUE
"Policy sensitivity","hours_worked/Primary observed outcome","n","1171","1171",TRUE
"Policy sensitivity","hours_worked/Primary observed outcome","df","1169","1169",TRUE
"Policy sensitivity","hours_worked/Primary observed outcome","control_mean","4.95164075993092","4.95164075993092",TRUE
"Policy sensitivity","hours_worked/Primary observed outcome","selected_mean","3.48817567567567","3.48817567567567",TRUE
"Policy sensitivity","hours_worked/Primary observed outcome","n_control","579","579",TRUE
"Policy sensitivity","hours_worked/Primary observed outcome","n_selected","592","592",TRUE
"Policy sensitivity","hours_worked/Exclude declining-age records","estimate","-1.472031936781","-1.47203193678107",TRUE
"Policy sensitivity","hours_worked/Exclude declining-age records","se","0.663675125209621","0.663675125209626",TRUE
"Policy sensitivity","hours_worked/Exclude declining-age records","ci_low","-2.77416061390429","-2.77416061390437",TRUE
"Policy sensitivity","hours_worked/Exclude declining-age records","ci_high","-0.169903259657717","-0.169903259657777",TRUE
"Policy sensitivity","hours_worked/Exclude declining-age records","p_value","0.0267465772759195","0.0267465772759134",TRUE
"Policy sensitivity","hours_worked/Exclude declining-age records","n","1170","1170",TRUE
"Policy sensitivity","hours_worked/Exclude declining-age records","df","1168","1168",TRUE
"Policy sensitivity","hours_worked/Exclude declining-age records","control_mean","4.96020761245675","4.96020761245675",TRUE
"Policy sensitivity","hours_worked/Exclude declining-age records","selected_mean","3.48817567567567","3.48817567567567",TRUE
"Policy sensitivity","hours_worked/Exclude declining-age records","n_control","578","578",TRUE
"Policy sensitivity","hours_worked/Exclude declining-age records","n_selected","592","592",TRUE
"Policy sensitivity","hours_worked/Exclude schooling contradictions","estimate","-1.39608134920632","-1.39608134920635",TRUE
"Policy sensitivity","hours_worked/Exclude schooling contradictions","se","0.663912201595017","0.663912201595013",TRUE
"Policy sensitivity","hours_worked/Exclude schooling contradictions","ci_low","-2.69868214644419","-2.6986821464442",TRUE
"Policy sensitivity","hours_worked/Exclude schooling contradictions","ci_high","-0.093480551968453","-0.0934805519684874",TRUE
"Policy sensitivity","hours_worked/Exclude schooling contradictions","p_value","0.03569700536503","0.0356970053650253",TRUE
"Policy sensitivity","hours_worked/Exclude schooling contradictions","n","1164","1164",TRUE
"Policy sensitivity","hours_worked/Exclude schooling contradictions","df","1162","1162",TRUE
"Policy sensitivity","hours_worked/Exclude schooling contradictions","control_mean","4.90798611111111","4.90798611111111",TRUE
"Policy sensitivity","hours_worked/Exclude schooling contradictions","selected_mean","3.51190476190476","3.51190476190476",TRUE
"Policy sensitivity","hours_worked/Exclude schooling contradictions","n_control","576","576",TRUE
"Policy sensitivity","hours_worked/Exclude schooling contradictions","n_selected","588","588",TRUE
"Policy sensitivity","hours_worked/Exclude work-hours contradiction","estimate","-1.46511152155611","-1.46511152155616",TRUE
"Policy sensitivity","hours_worked/Exclude work-hours contradiction","se","0.663728556731191","0.663728556731192",TRUE
"Policy sensitivity","hours_worked/Exclude work-hours contradiction","ci_low","-2.76734503117025","-2.76734503117031",TRUE
"Policy sensitivity","hours_worked/Exclude work-hours contradiction","ci_high","-0.162878011941958","-0.162878011942009",TRUE
"Policy sensitivity","hours_worked/Exclude work-hours contradiction","p_value","0.0274802874096795","0.0274802874096741",TRUE
"Policy sensitivity","hours_worked/Exclude work-hours contradiction","n","1170","1170",TRUE
"Policy sensitivity","hours_worked/Exclude work-hours contradiction","df","1168","1168",TRUE
"Policy sensitivity","hours_worked/Exclude work-hours contradiction","control_mean","4.95328719723183","4.95328719723183",TRUE
"Policy sensitivity","hours_worked/Exclude work-hours contradiction","selected_mean","3.48817567567567","3.48817567567567",TRUE
"Policy sensitivity","hours_worked/Exclude work-hours contradiction","n_control","578","578",TRUE
"Policy sensitivity","hours_worked/Exclude work-hours contradiction","n_selected","592","592",TRUE
"Policy sensitivity","hours_worked/HC3 standard errors","estimate","-1.46346508425523","-1.46346508425524",TRUE
"Policy sensitivity","hours_worked/HC3 standard errors","se","0.66360889140969","0.663608891409691",TRUE
"Policy sensitivity","hours_worked/HC3 standard errors","ci_low","-2.76546265553071","-2.76546265553072",TRUE
"Policy sensitivity","hours_worked/HC3 standard errors","ci_high","-0.161467512979755","-0.161467512979763",TRUE
"Policy sensitivity","hours_worked/HC3 standard errors","p_value","0.0276262563532387","0.0276262563532379",TRUE
"Policy sensitivity","hours_worked/HC3 standard errors","n","1171","1171",TRUE
"Policy sensitivity","hours_worked/HC3 standard errors","df","1169","1169",TRUE
"Policy sensitivity","hours_worked/HC3 standard errors","control_mean","4.95164075993092","4.95164075993092",TRUE
"Policy sensitivity","hours_worked/HC3 standard errors","selected_mean","3.48817567567567","3.48817567567567",TRUE
"Policy sensitivity","hours_worked/HC3 standard errors","n_control","579","579",TRUE
"Policy sensitivity","hours_worked/HC3 standard errors","n_selected","592","592",TRUE
"Policy sensitivity","hours_worked/Baseline adjustment with assignment interactions","estimate","-1.27123072433176","-1.27123072433177",TRUE
"Policy sensitivity","hours_worked/Baseline adjustment with assignment interactions","se","0.624531617740375","0.624531617740376",TRUE
"Policy sensitivity","hours_worked/Baseline adjustment with assignment interactions","ci_low","-2.49656982309663","-2.49656982309664",TRUE
"Policy sensitivity","hours_worked/Baseline adjustment with assignment interactions","ci_high","-0.0458916255668884","-0.0458916255668951",TRUE
"Policy sensitivity","hours_worked/Baseline adjustment with assignment interactions","p_value","0.0420282350347209","0.0420282350347198",TRUE
"Policy sensitivity","hours_worked/Baseline adjustment with assignment interactions","n","1171","1171",TRUE
"Policy sensitivity","hours_worked/Baseline adjustment with assignment interactions","df","1159","1159",TRUE
"Policy sensitivity","hours_worked/Baseline adjustment with assignment interactions","control_mean",NA,NA,TRUE
"Policy sensitivity","hours_worked/Baseline adjustment with assignment interactions","selected_mean",NA,NA,TRUE
"Policy sensitivity","hours_worked/Baseline adjustment with assignment interactions","n_control","579","579",TRUE
"Policy sensitivity","hours_worked/Baseline adjustment with assignment interactions","n_selected","592","592",TRUE
"Policy sensitivity","in_school_now/Primary observed outcome","estimate","0.0207641730923474","0.0207641730923483",TRUE
"Policy sensitivity","in_school_now/Primary observed outcome","se","0.02169600715655","0.0216960071565501",TRUE
"Policy sensitivity","in_school_now/Primary observed outcome","ci_low","-0.0218033680673642","-0.0218033680673634",TRUE
"Policy sensitivity","in_school_now/Primary observed outcome","ci_high","0.063331714252059","0.0633317142520601",TRUE
"Policy sensitivity","in_school_now/Primary observed outcome","p_value","0.338740016497781","0.33874001649776",TRUE
"Policy sensitivity","in_school_now/Primary observed outcome","n","1169","1169",TRUE
"Policy sensitivity","in_school_now/Primary observed outcome","df","1167","1167",TRUE
"Policy sensitivity","in_school_now/Primary observed outcome","control_mean","0.825259515570934","0.825259515570934",TRUE
"Policy sensitivity","in_school_now/Primary observed outcome","selected_mean","0.846023688663283","0.846023688663283",TRUE
"Policy sensitivity","in_school_now/Primary observed outcome","n_control","578","578",TRUE
"Policy sensitivity","in_school_now/Primary observed outcome","n_selected","591","591",TRUE
"Policy sensitivity","in_school_now/Exclude declining-age records","estimate","0.021067016219609","0.0210670162196084",TRUE
"Policy sensitivity","in_school_now/Exclude declining-age records","se","0.0217138777373298","0.0217138777373299",TRUE
"Policy sensitivity","in_school_now/Exclude declining-age records","ci_low","-0.0215356249322021","-0.0215356249322028",TRUE
"Policy sensitivity","in_school_now/Exclude declining-age records","ci_high","0.0636696573714201","0.0636696573714196",TRUE
"Policy sensitivity","in_school_now/Exclude declining-age records","p_value","0.33214315347591","0.332143153475925",TRUE
"Policy sensitivity","in_school_now/Exclude declining-age records","n","1168","1168",TRUE
"Policy sensitivity","in_school_now/Exclude declining-age records","df","1166","1166",TRUE
"Policy sensitivity","in_school_now/Exclude declining-age records","control_mean","0.824956672443674","0.824956672443674",TRUE
"Policy sensitivity","in_school_now/Exclude declining-age records","selected_mean","0.846023688663283","0.846023688663283",TRUE
"Policy sensitivity","in_school_now/Exclude declining-age records","n_control","577","577",TRUE
"Policy sensitivity","in_school_now/Exclude declining-age records","n_selected","591","591",TRUE
"Policy sensitivity","in_school_now/Exclude schooling contradictions","estimate","0.0225524992605748","0.0225524992605738",TRUE
"Policy sensitivity","in_school_now/Exclude schooling contradictions","se","0.0216591064453244","0.0216591064453245",TRUE
"Policy sensitivity","in_school_now/Exclude schooling contradictions","ci_low","-0.0199428707492706","-0.0199428707492718",TRUE
"Policy sensitivity","in_school_now/Exclude schooling contradictions","ci_high","0.0650478692704202","0.0650478692704193",TRUE
"Policy sensitivity","in_school_now/Exclude schooling contradictions","p_value","0.297977284218522","0.297977284218546",TRUE
"Policy sensitivity","in_school_now/Exclude schooling contradictions","n","1163","1163",TRUE
"Policy sensitivity","in_school_now/Exclude schooling contradictions","df","1161","1161",TRUE
"Policy sensitivity","in_school_now/Exclude schooling contradictions","control_mean","0.826086956521739","0.826086956521739",TRUE
"Policy sensitivity","in_school_now/Exclude schooling contradictions","selected_mean","0.848639455782313","0.848639455782313",TRUE
"Policy sensitivity","in_school_now/Exclude schooling contradictions","n_control","575","575",TRUE
"Policy sensitivity","in_school_now/Exclude schooling contradictions","n_selected","588","588",TRUE
"Policy sensitivity","in_school_now/Exclude work-hours contradiction","estimate","0.021067016219609","0.0210670162196084",TRUE
"Policy sensitivity","in_school_now/Exclude work-hours contradiction","se","0.0217138777373298","0.0217138777373299",TRUE
"Policy sensitivity","in_school_now/Exclude work-hours contradiction","ci_low","-0.0215356249322021","-0.0215356249322028",TRUE
"Policy sensitivity","in_school_now/Exclude work-hours contradiction","ci_high","0.0636696573714201","0.0636696573714196",TRUE
"Policy sensitivity","in_school_now/Exclude work-hours contradiction","p_value","0.33214315347591","0.332143153475925",TRUE
"Policy sensitivity","in_school_now/Exclude work-hours contradiction","n","1168","1168",TRUE
"Policy sensitivity","in_school_now/Exclude work-hours contradiction","df","1166","1166",TRUE
"Policy sensitivity","in_school_now/Exclude work-hours contradiction","control_mean","0.824956672443674","0.824956672443674",TRUE
"Policy sensitivity","in_school_now/Exclude work-hours contradiction","selected_mean","0.846023688663283","0.846023688663283",TRUE
"Policy sensitivity","in_school_now/Exclude work-hours contradiction","n_control","577","577",TRUE
"Policy sensitivity","in_school_now/Exclude work-hours contradiction","n_selected","591","591",TRUE
"Policy sensitivity","in_school_now/HC3 standard errors","estimate","0.0207641730923474","0.0207641730923483",TRUE
"Policy sensitivity","in_school_now/HC3 standard errors","se","0.0217146055766939","0.0217146055766937",TRUE
"Policy sensitivity","in_school_now/HC3 standard errors","ci_low","-0.0218398581463575","-0.0218398581463562",TRUE
"Policy sensitivity","in_school_now/HC3 standard errors","ci_high","0.0633682043310522","0.0633682043310529",TRUE
"Policy sensitivity","in_school_now/HC3 standard errors","p_value","0.339153719704477","0.339153719704451",TRUE
"Policy sensitivity","in_school_now/HC3 standard errors","n","1169","1169",TRUE
"Policy sensitivity","in_school_now/HC3 standard errors","df","1167","1167",TRUE
"Policy sensitivity","in_school_now/HC3 standard errors","control_mean","0.825259515570934","0.825259515570934",TRUE
"Policy sensitivity","in_school_now/HC3 standard errors","selected_mean","0.846023688663283","0.846023688663283",TRUE
"Policy sensitivity","in_school_now/HC3 standard errors","n_control","578","578",TRUE
"Policy sensitivity","in_school_now/HC3 standard errors","n_selected","591","591",TRUE
"Policy sensitivity","in_school_now/Baseline adjustment with assignment interactions","estimate","0.0109189568142252","0.0109189568142259",TRUE
"Policy sensitivity","in_school_now/Baseline adjustment with assignment interactions","se","0.0203486946187719","0.0203486946187719",TRUE
"Policy sensitivity","in_school_now/Baseline adjustment with assignment interactions","ci_low","-0.0290055169414819","-0.0290055169414812",TRUE
"Policy sensitivity","in_school_now/Baseline adjustment with assignment interactions","ci_high","0.0508434305699323","0.050843430569933",TRUE
"Policy sensitivity","in_school_now/Baseline adjustment with assignment interactions","p_value","0.591652286784115","0.591652286784089",TRUE
"Policy sensitivity","in_school_now/Baseline adjustment with assignment interactions","n","1169","1169",TRUE
"Policy sensitivity","in_school_now/Baseline adjustment with assignment interactions","df","1157","1157",TRUE
"Policy sensitivity","in_school_now/Baseline adjustment with assignment interactions","control_mean",NA,NA,TRUE
"Policy sensitivity","in_school_now/Baseline adjustment with assignment interactions","selected_mean",NA,NA,TRUE
"Policy sensitivity","in_school_now/Baseline adjustment with assignment interactions","n_control","578","578",TRUE
"Policy sensitivity","in_school_now/Baseline adjustment with assignment interactions","n_selected","591","591",TRUE
"Policy sensitivity","in_private_now/Primary observed outcome","estimate","0.159088354482796","0.159088354482799",TRUE
"Policy sensitivity","in_private_now/Primary observed outcome","se","0.0281677241212135","0.0281677241212135",TRUE
"Policy sensitivity","in_private_now/Primary observed outcome","ci_low","0.103823015541512","0.103823015541515",TRUE
"Policy sensitivity","in_private_now/Primary observed outcome","ci_high","0.214353693424081","0.214353693424084",TRUE
"Policy sensitivity","in_private_now/Primary observed outcome","p_value","2.04131617559389e-08","2.0413161755926e-08",TRUE
"Policy sensitivity","in_private_now/Primary observed outcome","n","1163","1163",TRUE
"Policy sensitivity","in_private_now/Primary observed outcome","df","1161","1161",TRUE
"Policy sensitivity","in_private_now/Primary observed outcome","control_mean","0.537521815008726","0.537521815008726",TRUE
"Policy sensitivity","in_private_now/Primary observed outcome","selected_mean","0.696610169491525","0.696610169491525",TRUE
"Policy sensitivity","in_private_now/Primary observed outcome","n_control","573","573",TRUE
"Policy sensitivity","in_private_now/Primary observed outcome","n_selected","590","590",TRUE
"Policy sensitivity","in_private_now/Exclude declining-age records","estimate","0.159896882778241","0.159896882778239",TRUE
"Policy sensitivity","in_private_now/Exclude declining-age records","se","0.0281830963825548","0.028183096382555",TRUE
"Policy sensitivity","in_private_now/Exclude declining-age records","ci_low","0.104601333570549","0.104601333570546",TRUE
"Policy sensitivity","in_private_now/Exclude declining-age records","ci_high","0.215192431985934","0.215192431985932",TRUE
"Policy sensitivity","in_private_now/Exclude declining-age records","p_value","1.76574128575086e-08","1.76574128575221e-08",TRUE
"Policy sensitivity","in_private_now/Exclude declining-age records","n","1162","1162",TRUE
"Policy sensitivity","in_private_now/Exclude declining-age records","df","1160","1160",TRUE
"Policy sensitivity","in_private_now/Exclude declining-age records","control_mean","0.536713286713287","0.536713286713287",TRUE
"Policy sensitivity","in_private_now/Exclude declining-age records","selected_mean","0.696610169491525","0.696610169491525",TRUE
"Policy sensitivity","in_private_now/Exclude declining-age records","n_control","572","572",TRUE
"Policy sensitivity","in_private_now/Exclude declining-age records","n_selected","590","590",TRUE
"Policy sensitivity","in_private_now/Exclude schooling contradictions","estimate","0.161624674975343","0.161624674975343",TRUE
"Policy sensitivity","in_private_now/Exclude schooling contradictions","se","0.0282203145995169","0.0282203145995168",TRUE
"Policy sensitivity","in_private_now/Exclude schooling contradictions","ci_low","0.106255852860257","0.106255852860258",TRUE
"Policy sensitivity","in_private_now/Exclude schooling contradictions","ci_high","0.216993497090428","0.216993497090428",TRUE
"Policy sensitivity","in_private_now/Exclude schooling contradictions","p_value","1.3007308903688e-08","1.30073089036857e-08",TRUE
"Policy sensitivity","in_private_now/Exclude schooling contradictions","n","1157","1157",TRUE
"Policy sensitivity","in_private_now/Exclude schooling contradictions","df","1155","1155",TRUE
"Policy sensitivity","in_private_now/Exclude schooling contradictions","control_mean","0.536842105263158","0.536842105263158",TRUE
"Policy sensitivity","in_private_now/Exclude schooling contradictions","selected_mean","0.698466780238501","0.698466780238501",TRUE
"Policy sensitivity","in_private_now/Exclude schooling contradictions","n_control","570","570",TRUE
"Policy sensitivity","in_private_now/Exclude schooling contradictions","n_selected","587","587",TRUE
"Policy sensitivity","in_private_now/Exclude work-hours contradiction","estimate","0.159896882778241","0.159896882778239",TRUE
"Policy sensitivity","in_private_now/Exclude work-hours contradiction","se","0.0281830963825548","0.028183096382555",TRUE
"Policy sensitivity","in_private_now/Exclude work-hours contradiction","ci_low","0.104601333570549","0.104601333570546",TRUE
"Policy sensitivity","in_private_now/Exclude work-hours contradiction","ci_high","0.215192431985934","0.215192431985932",TRUE
"Policy sensitivity","in_private_now/Exclude work-hours contradiction","p_value","1.76574128575086e-08","1.76574128575221e-08",TRUE
"Policy sensitivity","in_private_now/Exclude work-hours contradiction","n","1162","1162",TRUE
"Policy sensitivity","in_private_now/Exclude work-hours contradiction","df","1160","1160",TRUE
"Policy sensitivity","in_private_now/Exclude work-hours contradiction","control_mean","0.536713286713287","0.536713286713287",TRUE
"Policy sensitivity","in_private_now/Exclude work-hours contradiction","selected_mean","0.696610169491525","0.696610169491525",TRUE
"Policy sensitivity","in_private_now/Exclude work-hours contradiction","n_control","572","572",TRUE
"Policy sensitivity","in_private_now/Exclude work-hours contradiction","n_selected","590","590",TRUE
"Policy sensitivity","in_private_now/HC3 standard errors","estimate","0.159088354482796","0.159088354482799",TRUE
"Policy sensitivity","in_private_now/HC3 standard errors","se","0.0281920143951207","0.0281920143951207",TRUE
"Policy sensitivity","in_private_now/HC3 standard errors","ci_low","0.103775357796261","0.103775357796264",TRUE
"Policy sensitivity","in_private_now/HC3 standard errors","ci_high","0.214401351169331","0.214401351169335",TRUE
"Policy sensitivity","in_private_now/HC3 standard errors","p_value","2.09829431297758e-08","2.09829431297609e-08",TRUE
"Policy sensitivity","in_private_now/HC3 standard errors","n","1163","1163",TRUE
"Policy sensitivity","in_private_now/HC3 standard errors","df","1161","1161",TRUE
"Policy sensitivity","in_private_now/HC3 standard errors","control_mean","0.537521815008726","0.537521815008726",TRUE
"Policy sensitivity","in_private_now/HC3 standard errors","selected_mean","0.696610169491525","0.696610169491525",TRUE
"Policy sensitivity","in_private_now/HC3 standard errors","n_control","573","573",TRUE
"Policy sensitivity","in_private_now/HC3 standard errors","n_selected","590","590",TRUE
"Policy sensitivity","in_private_now/Baseline adjustment with assignment interactions","estimate","0.14957138328013","0.149571383280133",TRUE
"Policy sensitivity","in_private_now/Baseline adjustment with assignment interactions","se","0.0274772809389868","0.0274772809389868",TRUE
"Policy sensitivity","in_private_now/Baseline adjustment with assignment interactions","ci_low","0.0956602115461256","0.0956602115461286",TRUE
"Policy sensitivity","in_private_now/Baseline adjustment with assignment interactions","ci_high","0.203482555014135","0.203482555014138",TRUE
"Policy sensitivity","in_private_now/Baseline adjustment with assignment interactions","p_value","6.38283449454311e-08","6.38283449453928e-08",TRUE
"Policy sensitivity","in_private_now/Baseline adjustment with assignment interactions","n","1163","1163",TRUE
"Policy sensitivity","in_private_now/Baseline adjustment with assignment interactions","df","1151","1151",TRUE
"Policy sensitivity","in_private_now/Baseline adjustment with assignment interactions","control_mean",NA,NA,TRUE
"Policy sensitivity","in_private_now/Baseline adjustment with assignment interactions","selected_mean",NA,NA,TRUE
"Policy sensitivity","in_private_now/Baseline adjustment with assignment interactions","n_control","573","573",TRUE
"Policy sensitivity","in_private_now/Baseline adjustment with assignment interactions","n_selected","590","590",TRUE
"Policy sensitivity","highest_grade/Primary observed outcome","estimate","0.187661077348952","0.187661077348945",TRUE
"Policy sensitivity","highest_grade/Primary observed outcome","se","0.0552398440750401","0.0552398440750405",TRUE
"Policy sensitivity","highest_grade/Primary observed outcome","ci_low","0.0792812375256701","0.0792812375256629",TRUE
"Policy sensitivity","highest_grade/Primary observed outcome","ci_high","0.296040917172233","0.296040917172228",TRUE
"Policy sensitivity","highest_grade/Primary observed outcome","p_value","0.000703582866370604","0.000703582866370969",TRUE
"Policy sensitivity","highest_grade/Primary observed outcome","n","1176","1176",TRUE
"Policy sensitivity","highest_grade/Primary observed outcome","df","1174","1174",TRUE
"Policy sensitivity","highest_grade/Primary observed outcome","control_mean","7.47169811320755","7.47169811320755",TRUE
"Policy sensitivity","highest_grade/Primary observed outcome","selected_mean","7.65935919055649","7.65935919055649",TRUE
"Policy sensitivity","highest_grade/Primary observed outcome","n_control","583","583",TRUE
"Policy sensitivity","highest_grade/Primary observed outcome","n_selected","593","593",TRUE
"Policy sensitivity","highest_grade/Exclude declining-age records","estimate","0.190287025608043","0.190287025608039",TRUE
"Policy sensitivity","highest_grade/Exclude declining-age records","se","0.0552322451308034","0.0552322451308037",TRUE
"Policy sensitivity","highest_grade/Exclude declining-age records","ci_low","0.0819219994731043","0.0819219994731",TRUE
"Policy sensitivity","highest_grade/Exclude declining-age records","ci_high","0.298652051742981","0.298652051742978",TRUE
"Policy sensitivity","highest_grade/Exclude declining-age records","p_value","0.000590771119551103","0.000590771119551295",TRUE
"Policy sensitivity","highest_grade/Exclude declining-age records","n","1175","1175",TRUE
"Policy sensitivity","highest_grade/Exclude declining-age records","df","1173","1173",TRUE
"Policy sensitivity","highest_grade/Exclude declining-age records","control_mean","7.46907216494845","7.46907216494845",TRUE
"Policy sensitivity","highest_grade/Exclude declining-age records","selected_mean","7.65935919055649","7.65935919055649",TRUE
"Policy sensitivity","highest_grade/Exclude declining-age records","n_control","582","582",TRUE
"Policy sensitivity","highest_grade/Exclude declining-age records","n_selected","593","593",TRUE
"Policy sensitivity","highest_grade/Exclude schooling contradictions","estimate","0.18142087699784","0.181420876997834",TRUE
"Policy sensitivity","highest_grade/Exclude schooling contradictions","se","0.054153631252712","0.0541536312527122",TRUE
"Policy sensitivity","highest_grade/Exclude schooling contradictions","ci_low","0.0751715145845481","0.075171514584541",TRUE
"Policy sensitivity","highest_grade/Exclude schooling contradictions","ci_high","0.287670239411132","0.287670239411126",TRUE
"Policy sensitivity","highest_grade/Exclude schooling contradictions","p_value","0.00083361116698711","0.000833611166987524",TRUE
"Policy sensitivity","highest_grade/Exclude schooling contradictions","n","1169","1169",TRUE
"Policy sensitivity","highest_grade/Exclude schooling contradictions","df","1167","1167",TRUE
"Policy sensitivity","highest_grade/Exclude schooling contradictions","control_mean","7.46034482758621","7.46034482758621",TRUE
"Policy sensitivity","highest_grade/Exclude schooling contradictions","selected_mean","7.64176570458404","7.64176570458404",TRUE
"Policy sensitivity","highest_grade/Exclude schooling contradictions","n_control","580","580",TRUE
"Policy sensitivity","highest_grade/Exclude schooling contradictions","n_selected","589","589",TRUE
"Policy sensitivity","highest_grade/Exclude work-hours contradiction","estimate","0.188568812549622","0.18856881254962",TRUE
"Policy sensitivity","highest_grade/Exclude work-hours contradiction","se","0.055287371287148","0.0552873712871479",TRUE
"Policy sensitivity","highest_grade/Exclude work-hours contradiction","ci_low","0.0800956295335207","0.0800956295335182",TRUE
"Policy sensitivity","highest_grade/Exclude work-hours contradiction","ci_high","0.297041995565724","0.297041995565721",TRUE
"Policy sensitivity","highest_grade/Exclude work-hours contradiction","p_value","0.000670005382039436","0.000670005382039539",TRUE
"Policy sensitivity","highest_grade/Exclude work-hours contradiction","n","1175","1175",TRUE
"Policy sensitivity","highest_grade/Exclude work-hours contradiction","df","1173","1173",TRUE
"Policy sensitivity","highest_grade/Exclude work-hours contradiction","control_mean","7.47079037800687","7.47079037800687",TRUE
"Policy sensitivity","highest_grade/Exclude work-hours contradiction","selected_mean","7.65935919055649","7.65935919055649",TRUE
"Policy sensitivity","highest_grade/Exclude work-hours contradiction","n_control","582","582",TRUE
"Policy sensitivity","highest_grade/Exclude work-hours contradiction","n_selected","593","593",TRUE
"Policy sensitivity","highest_grade/HC3 standard errors","estimate","0.187661077348952","0.187661077348945",TRUE
"Policy sensitivity","highest_grade/HC3 standard errors","se","0.0552869432646445","0.0552869432646447",TRUE
"Policy sensitivity","highest_grade/HC3 standard errors","ci_low","0.0791888295417121","0.0791888295417053",TRUE
"Policy sensitivity","highest_grade/HC3 standard errors","ci_high","0.296133325156191","0.296133325156185",TRUE
"Policy sensitivity","highest_grade/HC3 standard errors","p_value","0.000710987340616072","0.000710987340616397",TRUE
"Policy sensitivity","highest_grade/HC3 standard errors","n","1176","1176",TRUE
"Policy sensitivity","highest_grade/HC3 standard errors","df","1174","1174",TRUE
"Policy sensitivity","highest_grade/HC3 standard errors","control_mean","7.47169811320755","7.47169811320755",TRUE
"Policy sensitivity","highest_grade/HC3 standard errors","selected_mean","7.65935919055649","7.65935919055649",TRUE
"Policy sensitivity","highest_grade/HC3 standard errors","n_control","583","583",TRUE
"Policy sensitivity","highest_grade/HC3 standard errors","n_selected","593","593",TRUE
"Policy sensitivity","highest_grade/Baseline adjustment with assignment interactions","estimate","0.170438066772387","0.17043806677238",TRUE
"Policy sensitivity","highest_grade/Baseline adjustment with assignment interactions","se","0.0539505138890316","0.0539505138890314",TRUE
"Policy sensitivity","highest_grade/Baseline adjustment with assignment interactions","ci_low","0.0645869371604931","0.0645869371604866",TRUE
"Policy sensitivity","highest_grade/Baseline adjustment with assignment interactions","ci_high","0.276289196384282","0.276289196384274",TRUE
"Policy sensitivity","highest_grade/Baseline adjustment with assignment interactions","p_value","0.00162301500222562","0.00162301500222626",TRUE
"Policy sensitivity","highest_grade/Baseline adjustment with assignment interactions","n","1176","1176",TRUE
"Policy sensitivity","highest_grade/Baseline adjustment with assignment interactions","df","1164","1164",TRUE
"Policy sensitivity","highest_grade/Baseline adjustment with assignment interactions","control_mean",NA,NA,TRUE
"Policy sensitivity","highest_grade/Baseline adjustment with assignment interactions","selected_mean",NA,NA,TRUE
"Policy sensitivity","highest_grade/Baseline adjustment with assignment interactions","n_control","583","583",TRUE
"Policy sensitivity","highest_grade/Baseline adjustment with assignment interactions","n_selected","593","593",TRUE
"Policy sensitivity","total_repeats/Primary observed outcome","estimate","-0.0645451150632498","-0.0645451150632498",TRUE
"Policy sensitivity","total_repeats/Primary observed outcome","se","0.0275005142416892","0.0275005142416891",TRUE
"Policy sensitivity","total_repeats/Primary observed outcome","ci_low","-0.118500996629943","-0.118500996629943",TRUE
"Policy sensitivity","total_repeats/Primary observed outcome","ci_high","-0.0105892334965563","-0.0105892334965565",TRUE
"Policy sensitivity","total_repeats/Primary observed outcome","p_value","0.01908880556522","0.0190888055652194",TRUE
"Policy sensitivity","total_repeats/Primary observed outcome","n","1171","1171",TRUE
"Policy sensitivity","total_repeats/Primary observed outcome","df","1169","1169",TRUE
"Policy sensitivity","total_repeats/Primary observed outcome","control_mean","0.246977547495682","0.246977547495682",TRUE
"Policy sensitivity","total_repeats/Primary observed outcome","selected_mean","0.182432432432432","0.182432432432432",TRUE
"Policy sensitivity","total_repeats/Primary observed outcome","n_control","579","579",TRUE
"Policy sensitivity","total_repeats/Primary observed outcome","n_selected","592","592",TRUE
"Policy sensitivity","total_repeats/Exclude declining-age records","estimate","-0.0632423080519955","-0.0632423080519966",TRUE
"Policy sensitivity","total_repeats/Exclude declining-age records","se","0.0274969811589231","0.0274969811589229",TRUE
"Policy sensitivity","total_repeats/Exclude declining-age records","ci_low","-0.117191305598112","-0.117191305598113",TRUE
"Policy sensitivity","total_repeats/Exclude declining-age records","ci_high","-0.00929331050587894","-0.00929331050588048",TRUE
"Policy sensitivity","total_repeats/Exclude declining-age records","p_value","0.0216254162924911","0.0216254162924878",TRUE
"Policy sensitivity","total_repeats/Exclude declining-age records","n","1170","1170",TRUE
"Policy sensitivity","total_repeats/Exclude declining-age records","df","1168","1168",TRUE
"Policy sensitivity","total_repeats/Exclude declining-age records","control_mean","0.245674740484429","0.245674740484429",TRUE
"Policy sensitivity","total_repeats/Exclude declining-age records","selected_mean","0.182432432432432","0.182432432432432",TRUE
"Policy sensitivity","total_repeats/Exclude declining-age records","n_control","578","578",TRUE
"Policy sensitivity","total_repeats/Exclude declining-age records","n_selected","592","592",TRUE
"Policy sensitivity","total_repeats/Exclude schooling contradictions","estimate","-0.0679917800453515","-0.0679917800453515",TRUE
"Policy sensitivity","total_repeats/Exclude schooling contradictions","se","0.0274734460745128","0.0274734460745127",TRUE
"Policy sensitivity","total_repeats/Exclude schooling contradictions","ci_low","-0.121894890537304","-0.121894890537304",TRUE
"Policy sensitivity","total_repeats/Exclude schooling contradictions","ci_high","-0.0140886695533987","-0.0140886695533988",TRUE
"Policy sensitivity","total_repeats/Exclude schooling contradictions","p_value","0.0134722720748475","0.0134722720748473",TRUE
"Policy sensitivity","total_repeats/Exclude schooling contradictions","n","1164","1164",TRUE
"Policy sensitivity","total_repeats/Exclude schooling contradictions","df","1162","1162",TRUE
"Policy sensitivity","total_repeats/Exclude schooling contradictions","control_mean","0.248263888888889","0.248263888888889",TRUE
"Policy sensitivity","total_repeats/Exclude schooling contradictions","selected_mean","0.180272108843537","0.180272108843537",TRUE
"Policy sensitivity","total_repeats/Exclude schooling contradictions","n_control","576","576",TRUE
"Policy sensitivity","total_repeats/Exclude schooling contradictions","n_selected","588","588",TRUE
"Policy sensitivity","total_repeats/Exclude work-hours contradiction","estimate","-0.064972411858224","-0.064972411858225",TRUE
"Policy sensitivity","total_repeats/Exclude work-hours contradiction","se","0.0275246062052368","0.0275246062052367",TRUE
"Policy sensitivity","total_repeats/Exclude work-hours contradiction","ci_low","-0.11897560966535","-0.118975609665351",TRUE
"Policy sensitivity","total_repeats/Exclude work-hours contradiction","ci_high","-0.0109692140510977","-0.0109692140510991",TRUE
"Policy sensitivity","total_repeats/Exclude work-hours contradiction","p_value","0.018412899472903","0.0184128994729004",TRUE
"Policy sensitivity","total_repeats/Exclude work-hours contradiction","n","1170","1170",TRUE
"Policy sensitivity","total_repeats/Exclude work-hours contradiction","df","1168","1168",TRUE
"Policy sensitivity","total_repeats/Exclude work-hours contradiction","control_mean","0.247404844290657","0.247404844290657",TRUE
"Policy sensitivity","total_repeats/Exclude work-hours contradiction","selected_mean","0.182432432432432","0.182432432432432",TRUE
"Policy sensitivity","total_repeats/Exclude work-hours contradiction","n_control","578","578",TRUE
"Policy sensitivity","total_repeats/Exclude work-hours contradiction","n_selected","592","592",TRUE
"Policy sensitivity","total_repeats/HC3 standard errors","estimate","-0.0645451150632498","-0.0645451150632498",TRUE
"Policy sensitivity","total_repeats/HC3 standard errors","se","0.0275240714401774","0.0275240714401771",TRUE
"Policy sensitivity","total_repeats/HC3 standard errors","ci_low","-0.118547215744266","-0.118547215744266",TRUE
"Policy sensitivity","total_repeats/HC3 standard errors","ci_high","-0.0105430143822335","-0.0105430143822339",TRUE
"Policy sensitivity","total_repeats/HC3 standard errors","p_value","0.0191914655937274","0.0191914655937264",TRUE
"Policy sensitivity","total_repeats/HC3 standard errors","n","1171","1171",TRUE
"Policy sensitivity","total_repeats/HC3 standard errors","df","1169","1169",TRUE
"Policy sensitivity","total_repeats/HC3 standard errors","control_mean","0.246977547495682","0.246977547495682",TRUE
"Policy sensitivity","total_repeats/HC3 standard errors","selected_mean","0.182432432432432","0.182432432432432",TRUE
"Policy sensitivity","total_repeats/HC3 standard errors","n_control","579","579",TRUE
"Policy sensitivity","total_repeats/HC3 standard errors","n_selected","592","592",TRUE
"Policy sensitivity","total_repeats/Baseline adjustment with assignment interactions","estimate","-0.064832789705351","-0.0648327897053511",TRUE
"Policy sensitivity","total_repeats/Baseline adjustment with assignment interactions","se","0.0275484881441055","0.0275484881441055",TRUE
"Policy sensitivity","total_repeats/Baseline adjustment with assignment interactions","ci_low","-0.118883279185718","-0.118883279185719",TRUE
"Policy sensitivity","total_repeats/Baseline adjustment with assignment interactions","ci_high","-0.0107823002249835","-0.0107823002249836",TRUE
"Policy sensitivity","total_repeats/Baseline adjustment with assignment interactions","p_value","0.0187686015556039","0.0187686015556037",TRUE
"Policy sensitivity","total_repeats/Baseline adjustment with assignment interactions","n","1171","1171",TRUE
"Policy sensitivity","total_repeats/Baseline adjustment with assignment interactions","df","1159","1159",TRUE
"Policy sensitivity","total_repeats/Baseline adjustment with assignment interactions","control_mean",NA,NA,TRUE
"Policy sensitivity","total_repeats/Baseline adjustment with assignment interactions","selected_mean",NA,NA,TRUE
"Policy sensitivity","total_repeats/Baseline adjustment with assignment interactions","n_control","579","579",TRUE
"Policy sensitivity","total_repeats/Baseline adjustment with assignment interactions","n_selected","592","592",TRUE
"Randomization balance","A_2020","n","1176","1176",TRUE
"Randomization balance","A_2020","n_selected","593","593",TRUE
"Randomization balance","A_2020","n_control","583","583",TRUE
"Randomization balance","A_2020","covariates","5","5",TRUE
"Randomization balance","A_2020","mahalanobis_statistic","3.65452467030634","3.65452467030641",TRUE
"Randomization balance","A_2020","permutations","9999","9999",TRUE
"Randomization balance","A_2020","p_value","0.6038","0.6038",TRUE
"Randomization balance","A_2020","monte_carlo_se","0.00489106900380684","0.00489106900380684",TRUE
"Randomization balance","A_2022","n","277","277",TRUE
"Randomization balance","A_2022","n_selected","146","146",TRUE
"Randomization balance","A_2022","n_control","131","131",TRUE
"Randomization balance","A_2022","covariates","5","5",TRUE
"Randomization balance","A_2022","mahalanobis_statistic","8.55738824238803","8.55738824238803",TRUE
"Randomization balance","A_2022","permutations","9999","9999",TRUE
"Randomization balance","A_2022","p_value","0.1162","0.1162",TRUE
"Randomization balance","A_2022","monte_carlo_se","0.00320464600229105","0.00320464600229105",TRUE
"Randomization balance","B_2018","n","165","165",TRUE
"Randomization balance","B_2018","n_selected","91","91",TRUE
"Randomization balance","B_2018","n_control","74","74",TRUE
"Randomization balance","B_2018","covariates","6","6",TRUE
"Randomization balance","B_2018","mahalanobis_statistic","15.1732934066747","15.1732934066747",TRUE
"Randomization balance","B_2018","permutations","9999","9999",TRUE
"Randomization balance","B_2018","p_value","0.0152","0.0152",TRUE
"Randomization balance","B_2018","monte_carlo_se","0.00122347701245262","0.00122347701245262",TRUE
