applicant_id,age_at_survey,survey_month,survey_form,household_visit,mother_educ,father_educ,mother_age,father_age,father_income_high,receiving_aid_now,started_g6_private,started_g7_private,in_private_now,in_school_now,highest_grade,finished_g6,finished_g7,finished_g8,repeats_g6,ever_repeated,total_repeats,years_in_school,married_or_cohab,has_child,working,hours_worked
100531,14,4,0,0,5.0,11.0,37.0,36.0,0,1,1,1,1,1,8,1,1,1,0,0,0,4,0,0,0,0.0
101554,15,1,1,0,11.0,,40.0,,,1,1,1,1,1,9,1,1,1,1,1,1,5,0,0,0,0.0
100140,19,4,0,0,0.0,,60.0,,,0,1,0,0,0,5,0,0,0,0,0,0,1,1,1,0,0.0
101497,14,3,0,0,10.0,10.0,35.0,43.0,0,0,1,1,1,1,8,1,1,1,0,0,0,4,0,0,0,0.0
101377,13,7,1,0,8.0,5.0,35.0,45.0,1,0,1,1,1,1,6,1,0,0,0,0,0,2,0,0,0,0.0
100506,13,6,1,0,5.0,5.0,39.0,43.0,0,0,1,1,1,1,7,1,1,0,0,0,0,2,0,0,0,0.0
101122,15,4,0,0,2.0,5.0,36.0,40.0,0,1,1,1,1,1,8,1,1,1,0,0,0,4,0,0,0,0.0
101153,14,8,1,0,5.0,11.0,40.0,44.0,0,1,1,1,1,1,8,1,1,1,0,0,0,4,0,0,0,0.0
100701,16,4,0,0,,,40.0,45.0,,0,1,1,0,0,8,1,1,1,0,0,0,3,0,1,1,16.0
100474,12,7,1,0,6.0,,47.0,,,0,1,1,1,1,6,1,0,0,0,0,0,2,0,0,0,0.0
100341,13,8,1,0,7.0,5.0,44.0,42.0,0,1,1,1,1,1,6,1,0,0,0,0,0,2,0,0,0,0.0
100671,15,4,0,0,5.0,5.0,50.0,51.0,0,1,1,1,1,1,8,1,1,1,0,0,0,4,0,0,0,0.0
100361,15,7,1,1,7.0,5.0,40.0,40.0,1,0,1,0,0,1,9,1,1,1,1,1,1,6,0,0,0,0.0
100451,15,8,1,0,6.0,7.0,40.0,47.0,0,0,1,1,0,1,8,1,1,1,1,1,1,5,0,0,0,0.0
101557,11,7,1,0,5.0,8.0,38.0,38.0,0,0,1,1,1,1,6,1,0,0,0,0,0,2,0,0,0,0.0
100755,15,3,0,0,6.0,5.0,43.0,48.0,0,1,1,1,1,1,8,1,1,1,0,0,0,4,0,0,0,0.0
100922,18,4,0,0,5.0,5.0,49.0,53.0,0,0,1,1,1,1,8,1,1,1,0,0,0,4,0,0,0,0.0
101041,14,4,0,0,5.0,,47.0,,0,1,1,1,1,1,8,1,1,1,0,0,0,4,0,0,0,0.0
100964,14,3,0,0,5.0,5.0,52.0,54.0,0,1,1,1,1,1,8,1,1,1,0,0,0,4,0,0,1,30.0
100473,14,7,1,0,6.0,,45.0,,,1,1,1,1,1,6,1,0,0,0,0,0,2,0,0,0,0.0
100921,14,7,1,0,5.0,,37.0,,,1,1,1,1,1,8,1,1,1,0,0,0,4,0,0,0,0.0
101542,14,8,1,0,5.0,5.0,32.0,33.0,0,0,1,1,1,1,8,1,1,1,0,0,0,4,0,0,0,0.0
100167,16,3,0,0,4.0,6.0,49.0,56.0,0,1,1,1,1,1,8,1,1,1,0,0,0,4,0,0,0,0.0
100687,12,4,1,0,11.0,9.0,34.0,43.0,0,1,1,1,1,1,7,1,1,0,0,0,0,2,0,0,0,0.0
101466,13,3,0,0,9.0,,32.0,34.0,,0,1,1,,1,8,1,1,1,0,0,0,4,0,0,0,0.0
101399,15,4,0,0,5.0,9.0,47.0,39.0,0,0,1,1,1,1,8,1,1,1,0,0,0,4,0,0,1,8.0
100955,16,8,1,0,7.0,,42.0,,,0,1,1,0,0,8,1,1,1,0,0,0,3,0,0,0,0.0
101568,14,3,0,0,5.0,,46.0,,,1,1,1,1,1,8,1,1,1,0,0,0,4,0,0,0,0.0
100976,16,6,1,1,11.0,11.0,,,0,0,0,0,0,1,9,1,1,1,0,0,0,6,0,0,0,0.0
101051,13,1,0,1,8.0,5.0,41.0,51.0,1,0,1,1,1,1,7,1,1,0,1,1,1,4,0,0,0,0.0
100127,14,4,0,0,9.0,5.0,46.0,46.0,0,1,1,1,1,1,8,1,1,1,0,0,0,4,0,0,0,0.0
100324,15,4,0,0,,,46.0,47.0,0,0,1,1,1,1,8,1,1,1,0,0,0,4,0,0,0,0.0
100146,13,8,1,0,,,49.0,,,0,1,1,1,1,6,1,0,0,0,0,0,2,0,0,0,0.0
101323,16,3,0,0,0.0,8.0,34.0,45.0,0,0,1,0,0,0,8,1,1,1,0,0,0,3,0,0,1,40.0
101428,12,9,1,0,11.0,11.0,50.0,54.0,0,1,1,1,1,1,6,1,0,0,0,0,0,2,0,0,0,0.0
100694,15,5,0,0,5.0,5.0,53.0,49.0,0,0,1,1,1,1,8,1,1,1,0,0,0,4,0,0,0,0.0
100111,17,8,1,0,6.0,7.0,37.0,37.0,0,0,1,1,1,1,8,1,1,1,0,0,0,4,0,0,0,0.0
101524,15,3,0,0,11.0,7.0,39.0,36.0,0,0,0,0,0,1,7,1,1,0,0,0,0,4,0,0,1,0.0
101431,14,2,0,1,11.0,11.0,45.0,50.0,1,1,1,1,1,1,6,1,0,0,0,0,0,4,0,0,0,0.0
100830,11,7,1,0,5.0,5.0,43.0,45.0,0,1,1,1,1,1,6,1,0,0,0,0,0,2,0,0,0,0.0
100492,14,7,1,0,11.0,8.0,37.0,37.0,0,1,1,1,1,1,8,1,1,1,0,0,0,4,0,0,0,0.0
100718,14,8,1,0,11.0,11.0,42.0,42.0,0,0,1,1,1,1,8,1,1,1,0,0,0,4,0,0,0,0.0
101541,15,4,0,0,5.0,5.0,52.0,42.0,0,0,1,1,1,1,7,1,1,0,1,1,1,4,0,0,0,0.0
100617,14,8,1,0,6.0,5.0,34.0,35.0,1,1,1,1,1,1,8,1,1,1,0,0,0,4,0,0,0,0.0
100781,15,8,1,0,5.0,5.0,40.0,50.0,0,1,1,1,1,1,8,1,1,1,0,0,0,4,0,0,0,0.0
101008,17,7,1,1,5.0,4.0,38.0,42.0,0,0,1,1,1,1,9,1,1,1,1,1,1,5,0,0,0,0.0
100546,18,8,1,0,5.0,5.0,42.0,38.0,0,0,1,1,0,0,8,1,1,1,0,0,0,4,0,0,1,40.0
100095,14,5,0,0,6.0,2.0,32.0,36.0,0,1,1,1,1,1,8,1,1,1,0,0,0,4,0,0,0,0.0
100790,14,8,1,0,5.0,9.0,39.0,39.0,0,0,1,0,1,1,6,1,0,0,0,1,1,3,0,0,0,0.0
100643,15,4,0,0,11.0,5.0,36.0,39.0,,0,1,1,1,1,8,1,1,1,0,0,0,4,0,0,0,0.0
101090,16,3,0,0,1.0,5.0,49.0,44.0,0,0,1,1,0,0,8,1,1,1,0,0,0,3,0,1,1,0.0
100885,15,4,0,0,,,36.0,38.0,0,0,1,1,0,1,7,1,1,0,0,1,1,4,0,0,0,0.0
101089,18,7,1,1,5.0,3.0,45.0,46.0,0,1,1,1,1,1,10,1,1,1,0,0,0,6,0,0,0,0.0
100503,15,3,0,0,8.0,10.0,36.0,38.0,0,0,1,1,0,1,7,1,1,0,0,0,0,4,0,0,0,0.0
101301,17,3,0,0,6.0,6.0,34.0,40.0,0,0,1,0,0,1,7,1,1,0,1,1,1,4,0,0,0,0.0
101348,15,4,0,0,6.0,,37.0,40.0,,0,1,0,0,0,6,1,0,0,0,0,0,1,0,0,0,0.0
100141,17,6,1,0,,,,,,0,1,1,1,1,8,1,1,1,1,1,1,4,0,0,0,0.0
100179,14,5,0,0,,,56.0,60.0,0,0,1,1,1,1,8,1,1,1,0,0,0,4,0,0,0,0.0
101570,17,4,0,0,8.0,10.0,41.0,53.0,0,0,1,0,0,0,5,0,0,0,1,1,1,2,0,0,1,40.0
100813,12,7,1,0,,,,,,0,1,0,0,1,6,1,0,0,0,0,0,2,0,0,0,0.0
100348,14,6,0,0,6.0,2.0,34.0,28.0,1,0,1,1,1,1,8,1,1,1,0,0,0,4,0,0,0,0.0
100058,15,4,0,0,7.0,11.0,58.0,61.0,0,0,0,0,0,0,5,0,0,0,0,0,0,1,0,0,1,40.0
100116,17,1,0,0,2.0,5.0,35.0,40.0,0,0,1,1,1,1,7,1,1,0,0,0,0,3,0,0,1,10.0
100653,15,3,0,0,5.0,,37.0,42.0,0,0,1,0,0,0,6,1,0,0,2,1,2,3,0,0,1,40.0
100935,14,3,0,0,3.0,5.0,39.0,37.0,0,1,1,1,1,1,7,1,1,0,1,1,1,4,0,0,0,0.0
100204,14,6,0,0,5.0,3.0,35.0,39.0,0,1,1,1,1,1,8,1,1,1,0,0,0,4,0,0,0,0.0
101379,14,5,1,0,7.0,11.0,35.0,36.0,0,1,1,1,1,1,9,1,1,1,0,0,0,6,0,0,0,0.0
100284,18,3,0,0,,,,,,0,0,0,0,0,7,1,1,0,0,0,0,3,0,0,1,40.0
100581,17,4,1,0,5.0,7.0,42.0,49.0,0,0,1,1,1,1,9,1,1,1,0,0,0,4,0,0,1,40.0
100426,15,7,1,0,3.0,3.0,45.0,45.0,,0,1,1,1,1,6,1,0,0,0,0,0,2,0,0,0,0.0
100263,14,6,0,0,7.0,6.0,36.0,37.0,0,0,1,1,1,1,7,1,1,0,1,1,1,4,0,0,0,0.0
100012,14,6,0,0,5.0,,32.0,31.0,0,0,0,0,0,1,5,0,0,0,1,1,1,3,0,0,0,0.0
100189,13,6,0,0,5.0,5.0,43.0,53.0,0,0,1,1,1,1,8,1,1,1,0,0,0,4,0,0,0,0.0
101292,12,7,1,0,3.0,1.0,32.0,43.0,0,1,1,1,1,1,6,1,0,0,0,0,0,2,0,0,0,0.0
101276,15,4,0,0,4.0,5.0,51.0,56.0,0,0,1,1,1,1,8,1,1,1,0,0,0,4,0,0,1,25.0
100060,17,8,1,0,5.0,5.0,50.0,36.0,0,0,1,0,0,0,5,0,0,0,0,0,0,1,0,0,0,0.0
100071,12,7,1,0,0.0,2.0,43.0,43.0,0,0,1,1,1,1,6,1,0,0,0,0,0,2,0,0,0,0.0
100200,17,4,0,0,1.0,,42.0,,,0,1,1,0,0,6,1,0,0,0,0,0,2,0,0,0,0.0
100043,18,7,1,0,,2.0,,52.0,0,0,0,1,0,0,7,1,1,0,0,0,0,3,0,0,0,0.0
101013,15,4,0,0,,5.0,,42.0,0,0,1,1,1,1,8,1,1,1,0,0,0,4,0,0,0,0.0
100757,15,4,0,0,11.0,7.0,34.0,39.0,1,1,1,1,1,1,8,1,1,1,0,0,0,4,0,0,0,0.0
100933,13,2,0,0,11.0,10.0,31.0,34.0,1,1,1,1,1,1,8,1,1,1,0,0,0,4,0,0,0,0.0
100677,14,7,1,0,5.0,5.0,32.0,36.0,,0,1,0,0,0,5,0,0,0,0,0,0,1,0,0,1,35.0
101208,17,4,0,0,2.0,6.0,40.0,42.0,0,0,1,0,0,1,7,1,1,0,1,1,1,4,0,0,0,0.0
101412,19,3,0,0,5.0,5.0,42.0,45.0,0,0,1,1,0,0,7,1,1,0,0,0,0,2,0,0,0,0.0
101381,14,3,0,0,8.0,9.0,34.0,41.0,0,0,0,0,0,1,8,1,1,1,0,0,0,4,0,0,0,0.0
101010,15,6,1,0,10.0,10.0,39.0,45.0,0,0,1,1,1,1,9,1,1,1,0,0,0,6,0,0,1,40.0
101275,14,7,0,1,2.0,5.0,41.0,44.0,0,1,1,1,1,1,8,1,1,1,0,0,0,4,0,0,0,0.0
100638,16,3,0,0,4.0,,37.0,,,0,0,0,0,1,9,1,1,1,1,1,1,6,0,0,0,0.0
101418,16,3,0,0,6.0,,33.0,31.0,,0,1,0,0,1,7,1,1,0,0,0,0,4,0,0,0,0.0
100330,15,4,1,0,5.0,,44.0,40.0,0,0,1,1,1,1,5,0,0,0,0,0,0,3,0,0,0,0.0
101134,14,6,1,1,5.0,11.0,38.0,45.0,0,0,1,1,1,1,9,1,1,1,0,0,0,6,0,0,0,0.0
100351,15,4,0,0,2.0,6.0,38.0,47.0,0,0,1,0,0,1,7,1,1,0,0,0,0,4,0,0,0,0.0
100354,17,6,1,1,7.0,,34.0,,,0,0,0,0,1,9,1,1,1,0,0,0,6,0,0,0,0.0
100009,15,3,0,0,5.0,3.0,40.0,42.0,0,1,1,1,1,1,8,1,1,1,0,0,0,4,0,0,0,0.0
100862,17,7,1,0,5.0,7.0,35.0,36.0,0,0,0,0,0,1,8,1,1,1,0,0,0,4,0,0,0,0.0
100051,15,3,0,0,11.0,8.0,42.0,46.0,0,0,1,1,1,1,8,1,1,1,0,1,1,5,0,0,0,0.0
101401,15,3,0,0,9.0,6.0,40.0,35.0,1,0,1,1,0,1,8,1,1,1,0,0,0,4,0,0,0,0.0
100147,15,5,0,0,7.0,,38.0,,,0,0,0,0,0,8,1,1,1,0,0,0,3,0,0,1,40.0
100878,18,5,1,0,11.0,7.0,39.0,38.0,0,0,1,1,1,1,9,1,1,1,1,1,1,5,0,0,0,0.0
100037,12,7,1,0,11.0,8.0,35.0,46.0,1,1,1,1,1,1,6,1,0,0,0,0,0,2,0,0,0,0.0
100507,16,3,0,0,5.0,11.0,40.0,52.0,0,1,1,1,1,1,8,1,1,1,0,0,0,4,0,0,0,0.0
101553,14,7,1,0,2.0,,33.0,,,1,1,1,1,1,6,1,0,0,0,0,0,2,0,0,0,0.0
101581,16,3,0,0,5.0,5.0,53.0,58.0,1,1,1,1,1,1,8,1,1,1,0,0,0,4,0,0,0,0.0
100739,14,3,0,0,5.0,3.0,42.0,43.0,0,0,1,0,0,1,7,1,1,0,1,1,1,4,0,0,1,0.0
100488,17,3,0,0,5.0,,59.0,,,0,1,0,0,0,6,1,0,0,0,0,0,1,0,0,1,40.0
100541,15,4,0,0,11.0,,38.0,38.0,,0,1,1,1,1,6,1,0,0,0,1,1,4,0,0,0,0.0
100237,14,3,0,1,2.0,2.0,52.0,53.0,0,0,1,1,1,1,8,1,1,1,0,0,0,4,0,0,0,0.0
101445,12,7,1,0,6.0,5.0,43.0,43.0,0,1,1,1,1,1,6,1,0,0,0,0,0,2,0,0,0,0.0
101063,13,4,0,0,5.0,7.0,47.0,56.0,0,1,1,1,1,1,8,1,1,1,0,0,0,4,0,0,0,0.0
100004,14,3,0,0,3.0,4.0,46.0,52.0,0,0,0,0,0,1,8,1,1,1,0,0,0,4,0,0,0,0.0
100115,14,8,1,0,1.0,2.0,54.0,48.0,0,1,1,1,1,1,8,1,1,1,0,0,0,4,0,0,0,0.0
100172,19,8,1,0,0.0,8.0,43.0,42.0,0,0,,,0,0,5,0,0,0,,0,0,0,0,1,0,0.0
101502,14,4,0,0,5.0,,43.0,,,0,1,1,1,1,8,1,1,1,0,0,0,4,0,0,1,20.0
100504,16,4,0,0,9.0,9.0,50.0,47.0,1,0,1,1,0,1,7,1,1,0,0,0,0,4,0,0,1,7.0
100716,14,3,0,0,8.0,5.0,37.0,40.0,1,0,1,1,0,1,8,1,1,1,0,0,0,4,0,0,1,5.0
100328,14,7,1,0,3.0,5.0,34.0,36.0,0,0,1,0,0,0,6,1,0,0,0,0,0,1,0,0,0,0.0
100099,16,3,0,0,4.0,4.0,46.0,51.0,0,0,1,1,0,0,6,1,0,0,0,0,0,2,0,0,0,0.0
101215,15,3,0,0,7.0,7.0,52.0,47.0,0,1,1,1,1,1,8,1,1,1,0,0,0,4,0,0,0,0.0
100278,12,7,1,0,11.0,11.0,32.0,34.0,0,0,1,1,1,1,6,1,0,0,0,0,0,2,0,0,0,0.0
101615,14,7,1,0,7.0,8.0,41.0,40.0,0,1,1,1,1,1,8,1,1,1,0,0,0,4,0,0,0,0.0
100101,15,7,1,0,3.0,6.0,36.0,38.0,0,0,1,1,1,1,8,1,1,1,0,0,0,4,0,0,0,0.0
100664,14,8,1,0,5.0,7.0,40.0,46.0,0,1,1,1,1,1,6,1,0,0,0,0,0,2,0,0,0,0.0
100650,16,3,0,0,5.0,,39.0,36.0,,0,1,1,0,1,8,1,1,1,0,0,0,4,0,0,0,0.0
101392,15,3,0,0,0.0,5.0,45.0,46.0,0,0,0,1,1,1,9,1,1,1,0,0,0,5,0,0,0,0.0
101133,14,3,0,0,9.0,5.0,43.0,51.0,0,0,0,0,0,1,8,1,1,1,1,1,1,5,0,0,0,0.0
100500,16,7,1,0,5.0,5.0,56.0,56.0,0,0,1,0,1,1,9,1,1,1,0,0,0,5,0,0,0,0.0
100344,13,7,1,0,7.0,5.0,37.0,39.0,0,1,1,1,1,1,6,1,0,0,0,0,0,2,0,0,0,0.0
100510,17,4,0,0,3.0,9.0,40.0,42.0,,0,1,0,0,0,6,1,0,0,0,0,0,1,0,0,1,40.0
100974,15,3,0,0,5.0,3.0,36.0,56.0,0,1,0,1,1,1,8,1,1,1,1,1,1,5,0,0,0,0.0
101151,18,5,0,0,,6.0,,46.0,0,0,0,1,1,1,8,1,1,1,1,1,1,5,0,0,0,0.0
100185,17,7,1,0,1.0,4.0,35.0,48.0,0,0,1,0,0,0,6,1,0,0,0,0,0,1,0,0,0,0.0
100802,12,7,1,0,11.0,9.0,43.0,42.0,0,0,1,1,1,1,6,1,0,0,1,1,1,2,0,0,0,0.0
101577,14,3,0,0,,,35.0,,,0,1,0,0,1,8,1,1,1,0,0,0,4,0,0,0,0.0
101164,18,6,0,1,9.0,9.0,40.0,43.0,1,0,1,1,1,1,8,1,1,1,1,1,1,5,0,0,0,0.0
101522,15,3,0,0,5.0,5.0,42.0,46.0,0,0,0,0,0,0,6,1,0,0,0,0,0,1,0,0,0,0.0
101206,17,3,0,0,5.0,5.0,35.0,55.0,0,0,1,1,1,1,8,1,1,1,0,0,0,4,0,0,0,0.0
100113,14,4,0,0,5.0,6.0,49.0,49.0,,0,1,1,1,1,8,1,1,1,0,0,0,4,0,0,0,0.0
100397,16,4,0,0,,,45.0,42.0,0,0,1,1,1,1,8,1,1,1,0,0,0,4,0,0,0,0.0
100063,16,7,1,1,2.0,,37.0,,,1,1,1,1,1,9,1,1,1,0,0,0,6,0,0,0,0.0
100228,17,6,1,0,7.0,,40.0,,,0,1,0,0,0,5,0,0,0,0,0,0,1,0,1,1,25.0
100358,17,3,0,0,5.0,9.0,32.0,44.0,0,1,1,1,1,1,8,1,1,1,0,0,0,4,0,0,0,0.0
100308,17,3,0,0,,,,,,0,0,0,0,1,7,1,1,0,0,0,0,3,0,0,1,40.0
101021,15,8,1,0,5.0,6.0,38.0,46.0,,0,1,1,1,1,7,1,1,0,0,1,1,4,0,0,0,0.0
100905,15,3,0,0,11.0,,34.0,,,0,1,1,1,1,8,1,1,1,0,0,0,4,0,0,0,0.0
100117,15,3,0,0,6.0,5.0,30.0,39.0,0,0,1,1,0,0,6,1,0,0,0,0,0,2,0,0,1,40.0
101088,16,3,0,0,,,32.0,34.0,0,1,1,1,1,1,8,1,1,1,0,0,0,4,0,0,1,20.0
100751,13,2,0,0,11.0,11.0,39.0,40.0,0,0,1,1,1,1,8,1,1,1,0,0,0,4,0,0,0,0.0
100717,16,6,1,0,6.0,,36.0,,,1,1,1,1,1,9,1,1,1,0,0,0,6,0,0,0,0.0
100350,15,3,0,0,6.0,8.0,48.0,64.0,1,0,1,0,0,1,7,1,1,0,1,1,1,4,0,0,0,0.0
101448,15,8,1,0,,0.0,38.0,51.0,0,0,1,1,0,1,7,1,1,0,0,1,1,4,0,0,0,0.0
101429,14,8,1,0,,11.0,,,,0,1,1,1,1,6,1,0,0,0,0,0,3,0,0,0,0.0
101473,16,3,0,0,11.0,8.0,40.0,40.0,0,0,1,1,1,1,8,1,1,1,0,0,0,4,0,0,0,0.0
101426,17,5,1,1,3.0,6.0,37.0,40.0,0,1,1,1,1,1,9,1,1,1,0,0,0,6,0,0,0,0.0
101560,15,3,0,1,,,35.0,43.0,0,1,1,1,1,1,8,1,1,1,0,0,0,4,0,0,0,0.0
100027,14,4,0,0,5.0,,42.0,,,0,1,0,0,1,8,1,1,1,0,0,0,4,0,0,1,8.0
101592,15,3,0,0,7.0,,37.0,,,0,1,0,0,1,6,1,0,0,0,0,0,4,0,0,0,0.0
100412,17,5,0,0,,,33.0,45.0,0,0,1,1,0,1,8,1,1,1,0,0,0,4,0,0,0,0.0
100416,13,6,0,0,2.0,5.0,36.0,40.0,1,0,1,1,1,1,8,1,1,1,0,0,0,4,0,0,0,0.0
101594,16,3,0,0,7.0,5.0,39.0,45.0,0,0,1,1,1,1,8,1,1,1,0,0,0,4,0,0,0,0.0
101047,15,5,0,0,9.0,11.0,35.0,19.0,0,0,1,1,1,1,8,1,1,1,0,0,0,4,0,0,0,0.0
100771,18,3,0,0,,,38.0,,,0,1,1,0,0,8,1,1,1,0,0,0,3,0,0,0,0.0
100311,16,5,1,0,7.0,,35.0,,,0,0,0,1,1,8,1,1,1,0,0,0,4,0,0,0,0.0
101025,14,3,0,0,9.0,,38.0,35.0,,0,1,1,1,1,8,1,1,1,0,0,0,4,0,0,0,0.0
101076,13,3,0,0,7.0,11.0,36.0,31.0,0,0,1,1,0,1,8,1,1,1,0,0,0,4,0,0,0,0.0
100374,14,9,1,0,5.0,,36.0,,,1,0,0,0,1,8,1,1,1,0,0,0,4,0,0,0,0.0
100206,14,6,0,0,5.0,5.0,54.0,67.0,0,0,,,1,1,8,1,1,1,,0,0,1,0,0,0,0.0
101331,14,8,1,0,8.0,8.0,42.0,44.0,0,1,1,1,1,1,8,1,1,1,0,0,0,4,0,0,0,0.0
101005,13,3,0,1,11.0,,37.0,32.0,0,0,1,1,1,1,8,1,1,1,0,0,0,4,0,0,0,0.0
101321,16,3,0,0,,,,,,0,1,0,0,0,7,1,1,0,0,0,0,3,0,0,1,40.0
101020,14,7,1,0,5.0,5.0,30.0,38.0,0,0,1,1,0,1,8,1,1,1,0,0,0,4,0,0,0,0.0
100210,18,6,0,0,5.0,5.0,40.0,54.0,0,0,0,0,0,0,7,1,1,0,1,1,1,4,0,0,0,0.0
101435,16,3,0,0,7.0,6.0,36.0,50.0,0,1,1,1,1,1,8,1,1,1,0,0,0,4,0,0,0,0.0
101378,16,3,0,0,,,43.0,,,0,1,0,0,0,5,0,0,0,0,0,0,1,0,0,0,0.0
101272,14,3,0,0,2.0,11.0,43.0,38.0,0,0,1,0,0,1,8,1,1,1,0,0,0,4,0,0,0,0.0
100691,17,3,0,1,,0.0,,42.0,0,0,1,1,0,0,8,1,1,1,0,0,0,3,0,0,0,0.0
101417,14,4,0,0,7.0,,37.0,,,0,1,1,1,1,7,1,1,0,0,0,0,4,0,0,0,0.0
101513,15,4,1,0,6.0,2.0,58.0,56.0,0,1,1,1,1,1,9,1,1,1,0,0,0,4,0,0,0,0.0
101083,15,8,1,0,3.0,0.0,53.0,74.0,0,0,1,1,1,1,8,1,1,1,0,0,0,4,0,0,0,0.0
100017,14,4,1,0,0.0,2.0,34.0,50.0,0,1,1,1,0,1,7,1,1,0,0,0,0,2,0,0,0,0.0
101345,15,3,0,0,,,39.0,42.0,0,0,1,0,0,1,7,1,1,0,1,1,1,4,0,0,0,0.0
101127,16,7,1,0,6.0,5.0,46.0,48.0,0,0,1,1,1,1,6,1,0,0,1,1,1,3,0,0,1,0.0
100586,14,4,0,0,7.0,6.0,42.0,42.0,0,1,1,1,1,1,8,1,1,1,0,0,0,4,0,0,0,0.0
100259,14,8,1,0,5.0,5.0,43.0,46.0,0,0,1,0,0,0,7,1,1,0,0,0,0,2,0,0,1,40.0
101390,16,3,0,0,6.0,,39.0,,0,1,1,1,1,1,8,1,1,1,0,0,0,4,0,0,0,0.0
100118,16,6,1,1,11.0,9.0,34.0,35.0,0,1,1,1,1,1,9,1,1,1,0,0,0,6,0,0,0,0.0
101098,12,7,1,0,8.0,5.0,36.0,39.0,0,1,1,1,1,1,6,1,0,0,0,0,0,2,0,0,0,0.0
101344,14,7,1,0,7.0,0.0,40.0,46.0,0,0,1,1,1,1,8,1,1,1,0,0,0,4,0,0,0,0.0
100377,16,2,0,0,11.0,11.0,38.0,42.0,0,0,0,0,0,1,7,1,1,0,0,0,0,4,0,0,0,0.0
100970,15,1,0,1,2.0,3.0,42.0,56.0,0,0,1,0,0,1,8,1,1,1,0,0,0,4,0,0,1,30.0
100464,15,7,1,0,5.0,5.0,37.0,43.0,0,1,1,1,1,1,10,1,1,1,0,0,0,6,0,0,0,0.0
100828,16,6,0,0,2.0,4.0,48.0,46.0,0,0,1,1,1,1,8,1,1,1,0,0,0,4,0,0,0,0.0
101440,13,5,0,0,6.0,6.0,38.0,41.0,0,0,1,1,1,1,8,1,1,1,0,0,0,4,0,0,0,0.0
100565,16,8,1,0,,,45.0,64.0,0,0,0,0,0,1,6,1,0,0,0,0,0,2,0,0,0,0.0
100458,14,3,0,1,8.0,5.0,39.0,38.0,0,1,1,1,1,1,8,1,1,1,0,0,0,4,0,0,0,0.0
100585,15,4,0,0,,,35.0,44.0,,0,0,0,0,1,10,1,1,1,0,0,0,6,0,0,0,0.0
100270,14,4,0,0,6.0,,44.0,,,0,1,1,0,0,7,1,1,0,0,0,0,3,0,1,0,0.0
101049,17,3,0,0,,,42.0,50.0,0,0,1,1,0,0,7,1,1,0,0,0,0,3,0,1,1,40.0
101364,15,4,0,0,5.0,5.0,50.0,60.0,0,0,1,0,0,0,5,0,0,0,0,0,0,1,0,0,1,40.0
100514,14,3,0,0,5.0,2.0,47.0,47.0,0,1,1,1,1,1,8,1,1,1,0,0,0,4,0,0,0,0.0
100511,16,6,1,1,11.0,11.0,28.0,37.0,0,0,1,1,1,1,8,1,1,1,1,1,1,6,0,0,0,0.0
100720,15,6,1,1,2.0,5.0,34.0,38.0,0,0,1,1,1,1,9,1,1,1,0,0,0,6,0,0,0,0.0
101479,17,5,0,0,3.0,0.0,43.0,91.0,0,0,0,1,0,0,9,1,1,1,0,0,0,2,0,0,1,40.0
101048,11,8,1,0,11.0,11.0,33.0,34.0,,1,1,1,1,1,6,1,0,0,0,0,0,2,0,0,0,0.0
100023,15,3,0,0,5.0,8.0,38.0,35.0,0,0,1,1,1,1,8,1,1,1,0,0,0,4,0,0,0,0.0
100294,14,3,0,0,9.0,,42.0,52.0,,0,1,0,0,1,8,1,1,1,0,0,0,4,0,0,0,0.0
101280,17,7,1,0,5.0,,33.0,,,0,1,1,1,1,6,1,0,0,0,0,0,2,0,0,0,0.0
100367,18,7,1,0,,,,,,0,1,0,0,0,5,0,0,0,0,0,0,0,0,1,0,0.0
100414,16,7,1,0,8.0,5.0,31.0,40.0,0,1,1,1,1,1,8,1,1,1,0,0,0,4,0,0,0,0.0
101241,14,3,0,0,3.0,3.0,42.0,50.0,0,0,1,1,0,1,8,1,1,1,0,0,0,4,0,0,0,0.0
101044,14,8,1,0,3.0,5.0,40.0,52.0,0,0,1,1,1,1,8,1,1,1,0,0,0,4,0,0,0,0.0
100857,15,4,0,0,6.0,1.0,39.0,50.0,0,0,1,1,1,1,8,1,1,1,0,0,0,4,0,0,0,0.0
101312,16,6,1,0,11.0,8.0,36.0,36.0,0,0,1,1,1,1,9,1,1,1,0,0,0,6,0,0,0,0.0
100484,13,8,1,0,11.0,3.0,47.0,46.0,0,0,0,0,0,1,6,1,0,0,0,0,0,2,0,0,0,0.0
100734,16,7,1,0,5.0,,37.0,,,1,1,1,,1,6,0,0,0,0,0,0,2,0,0,0,0.0
100961,16,9,1,0,2.0,,37.0,,,0,1,0,0,0,6,1,0,0,0,0,0,1,0,0,1,40.0
101548,16,8,1,0,1.0,5.0,43.0,44.0,0,0,1,1,1,1,7,1,1,0,0,1,1,4,0,0,0,0.0
101307,15,3,0,0,,6.0,46.0,37.0,0,0,1,1,1,1,8,1,1,1,0,0,0,4,0,0,0,0.0
100287,16,7,1,0,2.0,5.0,36.0,35.0,0,0,1,1,1,1,9,1,1,1,0,1,1,6,0,0,1,40.0
101563,15,5,0,0,5.0,5.0,42.0,40.0,0,0,1,1,1,1,8,1,1,1,0,0,0,4,0,0,0,0.0
101278,15,7,1,0,2.0,0.0,48.0,40.0,,1,1,1,1,1,8,1,1,1,0,0,0,4,0,0,0,0.0
101198,11,7,1,0,11.0,,32.0,34.0,0,0,1,1,1,1,6,1,0,0,0,0,0,2,0,0,0,0.0
100501,15,6,0,0,5.0,,33.0,,,1,1,1,1,1,6,1,0,0,1,1,1,3,0,0,0,0.0
100015,17,7,1,0,5.0,6.0,40.0,42.0,,0,0,0,0,1,8,1,1,1,0,0,0,4,0,1,0,0.0
100875,18,4,1,0,3.0,3.0,40.0,62.0,0,0,1,1,0,0,7,1,1,0,0,0,0,2,1,1,0,0.0
101190,13,3,0,0,9.0,6.0,36.0,36.0,0,1,1,0,0,1,7,1,1,0,1,1,1,4,0,0,0,0.0
100013,14,3,0,0,11.0,11.0,39.0,49.0,0,0,1,1,1,1,8,1,1,1,0,0,0,4,0,0,0,0.0
100108,16,4,0,0,5.0,11.0,42.0,44.0,0,0,1,1,1,1,8,1,1,1,0,0,0,4,0,0,0,0.0
100378,15,4,0,0,7.0,5.0,40.0,55.0,0,1,1,1,1,1,8,1,1,1,0,0,0,4,0,0,0,0.0
100517,14,4,0,0,5.0,,53.0,,,0,1,1,1,1,8,1,1,1,0,0,0,4,0,0,0,0.0
101070,17,4,0,0,,,47.0,58.0,0,0,1,0,0,0,6,1,0,0,0,0,0,1,0,0,1,40.0
101407,16,4,0,0,5.0,4.0,54.0,57.0,0,0,1,1,1,1,8,1,1,1,0,0,0,4,0,0,0,0.0
100034,13,1,0,1,5.0,5.0,42.0,45.0,0,1,1,1,1,1,8,1,1,1,0,0,0,4,0,0,0,0.0
100888,16,8,0,0,1.0,3.0,41.0,50.0,0,0,1,1,1,1,8,1,1,1,1,1,1,5,0,0,1,25.0
101173,14,6,1,1,11.0,11.0,34.0,37.0,0,1,1,1,1,1,10,0,0,0,0,0,0,6,0,0,0,0.0
101017,15,1,1,0,8.0,5.0,39.0,40.0,0,0,0,0,0,1,7,1,1,0,0,0,0,4,0,0,0,0.0
100098,14,3,0,0,11.0,6.0,40.0,53.0,0,0,1,1,0,1,8,1,1,1,0,0,0,4,0,0,0,0.0
100558,16,3,0,0,0.0,1.0,47.0,50.0,0,0,,,0,0,5,0,0,0,,0,0,0,1,1,0,0.0
100848,14,6,0,0,7.0,7.0,40.0,44.0,0,0,1,1,1,1,8,1,1,1,0,0,0,4,0,0,0,0.0
100432,14,8,1,0,8.0,11.0,29.0,43.0,1,1,1,1,1,1,8,1,1,1,0,0,0,4,0,0,0,0.0
100465,13,8,1,0,6.0,11.0,31.0,33.0,0,1,1,1,1,1,6,1,0,0,0,0,0,2,0,0,0,0.0
101296,14,1,1,0,2.0,,31.0,,,0,1,0,0,0,6,1,0,0,0,0,0,1,0,0,0,0.0
101325,17,7,1,1,6.0,11.0,48.0,51.0,0,0,1,0,0,0,7,1,1,0,0,0,0,3,0,0,1,10.0
101050,15,5,0,0,8.0,,36.0,40.0,,0,1,1,1,1,8,1,1,1,0,0,0,4,0,0,0,0.0
101141,14,7,1,0,5.0,,35.0,,,1,1,1,1,1,6,1,0,0,0,0,0,2,0,0,0,0.0
101152,17,6,1,1,11.0,6.0,41.0,40.0,0,0,1,0,0,1,8,1,1,1,1,1,1,6,0,0,0,0.0
100241,14,4,0,0,11.0,11.0,37.0,42.0,0,0,0,0,0,1,7,1,1,0,0,1,1,4,0,0,0,0.0
100096,15,3,0,0,5.0,8.0,38.0,38.0,1,0,1,1,1,1,8,1,1,1,0,0,0,4,0,0,0,0.0
100656,15,1,1,0,3.0,5.0,45.0,39.0,0,0,1,0,0,0,6,1,0,0,1,1,1,3,0,0,0,0.0
100820,14,3,0,0,4.0,5.0,42.0,46.0,0,1,1,1,1,1,8,1,1,1,0,0,0,4,0,0,0,0.0
101120,15,3,0,0,7.0,6.0,37.0,38.0,0,0,1,1,1,1,8,1,1,1,0,0,0,4,0,0,0,0.0
100186,13,3,0,0,10.0,11.0,39.0,41.0,,1,1,1,1,1,8,1,1,1,0,0,0,4,0,0,0,0.0
100769,17,4,0,0,5.0,9.0,34.0,34.0,0,0,1,1,0,0,11,0,0,0,0,0,0,3,0,0,1,40.0
100249,15,4,0,0,10.0,5.0,34.0,38.0,1,1,1,1,1,1,8,1,1,1,1,1,1,5,0,0,0,0.0
100928,15,3,0,0,,,40.0,,,0,1,1,0,1,8,1,1,1,0,0,0,4,0,0,0,0.0
100024,14,3,0,1,11.0,11.0,34.0,38.0,1,0,1,1,1,1,6,1,0,0,2,1,2,4,0,0,0,0.0
100110,16,8,1,0,11.0,11.0,36.0,45.0,1,0,1,1,1,1,8,1,1,1,0,0,0,4,0,0,0,0.0
100450,13,3,0,0,8.0,8.0,35.0,38.0,0,0,1,1,1,1,7,1,1,0,0,1,1,4,0,0,0,0.0
100286,13,7,1,0,2.0,3.0,32.0,43.0,0,0,1,0,1,1,5,0,0,0,0,0,0,1,0,0,1,0.0
100874,14,4,0,0,5.0,5.0,37.0,38.0,0,0,1,1,0,1,9,1,1,1,0,0,0,4,0,0,0,0.0
100789,19,7,1,1,5.0,3.0,43.0,41.0,0,0,0,0,0,0,5,0,0,0,1,1,1,2,0,0,1,40.0
100783,12,7,1,0,5.0,5.0,40.0,48.0,1,1,1,1,1,1,6,1,0,0,0,0,0,2,0,0,0,0.0
101338,12,7,1,0,11.0,5.0,40.0,46.0,0,0,0,0,0,1,6,1,0,0,0,0,0,2,0,0,0,0.0
101505,12,7,1,0,5.0,,39.0,,,0,1,1,1,1,6,1,0,0,0,0,0,2,0,0,0,0.0
100840,15,3,0,1,8.0,5.0,15.0,37.0,0,0,1,1,1,1,8,1,1,1,0,0,0,4,0,0,0,0.0
100363,19,7,1,1,5.0,,43.0,,,0,0,0,0,0,9,1,1,1,0,0,0,4,0,0,1,40.0
100728,15,4,0,0,,,60.0,70.0,0,0,1,1,1,1,8,1,1,1,0,0,0,4,0,0,0,0.0
100705,15,3,0,1,4.0,3.0,45.0,52.0,0,0,1,1,1,1,7,1,1,0,0,1,1,4,0,0,0,0.0
100046,15,4,1,0,11.0,5.0,34.0,40.0,0,0,1,1,0,1,9,1,1,1,0,0,0,4,0,0,0,0.0
100672,16,3,0,0,5.0,5.0,38.0,53.0,0,1,1,1,1,1,8,1,1,1,0,0,0,4,0,0,0,0.0
100340,15,7,1,0,5.0,,42.0,,,0,1,1,1,1,6,1,0,0,0,0,0,2,0,0,1,12.0
100193,14,3,0,0,3.0,3.0,50.0,43.0,1,1,1,1,1,1,8,1,1,1,0,0,0,4,0,0,0,0.0
101200,15,3,0,0,8.0,9.0,35.0,45.0,0,0,1,1,0,0,7,1,1,0,1,1,1,3,0,0,0,0.0
100370,16,6,0,0,6.0,6.0,35.0,,0,0,1,1,1,1,8,1,1,1,0,0,0,4,0,0,0,0.0
100454,14,7,1,0,5.0,5.0,45.0,43.0,0,0,1,1,1,1,7,1,1,0,0,0,0,3,0,0,0,0.0
100026,15,7,1,1,5.0,7.0,35.0,37.0,0,1,1,1,1,1,9,1,1,1,0,0,0,6,0,0,0,0.0
100729,14,7,1,0,10.0,11.0,32.0,38.0,0,0,1,1,1,1,8,1,1,1,0,0,0,4,0,0,0,0.0
101067,14,3,0,0,6.0,,39.0,,,1,1,1,1,1,8,1,1,1,0,0,0,4,0,0,0,0.0
101327,15,4,0,0,5.0,,47.0,54.0,,0,1,0,0,1,7,1,1,0,0,0,0,3,0,0,0,0.0
101015,14,3,0,0,5.0,5.0,46.0,45.0,0,0,1,1,0,0,7,1,1,0,0,0,0,2,0,0,1,0.0
100957,14,3,0,0,8.0,4.0,42.0,45.0,0,1,1,1,1,1,8,1,1,1,0,0,0,4,0,0,1,3.0
101233,14,3,0,0,9.0,5.0,32.0,39.0,0,1,1,1,1,1,8,1,1,1,0,0,0,4,0,0,0,0.0
101167,12,3,0,0,5.0,,37.0,,,1,1,1,1,1,7,1,1,0,0,0,0,4,0,0,0,0.0
100902,14,3,0,0,8.0,9.0,40.0,38.0,1,0,1,1,1,1,8,1,1,1,0,0,0,4,0,0,0,0.0
101375,15,4,0,0,11.0,9.0,34.0,35.0,0,0,1,1,1,1,8,1,1,1,0,0,0,4,0,0,0,0.0
100798,14,4,0,0,3.0,,44.0,43.0,,0,1,1,1,1,8,1,1,1,0,0,0,4,0,0,0,0.0
100285,12,7,1,0,5.0,5.0,36.0,36.0,,0,1,1,1,1,6,1,0,0,0,0,0,2,0,0,0,0.0
100430,14,3,0,0,11.0,11.0,43.0,41.0,0,0,1,1,1,1,8,1,1,1,0,0,0,4,0,0,0,0.0
101457,16,3,0,0,6.0,6.0,42.0,49.0,0,0,1,1,0,0,7,1,1,0,0,0,0,3,1,1,0,0.0
101273,17,3,0,0,4.0,4.0,54.0,56.0,0,1,1,1,1,1,8,1,1,1,0,0,0,4,0,0,1,0.0
100346,13,3,0,0,6.0,3.0,38.0,38.0,0,0,1,0,0,0,6,1,0,0,1,1,1,2,0,0,0,0.0
101526,15,5,0,0,3.0,0.0,33.0,39.0,0,1,1,1,1,1,8,1,1,1,0,0,0,4,0,0,0,0.0
100252,15,3,0,0,1.0,,45.0,,,1,1,1,1,1,8,1,1,1,0,0,0,4,0,0,0,0.0
100699,14,3,0,0,,,37.0,,0,0,1,1,1,1,8,1,1,1,0,0,0,4,0,0,0,0.0
101520,12,7,1,0,5.0,,36.0,35.0,1,1,1,1,1,1,6,1,0,0,0,0,0,2,0,0,0,0.0
100806,14,3,0,0,5.0,5.0,,46.0,0,0,1,1,1,1,8,1,1,1,0,0,0,4,0,0,0,0.0
100164,14,7,1,0,8.0,8.0,50.0,42.0,0,1,1,1,1,1,9,1,1,1,0,0,0,6,0,0,0,0.0
101279,13,4,1,0,6.0,3.0,42.0,50.0,0,0,1,1,0,1,6,1,0,0,0,1,1,2,0,0,0,0.0
100611,13,7,1,0,5.0,,38.0,,,1,1,1,1,1,6,1,0,0,0,0,0,2,0,0,0,0.0
100207,16,8,1,0,9.0,3.0,36.0,40.0,0,0,1,0,0,1,8,1,1,1,0,0,0,4,0,0,0,0.0
100518,15,7,1,1,8.0,11.0,47.0,50.0,0,0,0,0,0,0,7,1,1,0,0,0,0,3,0,0,1,0.0
100262,14,3,0,0,5.0,5.0,41.0,38.0,0,1,1,1,1,1,8,1,1,1,0,0,0,4,0,0,0,0.0
100866,15,12,1,0,7.0,7.0,42.0,42.0,,0,0,0,0,0,6,1,0,0,1,1,1,2,0,0,0,0.0
100369,17,4,1,0,5.0,,51.0,,,0,1,1,1,1,10,1,1,1,0,0,0,5,0,1,0,0.0
100756,13,3,0,0,10.0,,38.0,,,0,1,1,1,1,7,1,1,0,1,1,1,4,0,0,0,0.0
100020,13,8,1,0,5.0,6.0,42.0,43.0,0,1,1,1,1,1,6,1,0,0,0,0,0,2,0,0,0,0.0
100587,14,4,1,0,5.0,5.0,48.0,40.0,0,0,1,1,1,1,6,1,0,0,0,1,1,3,0,0,0,0.0
100097,17,2,0,1,5.0,,38.0,,,0,1,1,0,1,8,1,1,1,0,0,0,4,0,0,0,0.0
101320,13,4,0,0,5.0,6.0,32.0,42.0,0,0,0,0,0,1,8,1,1,1,0,0,0,4,0,0,0,0.0
100737,16,7,1,0,11.0,,44.0,,,1,1,1,1,1,8,1,1,1,0,0,0,4,0,0,0,0.0
101528,20,7,1,1,5.0,5.0,38.0,59.0,0,0,1,1,0,0,8,1,1,1,0,0,0,3,0,1,1,0.0
101444,14,4,0,0,7.0,5.0,41.0,42.0,1,1,1,1,1,1,8,1,1,1,0,0,0,4,0,0,0,0.0
100800,14,4,0,0,4.0,,39.0,,,0,1,1,1,1,8,1,1,1,0,0,0,4,0,0,0,0.0
101118,15,6,1,1,8.0,10.0,37.0,45.0,0,1,1,1,1,1,9,1,1,1,0,0,0,6,0,0,1,10.0
100788,13,5,0,0,8.0,11.0,37.0,38.0,0,0,1,1,0,1,8,1,1,1,0,0,0,4,0,0,0,0.0
101326,20,6,1,1,6.0,,41.0,,,0,0,0,0,0,5,0,0,0,0,0,0,1,0,0,0,0.0
100275,15,3,0,0,5.0,5.0,34.0,44.0,1,0,1,1,1,1,8,1,1,1,0,0,0,4,0,0,0,0.0
100684,16,6,1,0,5.0,5.0,42.0,52.0,0,0,1,1,1,1,9,1,1,1,0,0,0,6,0,0,0,0.0
100867,13,8,1,0,5.0,5.0,34.0,34.0,0,0,1,1,1,1,7,1,1,0,0,0,0,3,0,0,0,0.0
101158,17,5,0,0,5.0,3.0,38.0,40.0,0,1,1,1,1,1,8,1,1,1,0,0,0,4,0,0,0,0.0
100946,17,5,1,0,5.0,1.0,46.0,52.0,0,0,1,1,0,0,7,1,1,0,0,0,0,3,0,1,0,0.0
101535,13,7,1,0,5.0,5.0,38.0,42.0,,0,1,1,1,1,6,1,0,0,0,0,0,2,0,0,0,0.0
100975,16,3,0,0,,2.0,37.0,40.0,0,1,1,1,1,1,8,1,1,1,0,0,0,4,0,0,0,0.0
100463,14,3,0,0,9.0,7.0,31.0,39.0,0,0,1,1,1,1,8,1,1,1,0,0,0,4,0,0,0,0.0
100128,15,7,1,0,0.0,3.0,38.0,37.0,0,0,1,0,0,1,5,0,0,0,1,1,1,2,0,0,1,25.0
100383,15,3,0,0,7.0,4.0,44.0,49.0,0,1,1,1,1,1,8,1,1,1,0,0,0,4,0,0,0,0.0
100845,14,3,0,0,6.0,,40.0,,,1,1,1,1,1,8,1,1,1,0,0,0,4,0,0,0,0.0
101566,17,3,0,0,5.0,3.0,33.0,39.0,0,0,1,1,1,1,8,1,1,1,0,0,0,4,0,0,1,40.0
100313,15,3,0,0,9.0,,42.0,45.0,0,0,1,0,0,1,7,1,1,0,1,1,1,4,0,0,0,0.0
101538,14,4,0,0,2.0,2.0,51.0,46.0,0,1,1,1,1,1,8,1,1,1,0,0,0,4,0,0,0,0.0
101503,14,8,1,0,11.0,9.0,44.0,39.0,0,0,0,1,0,0,6,1,0,0,1,1,1,3,0,0,0,0.0
100681,15,4,0,0,8.0,5.0,40.0,38.0,0,0,0,0,0,1,7,1,1,0,0,0,0,3,0,0,0,0.0
101363,15,5,0,0,5.0,4.0,33.0,54.0,0,0,1,1,1,1,8,1,1,1,0,0,0,4,0,0,0,0.0
100151,14,3,0,0,11.0,5.0,37.0,47.0,0,1,1,1,1,1,8,1,1,1,0,0,0,4,0,0,0,0.0
101139,20,7,1,1,0.0,7.0,40.0,41.0,0,0,,,1,1,5,0,0,0,,0,0,1,0,0,0,0.0
101062,16,4,0,0,0.0,,49.0,,,0,0,0,0,1,8,1,1,1,0,0,0,4,0,0,0,0.0
100396,12,7,1,0,3.0,2.0,54.0,52.0,0,1,1,1,1,1,6,1,0,0,0,0,0,2,0,0,0,0.0
101552,13,5,0,0,,,42.0,41.0,0,0,1,1,1,1,8,1,1,1,0,0,0,4,0,0,0,0.0
101140,18,7,1,1,4.0,5.0,44.0,39.0,0,0,1,1,1,1,9,1,1,1,0,0,0,6,0,0,0,0.0
101337,15,7,1,0,3.0,3.0,42.0,48.0,0,0,1,0,0,1,7,1,1,0,1,1,1,4,0,0,0,0.0
101514,14,3,0,0,7.0,11.0,42.0,43.0,1,1,1,1,1,1,8,1,1,1,0,0,0,4,0,0,0,0.0
101599,15,3,0,0,10.0,8.0,35.0,37.0,0,1,1,1,1,1,8,1,1,1,0,0,0,4,0,0,0,0.0
101221,15,1,1,0,6.0,11.0,45.0,50.0,0,0,1,1,0,1,9,1,1,1,0,0,0,4,0,0,0,0.0
100409,19,7,1,1,2.0,2.0,52.0,53.0,0,0,0,0,0,1,8,1,1,1,0,0,0,6,0,0,0,0.0
101121,16,7,1,1,5.0,,43.0,,,0,1,1,1,1,8,1,1,1,0,0,0,5,0,0,0,0.0
100879,16,1,0,1,5.0,5.0,38.0,39.0,0,1,1,1,1,1,8,1,1,1,0,0,0,4,0,0,1,16.0
100359,17,7,1,0,1.0,,42.0,,,0,0,0,0,1,8,1,1,1,2,1,2,6,0,0,0,0.0
100747,17,4,0,0,5.0,,48.0,,,1,1,1,1,1,8,1,1,1,0,0,0,4,0,0,0,0.0
100530,15,6,0,0,9.0,11.0,30.0,55.0,0,0,1,0,0,0,6,1,0,0,0,0,0,1,0,0,0,0.0
101549,15,12,1,0,0.0,5.0,42.0,43.0,0,0,1,1,1,1,6,1,0,0,0,0,0,2,0,0,0,0.0
100704,15,3,0,1,5.0,6.0,45.0,48.0,1,0,1,1,0,0,11,0,0,0,2,1,2,3,0,0,0,0.0
100901,15,4,0,0,5.0,,40.0,,,1,1,1,1,1,8,1,1,1,0,0,0,4,0,0,0,0.0
101223,13,7,1,0,,4.0,,38.0,,0,1,1,1,1,6,1,0,0,0,0,0,2,0,0,0,0.0
101130,13,5,0,0,9.0,5.0,38.0,46.0,0,0,1,0,0,1,6,1,0,0,1,1,1,4,0,0,0,0.0
101565,15,5,1,0,3.0,3.0,30.0,37.0,0,1,1,1,1,1,9,1,1,1,0,0,0,6,0,0,0,0.0
100824,15,4,0,0,9.0,11.0,45.0,42.0,0,0,1,1,0,1,8,1,1,1,0,0,0,4,0,0,0,0.0
100868,18,3,0,0,3.0,6.0,43.0,47.0,0,0,1,1,0,0,8,1,1,1,0,0,0,3,0,0,0,0.0
100055,16,4,0,0,6.0,3.0,38.0,41.0,0,0,1,1,1,1,7,1,1,0,0,0,0,4,0,0,0,0.0
101515,14,3,0,0,6.0,5.0,30.0,42.0,0,0,1,1,1,1,8,1,1,1,0,0,0,4,0,0,0,0.0
100700,15,4,0,0,,,45.0,45.0,0,1,1,1,1,1,8,1,1,1,0,0,0,4,0,0,0,0.0
100392,17,8,1,1,5.0,5.0,48.0,66.0,0,0,1,1,1,1,9,1,1,1,0,0,0,6,0,0,1,40.0
100837,14,10,1,0,5.0,,47.0,,,0,0,0,0,1,6,1,0,0,0,0,0,2,0,0,0,0.0
100447,16,7,1,0,9.0,,33.0,,,0,1,0,0,0,6,1,0,0,0,0,0,1,0,0,1,40.0
101002,14,11,1,0,3.0,,41.0,,,0,1,0,0,0,6,1,0,0,0,0,0,1,0,0,0,0.0
100170,14,7,1,0,11.0,7.0,45.0,47.0,0,0,1,1,1,1,8,1,1,1,1,1,1,5,0,0,0,0.0
100912,12,7,1,0,11.0,11.0,43.0,44.0,0,1,1,1,1,1,6,1,0,0,0,0,0,2,0,0,0,0.0
100809,14,4,1,0,3.0,8.0,39.0,39.0,0,0,1,1,1,1,9,1,1,1,0,0,0,4,0,0,0,0.0
101023,14,3,0,0,6.0,5.0,46.0,46.0,0,0,1,1,0,0,7,1,1,0,0,0,0,2,0,0,0,0.0
101447,15,3,0,0,5.0,5.0,31.0,36.0,1,1,1,1,1,1,8,1,1,1,0,0,0,4,0,0,0,0.0
101376,13,7,1,0,,5.0,,38.0,0,0,1,0,0,1,6,1,0,0,0,0,0,2,0,0,0,0.0
100325,15,4,1,0,7.0,,,53.0,1,1,1,1,1,1,9,1,1,1,0,0,0,4,0,0,0,0.0
100326,17,3,0,0,2.0,5.0,51.0,52.0,0,0,1,1,1,1,7,1,1,0,0,1,1,4,0,0,0,0.0
100376,14,3,0,0,5.0,3.0,55.0,65.0,0,1,1,1,1,1,8,1,1,1,0,0,0,4,0,0,0,0.0
100264,15,4,0,0,6.0,6.0,37.0,37.0,0,1,1,1,1,1,8,1,1,1,0,0,0,4,0,0,0,0.0
100765,11,7,1,0,11.0,5.0,30.0,34.0,0,0,1,0,0,1,6,1,0,0,0,0,0,2,0,0,0,0.0
100297,12,4,0,0,5.0,10.0,27.0,33.0,,0,1,1,1,1,8,1,1,1,0,0,0,4,0,0,0,0.0
100668,17,3,0,0,2.0,,37.0,,,0,1,1,1,1,6,1,0,0,0,0,0,3,0,0,1,40.0
100054,18,3,0,0,,5.0,,54.0,0,0,0,0,0,0,6,1,0,0,0,0,0,0,0,0,1,40.0
100593,16,7,1,0,7.0,3.0,40.0,49.0,0,1,1,1,1,1,8,1,1,1,0,0,0,4,0,0,0,0.0
101211,19,7,1,1,,,,,,0,0,0,0,1,9,1,1,1,0,0,0,5,0,0,0,0.0
100597,13,3,0,0,11.0,7.0,33.0,38.0,1,1,1,1,1,1,8,1,1,1,0,0,0,4,0,0,0,0.0
100407,13,7,1,0,5.0,5.0,40.0,40.0,0,1,1,1,1,1,6,1,0,0,0,0,0,2,0,0,0,0.0
100431,16,7,1,0,9.0,11.0,35.0,36.0,0,1,1,1,1,1,8,1,1,1,0,0,0,4,0,0,0,0.0
101585,14,3,0,0,5.0,5.0,46.0,47.0,0,0,1,1,0,1,8,1,1,1,0,0,0,4,0,0,0,0.0
100860,18,6,1,1,,,38.0,,,0,0,0,0,0,7,1,1,0,0,0,0,3,1,1,0,0.0
100489,14,4,0,0,11.0,8.0,35.0,34.0,0,0,1,1,0,1,8,1,1,1,0,0,0,4,0,0,0,0.0
101617,15,3,1,0,5.0,5.0,50.0,53.0,,1,1,1,1,1,9,1,1,1,0,0,0,4,0,0,0,0.0
101357,13,7,1,0,,6.0,,40.0,0,0,1,1,1,1,6,1,0,0,0,0,0,2,0,0,0,0.0
100213,14,3,0,1,5.0,9.0,37.0,38.0,,1,1,1,1,1,8,1,1,1,0,0,0,4,0,0,0,0.0
101551,16,7,1,1,5.0,,43.0,40.0,0,0,1,1,1,1,9,1,1,1,0,0,0,6,0,0,0,0.0
101237,,3,0,0,,,,,,,,,,,5,,,,,,,,,,,
101580,12,7,1,0,8.0,11.0,35.0,38.0,,0,1,1,1,1,6,1,0,0,0,0,0,2,0,0,0,0.0
101494,15,3,0,0,4.0,5.0,40.0,48.0,0,0,1,1,1,1,8,1,1,1,0,0,0,4,0,0,0,0.0
101160,15,3,0,0,,,,,0,1,1,1,1,1,8,1,1,1,0,0,0,4,0,0,0,0.0
101249,15,4,0,0,,,,,0,0,1,1,0,0,6,1,0,0,0,0,0,2,0,0,0,0.0
100199,14,7,1,0,5.0,5.0,38.0,49.0,0,1,1,1,1,1,6,1,0,0,0,0,0,2,0,0,0,0.0
100855,16,3,0,0,5.0,3.0,35.0,37.0,0,0,1,1,1,1,6,1,0,0,0,1,1,4,0,0,0,0.0
101113,15,3,0,0,5.0,,37.0,,,0,0,0,0,1,8,1,1,1,0,0,0,4,0,0,1,21.0
101074,13,7,1,0,8.0,6.0,38.0,48.0,0,1,1,1,1,1,6,1,0,0,0,0,0,2,0,0,0,0.0
100663,15,8,1,0,5.0,7.0,44.0,43.0,0,1,1,1,1,1,8,1,1,1,0,0,0,4,0,0,0,0.0
101077,18,6,0,0,5.0,11.0,38.0,34.0,0,0,1,1,1,1,8,1,1,1,2,1,2,6,0,0,0,0.0
100216,14,7,1,0,11.0,11.0,39.0,53.0,1,0,1,1,1,1,8,1,1,1,0,0,0,4,0,0,0,0.0
100978,14,5,0,0,8.0,5.0,35.0,48.0,0,0,1,1,1,1,8,1,1,1,0,0,0,4,0,0,0,0.0
100253,15,7,1,0,7.0,7.0,37.0,40.0,0,0,1,0,0,0,5,0,0,0,0,0,0,1,0,0,0,0.0
100152,14,8,1,0,9.0,10.0,42.0,43.0,0,1,1,1,1,1,6,1,0,0,1,1,1,3,0,0,0,0.0
100194,15,3,0,0,2.0,3.0,50.0,49.0,0,0,1,1,1,1,6,1,0,0,1,1,1,3,0,0,0,0.0
100471,15,7,1,0,8.0,,43.0,,,0,1,1,1,1,6,1,0,0,0,0,0,2,0,0,0,0.0
100595,17,4,0,0,11.0,6.0,39.0,37.0,0,0,1,1,1,1,8,1,1,1,0,0,0,4,0,0,0,0.0
100997,17,3,0,0,2.0,3.0,36.0,40.0,0,0,1,0,0,1,7,1,1,0,1,1,1,4,0,0,1,9.0
100068,17,2,0,0,5.0,,40.0,,,1,1,1,1,1,8,1,1,1,0,0,0,4,0,0,0,0.0
101547,16,4,1,0,2.0,5.0,52.0,48.0,0,0,1,1,0,1,8,1,1,1,0,0,0,4,0,0,0,0.0
100130,13,7,1,0,3.0,7.0,44.0,48.0,0,0,1,1,1,1,6,1,0,0,0,0,0,2,0,0,0,0.0
100415,17,3,0,0,5.0,5.0,34.0,53.0,0,0,1,1,0,1,8,1,1,1,0,0,0,4,1,1,0,0.0
101298,15,4,0,1,5.0,5.0,34.0,40.0,0,0,1,0,0,1,5,0,0,0,0,0,0,2,0,0,0,0.0
100300,15,4,0,0,3.0,11.0,38.0,35.0,0,0,1,0,0,1,6,1,0,0,0,0,0,3,0,0,1,0.0
100498,16,7,1,0,6.0,6.0,33.0,36.0,0,1,1,1,1,1,8,1,1,1,0,0,0,4,0,0,0,0.0
101346,15,3,0,0,5.0,6.0,32.0,45.0,0,0,1,1,0,0,8,1,1,1,0,0,0,3,0,0,0,0.0
100825,17,6,1,1,4.0,,46.0,,,0,0,0,0,0,7,1,1,0,0,0,0,2,0,0,1,40.0
100445,17,7,1,1,2.0,3.0,50.0,46.0,0,0,1,1,0,1,8,1,1,1,0,0,0,6,0,0,1,20.0
101397,19,5,1,1,3.0,5.0,48.0,49.0,0,0,1,1,0,0,9,1,1,1,0,0,0,4,0,0,1,8.0
100240,15,3,0,0,5.0,2.0,40.0,49.0,0,0,1,1,1,1,8,1,1,1,0,0,0,4,0,0,0,0.0
100649,15,7,1,0,5.0,,42.0,,,1,1,1,1,1,9,1,1,1,0,0,0,6,0,0,0,0.0
100640,14,8,1,0,5.0,2.0,35.0,45.0,0,0,1,1,1,1,7,1,1,0,0,0,0,3,0,0,0,0.0
101203,15,7,1,0,,6.0,,45.0,0,0,1,1,1,1,6,1,0,0,2,1,2,4,0,0,1,40.0
100187,15,7,1,1,9.0,11.0,45.0,52.0,1,0,1,1,1,1,9,1,1,1,0,0,0,6,0,0,0,0.0
101315,15,3,0,0,7.0,9.0,36.0,40.0,0,1,1,1,1,1,8,1,1,1,0,0,0,4,0,0,0,0.0
101188,16,3,0,0,,,38.0,35.0,0,0,1,1,0,0,6,1,0,0,0,0,0,2,0,0,1,40.0
101124,17,7,1,0,,2.0,,42.0,0,0,1,1,0,0,7,1,1,0,0,0,0,2,0,0,1,40.0
101478,14,3,0,0,5.0,5.0,39.0,38.0,0,1,1,1,1,1,8,1,1,1,0,0,0,4,0,0,0,0.0
100180,14,4,0,0,,,37.0,35.0,0,0,1,1,0,1,6,1,0,0,1,1,1,4,0,0,0,0.0
100302,17,6,1,0,5.0,,39.0,,,1,1,1,1,1,9,1,1,1,0,0,0,6,0,0,1,8.0
100283,16,4,0,0,3.0,5.0,46.0,50.0,0,0,1,1,1,1,7,1,1,0,0,0,0,3,0,0,0,0.0
100410,14,4,0,0,8.0,1.0,33.0,37.0,0,0,1,0,0,1,6,1,0,0,1,1,1,4,0,0,0,0.0
101575,12,12,1,0,7.0,7.0,30.0,36.0,0,0,1,0,1,1,5,0,0,0,1,1,1,2,0,0,0,0.0
100452,16,4,0,0,3.0,1.0,40.0,43.0,1,0,1,0,0,1,7,1,1,0,1,1,1,4,0,0,0,0.0
100698,16,4,0,0,5.0,5.0,32.0,42.0,0,0,1,1,1,1,5,0,0,0,1,1,1,4,0,0,0,0.0
101186,15,5,1,0,11.0,,35.0,,,0,1,1,1,1,10,1,1,1,0,0,0,4,0,0,0,0.0
100746,14,3,0,0,8.0,11.0,42.0,40.0,1,1,1,0,1,1,8,1,1,1,0,0,0,2,0,0,0,0.0
100620,16,11,1,0,5.0,,58.0,70.0,,0,1,1,0,1,8,1,1,1,0,0,0,4,0,0,1,16.0
100109,15,3,0,0,,,48.0,55.0,,0,1,0,0,1,7,1,1,0,0,0,0,4,0,0,1,40.0
101404,15,1,0,1,7.0,,33.0,33.0,,1,1,1,1,1,8,1,1,1,0,0,0,4,0,0,0,0.0
100122,17,3,0,0,6.0,5.0,36.0,42.0,0,1,1,1,1,1,8,1,1,1,0,0,0,4,0,0,0,0.0
100930,14,3,0,0,5.0,5.0,33.0,42.0,0,0,1,1,1,1,8,1,1,1,0,0,0,4,0,0,0,0.0
100525,14,3,0,0,6.0,1.0,40.0,65.0,0,0,1,0,0,1,7,1,1,0,1,1,1,4,0,0,0,0.0
100280,14,4,0,0,7.0,5.0,36.0,40.0,0,0,1,0,0,1,7,1,1,0,0,1,1,4,0,0,0,0.0
100630,17,4,0,0,5.0,2.0,50.0,60.0,1,0,1,0,0,0,6,1,0,0,1,1,1,2,0,0,1,0.0
100758,16,6,1,0,5.0,5.0,52.0,46.0,0,0,1,1,1,1,9,1,1,1,0,0,0,6,0,0,1,16.0
100742,17,5,1,0,1.0,5.0,40.0,45.0,0,0,1,1,1,1,9,1,1,1,0,0,0,4,0,1,0,0.0
101434,15,5,0,0,0.0,3.0,35.0,37.0,0,0,1,0,0,1,5,0,0,0,1,1,1,3,0,0,1,40.0
101179,14,3,0,0,7.0,7.0,34.0,38.0,0,0,1,1,1,1,8,1,1,1,0,0,0,4,0,0,0,0.0
100568,15,9,1,0,,7.0,,36.0,0,0,1,0,0,0,6,1,0,0,0,0,0,1,0,0,0,0.0
100562,13,3,1,0,8.0,7.0,52.0,44.0,0,1,1,1,1,1,7,1,1,0,0,0,0,2,0,0,0,0.0
100680,14,1,1,0,5.0,11.0,53.0,48.0,0,0,1,1,1,1,8,1,1,1,0,0,0,4,0,0,0,0.0
101271,14,4,0,0,,,35.0,36.0,0,1,1,1,1,1,8,1,1,1,0,0,0,4,0,0,0,0.0
100713,12,8,1,0,8.0,8.0,39.0,39.0,1,0,1,1,1,1,6,1,0,0,0,0,0,2,0,0,0,0.0
101162,14,4,0,0,,,37.0,39.0,0,0,1,1,1,1,8,1,1,1,0,0,0,4,0,0,0,0.0
100740,14,3,0,0,8.0,6.0,41.0,43.0,1,1,1,1,1,1,8,1,1,1,0,0,0,4,0,0,0,0.0
100666,18,7,1,1,2.0,3.0,38.0,37.0,,0,1,1,0,0,8,1,1,1,0,0,0,3,0,0,0,0.0
101583,15,9,1,1,4.0,5.0,37.0,38.0,0,0,1,0,0,1,7,1,1,0,1,1,1,4,0,0,0,0.0
100067,13,3,0,0,7.0,5.0,31.0,40.0,0,1,1,1,1,1,8,1,1,1,0,0,0,4,0,0,0,0.0
101256,15,8,1,0,6.0,10.0,40.0,41.0,0,,1,1,1,1,8,,,,,,,,,,,
100782,14,2,0,0,1.0,,42.0,,,1,1,1,1,1,8,1,1,1,0,0,0,4,0,0,1,6.0
100556,14,5,0,0,5.0,1.0,45.0,45.0,0,0,1,1,1,1,8,1,1,1,0,0,0,4,0,0,0,0.0
100725,14,3,0,0,11.0,6.0,33.0,37.0,0,0,1,1,1,1,8,1,1,1,0,0,0,4,0,0,0,0.0
101354,16,3,0,0,5.0,9.0,37.0,38.0,0,0,1,1,0,0,6,1,0,0,0,0,0,2,0,0,0,0.0
100925,14,4,0,0,,,49.0,46.0,,0,1,0,0,1,8,1,1,1,0,0,0,4,0,0,0,0.0
101216,13,4,0,0,,,42.0,51.0,0,1,1,1,1,1,8,1,1,1,0,0,0,4,0,0,0,0.0
100389,14,3,0,0,8.0,5.0,14.0,39.0,0,1,1,1,1,1,8,1,1,1,0,0,0,4,0,0,0,0.0
101146,15,7,1,0,3.0,4.0,37.0,41.0,0,1,1,1,1,1,6,1,0,0,0,0,0,2,0,0,0,0.0
100353,14,6,0,0,4.0,3.0,42.0,43.0,0,1,1,1,1,1,8,1,1,1,0,0,0,4,0,0,0,0.0
100372,16,3,0,0,,,36.0,,,1,1,1,1,1,8,1,1,1,0,0,0,4,0,0,0,0.0
101287,17,3,0,0,5.0,5.0,35.0,37.0,0,0,0,0,0,1,8,1,1,1,0,0,0,4,0,0,0,0.0
100768,16,5,1,0,8.0,,40.0,,,0,0,0,1,1,8,1,1,1,0,1,1,4,0,0,0,0.0
100318,14,3,0,0,3.0,4.0,35.0,40.0,0,0,1,1,1,1,8,1,1,1,0,0,0,4,0,0,1,32.0
100229,16,7,1,0,5.0,,36.0,,,1,1,1,1,1,10,1,1,1,0,0,0,6,0,0,0,0.0
100702,13,7,1,0,11.0,,36.0,40.0,0,1,1,1,1,1,7,1,1,0,0,0,0,3,0,0,0,0.0
100651,12,7,1,0,,,42.0,50.0,,0,1,1,1,1,6,1,0,0,0,0,0,2,0,0,0,0.0
100619,14,7,1,0,5.0,7.0,46.0,45.0,0,0,1,0,0,1,7,1,1,0,0,1,1,4,0,0,0,0.0
100132,12,7,1,0,5.0,5.0,35.0,58.0,,1,1,1,1,1,6,1,0,0,0,0,0,2,0,0,0,0.0
100980,15,7,1,0,8.0,,38.0,,,0,1,0,1,1,5,0,0,0,1,1,1,2,0,0,1,12.0
100540,13,8,1,0,3.0,3.0,34.0,43.0,0,0,1,1,1,1,6,1,0,0,0,0,0,2,0,0,0,0.0
100553,15,7,1,0,5.0,5.0,40.0,50.0,0,0,1,1,1,1,8,1,1,1,0,0,0,4,0,0,0,0.0
100602,14,3,0,0,4.0,4.0,35.0,37.0,0,0,1,1,1,1,8,1,1,1,0,0,0,4,0,0,0,0.0
100224,15,3,0,0,7.0,6.0,30.0,41.0,0,0,1,1,1,1,8,1,1,1,0,0,0,4,0,0,0,0.0
101382,17,3,0,0,5.0,,35.0,,,0,1,1,1,1,6,1,0,0,2,1,2,4,0,0,0,0.0
101342,14,4,0,0,5.0,5.0,38.0,48.0,0,0,1,0,0,1,7,1,1,0,1,1,1,4,0,0,0,0.0
100603,12,7,1,0,5.0,5.0,37.0,38.0,0,1,0,0,0,1,6,1,0,0,0,0,0,2,0,0,0,0.0
101595,15,3,0,0,11.0,8.0,35.0,42.0,0,1,1,1,1,1,8,1,1,1,0,0,0,4,0,0,0,0.0
100125,17,7,1,0,0.0,0.0,39.0,39.0,0,0,1,1,0,0,8,1,1,1,0,0,0,4,0,0,0,0.0
101318,15,8,1,0,5.0,5.0,54.0,53.0,0,1,1,1,1,1,8,1,1,1,0,0,0,4,0,0,0,0.0
101217,14,7,1,0,11.0,11.0,37.0,43.0,1,0,1,1,1,1,8,1,1,1,0,0,0,4,0,0,0,0.0
101601,13,3,0,0,9.0,7.0,38.0,42.0,1,0,1,1,0,1,8,1,1,1,0,0,0,4,0,0,0,0.0
100829,12,4,1,0,9.0,5.0,40.0,53.0,0,0,1,1,1,1,7,1,1,0,0,0,0,2,0,0,0,0.0
100637,16,6,0,0,,,48.0,51.0,0,0,1,0,0,0,6,1,0,0,0,0,0,1,0,0,0,0.0
100571,14,4,0,0,7.0,9.0,43.0,48.0,0,0,1,1,1,1,8,1,1,1,0,0,0,4,0,0,0,0.0
100386,14,3,0,0,11.0,5.0,38.0,37.0,0,1,1,1,1,1,8,1,1,1,0,0,0,4,0,0,0,0.0
100289,14,5,0,0,7.0,9.0,33.0,37.0,1,0,1,1,1,1,8,1,1,1,0,0,0,4,0,0,0,0.0
101166,18,2,0,0,3.0,0.0,34.0,50.0,0,0,0,0,0,0,9,1,1,1,1,1,1,5,0,0,1,40.0
101027,14,4,0,0,8.0,9.0,36.0,40.0,0,0,1,1,1,1,7,1,1,0,1,1,1,4,0,0,0,0.0
101187,15,10,1,0,6.0,,33.0,,,0,1,0,0,1,7,1,1,0,1,1,1,4,0,0,0,0.0
100053,19,6,1,1,3.0,3.0,34.0,38.0,0,0,0,0,0,0,6,1,0,0,0,0,0,1,0,0,1,10.0
101245,18,3,1,0,3.0,2.0,41.0,50.0,0,1,1,1,1,1,9,1,1,1,0,0,0,4,0,0,0,0.0
101259,16,3,0,0,,,,,,0,1,1,0,0,7,1,1,0,2,1,2,4,0,0,1,40.0
101545,15,4,0,0,11.0,,31.0,,,1,1,1,1,1,8,1,1,1,0,0,0,4,0,0,0,0.0
100838,15,11,1,0,5.0,,64.0,,,0,1,1,1,1,6,1,0,0,0,0,0,2,0,0,1,0.0
101034,15,3,0,0,7.0,4.0,36.0,43.0,0,0,1,1,0,1,7,1,1,0,0,0,0,4,0,0,0,0.0
100040,17,3,0,0,5.0,,32.0,,,0,1,1,1,1,8,1,1,1,0,0,0,4,0,0,0,0.0
100339,16,4,0,0,9.0,11.0,42.0,34.0,0,0,1,1,0,1,8,1,1,1,0,0,0,4,0,0,0,0.0
100810,18,5,1,0,,3.0,,43.0,0,0,1,0,0,0,9,1,1,1,0,0,0,3,0,0,0,0.0
101168,14,6,0,0,1.0,3.0,40.0,46.0,0,0,1,1,1,1,8,1,1,1,0,0,0,4,0,0,0,0.0
101205,13,3,0,0,11.0,5.0,36.0,37.0,0,1,1,1,1,1,8,1,1,1,0,0,0,4,0,0,0,0.0
101069,14,4,0,0,11.0,8.0,36.0,36.0,0,0,1,0,1,1,7,1,1,0,1,1,1,4,0,0,0,0.0
100083,14,8,1,0,6.0,6.0,47.0,46.0,0,0,1,1,0,1,7,1,1,0,0,1,1,4,0,0,0,0.0
100984,18,3,0,0,2.0,,39.0,40.0,,1,1,1,1,1,8,1,1,1,0,0,0,4,0,0,0,0.0
101246,15,4,0,0,5.0,,56.0,,,0,0,0,0,1,8,1,1,1,0,0,0,4,0,0,0,0.0
101182,13,3,0,0,11.0,5.0,34.0,39.0,0,0,1,1,0,0,8,1,1,1,0,0,0,3,0,0,0,0.0
101262,15,7,1,0,11.0,,35.0,,,0,1,1,1,1,8,1,1,1,0,0,0,4,0,0,0,0.0
100513,,8,1,0,,,,,,,,,,,5,,,,,,,,,,,
101046,16,7,1,0,,,,,,0,1,1,0,0,8,1,1,1,0,0,0,4,0,0,0,0.0
101589,15,7,1,0,4.0,,37.0,41.0,,0,0,1,1,1,7,1,1,0,1,1,2,5,0,0,1,20.0
100658,17,11,1,0,3.0,3.0,51.0,61.0,0,1,1,1,1,1,8,1,1,1,0,0,0,4,0,0,0,0.0
101072,15,7,1,0,1.0,3.0,37.0,37.0,0,0,1,1,0,1,7,1,1,0,0,0,0,3,0,0,0,0.0
100609,16,5,0,0,11.0,11.0,35.0,42.0,1,0,1,1,0,1,8,1,1,1,0,0,0,4,0,0,0,0.0
100660,14,4,0,0,5.0,5.0,42.0,34.0,0,0,1,1,0,1,7,1,1,0,0,0,0,4,0,0,0,0.0
101559,18,7,1,1,5.0,5.0,34.0,40.0,0,0,0,0,0,0,7,1,1,0,0,0,0,2,0,0,1,40.0
100048,15,3,0,0,0.0,3.0,40.0,52.0,0,0,1,0,0,0,5,0,0,0,1,1,1,2,1,1,0,0.0
101172,17,8,1,0,5.0,6.0,40.0,43.0,0,0,1,1,0,0,7,1,1,0,0,0,0,2,0,0,1,40.0
100467,16,6,1,0,,,,,,0,1,1,1,1,9,1,1,1,0,0,0,6,0,0,0,0.0
100153,17,5,0,0,,,,56.0,0,0,0,0,0,0,6,1,0,0,0,0,0,1,1,1,0,0.0
100394,15,3,0,0,1.0,6.0,45.0,46.0,,0,1,1,1,1,8,1,1,1,0,0,0,4,0,0,0,0.0
100123,15,3,0,0,5.0,3.0,50.0,65.0,0,1,1,1,1,1,8,1,1,1,0,0,0,4,0,0,0,0.0
100355,16,6,0,0,5.0,,49.0,,,0,0,0,1,1,8,1,1,1,0,1,1,5,0,0,1,30.0
100134,14,6,1,0,3.0,5.0,50.0,53.0,0,0,1,1,1,1,9,1,1,1,0,0,0,4,0,0,0,0.0
100268,14,4,0,0,6.0,3.0,50.0,57.0,0,0,1,1,1,1,8,1,1,1,0,0,0,4,0,0,0,0.0
100385,16,3,0,0,8.0,,33.0,,,1,1,1,1,1,8,1,1,1,0,0,0,4,0,0,0,0.0
100220,15,3,0,0,11.0,,35.0,,,0,1,0,1,1,7,1,1,0,0,0,0,2,0,0,0,0.0
100041,17,5,0,0,6.0,5.0,41.0,47.0,0,0,1,1,0,0,6,1,0,0,0,0,0,2,0,0,0,0.0
100219,12,7,1,0,8.0,5.0,39.0,37.0,0,1,1,1,1,1,6,1,0,0,0,0,0,2,0,0,0,0.0
100999,14,3,0,0,11.0,,34.0,,,1,1,1,1,1,8,1,1,1,0,0,0,4,0,0,0,0.0
101195,13,1,0,0,1.0,3.0,40.0,39.0,0,0,1,1,1,1,8,1,1,1,0,0,0,4,0,0,0,0.0
101578,17,4,0,0,5.0,,43.0,,,0,1,1,1,1,8,1,1,1,0,0,0,4,0,0,0,0.0
100895,14,3,0,1,1.0,,42.0,44.0,0,1,1,1,1,1,8,1,1,1,0,0,0,4,0,0,0,0.0
101308,14,7,1,0,5.0,5.0,36.0,46.0,0,0,1,1,1,1,6,1,0,0,0,0,0,2,0,0,0,0.0
100674,14,3,0,0,5.0,5.0,45.0,45.0,0,0,1,1,0,1,8,1,1,1,0,0,0,4,0,0,0,0.0
100903,14,4,0,0,5.0,,34.0,,,0,1,1,0,0,8,1,1,1,0,0,0,3,0,1,0,0.0
101367,17,4,0,0,9.0,7.0,45.0,44.0,0,1,1,1,1,1,8,1,1,1,0,0,0,4,0,0,0,0.0
101403,14,1,0,1,5.0,7.0,40.0,41.0,0,0,1,1,1,1,8,1,1,1,0,0,0,4,0,0,0,0.0
101562,14,3,0,0,,,,,,0,1,1,1,1,8,1,1,1,0,0,0,4,0,0,0,0.0
100754,13,4,0,0,7.0,5.0,33.0,36.0,0,0,1,1,1,1,7,1,1,0,1,1,1,4,0,0,0,0.0
101267,14,4,0,0,5.0,7.0,32.0,34.0,,0,1,1,1,1,8,1,1,1,0,0,0,4,0,0,0,0.0
100707,14,3,0,0,0.0,0.0,35.0,49.0,0,1,1,1,1,1,8,1,1,1,0,0,0,4,0,0,0,0.0
101433,15,7,1,0,11.0,,50.0,,,0,1,1,1,1,6,1,0,0,0,0,0,2,0,0,0,0.0
100967,17,6,1,1,5.0,5.0,57.0,66.0,0,0,1,1,1,1,9,1,1,1,0,0,0,6,0,0,0,0.0
101476,15,7,1,0,5.0,7.0,39.0,42.0,0,1,1,0,1,1,5,0,0,0,1,1,1,2,0,0,0,0.0
100631,14,12,1,0,9.0,6.0,38.0,39.0,0,0,1,1,1,1,8,1,1,1,0,0,0,4,0,0,0,0.0
101450,14,4,0,0,2.0,0.0,42.0,52.0,0,0,1,1,1,1,8,1,1,1,0,0,0,4,0,0,0,0.0
100336,17,1,1,0,6.0,2.0,50.0,58.0,0,0,1,1,0,0,9,1,1,1,0,0,0,4,0,0,0,0.0
100232,16,7,1,1,7.0,,35.0,,,0,0,0,1,1,8,1,1,1,1,1,2,6,0,0,0,0.0
100648,14,3,0,0,1.0,5.0,42.0,42.0,0,0,1,1,1,1,8,1,1,1,0,0,0,4,0,0,0,0.0
101201,14,1,0,1,11.0,11.0,34.0,42.0,0,0,1,0,0,1,7,1,1,0,0,1,1,4,0,0,0,0.0
100468,14,3,0,0,5.0,5.0,36.0,37.0,0,0,1,1,1,1,8,1,1,1,0,0,0,4,0,0,0,0.0
101018,,1,0,0,,,,,,,,,,,5,,,,,,,,,,,
100731,15,8,1,0,5.0,5.0,48.0,46.0,0,0,1,1,0,0,6,1,0,0,0,1,1,3,0,0,0,0.0
100804,14,2,0,0,5.0,5.0,38.0,38.0,0,0,0,0,0,1,8,1,1,1,0,0,0,4,0,0,1,28.0
100205,14,5,0,0,3.0,5.0,46.0,36.0,0,0,1,1,1,1,8,1,1,1,0,0,0,4,0,0,0,0.0
100003,15,3,0,0,0.0,0.0,60.0,64.0,0,1,1,1,1,1,8,1,1,1,0,0,0,4,0,0,0,0.0
100572,16,4,0,0,2.0,0.0,35.0,42.0,0,0,1,1,0,0,7,1,1,0,0,0,0,3,0,0,1,40.0
101425,14,7,1,0,11.0,11.0,46.0,46.0,0,0,1,1,1,1,6,1,0,0,0,0,0,2,0,0,0,0.0
101352,15,3,0,0,,5.0,35.0,40.0,0,0,1,1,0,0,6,1,0,0,0,0,0,2,0,0,0,0.0
101482,16,3,0,0,4.0,6.0,36.0,38.0,0,0,1,1,1,1,7,1,1,0,1,1,1,4,0,0,1,40.0
100947,15,3,0,0,3.0,0.0,43.0,41.0,0,1,1,1,1,1,6,1,0,0,1,1,1,3,0,0,0,0.0
101033,13,3,0,0,7.0,8.0,43.0,45.0,0,1,1,1,1,1,8,1,1,1,0,0,0,4,0,0,0,0.0
101332,12,4,1,0,7.0,3.0,36.0,38.0,0,0,1,0,0,1,7,1,1,0,0,0,0,2,0,0,0,0.0
100610,16,3,0,1,,,,,,0,1,0,0,0,6,1,0,0,0,0,0,1,0,0,1,8.0
101123,15,6,0,0,5.0,5.0,33.0,34.0,0,0,1,1,1,1,8,1,1,1,0,0,0,4,0,0,0,0.0
101606,14,6,0,0,9.0,3.0,97.0,38.0,0,0,1,1,1,1,8,1,1,1,0,0,0,4,0,0,0,0.0
100652,15,7,1,0,,8.0,,45.0,0,1,1,1,1,1,8,1,1,1,0,0,0,4,0,0,0,0.0
101302,16,8,1,0,7.0,8.0,39.0,49.0,1,0,1,1,0,0,7,1,1,0,0,0,0,2,0,0,1,40.0
101543,14,8,1,0,8.0,8.0,36.0,40.0,0,1,1,1,1,1,8,1,1,1,0,0,0,4,0,0,0,0.0
100918,14,4,0,0,8.0,,37.0,,,0,1,1,1,1,8,1,1,1,1,1,1,5,0,0,0,0.0
100157,14,7,1,0,6.0,6.0,34.0,42.0,1,0,1,1,0,1,7,1,1,0,0,1,1,4,0,0,0,0.0
101464,14,4,0,0,,,34.0,38.0,,1,1,1,1,1,8,1,1,1,0,0,0,4,0,0,0,0.0
100462,15,4,0,0,2.0,,43.0,,,0,1,0,0,0,5,0,0,0,0,0,0,1,0,0,1,0.0
100160,18,2,0,0,5.0,3.0,42.0,55.0,0,0,1,0,0,0,5,0,0,0,2,1,2,3,0,0,0,0.0
100305,12,7,1,0,5.0,5.0,42.0,40.0,0,0,0,0,0,1,6,1,0,0,0,0,0,2,0,0,0,0.0
100547,14,3,0,0,11.0,11.0,35.0,36.0,0,0,1,1,1,1,7,1,1,0,0,1,1,4,0,0,0,0.0
100395,14,3,0,0,6.0,6.0,41.0,44.0,0,0,0,0,1,1,6,1,0,0,1,1,1,4,0,0,0,0.0
100399,17,4,1,0,8.0,5.0,39.0,40.0,0,0,1,1,0,1,8,1,1,1,0,0,0,4,0,0,0,0.0
101238,14,3,0,0,4.0,,33.0,34.0,,0,1,1,1,1,8,1,1,1,0,0,0,4,0,0,0,0.0
100977,14,3,0,0,5.0,,31.0,,,0,0,0,0,1,7,1,1,0,1,1,1,4,0,0,0,0.0
101266,15,3,0,0,5.0,,40.0,,,1,1,1,1,1,8,1,1,1,0,0,0,4,0,0,0,0.0
101350,16,6,1,1,3.0,3.0,58.0,63.0,1,0,1,1,1,1,9,1,1,1,0,0,0,6,0,0,0,0.0
100635,16,3,1,0,1.0,5.0,45.0,50.0,0,1,1,1,1,1,9,1,1,1,0,0,0,4,0,0,0,0.0
100870,12,7,1,0,5.0,5.0,60.0,37.0,0,0,1,1,1,1,6,1,0,0,0,0,0,2,0,0,0,0.0
100062,15,4,0,0,7.0,5.0,39.0,44.0,,0,1,0,1,1,8,1,1,1,0,0,0,4,0,0,0,0.0
101616,14,5,0,0,1.0,0.0,55.0,55.0,0,0,1,1,0,1,7,1,1,0,0,0,0,4,0,0,0,0.0
100457,14,7,1,0,1.0,,36.0,,,1,1,1,1,1,6,1,0,0,0,0,0,2,0,0,0,0.0
100883,15,4,0,0,5.0,,43.0,44.0,,1,1,1,1,1,8,1,1,1,0,0,0,4,0,0,0,0.0
100478,15,3,0,0,11.0,11.0,35.0,38.0,0,0,1,0,0,1,8,1,1,1,0,0,0,4,0,0,1,8.0
100835,16,7,1,0,7.0,5.0,41.0,44.0,0,1,1,1,1,1,8,1,1,1,0,0,0,4,0,0,0,0.0
101193,14,8,1,0,5.0,8.0,38.0,39.0,0,0,1,1,1,1,7,1,1,0,1,1,1,4,0,0,0,0.0
101491,13,7,1,0,3.0,5.0,39.0,49.0,0,0,1,1,1,1,6,1,0,0,0,0,0,2,0,0,0,0.0
101028,15,3,0,0,3.0,,37.0,,,0,1,1,0,1,8,1,1,1,0,0,0,4,0,0,0,0.0
101145,20,7,1,0,5.0,,45.0,,,0,1,1,0,0,7,1,1,0,0,0,0,2,0,0,0,0.0
101309,14,4,1,0,5.0,0.0,32.0,48.0,0,1,1,1,1,1,7,1,1,0,0,0,0,2,0,0,0,0.0
100347,12,7,1,0,5.0,5.0,43.0,42.0,0,1,1,1,1,1,6,1,0,0,0,0,0,2,0,0,0,0.0
101453,14,4,0,0,3.0,5.0,47.0,54.0,0,1,1,1,1,1,8,1,1,1,0,0,0,4,0,0,0,0.0
100446,14,3,0,0,7.0,,38.0,,,0,1,1,0,1,8,1,1,1,0,0,0,4,0,0,0,0.0
101443,18,5,1,0,0.0,,58.0,41.0,,0,0,0,0,0,9,1,1,1,0,0,0,4,0,0,0,0.0
100379,15,4,0,0,8.0,,37.0,42.0,0,0,1,1,0,1,7,1,1,0,0,0,0,4,0,0,0,0.0
100564,16,5,1,0,9.0,11.0,43.0,43.0,0,1,1,1,1,1,9,1,1,1,0,0,0,6,0,0,1,40.0
101396,14,3,0,0,2.0,7.0,48.0,49.0,0,0,1,1,1,1,8,1,1,1,0,0,0,4,0,0,0,0.0
100715,13,3,0,0,6.0,8.0,42.0,36.0,0,0,1,1,0,1,7,1,1,0,0,0,0,4,0,0,0,0.0
100621,16,3,0,0,5.0,5.0,40.0,45.0,,0,1,1,0,0,7,1,1,0,0,0,0,2,0,0,1,40.0
100231,15,4,1,0,5.0,5.0,32.0,38.0,0,0,1,1,0,1,8,1,1,1,1,1,1,4,0,0,0,0.0
100382,13,3,0,0,8.0,,52.0,,,1,1,1,1,1,8,1,1,1,0,0,0,4,0,0,0,0.0
100777,15,3,0,0,3.0,2.0,43.0,52.0,0,1,1,1,1,1,8,1,1,1,0,0,0,4,0,0,0,0.0
100072,15,4,0,0,11.0,4.0,39.0,41.0,0,0,1,1,0,0,6,1,0,0,0,0,0,2,0,0,1,40.0
100070,12,7,1,0,7.0,8.0,38.0,32.0,,1,1,1,1,1,6,1,0,0,0,0,0,2,0,0,0,0.0
100779,13,7,1,0,5.0,7.0,35.0,47.0,0,0,1,1,1,1,6,1,0,0,0,0,0,2,0,0,0,0.0
101038,13,3,0,0,5.0,9.0,31.0,35.0,0,0,1,1,0,1,8,1,1,1,0,0,0,4,0,0,0,0.0
100171,16,3,0,0,8.0,10.0,33.0,40.0,0,0,0,1,0,1,7,1,1,0,1,1,1,3,0,0,1,2.0
100168,12,7,1,0,5.0,5.0,36.0,36.0,0,0,1,0,1,1,5,0,0,0,1,1,1,2,0,0,0,0.0
100493,16,8,1,0,10.0,5.0,42.0,47.0,0,1,1,1,1,1,8,1,1,1,0,0,0,4,0,0,0,0.0
100669,16,7,1,1,1.0,0.0,46.0,41.0,0,0,1,1,0,0,9,1,1,1,0,0,0,5,0,0,0,0.0
101383,12,7,1,0,11.0,11.0,40.0,37.0,0,1,1,1,1,1,6,1,0,0,0,0,0,2,0,0,0,0.0
100272,16,4,0,0,5.0,,51.0,,,0,1,1,0,1,8,1,1,1,0,0,0,4,0,0,0,0.0
101165,15,5,1,0,,9.0,,42.0,1,0,1,0,0,1,9,1,1,1,0,0,0,4,0,0,0,0.0
100420,16,4,0,0,5.0,,36.0,,,1,1,1,1,1,8,1,1,1,0,0,0,4,0,0,0,0.0
100094,17,2,0,1,5.0,,36.0,37.0,,0,1,1,1,1,8,1,1,1,0,0,0,4,0,0,0,0.0
101212,17,6,0,0,1.0,,45.0,,,0,1,1,0,0,8,1,1,1,0,0,0,3,0,0,0,0.0
101283,14,6,0,0,5.0,2.0,50.0,52.0,0,0,1,1,1,1,8,1,1,1,0,0,0,4,0,0,0,0.0
100042,18,3,0,0,3.0,4.0,58.0,59.0,0,0,1,0,0,0,5,0,0,0,0,0,0,1,0,0,1,0.0
100056,15,3,0,0,11.0,5.0,40.0,43.0,0,1,1,1,1,1,8,1,1,1,0,0,0,4,0,0,0,0.0
101288,14,4,0,0,4.0,6.0,38.0,48.0,0,0,1,0,0,1,7,1,1,0,1,1,1,4,0,0,0,0.0
101081,14,8,1,0,5.0,5.0,37.0,44.0,0,0,1,1,1,1,8,1,1,1,0,0,0,4,0,0,0,0.0
101011,11,7,1,0,3.0,2.0,31.0,36.0,0,0,1,1,1,1,5,0,0,0,0,1,1,2,0,0,0,0.0
100038,13,7,1,0,5.0,5.0,36.0,40.0,0,1,1,1,1,1,6,1,0,0,0,0,0,2,0,0,0,0.0
100306,16,6,0,0,4.0,,34.0,,,0,1,1,0,0,7,1,1,0,0,0,0,2,0,0,1,40.0
100760,17,3,0,1,,,,,,0,1,0,0,1,7,1,1,0,0,0,0,3,0,0,0,0.0
100913,14,4,0,0,7.0,5.0,42.0,38.0,0,1,1,1,1,1,8,1,1,1,0,0,0,4,0,0,0,0.0
100408,15,5,0,0,5.0,5.0,49.0,,0,0,1,1,1,1,8,1,1,1,0,0,0,4,0,0,0,0.0
100166,14,5,0,0,6.0,7.0,39.0,43.0,0,0,0,0,0,1,8,1,1,1,0,0,0,4,0,0,0,0.0
100534,12,7,1,0,11.0,,36.0,,,0,1,1,1,1,6,1,0,0,0,0,0,2,0,0,0,0.0
101022,14,8,1,0,,,,,,0,1,1,1,1,6,1,0,0,0,0,0,2,0,0,0,0.0
101474,15,3,0,0,10.0,11.0,40.0,45.0,0,1,1,1,1,1,8,1,1,1,0,0,0,4,0,0,0,0.0
101531,12,8,1,0,4.0,5.0,42.0,48.0,1,1,1,1,1,1,6,1,0,0,0,0,0,2,0,0,0,0.0
101150,17,3,0,0,0.0,0.0,60.0,68.0,0,0,1,1,1,1,7,1,1,0,0,1,1,4,0,0,0,0.0
101521,14,7,1,0,5.0,11.0,37.0,43.0,0,0,1,1,0,1,8,1,1,1,0,0,0,4,0,0,1,6.0
100833,12,7,1,0,5.0,5.0,37.0,37.0,1,0,1,1,1,1,6,1,0,0,0,0,0,2,0,0,0,0.0
100927,12,8,1,0,9.0,11.0,34.0,39.0,0,1,1,1,1,1,6,1,0,0,0,0,0,2,0,0,0,0.0
100316,14,3,0,0,7.0,7.0,39.0,43.0,,0,0,0,0,1,8,1,1,1,0,0,0,4,0,0,0,0.0
101039,15,2,0,1,3.0,5.0,44.0,55.0,0,0,1,0,0,1,8,1,1,1,0,0,0,4,0,0,1,0.0
101386,15,7,1,0,6.0,5.0,40.0,52.0,0,0,0,0,0,0,5,0,0,0,0,0,0,1,0,0,0,0.0
100516,16,7,1,0,6.0,2.0,40.0,49.0,0,0,1,1,1,1,8,1,1,1,0,0,0,4,0,0,0,0.0
100735,17,6,0,0,3.0,5.0,37.0,42.0,0,0,1,1,0,0,6,1,0,0,0,0,0,2,0,0,0,0.0
100533,14,4,0,0,5.0,5.0,39.0,,,0,1,1,0,1,7,1,1,0,0,1,1,4,0,0,1,40.0
100887,14,8,1,0,5.0,3.0,35.0,39.0,0,1,0,0,0,1,8,1,1,1,0,0,0,4,0,0,0,0.0
100693,16,3,0,0,3.0,,54.0,,,0,1,0,0,0,6,1,0,0,0,0,0,1,0,0,1,40.0
101285,14,4,0,0,5.0,5.0,31.0,37.0,1,0,1,1,1,1,8,1,1,1,0,0,0,4,0,0,0,0.0
100548,15,3,0,0,2.0,,35.0,,,0,0,0,0,1,7,1,1,0,0,1,1,4,0,0,0,0.0
100453,12,7,1,0,11.0,,30.0,32.0,,1,0,0,0,1,6,1,0,0,0,0,0,2,0,0,0,0.0
100606,15,7,1,1,8.0,,30.0,50.0,,0,0,0,,,11,0,0,0,0,0,0,6,0,0,0,0.0
101368,14,5,0,0,11.0,,30.0,50.0,,1,1,1,1,1,8,1,1,1,0,0,0,4,0,0,0,0.0
101317,13,4,0,0,,,33.0,,,0,1,0,0,1,8,1,1,1,0,0,0,4,0,0,0,0.0
100598,15,3,0,0,5.0,9.0,40.0,49.0,0,0,0,0,0,1,8,1,1,1,0,0,0,4,0,0,0,0.0
100683,14,3,0,0,5.0,11.0,38.0,40.0,0,1,1,1,1,1,8,1,1,1,0,0,0,4,0,0,0,0.0
100748,18,7,1,0,5.0,11.0,42.0,58.0,0,0,1,1,1,1,8,1,1,1,0,1,1,4,0,0,0,0.0
100570,20,5,1,0,5.0,5.0,44.0,45.0,0,0,1,1,0,0,7,1,1,0,0,0,0,2,1,1,0,0.0
101539,17,6,1,1,5.0,,45.0,,,0,0,0,0,1,9,1,1,1,0,0,0,6,0,0,1,28.0
100061,13,7,1,0,11.0,11.0,26.0,30.0,1,1,1,1,1,1,6,1,0,0,0,0,0,2,0,0,0,0.0
101115,15,3,0,0,3.0,4.0,39.0,40.0,0,0,1,1,1,1,7,1,1,0,1,1,1,4,0,0,0,0.0
100536,15,7,1,0,11.0,,35.0,,,0,1,1,1,1,8,1,1,1,0,0,0,4,0,0,1,40.0
101598,14,3,0,0,8.0,,39.0,,,1,1,1,1,1,8,1,1,1,0,0,0,4,0,0,0,0.0
101102,13,3,0,0,,,36.0,50.0,0,0,1,1,1,1,8,1,1,1,0,0,0,4,0,0,0,0.0
100244,14,4,0,0,10.0,,38.0,,,0,1,1,1,1,8,1,1,1,0,0,0,4,0,0,0,0.0
100025,12,9,1,0,11.0,4.0,45.0,40.0,0,0,1,1,1,1,6,1,0,0,0,0,0,3,0,0,0,0.0
100222,15,5,0,0,,,43.0,,,0,1,1,1,1,7,1,1,0,0,0,0,4,0,0,0,0.0
101305,11,7,1,0,2.0,2.0,46.0,48.0,0,0,1,1,1,1,6,1,0,0,0,0,0,2,0,0,0,0.0
100105,16,6,1,1,7.0,2.0,46.0,48.0,0,1,1,1,1,1,9,1,1,1,0,0,0,6,0,0,0,0.0
100673,11,8,1,0,11.0,8.0,33.0,34.0,0,1,1,1,1,1,6,1,0,0,0,0,0,2,0,0,0,0.0
100642,16,3,0,0,2.0,2.0,45.0,70.0,0,1,1,1,1,1,8,1,1,1,0,0,0,4,0,0,0,0.0
100861,13,3,0,0,10.0,8.0,37.0,41.0,0,0,1,1,1,1,8,1,1,1,0,0,0,4,0,0,0,0.0
100665,14,4,0,0,11.0,5.0,37.0,45.0,0,1,1,1,1,1,8,1,1,1,0,0,0,4,0,0,0,0.0
100509,17,8,1,0,8.0,9.0,38.0,37.0,0,0,1,0,0,0,6,1,0,0,0,0,0,1,0,0,0,0.0
100131,14,4,0,0,3.0,,35.0,,,0,1,0,0,1,8,1,1,1,0,0,0,4,0,0,1,8.0
101094,14,3,0,1,6.0,6.0,35.0,41.0,1,0,1,0,0,1,8,1,1,1,0,0,0,4,0,0,0,0.0
100444,14,7,1,0,5.0,,49.0,,,1,1,1,1,1,8,1,1,1,0,0,0,4,0,0,0,0.0
100993,14,5,1,0,7.0,7.0,48.0,49.0,1,0,1,1,1,1,8,1,1,1,0,0,0,3,0,0,0,0.0
100508,12,4,0,0,11.0,11.0,39.0,47.0,0,1,1,1,1,1,8,1,1,1,0,0,0,4,0,0,0,0.0
101612,14,3,0,0,7.0,6.0,34.0,34.0,0,1,1,1,1,1,8,1,1,1,0,0,0,4,0,0,0,0.0
100075,15,5,1,0,10.0,11.0,35.0,36.0,0,1,1,1,1,1,8,1,1,1,0,0,0,4,0,0,0,0.0
100036,15,3,1,0,,,,,,0,1,0,0,0,6,1,0,0,0,0,0,1,0,0,0,0.0
101424,14,5,0,0,,,41.0,45.0,0,0,1,0,0,1,7,1,1,0,1,1,1,4,0,0,0,0.0
100057,15,3,0,0,3.0,1.0,49.0,55.0,0,1,1,1,1,1,8,1,1,1,0,0,0,4,0,0,1,20.0
100196,17,7,1,0,2.0,,34.0,,,1,1,1,1,1,10,1,1,1,0,0,0,6,0,0,0,0.0
101336,15,3,0,0,3.0,,53.0,,,1,1,1,1,1,7,1,1,0,1,1,1,4,0,0,0,0.0
100816,12,7,1,0,5.0,7.0,38.0,38.0,1,1,1,1,1,1,6,1,0,0,0,0,0,2,0,0,0,0.0
100971,16,3,0,0,9.0,5.0,36.0,45.0,0,1,1,1,1,1,8,1,1,1,0,0,0,4,0,0,0,0.0
101116,14,3,0,0,6.0,5.0,39.0,41.0,0,0,1,0,0,1,7,1,1,0,1,1,1,4,0,0,0,0.0
100477,14,4,0,0,8.0,5.0,42.0,38.0,0,0,1,1,1,1,8,1,1,1,0,0,0,4,0,0,0,0.0
100086,16,3,0,1,8.0,10.0,34.0,42.0,0,1,1,1,1,1,8,1,1,1,0,0,0,4,0,0,0,0.0
101487,18,3,0,0,7.0,5.0,46.0,49.0,0,0,1,1,1,1,7,1,1,0,0,0,0,4,0,0,0,0.0
100561,11,7,1,0,5.0,11.0,35.0,35.0,0,1,1,1,1,1,6,1,0,0,0,0,0,2,0,0,0,0.0
100334,15,4,0,0,8.0,,49.0,,,0,1,0,0,1,8,1,1,1,0,0,0,4,0,0,1,20.0
101274,13,7,1,0,11.0,4.0,34.0,44.0,0,1,1,1,1,1,8,1,1,1,0,0,0,4,0,0,0,0.0
101114,14,3,0,0,,,42.0,40.0,0,0,0,0,0,1,7,1,1,0,1,1,1,4,0,0,0,0.0
101316,13,7,1,0,5.0,,55.0,,,0,1,1,1,1,7,1,1,0,0,0,0,3,0,,0,0.0
100708,16,8,1,0,5.0,5.0,55.0,47.0,0,1,1,1,1,1,8,1,1,1,0,0,0,4,0,0,0,0.0
101488,19,7,1,1,,,,,,0,1,1,0,0,9,1,1,1,0,0,0,4,0,0,1,40.0
101469,18,1,1,0,2.0,1.0,42.0,54.0,0,0,1,1,0,0,8,1,1,1,1,1,1,4,0,0,1,40.0
101402,16,7,1,1,11.0,11.0,46.0,45.0,1,1,1,1,1,1,10,1,1,1,0,0,0,6,0,0,0,0.0
100538,13,7,1,0,11.0,,39.0,,,0,1,0,1,1,4,0,0,0,0,0,0,2,0,0,0,0.0
101156,15,3,0,0,5.0,3.0,37.0,40.0,1,1,1,1,1,1,8,1,1,1,0,0,0,4,0,0,0,0.0
100882,17,3,0,0,3.0,7.0,38.0,45.0,0,0,1,1,0,1,8,1,1,1,0,0,0,4,0,0,1,28.0
101247,13,7,1,0,7.0,11.0,33.0,46.0,0,1,1,1,1,1,6,1,0,0,0,0,0,2,0,0,0,0.0
100732,20,7,1,1,2.0,,58.0,,,0,1,1,0,0,7,1,1,0,0,0,0,2,0,0,1,0.0
100418,14,4,0,0,5.0,,35.0,,,0,1,1,1,1,7,1,1,0,1,1,1,4,0,0,1,8.0
101087,15,3,0,0,11.0,7.0,45.0,44.0,0,0,1,1,1,1,7,1,1,0,0,0,0,3,0,0,0,0.0
101574,18,7,1,1,,,,,,0,1,0,0,1,8,1,1,1,1,1,1,6,0,0,0,0.0
101484,14,3,0,0,,,42.0,,0,1,1,1,1,1,8,1,1,1,0,0,0,4,0,0,0,0.0
100573,16,3,0,0,5.0,,37.0,,,0,1,1,0,1,7,1,1,0,0,0,0,3,0,0,1,40.0
100736,18,8,1,0,7.0,,38.0,,,0,1,1,0,0,11,0,0,0,0,0,0,3,0,0,0,0.0
101369,17,7,1,0,5.0,7.0,39.0,44.0,0,0,1,1,0,0,8,1,1,1,0,1,1,4,0,0,1,36.0
100332,14,3,0,0,5.0,6.0,35.0,35.0,0,0,0,0,0,1,7,1,1,0,1,1,1,4,0,0,0,0.0
100956,12,7,1,0,5.0,5.0,39.0,40.0,,1,1,1,1,1,6,1,0,0,0,0,0,2,0,0,0,0.0
100574,14,7,1,0,11.0,11.0,53.0,47.0,1,1,1,1,1,1,6,1,0,0,0,0,0,2,0,0,0,0.0
101384,16,3,1,0,,,39.0,,,0,1,1,1,1,9,1,1,1,0,0,0,4,0,0,0,0.0
101180,16,3,0,0,,,56.0,61.0,0,1,1,1,1,1,8,1,1,1,0,0,0,4,0,0,1,20.0
101556,16,8,1,0,,3.0,,50.0,0,0,0,0,0,1,8,1,1,1,0,0,0,4,0,0,0,0.0
101470,15,7,1,0,,,,,,0,0,1,1,1,6,1,0,0,1,1,1,3,0,0,0,0.0
101303,16,4,0,0,5.0,5.0,46.0,46.0,0,1,1,1,1,1,8,1,1,1,0,0,0,4,0,0,0,0.0
101054,14,4,0,0,8.0,,46.0,,,1,1,1,1,1,8,1,1,1,0,0,0,4,0,0,0,0.0
101263,12,7,1,0,7.0,5.0,38.0,36.0,0,1,1,1,1,1,6,1,0,0,0,0,0,2,0,0,0,0.0
100008,14,8,1,0,5.0,5.0,40.0,46.0,0,0,1,1,1,1,8,1,1,1,0,0,0,4,0,0,0,0.0
101492,13,3,0,0,5.0,11.0,40.0,39.0,0,1,1,1,1,1,8,1,1,1,0,0,0,4,0,0,0,0.0
101388,16,5,0,0,5.0,5.0,37.0,44.0,0,0,0,1,1,1,8,1,1,1,1,1,1,5,0,0,0,0.0
101611,14,3,0,0,3.0,2.0,52.0,59.0,0,1,1,1,1,1,8,1,1,1,0,0,0,4,0,0,0,0.0
100304,13,8,1,0,5.0,,32.0,39.0,0,0,0,0,0,1,5,0,0,0,1,1,1,2,0,0,0,0.0
101269,,3,0,0,,,,,,,,,,,5,,,,,,,,,,,
100872,17,6,1,1,5.0,2.0,48.0,52.0,0,0,1,1,1,1,9,1,1,1,0,0,0,6,0,0,0,0.0
100074,17,4,1,0,3.0,4.0,32.0,45.0,0,1,1,1,1,1,9,1,1,1,0,0,0,4,0,0,1,12.0
100985,14,3,0,0,4.0,3.0,39.0,54.0,0,0,1,0,0,1,8,1,1,1,0,0,0,4,0,0,0,0.0
100522,14,4,1,0,5.0,5.0,38.0,41.0,1,0,1,0,0,1,7,1,1,0,0,0,0,2,0,0,0,0.0
100335,14,3,0,0,5.0,11.0,40.0,40.0,0,0,1,1,1,1,7,1,1,0,0,0,0,3,0,0,1,0.0
100569,13,8,1,0,9.0,8.0,35.0,38.0,,0,1,0,0,1,6,1,0,0,0,0,0,2,0,0,0,0.0
100590,13,3,0,0,7.0,2.0,31.0,36.0,0,1,1,1,1,1,8,1,1,1,0,0,0,4,0,0,0,0.0
100088,18,7,1,1,,11.0,,46.0,1,0,1,1,,,9,0,0,0,0,0,0,4,0,0,0,0.0
100856,14,3,0,0,8.0,11.0,44.0,44.0,0,0,0,0,0,1,8,1,1,1,0,0,0,4,0,0,0,0.0
100217,16,1,1,0,11.0,,60.0,,,0,1,1,1,1,8,1,1,1,0,0,0,4,0,0,0,0.0
100712,15,3,0,0,11.0,5.0,42.0,52.0,0,1,0,1,1,1,8,1,1,1,1,1,1,5,0,0,0,0.0
101106,14,8,1,0,5.0,5.0,39.0,36.0,0,0,1,1,1,1,7,1,1,0,0,1,1,4,0,0,0,0.0
100173,15,3,0,0,5.0,,40.0,,,0,1,0,0,1,7,1,1,0,1,1,1,4,0,0,0,0.0
101485,17,4,0,0,7.0,,37.0,,,0,1,1,0,0,7,1,1,0,0,0,0,2,0,0,0,0.0
100221,16,3,0,0,1.0,0.0,52.0,57.0,0,1,1,1,1,1,8,1,1,1,0,0,0,4,0,0,0,0.0
100319,16,3,0,0,7.0,5.0,39.0,39.0,0,0,1,1,0,1,8,1,1,1,0,0,0,4,0,0,0,0.0
101406,14,3,0,0,11.0,11.0,48.0,41.0,,1,1,1,1,1,8,1,1,1,0,0,0,4,0,0,0,0.0
101446,14,3,0,0,9.0,,50.0,,,0,1,1,0,0,8,1,1,1,0,0,0,3,,,0,0.0
100920,17,6,0,0,10.0,6.0,39.0,39.0,0,0,1,1,0,0,6,1,0,0,0,0,0,2,0,0,0,0.0
100266,15,5,1,0,,6.0,,42.0,0,0,1,1,0,1,9,1,1,1,0,0,0,6,0,0,0,0.0
100006,11,8,1,0,7.0,,39.0,,,1,1,1,1,1,6,1,0,0,0,0,0,2,0,0,0,0.0
100817,14,3,0,0,0.0,0.0,56.0,56.0,0,0,1,1,1,1,8,1,1,1,0,0,0,4,0,0,0,0.0
101149,15,7,1,0,5.0,5.0,42.0,42.0,0,0,1,1,1,1,7,1,1,0,0,1,1,4,0,0,0,0.0
100738,12,8,1,0,8.0,8.0,49.0,42.0,0,0,1,1,1,1,6,1,0,0,0,0,0,2,0,0,0,0.0
100138,15,3,0,0,5.0,4.0,38.0,44.0,0,1,1,1,1,1,8,1,1,1,0,0,0,4,0,0,0,0.0
100163,15,12,1,0,8.0,5.0,36.0,33.0,0,0,0,0,0,1,7,1,1,0,0,1,3,3,0,0,0,0.0
101330,18,3,0,0,,5.0,41.0,50.0,0,0,1,1,0,1,9,1,1,1,0,0,0,5,0,0,0,0.0
100594,13,2,0,1,9.0,11.0,35.0,35.0,0,0,1,1,1,1,8,1,1,1,0,0,0,4,0,0,0,0.0
101523,16,3,0,0,5.0,6.0,56.0,51.0,0,0,1,0,0,0,5,0,0,0,0,0,0,1,0,0,1,40.0
101427,17,3,0,0,3.0,2.0,40.0,40.0,0,0,1,1,1,1,6,1,0,0,1,1,1,3,0,0,0,0.0
101171,14,5,0,0,2.0,,34.0,,,1,1,1,1,1,8,1,1,1,0,0,0,4,0,0,0,0.0
101608,16,4,0,0,,,38.0,,,0,1,0,0,1,5,0,0,0,0,0,0,2,0,0,1,40.0
101533,15,5,0,0,5.0,5.0,50.0,46.0,0,1,1,1,1,1,8,1,1,1,0,0,0,4,0,0,0,0.0
101489,11,7,1,0,8.0,8.0,37.0,34.0,0,0,1,0,1,1,5,0,0,0,0,0,0,1,0,0,0,0.0
100523,14,3,0,0,,,,,0,0,1,1,1,1,8,1,1,1,0,0,0,4,0,0,0,0.0
100981,14,3,0,0,3.0,5.0,38.0,48.0,0,0,1,1,0,0,8,1,1,1,0,0,0,3,0,0,0,0.0
101558,15,9,1,0,1.0,3.0,46.0,44.0,0,1,1,1,1,1,8,1,1,1,0,0,0,4,0,0,0,0.0
101097,16,3,0,0,5.0,,35.0,,,0,0,0,0,0,7,1,1,0,0,1,1,4,0,0,1,40.0
100578,15,8,1,0,5.0,6.0,35.0,39.0,0,1,1,1,1,1,8,1,1,1,0,0,0,4,0,0,0,0.0
100953,15,5,0,0,8.0,9.0,41.0,40.0,0,0,1,1,1,1,7,1,1,0,1,1,1,4,0,0,0,0.0
100019,13,8,1,0,3.0,,43.0,,,0,0,0,0,1,8,1,1,1,0,0,0,4,0,0,0,0.0
100797,15,3,0,0,2.0,,51.0,,,0,1,1,1,1,8,1,1,1,0,0,0,4,0,0,1,10.0
100633,14,3,0,1,,,,,,0,1,1,1,1,8,1,1,1,0,0,0,4,0,0,0,0.0
100876,16,3,0,0,5.0,5.0,40.0,41.0,0,0,1,1,0,0,8,1,1,1,0,0,0,3,0,0,0,0.0
100618,14,3,0,0,5.0,9.0,34.0,43.0,1,0,1,1,1,1,8,1,1,1,0,0,0,4,0,0,0,0.0
100893,14,7,1,0,11.0,5.0,33.0,39.0,0,0,1,0,0,1,7,1,1,0,1,1,1,4,0,0,1,4.0
100655,18,6,1,1,3.0,3.0,55.0,69.0,0,0,1,1,0,1,9,1,1,1,0,0,0,6,0,0,0,0.0
100936,15,3,0,0,,,38.0,,,0,1,1,0,0,8,1,1,1,0,0,0,3,0,0,0,0.0
100858,16,8,1,0,,,,,,1,1,1,1,1,8,1,1,1,0,0,0,4,0,0,0,0.0
100137,14,4,0,0,3.0,,45.0,,,1,1,1,1,1,8,1,1,1,0,0,0,4,0,0,0,0.0
100557,16,7,1,0,8.0,2.0,40.0,49.0,0,1,1,1,1,1,6,1,0,0,0,0,0,2,0,0,0,0.0
100697,14,3,0,0,7.0,5.0,33.0,45.0,0,1,1,1,1,1,8,1,1,1,0,0,0,4,0,0,1,0.0
101324,14,7,1,0,9.0,6.0,40.0,44.0,0,1,1,1,1,1,8,1,1,1,0,0,0,4,0,0,0,0.0
101519,16,3,0,0,,,,,,0,1,0,0,0,5,0,0,0,0,0,0,1,0,0,0,0.0
100992,14,8,1,0,9.0,,41.0,,,0,1,1,1,1,6,1,0,0,0,0,0,2,0,0,0,0.0
100448,14,3,0,0,11.0,8.0,35.0,42.0,1,1,1,1,1,1,8,1,1,1,0,0,0,4,0,0,0,0.0
100368,10,3,0,1,3.0,1.0,40.0,56.0,0,0,0,1,1,1,9,1,1,1,1,1,1,6,0,0,0,0.0
101518,14,3,0,0,5.0,5.0,44.0,72.0,0,0,0,0,0,1,8,1,1,1,0,0,0,4,0,0,0,0.0
101144,19,6,1,1,2.0,3.0,54.0,58.0,0,0,0,0,0,1,9,1,1,1,0,0,0,6,0,0,0,0.0
100327,16,4,0,0,,,50.0,,,1,1,1,1,1,8,1,1,1,0,0,0,4,0,0,0,0.0
100317,15,4,0,0,5.0,5.0,34.0,45.0,0,0,0,0,0,1,8,1,1,1,0,0,0,4,0,0,0,0.0
101228,15,4,1,0,7.0,7.0,37.0,37.0,0,0,1,1,1,1,9,1,1,1,0,0,0,4,0,0,0,0.0
101189,13,7,1,0,6.0,3.0,38.0,40.0,0,0,1,0,0,1,6,1,0,0,0,0,0,2,0,0,0,0.0
100528,16,8,1,0,5.0,2.0,48.0,58.0,0,0,1,1,1,1,8,1,1,1,0,0,0,4,0,0,0,0.0
100526,15,3,0,0,11.0,11.0,32.0,39.0,0,0,1,1,1,1,8,1,1,1,0,0,0,4,0,0,0,0.0
100087,13,7,1,0,,,,,,1,1,1,1,1,6,1,0,0,0,0,0,2,0,0,0,0.0
100479,13,3,0,0,7.0,5.0,48.0,49.0,0,0,1,1,1,1,8,1,1,1,0,0,0,4,0,0,0,0.0
100338,14,3,0,0,5.0,5.0,42.0,44.0,0,1,1,1,1,1,8,1,1,1,0,0,0,4,0,0,1,16.0
100869,13,3,0,0,3.0,2.0,36.0,46.0,0,1,1,1,1,1,8,1,1,1,0,0,0,4,0,0,0,0.0
100657,13,7,1,0,5.0,7.0,34.0,45.0,0,1,1,1,1,1,6,1,0,0,0,0,0,2,0,0,0,0.0
100148,15,3,0,0,4.0,3.0,48.0,68.0,0,0,1,1,0,0,7,1,1,0,0,0,0,2,0,0,0,0.0
101306,15,6,0,0,6.0,,38.0,,,0,0,0,0,1,5,0,0,0,1,1,1,3,0,0,1,9.0
101490,17,6,1,1,5.0,,50.0,57.0,,0,0,0,0,1,9,1,1,1,0,0,0,6,0,0,0,0.0
100028,16,3,0,0,7.0,5.0,46.0,48.0,0,0,1,1,1,1,7,1,1,0,0,0,0,3,0,0,1,8.0
100246,17,7,1,1,,,,,,0,0,0,0,0,9,1,1,1,0,0,0,4,1,1,0,0.0
100365,14,3,1,0,7.0,4.0,33.0,40.0,0,0,1,1,1,1,9,1,1,1,0,0,0,4,0,0,0,0.0
100943,17,6,1,1,,,,,,0,1,1,1,1,9,1,1,1,0,0,0,6,0,0,0,0.0
101304,11,7,1,0,8.0,4.0,32.0,32.0,0,1,1,1,1,1,6,1,0,0,0,0,0,2,0,0,0,0.0
101319,15,3,0,0,5.0,5.0,53.0,54.0,0,0,1,0,0,1,8,1,1,1,1,1,1,4,0,0,0,0.0
100198,14,3,0,0,9.0,8.0,40.0,49.0,0,1,1,1,1,1,8,1,1,1,0,0,0,4,0,0,0,0.0
100948,14,6,0,0,6.0,3.0,35.0,49.0,1,0,1,0,0,0,5,0,0,0,0,0,0,1,0,0,0,0.0
101138,16,4,0,0,5.0,,34.0,,,0,1,1,0,1,8,1,1,1,0,0,0,4,0,0,1,8.0
100744,14,7,1,0,3.0,2.0,45.0,48.0,0,1,1,1,1,1,8,1,1,1,0,0,0,4,0,0,0,0.0
100192,16,7,1,0,5.0,10.0,35.0,40.0,0,0,1,1,1,1,8,1,1,1,0,0,0,4,0,0,1,9.0
100404,17,4,0,0,3.0,1.0,52.0,61.0,0,1,1,1,1,1,8,1,1,1,0,0,0,4,0,0,0,0.0
100915,14,7,1,0,8.0,7.0,50.0,50.0,0,1,1,1,1,1,6,1,0,0,0,0,0,2,0,0,0,0.0
100483,17,8,1,0,5.0,0.0,44.0,56.0,0,0,1,1,0,0,8,1,1,1,0,0,0,3,0,1,0,0.0
100158,16,3,0,0,11.0,11.0,40.0,38.0,,0,1,1,1,1,8,1,1,1,0,0,0,4,0,0,0,0.0
100315,15,7,1,0,5.0,,42.0,,,0,1,1,0,0,8,1,1,1,0,0,0,4,0,0,1,40.0
100256,15,3,0,0,,,46.0,56.0,0,0,0,0,1,1,7,1,1,0,0,0,0,4,0,0,0,0.0
100007,14,3,0,0,,8.0,26.0,37.0,0,0,1,1,1,1,7,1,1,0,0,0,0,4,0,0,0,0.0
101281,17,6,1,1,4.0,5.0,39.0,51.0,0,1,1,1,1,1,9,1,1,1,0,0,0,6,0,0,0,0.0
100791,14,8,1,0,9.0,9.0,38.0,39.0,0,0,1,1,1,1,8,1,1,1,0,0,0,4,0,0,0,0.0
100851,15,4,0,0,6.0,5.0,38.0,39.0,0,0,1,1,0,0,8,1,1,1,0,0,0,3,0,0,1,3.0
100384,14,4,0,0,,,51.0,57.0,0,0,1,1,0,1,7,1,1,0,1,1,1,4,0,0,0,0.0
100945,16,7,1,0,5.0,5.0,46.0,54.0,0,0,1,0,0,1,6,1,0,0,1,1,1,3,0,0,0,0.0
100177,18,7,1,1,5.0,,53.0,,,0,0,0,1,1,10,1,1,1,0,0,0,6,0,0,0,0.0
101436,14,4,0,0,7.0,5.0,40.0,47.0,1,1,1,1,1,1,8,1,1,1,0,0,0,4,0,0,0,0.0
100314,16,6,0,0,5.0,3.0,39.0,41.0,0,0,1,1,1,1,8,1,1,1,0,0,0,4,0,0,0,0.0
100357,14,4,0,0,8.0,5.0,40.0,54.0,0,1,1,1,1,1,8,1,1,1,0,0,0,4,0,0,0,0.0
100298,15,7,1,1,,,38.0,39.0,0,0,0,0,0,1,8,1,1,1,0,0,0,5,0,0,0,0.0
100455,17,3,0,0,3.0,2.0,39.0,50.0,0,1,1,1,1,1,8,1,1,1,0,0,0,4,0,0,0,0.0
100543,16,7,1,0,,,,,,0,1,0,0,1,7,1,1,0,0,1,1,4,0,0,0,0.0
100662,14,3,0,0,5.0,5.0,42.0,40.0,0,1,1,1,1,1,8,1,1,1,0,0,0,4,0,0,1,8.0
100596,17,6,1,1,,,,44.0,0,0,1,1,1,1,9,1,1,1,0,0,0,6,0,0,0,0.0
101512,14,6,0,0,7.0,8.0,49.0,43.0,0,0,1,1,1,1,8,1,1,1,0,0,0,4,0,0,0,0.0
101128,15,6,0,0,8.0,5.0,45.0,53.0,0,0,1,1,0,1,8,1,1,1,0,0,0,4,0,0,0,0.0
100685,14,4,0,0,3.0,5.0,43.0,41.0,0,1,1,1,1,1,8,1,1,1,0,0,0,4,0,0,0,0.0
100527,14,4,0,0,5.0,5.0,37.0,40.0,0,0,1,1,0,0,7,1,1,0,0,0,0,3,0,0,0,0.0
101351,13,7,1,0,3.0,3.0,43.0,48.0,,0,1,1,1,1,6,1,0,0,0,0,0,2,0,0,0,0.0
100159,13,7,1,0,8.0,,36.0,,,0,0,0,0,1,5,0,0,0,0,0,0,1,0,0,0,0.0
100799,17,6,1,1,5.0,5.0,35.0,43.0,0,0,1,1,0,0,8,1,1,1,0,0,0,3,1,1,0,0.0
100002,16,4,0,0,5.0,5.0,37.0,48.0,1,0,1,1,1,1,8,1,1,1,1,1,1,4,0,0,0,0.0
100360,13,7,1,0,5.0,5.0,43.0,43.0,0,0,1,1,1,1,6,1,0,0,0,0,0,2,0,0,0,0.0
101423,15,2,0,1,4.0,2.0,50.0,52.0,0,0,1,1,0,0,7,1,1,0,0,0,0,2,0,0,1,8.0
100202,15,7,1,0,11.0,,29.0,50.0,,1,1,1,1,1,8,1,1,1,0,0,0,4,0,0,0,0.0
101232,14,3,0,0,5.0,9.0,40.0,43.0,0,0,1,1,1,1,8,1,1,1,0,0,0,4,0,0,0,0.0
101410,13,7,1,0,5.0,11.0,36.0,43.0,0,1,1,1,1,1,6,1,0,0,0,0,0,2,0,0,0,0.0
101295,15,11,1,0,5.0,4.0,40.0,45.0,0,0,1,0,0,1,6,1,0,0,0,0,0,2,0,0,0,0.0
100112,14,6,0,0,6.0,11.0,36.0,38.0,1,0,1,1,1,1,8,1,1,1,0,0,0,4,0,0,0,0.0
101451,15,8,1,0,5.0,4.0,35.0,34.0,0,0,1,0,0,0,6,1,0,0,1,1,1,3,0,0,1,32.0
101508,13,7,1,0,11.0,,31.0,,,1,1,1,1,1,6,1,0,0,0,0,0,2,0,0,0,0.0
100307,15,7,1,0,5.0,5.0,40.0,45.0,0,0,1,0,0,1,5,0,0,0,1,1,1,2,0,0,0,0.0
100972,15,3,0,0,4.0,1.0,40.0,66.0,1,0,1,0,1,1,6,1,0,0,1,1,1,4,0,0,0,0.0
100422,14,3,0,0,5.0,5.0,49.0,53.0,0,1,1,1,1,1,8,1,1,1,0,0,0,4,0,0,0,0.0
101286,18,7,1,1,11.0,5.0,39.0,42.0,0,1,1,1,1,1,9,1,1,1,0,0,0,6,0,0,0,0.0
101192,19,8,1,0,5.0,,34.0,,,0,1,1,0,1,8,1,1,1,0,0,0,3,0,0,1,20.0
101277,14,3,0,0,5.0,5.0,32.0,36.0,0,1,1,1,1,1,8,1,1,1,0,0,0,4,0,0,1,0.0
101458,12,3,1,0,1.0,6.0,35.0,35.0,0,0,1,1,1,1,7,1,1,0,0,0,0,2,0,0,0,0.0
101058,18,4,1,0,5.0,5.0,37.0,41.0,0,0,0,0,1,1,10,1,1,1,1,1,2,6,0,0,0,0.0
100459,19,6,1,0,9.0,,45.0,,,0,1,0,0,0,5,0,0,0,0,0,0,1,0,0,1,30.0
100589,15,3,0,1,9.0,8.0,37.0,36.0,0,1,1,1,1,1,8,1,1,1,0,0,0,4,0,0,0,0.0
101395,15,4,0,0,11.0,11.0,48.0,64.0,0,1,1,1,1,1,8,1,1,1,0,0,0,4,0,0,0,0.0
100762,14,4,0,0,5.0,5.0,49.0,58.0,,0,1,0,1,1,7,1,1,0,0,0,0,3,0,0,0,0.0
100815,14,4,0,0,9.0,5.0,37.0,42.0,,1,1,1,1,1,8,1,1,1,0,0,0,4,0,0,0,0.0
101073,14,3,0,0,5.0,8.0,37.0,37.0,0,1,1,1,1,1,8,1,1,1,0,0,0,4,0,0,0,0.0
101042,16,4,0,0,5.0,3.0,33.0,35.0,0,0,1,1,0,1,8,1,1,1,0,0,0,4,0,0,0,0.0
100449,15,8,1,0,3.0,11.0,49.0,64.0,0,0,1,1,,1,7,1,1,0,0,0,0,4,1,1,0,0.0
101261,17,6,1,1,,,,,,1,0,0,0,1,9,1,1,1,0,0,0,6,0,0,1,0.0
100679,13,6,0,0,6.0,,51.0,,,1,1,1,1,1,8,1,1,1,0,0,0,4,0,0,0,0.0
100692,18,6,0,0,2.0,2.0,58.0,54.0,0,0,1,1,0,1,8,1,1,1,0,0,0,4,0,0,0,0.0
101078,14,8,1,0,5.0,8.0,40.0,38.0,0,0,1,1,1,1,8,1,1,1,0,0,0,4,0,0,0,0.0
100080,19,6,1,1,4.0,2.0,48.0,42.0,0,0,1,1,1,1,8,1,1,1,0,0,0,5,0,0,0,0.0
101411,12,8,1,0,11.0,,49.0,,,0,1,1,1,1,6,1,0,0,0,0,0,2,0,0,1,25.0
101333,13,7,1,0,11.0,11.0,40.0,38.0,0,1,1,1,1,1,6,1,0,0,0,0,0,2,0,0,0,0.0
101084,15,5,0,0,6.0,3.0,47.0,67.0,,0,1,1,1,1,8,1,1,1,0,0,0,4,0,0,0,0.0
101231,14,8,1,0,5.0,6.0,36.0,36.0,0,0,1,1,0,1,8,1,1,1,0,0,0,4,0,0,0,0.0
100899,14,6,1,1,,11.0,,40.0,0,0,1,1,0,1,9,1,1,1,0,0,0,5,0,0,0,0.0
100215,15,3,0,0,3.0,1.0,40.0,56.0,0,0,1,0,0,1,6,1,0,0,1,1,1,3,0,0,0,0.0
101064,15,3,0,0,,,32.0,42.0,0,0,0,0,0,1,5,0,0,0,2,1,2,4,0,0,0,0.0
100030,15,7,1,0,2.0,5.0,59.0,60.0,0,0,1,1,1,1,7,1,1,0,1,1,1,4,0,0,0,0.0
100242,16,3,0,0,0.0,5.0,56.0,60.0,0,0,1,1,0,0,8,1,1,1,0,0,0,3,0,0,1,0.0
101194,18,6,1,1,3.0,,37.0,,,0,1,1,0,0,8,1,1,1,0,0,0,3,0,0,1,30.0
101082,16,6,0,0,1.0,0.0,47.0,43.0,0,0,1,0,0,0,5,0,0,0,0,0,0,1,0,0,1,25.0
100641,13,3,0,0,5.0,5.0,32.0,42.0,0,1,1,1,1,1,8,1,1,1,0,0,0,4,0,0,0,0.0
100696,15,9,1,1,5.0,,35.0,,,0,1,1,0,1,7,1,1,0,0,1,1,4,0,0,1,36.0
100209,12,7,1,0,7.0,1.0,50.0,58.0,0,1,1,1,1,1,6,1,0,0,0,0,0,2,0,0,0,0.0
100960,13,4,0,0,7.0,6.0,39.0,39.0,1,1,1,1,1,1,8,1,1,1,0,0,0,4,0,0,0,0.0
100770,16,3,0,0,5.0,5.0,53.0,65.0,0,1,1,1,1,1,8,1,1,1,0,0,0,4,0,0,1,10.0
100752,13,8,1,0,5.0,7.0,45.0,43.0,0,0,1,1,0,0,8,1,1,1,0,0,0,3,0,0,1,30.0
101405,15,3,0,0,5.0,6.0,53.0,42.0,1,0,1,1,1,1,8,1,1,1,0,0,0,4,0,0,0,0.0
100435,18,7,1,0,,,,,,0,1,1,1,1,8,1,1,1,0,0,0,4,0,0,0,0.0
101414,15,4,0,0,5.0,5.0,44.0,45.0,0,1,1,1,1,1,8,1,1,1,0,0,0,4,0,0,0,0.0
101510,20,7,1,1,,,,,,0,0,0,0,0,6,1,0,0,0,0,0,1,0,0,0,0.0
101177,17,3,0,0,2.0,5.0,46.0,47.0,0,0,1,1,0,0,7,1,1,0,0,0,0,2,1,1,0,0.0
101471,16,3,0,0,,,60.0,,,0,0,0,0,1,6,1,0,0,1,1,1,3,0,0,1,20.0
100688,15,5,0,0,5.0,,42.0,,,0,1,0,0,1,8,1,1,1,0,0,0,4,0,0,1,8.0
100551,14,3,0,0,3.0,2.0,36.0,46.0,0,1,1,1,1,1,8,1,1,1,0,0,0,4,0,0,0,0.0
100544,15,7,1,0,3.0,2.0,34.0,39.0,1,0,1,1,1,1,9,1,1,1,0,0,0,5,0,0,0,0.0
101125,18,3,0,0,5.0,3.0,36.0,50.0,0,0,1,1,1,1,8,1,1,1,0,0,0,4,0,0,0,0.0
100832,13,5,0,1,5.0,,54.0,44.0,,1,1,1,1,1,8,1,1,1,0,0,0,4,0,0,0,0.0
101132,17,3,0,0,3.0,,35.0,,,0,1,0,0,0,6,1,0,0,0,0,0,1,0,1,0,0.0
100995,14,7,1,0,0.0,,33.0,,,0,0,1,1,1,6,1,0,0,2,1,2,4,0,0,1,40.0
100714,16,3,0,0,6.0,,,,0,0,1,1,1,1,8,1,1,1,0,0,0,4,0,0,0,0.0
100403,17,5,1,0,8.0,11.0,42.0,40.0,0,0,0,0,0,0,7,1,1,0,0,0,0,2,0,0,0,0.0
101593,15,8,1,0,3.0,3.0,45.0,50.0,0,0,1,0,0,0,6,1,0,0,1,1,1,3,0,0,1,8.0
100362,14,6,0,0,5.0,11.0,36.0,43.0,0,1,1,1,1,1,8,1,1,1,0,0,0,4,0,0,0,0.0
100271,14,4,0,0,8.0,,37.0,,,1,1,1,1,1,8,1,1,1,0,0,0,4,0,0,0,0.0
100466,18,6,0,0,2.0,,,,0,0,1,1,1,1,8,0,0,0,0,0,0,4,0,0,0,0.0
101441,15,4,0,0,6.0,6.0,42.0,45.0,0,0,1,0,0,1,5,0,0,0,1,1,1,3,0,0,1,40.0
101264,12,7,1,0,9.0,,30.0,37.0,0,1,1,1,1,1,6,1,0,0,0,0,0,2,0,0,0,0.0
101400,14,4,0,0,8.0,,53.0,48.0,1,0,1,1,1,1,8,1,1,1,0,0,0,4,0,0,0,0.0
100277,16,7,1,0,8.0,3.0,36.0,63.0,0,0,1,1,1,1,6,1,0,0,0,0,0,2,0,0,0,0.0
101537,15,3,0,0,4.0,3.0,43.0,48.0,0,1,1,1,1,1,8,1,1,1,1,1,1,5,0,0,0,0.0
101529,12,7,1,0,9.0,9.0,29.0,34.0,0,0,1,1,1,1,6,1,0,0,0,0,0,2,0,0,0,0.0
101210,14,3,0,0,4.0,3.0,36.0,37.0,0,0,0,0,0,1,8,1,1,1,0,0,0,4,0,0,0,0.0
100441,15,3,0,0,8.0,,35.0,,,0,1,1,1,1,7,1,1,0,1,1,1,4,0,0,0,0.0
100722,14,4,0,0,,5.0,48.0,39.0,0,1,1,1,1,1,8,1,1,1,0,0,0,4,0,0,0,0.0
100786,14,3,0,0,11.0,,42.0,,,0,1,1,1,1,8,1,1,1,0,0,0,4,0,0,0,0.0
101240,16,5,0,0,3.0,,46.0,,,0,1,1,,1,7,1,1,0,0,0,0,3,0,0,1,24.0
100442,15,3,0,0,5.0,9.0,35.0,38.0,0,1,1,1,1,1,8,1,1,1,0,0,0,4,0,0,0,0.0
100299,16,2,0,0,2.0,6.0,39.0,38.0,0,1,1,1,0,1,8,1,1,1,0,0,0,4,0,0,0,0.0
101056,17,3,0,1,5.0,11.0,45.0,49.0,1,0,1,1,1,1,8,1,1,1,1,1,1,4,0,0,0,0.0
100375,15,3,0,0,,,,,,0,1,1,1,1,8,1,1,1,0,0,0,4,0,0,0,0.0
101104,13,9,1,0,6.0,1.0,38.0,39.0,0,1,1,1,1,1,6,1,0,0,0,0,0,2,0,0,0,0.0
101495,13,3,0,0,7.0,5.0,40.0,40.0,,1,1,1,1,1,8,1,1,1,0,0,0,4,0,0,0,0.0
100016,16,8,1,1,4.0,4.0,38.0,42.0,0,0,0,0,0,1,10,1,1,1,0,0,0,6,0,0,0,0.0
100906,16,3,0,0,5.0,6.0,42.0,48.0,0,1,1,1,1,1,8,1,1,1,1,1,1,5,0,0,0,0.0
101183,19,6,1,1,5.0,,37.0,,,0,0,0,0,1,9,1,1,1,0,0,0,6,0,0,0,0.0
101085,14,4,0,0,5.0,5.0,46.0,52.0,0,0,1,0,0,1,8,1,1,1,0,0,0,4,0,0,0,0.0
100472,13,3,0,0,5.0,5.0,34.0,36.0,1,0,1,1,0,1,8,1,1,1,0,0,0,4,0,0,0,0.0
101016,16,3,0,0,7.0,,44.0,,,0,1,0,0,0,5,0,0,0,0,0,0,1,0,0,0,0.0
100563,,7,1,0,,,,,,,,,,,5,,,,,,,,,,,
100871,15,8,1,0,9.0,,35.0,,,0,1,1,1,1,8,1,1,1,0,0,0,4,0,0,0,0.0
101463,14,4,0,0,4.0,11.0,39.0,50.0,1,1,1,1,1,1,8,1,1,1,0,0,0,4,0,0,0,0.0
100750,14,2,0,0,5.0,3.0,42.0,38.0,0,0,1,0,0,1,7,1,1,0,1,1,1,4,0,0,0,0.0
100388,13,2,0,0,7.0,11.0,35.0,45.0,0,1,1,1,1,1,8,1,1,1,0,0,0,4,0,0,0,0.0
100022,13,7,1,0,5.0,5.0,36.0,36.0,,0,0,0,0,1,6,1,0,0,0,0,0,2,0,0,1,20.0
100898,14,3,0,0,1.0,,60.0,68.0,,1,1,1,1,1,8,1,1,1,0,0,0,4,0,0,0,0.0
100951,11,8,1,0,,,,,,0,,,0,1,6,1,0,0,,0,0,1,,,0,0.0
101340,14,4,0,0,11.0,11.0,39.0,39.0,0,1,1,1,0,1,8,1,1,1,0,0,0,4,0,0,0,0.0
100124,19,12,1,0,6.0,7.0,50.0,70.0,0,0,0,0,0,0,6,1,0,0,0,0,0,1,0,0,0,0.0
100423,15,6,0,0,11.0,9.0,42.0,39.0,0,0,1,1,0,1,7,1,1,0,0,0,0,3,0,0,0,0.0
100986,15,7,1,0,10.0,11.0,49.0,51.0,0,1,1,1,1,1,6,1,0,0,0,0,0,2,0,0,0,0.0
100773,17,7,1,1,,,,,,0,0,1,1,1,9,1,1,1,1,1,1,6,0,0,0,0.0
100880,17,3,0,0,5.0,5.0,45.0,50.0,0,0,1,1,1,1,8,1,1,1,0,0,0,4,0,0,0,0.0
101449,15,8,1,0,5.0,7.0,55.0,58.0,0,0,1,1,1,1,8,1,1,1,0,0,0,4,0,0,0,0.0
100470,14,6,0,0,2.0,5.0,35.0,42.0,0,0,1,1,0,1,8,1,1,1,0,0,0,4,0,0,0,0.0
100721,17,8,1,0,8.0,5.0,36.0,34.0,0,0,1,1,1,1,8,1,1,1,0,0,0,4,0,0,0,0.0
101109,18,2,0,1,3.0,6.0,40.0,42.0,0,1,1,1,1,1,8,1,1,1,0,0,0,4,0,0,0,0.0
101614,16,3,0,0,8.0,2.0,39.0,43.0,0,0,0,0,1,1,7,1,1,0,0,0,0,4,0,0,0,0.0
100142,16,8,1,0,9.0,5.0,39.0,44.0,0,1,1,1,1,1,8,1,1,1,0,0,0,4,0,0,0,0.0
100050,14,3,0,0,5.0,7.0,37.0,52.0,0,0,1,0,0,0,7,1,1,0,1,1,1,3,0,1,0,0.0
100863,13,7,1,0,6.0,,29.0,,,0,1,0,0,1,5,0,0,0,1,1,1,2,0,0,0,0.0
101504,12,8,1,0,9.0,9.0,42.0,40.0,0,1,1,1,1,1,6,1,0,0,0,0,0,2,0,0,0,0.0
101126,14,4,0,0,5.0,7.0,46.0,54.0,0,1,1,1,1,1,8,1,1,1,0,0,0,4,0,0,0,0.0
100623,15,3,0,0,6.0,5.0,33.0,40.0,0,0,1,1,0,0,7,1,1,0,0,0,0,3,0,0,0,0.0
101170,15,8,1,0,11.0,11.0,39.0,39.0,0,0,1,0,0,1,6,1,0,0,0,0,0,2,0,0,0,0.0
100081,12,7,1,0,9.0,7.0,45.0,56.0,0,1,1,1,1,1,6,1,0,0,0,0,0,2,0,0,0,0.0
100703,15,4,0,0,3.0,7.0,42.0,,0,1,1,1,1,1,8,1,1,1,0,0,0,4,0,0,0,0.0
100482,16,7,1,0,3.0,2.0,34.0,38.0,0,1,1,1,1,1,6,1,0,0,0,0,0,2,0,0,0,0.0
100321,15,3,0,0,2.0,,40.0,,,1,1,1,1,1,8,1,1,1,0,0,0,4,0,0,0,0.0
101347,17,4,0,0,5.0,4.0,48.0,54.0,1,0,1,1,1,1,8,1,1,1,0,0,0,4,0,0,0,0.0
100505,18,6,0,0,,,65.0,,,0,1,0,0,0,5,0,0,0,0,0,0,1,0,0,1,40.0
101532,12,7,1,0,7.0,6.0,46.0,45.0,0,0,1,1,1,1,6,1,0,0,0,0,0,2,0,0,0,0.0
100841,16,6,1,0,0.0,5.0,32.0,34.0,,0,1,0,1,1,7,1,1,0,0,1,1,5,0,0,0,0.0
100066,16,5,1,0,11.0,11.0,38.0,43.0,0,0,0,0,0,1,9,1,1,1,0,0,0,4,0,0,0,0.0
101380,14,6,0,0,6.0,5.0,48.0,50.0,0,1,1,1,0,1,7,1,1,0,0,1,1,4,0,0,0,0.0
100733,16,8,1,0,5.0,,36.0,,,0,1,0,0,1,6,1,0,0,0,0,0,3,0,0,0,0.0
101430,16,3,0,0,5.0,5.0,34.0,37.0,0,1,1,1,1,1,8,1,1,1,0,0,0,4,0,0,0,0.0
100801,19,6,1,1,2.0,3.0,50.0,56.0,0,0,0,0,0,1,9,1,1,1,0,0,0,6,0,0,0,0.0
100983,16,6,1,0,9.0,8.0,38.0,42.0,0,0,1,1,0,1,9,1,1,1,0,0,0,6,0,0,0,0.0
100907,13,3,0,0,5.0,9.0,40.0,44.0,0,0,1,1,1,1,8,1,1,1,0,0,0,4,0,0,0,0.0
100031,15,4,0,0,,,40.0,39.0,0,0,1,1,0,1,7,1,1,0,0,1,1,4,0,0,0,0.0
100795,13,3,0,0,2.0,2.0,35.0,36.0,0,1,1,1,1,1,8,1,1,1,0,0,0,4,0,0,0,0.0
100417,16,5,1,0,5.0,3.0,42.0,37.0,0,0,1,1,0,1,9,1,1,1,0,0,0,6,0,0,0,0.0
100881,15,5,1,0,6.0,3.0,41.0,47.0,1,1,1,1,1,1,9,1,1,1,0,0,0,6,0,0,0,0.0
100632,15,4,0,0,2.0,5.0,40.0,57.0,0,0,1,1,1,1,8,1,1,1,0,0,0,4,0,0,0,0.0
101253,16,6,1,1,5.0,5.0,37.0,42.0,0,0,0,0,0,1,8,1,1,1,0,1,1,6,0,0,0,0.0
101157,17,6,1,1,,,48.0,57.0,0,0,0,0,0,1,8,1,1,1,0,1,1,6,0,0,0,0.0
100064,14,2,0,0,9.0,5.0,38.0,41.0,0,0,1,0,0,1,8,1,1,1,0,0,0,4,0,0,0,0.0
100139,16,6,0,0,5.0,7.0,33.0,42.0,0,1,1,1,1,1,8,1,1,1,0,0,0,4,0,0,0,0.0
101299,13,3,0,0,,,47.0,48.0,,0,1,1,0,1,8,1,1,1,0,1,1,4,0,0,0,0.0
101293,15,6,1,0,7.0,,34.0,,,1,1,1,1,1,9,1,1,1,0,0,0,6,0,0,0,0.0
100077,14,8,1,0,5.0,8.0,35.0,41.0,,0,1,1,1,1,8,1,1,1,0,0,0,4,0,0,0,0.0
100491,13,7,1,0,6.0,5.0,31.0,35.0,0,1,1,1,1,1,6,1,0,0,0,0,0,2,0,0,0,0.0
101137,14,8,1,0,11.0,,40.0,46.0,,0,0,0,0,1,7,1,1,0,0,1,1,4,0,0,0,0.0
101224,11,7,1,0,7.0,9.0,31.0,34.0,0,0,0,0,0,1,6,1,0,0,0,0,0,2,0,0,0,0.0
100532,16,7,1,1,5.0,,62.0,,,0,1,0,0,1,8,1,1,1,1,1,1,6,0,0,0,0.0
100065,15,8,1,0,9.0,3.0,40.0,42.0,,1,1,1,1,1,8,1,1,1,0,0,0,4,0,0,0,0.0
101361,15,6,1,1,10.0,6.0,40.0,44.0,0,1,1,1,1,1,9,1,1,1,0,0,0,6,0,0,0,0.0
101037,14,3,0,0,6.0,,38.0,,,0,1,0,0,0,7,1,1,0,0,0,0,2,0,0,1,40.0
101475,16,5,0,0,5.0,5.0,36.0,35.0,0,0,0,0,0,1,7,1,1,0,0,0,0,4,0,0,0,0.0
100296,13,3,0,0,5.0,5.0,32.0,34.0,0,0,1,1,0,1,8,1,1,1,0,0,0,4,0,0,0,0.0
100591,14,4,0,0,5.0,5.0,32.0,45.0,0,0,0,0,0,0,5,0,0,0,3,1,3,4,0,0,1,40.0
100419,15,3,0,0,6.0,,40.0,,,0,1,1,1,,10,1,1,1,0,0,0,5,0,0,0,0.0
100767,15,4,0,0,11.0,5.0,34.0,40.0,,0,1,1,1,1,8,1,1,1,0,0,0,4,0,0,0,4.0
100892,11,8,1,0,8.0,11.0,36.0,37.0,0,1,1,1,1,1,6,1,0,0,0,0,0,2,0,0,0,0.0
100438,14,4,0,0,3.0,11.0,50.0,54.0,0,1,1,1,1,1,8,1,1,1,0,0,0,4,0,0,0,0.0
100261,14,3,0,0,7.0,8.0,38.0,40.0,0,0,1,1,1,1,8,1,1,1,0,0,0,4,0,0,0,0.0
101075,13,2,0,1,11.0,11.0,33.0,37.0,1,0,1,1,1,1,7,1,1,0,1,1,1,4,0,0,0,0.0
100954,11,7,1,0,7.0,9.0,39.0,40.0,0,1,1,1,1,1,6,1,0,0,0,0,0,2,0,0,0,0.0
100724,14,4,0,0,11.0,11.0,41.0,41.0,0,1,1,1,1,1,8,1,1,1,0,0,0,4,0,0,0,0.0
101493,14,5,0,0,8.0,9.0,39.0,43.0,0,0,1,1,1,1,8,1,1,1,0,0,0,4,0,0,0,0.0
100281,15,8,1,0,,,,32.0,,0,1,0,0,1,7,1,1,0,0,1,1,4,0,0,0,0.0
100626,14,10,1,0,2.0,,30.0,,,1,1,1,1,1,6,1,0,0,0,0,0,3,0,0,0,0.0
101282,13,5,1,0,9.0,7.0,39.0,39.0,0,0,1,1,1,1,7,1,1,0,0,0,0,2,0,0,0,0.0
101268,16,3,0,0,5.0,5.0,50.0,75.0,0,0,1,1,0,1,7,1,1,0,0,0,0,3,0,0,1,20.0
101561,14,8,1,0,6.0,6.0,41.0,42.0,0,0,1,1,1,1,8,1,1,1,0,0,0,4,0,0,0,0.0
100188,14,7,1,0,4.0,2.0,38.0,47.0,0,0,0,0,0,1,6,1,0,0,0,0,0,2,0,0,0,0.0
101297,17,4,0,0,,,50.0,50.0,0,0,1,1,1,1,7,1,1,0,0,0,0,4,0,0,0,0.0
100251,13,3,0,0,3.0,3.0,48.0,49.0,1,1,1,1,1,1,8,1,1,1,0,0,0,4,0,0,0,0.0
100583,14,4,0,0,4.0,5.0,45.0,45.0,,1,1,1,1,1,8,1,1,1,0,0,0,4,0,0,0,0.0
101117,13,3,0,0,5.0,5.0,30.0,33.0,1,0,1,0,0,1,8,1,1,1,0,0,0,4,0,0,0,0.0
101460,13,7,1,0,,,,,,0,1,1,1,1,6,1,0,0,0,0,0,2,0,0,0,0.0
101525,14,3,0,0,4.0,5.0,36.0,37.0,0,1,1,1,1,1,7,1,1,0,1,1,1,4,0,0,0,0.0
100982,18,6,1,1,2.0,,45.0,,,0,0,0,0,0,7,1,1,0,0,0,0,1,0,0,1,28.0
101420,14,10,1,0,0.0,0.0,49.0,47.0,,0,0,0,0,1,6,1,0,0,0,0,0,3,0,0,0,0.0
100706,17,1,0,0,9.0,3.0,40.0,42.0,0,0,1,1,0,1,10,1,1,1,0,0,0,6,0,0,1,40.0
100487,16,4,0,0,5.0,,43.0,,,0,,,0,0,5,0,0,0,,0,0,0,0,0,1,40.0
100273,15,9,1,0,2.0,5.0,32.0,33.0,0,1,1,1,1,1,8,1,1,1,0,0,0,4,0,0,0,0.0
101609,14,3,0,0,,,40.0,,,0,1,0,0,0,6,1,0,0,0,0,0,1,0,0,0,0.0
101343,17,6,1,1,3.0,,74.0,,,0,0,0,0,1,9,1,1,1,0,0,0,6,0,0,0,0.0
100963,15,4,0,0,10.0,6.0,37.0,45.0,0,0,1,1,1,1,8,1,1,1,0,0,0,4,0,0,0,0.0
100877,15,9,1,1,6.0,,38.0,,,0,1,1,1,1,8,1,1,1,0,0,0,4,0,0,0,0.0
101131,17,4,1,0,6.0,5.0,47.0,50.0,0,0,1,1,0,1,9,1,1,1,0,0,0,4,0,0,0,0.0
101455,18,5,0,0,5.0,7.0,47.0,60.0,0,0,1,1,0,0,6,1,0,0,0,0,0,2,0,0,0,0.0
100411,18,7,1,1,5.0,5.0,48.0,49.0,0,0,1,1,0,0,11,0,0,0,0,0,0,5,0,0,1,40.0
100667,14,8,1,0,5.0,5.0,46.0,39.0,0,0,1,1,1,1,8,1,1,1,0,0,0,4,0,0,0,0.0
100149,18,5,1,1,2.0,3.0,47.0,50.0,0,1,1,1,1,1,9,1,1,1,0,0,0,6,0,0,0,0.0
100644,16,4,0,0,5.0,3.0,41.0,52.0,,1,1,0,0,1,6,1,0,0,1,1,1,3,0,0,0,0.0
101291,15,8,1,0,4.0,11.0,45.0,50.0,0,0,1,0,0,0,6,1,0,0,1,1,1,2,0,0,1,40.0
100218,16,3,0,0,,,51.0,53.0,,0,1,1,0,0,7,1,1,0,0,0,0,2,0,0,1,40.0
100239,15,7,1,0,7.0,,38.0,,,0,1,0,0,1,7,1,1,0,1,1,1,4,0,0,0,0.0
100792,18,3,0,0,0.0,5.0,58.0,54.0,0,0,1,1,0,0,6,1,0,0,0,0,0,2,0,0,1,40.0
100191,16,3,0,0,5.0,,40.0,,,0,1,0,0,0,6,1,0,0,0,0,0,1,0,0,1,40.0
100333,13,7,1,0,2.0,2.0,38.0,37.0,0,1,1,1,1,1,6,1,0,0,0,0,0,2,0,0,1,8.0
100962,11,7,1,0,8.0,11.0,32.0,41.0,0,1,1,1,1,1,6,1,0,0,0,0,0,2,0,0,0,0.0
101252,15,7,1,0,2.0,5.0,38.0,33.0,0,0,1,0,0,1,6,1,0,0,0,0,0,2,0,0,0,0.0
101564,16,4,0,0,6.0,6.0,44.0,59.0,1,1,1,1,1,1,8,1,1,1,0,0,0,4,0,0,1,16.0
101329,16,3,0,0,7.0,3.0,16.0,37.0,0,0,1,1,1,1,7,1,1,0,0,0,0,3,0,0,1,30.0
101353,14,5,0,0,4.0,2.0,34.0,50.0,0,0,1,1,1,1,8,1,1,1,0,0,0,4,0,0,0,0.0
100582,12,7,1,0,9.0,,42.0,,,0,1,0,0,0,6,1,0,0,0,0,0,2,0,0,0,0.0
101530,15,4,0,0,5.0,5.0,46.0,47.0,0,1,1,1,1,1,8,1,1,1,0,0,0,4,0,0,0,0.0
101596,13,5,0,0,8.0,5.0,34.0,36.0,0,1,1,1,1,1,8,1,1,1,0,0,0,4,0,0,1,8.0
100839,16,3,0,0,5.0,7.0,45.0,47.0,0,0,1,1,1,1,8,1,1,1,0,0,0,4,0,0,0,0.0
100627,14,3,0,0,11.0,11.0,34.0,37.0,1,1,1,1,1,1,8,1,1,1,0,0,0,4,0,0,0,0.0
100323,17,4,0,0,0.0,,55.0,,,0,1,0,0,1,7,1,1,0,0,0,0,3,0,0,1,40.0
101408,14,4,0,0,6.0,5.0,49.0,63.0,0,1,1,1,1,1,8,1,1,1,0,0,0,4,0,0,0,0.0
100778,14,3,0,0,5.0,3.0,43.0,45.0,0,0,1,1,0,1,8,1,1,1,0,0,0,4,0,0,0,0.0
100939,14,4,0,0,,,46.0,56.0,0,0,1,1,1,1,8,1,1,1,0,0,0,4,0,0,0,0.0
100437,15,3,0,0,2.0,0.0,42.0,55.0,0,0,1,1,0,1,8,1,1,1,1,1,1,5,0,0,0,0.0
100119,17,3,0,0,5.0,5.0,40.0,45.0,0,0,1,1,0,0,7,1,1,0,0,0,0,3,0,0,0,0.0
101095,13,7,1,0,3.0,3.0,48.0,50.0,0,1,1,1,1,1,6,1,0,0,0,0,0,2,0,0,0,0.0
101454,13,4,0,0,11.0,11.0,48.0,67.0,0,0,0,0,0,1,7,1,1,0,1,1,1,3,0,0,0,0.0
101026,13,7,1,0,5.0,5.0,30.0,32.0,0,1,1,1,1,1,6,1,0,0,0,0,0,2,0,0,0,0.0
101199,15,4,0,0,,,46.0,49.0,,1,1,1,1,1,8,1,1,1,0,0,0,4,0,0,0,0.0
100076,17,3,0,0,7.0,5.0,34.0,41.0,0,0,1,0,0,0,6,1,0,0,1,1,1,2,0,0,1,40.0
101053,16,1,0,1,7.0,3.0,33.0,40.0,0,0,1,0,0,0,6,1,0,0,0,0,0,1,1,1,1,24.0
100900,14,7,1,0,6.0,5.0,38.0,39.0,0,0,0,1,1,1,6,1,0,0,1,1,1,3,0,0,0,0.0
100371,14,8,1,0,7.0,5.0,35.0,39.0,0,0,1,0,1,1,5,0,0,0,2,1,2,3,0,0,0,0.0
101159,16,8,1,0,9.0,,32.0,42.0,0,,1,0,0,1,6,,,,,,,,,,,
101586,14,3,0,0,5.0,5.0,36.0,36.0,0,0,1,0,0,1,7,1,1,0,1,1,1,4,0,0,0,0.0
100941,12,11,1,0,8.0,8.0,37.0,43.0,0,1,1,1,1,1,6,1,0,0,0,0,0,3,0,0,0,0.0
100577,18,6,1,0,2.0,4.0,46.0,55.0,0,0,1,1,0,1,9,1,1,1,0,0,0,6,0,0,1,8.0
100819,14,4,0,0,5.0,8.0,47.0,47.0,0,1,1,1,1,1,8,1,1,1,0,0,0,4,0,0,0,0.0
101178,14,3,0,0,5.0,5.0,47.0,52.0,1,0,1,1,1,1,8,1,1,1,0,0,0,4,0,0,0,0.0
101196,14,7,1,0,,,33.0,39.0,0,0,1,1,1,1,6,1,0,0,0,0,0,2,0,0,0,0.0
101389,18,6,0,0,10.0,9.0,49.0,66.0,0,1,1,1,1,1,8,1,1,1,0,0,0,4,0,0,0,0.0
100886,15,6,0,0,2.0,,49.0,,,1,1,1,1,1,8,1,1,1,0,0,0,4,0,0,0,0.0
100968,17,1,1,0,,5.0,,46.0,0,0,1,1,0,0,9,1,1,1,0,0,0,4,0,0,0,0.0
100785,15,4,0,0,5.0,2.0,38.0,49.0,0,0,1,0,0,1,8,1,1,1,0,0,0,4,0,0,0,0.0
101236,12,3,0,0,4.0,5.0,32.0,35.0,0,1,1,1,1,1,8,1,1,1,0,0,0,4,0,0,0,0.0
101294,14,3,0,0,7.0,,34.0,35.0,,1,1,1,1,1,8,1,1,1,0,0,0,4,0,0,0,0.0
100301,16,6,0,0,5.0,2.0,43.0,40.0,1,0,1,1,1,1,8,1,1,1,0,0,0,4,0,0,0,0.0
100689,12,8,1,0,8.0,11.0,27.0,30.0,0,1,1,1,1,1,6,1,0,0,0,0,0,2,0,0,0,0.0
100812,14,8,1,0,11.0,,50.0,49.0,,0,1,1,1,1,7,1,1,0,1,1,1,4,0,0,0,0.0
101061,12,7,1,0,11.0,9.0,42.0,39.0,,0,1,1,1,1,6,1,0,0,0,0,0,2,0,0,0,0.0
100236,13,7,1,0,,,,,,0,1,0,0,1,7,1,1,0,0,0,0,2,0,0,1,6.0
101093,15,3,0,0,5.0,5.0,38.0,65.0,0,0,1,1,0,1,8,1,1,1,0,0,0,4,0,0,0,0.0
100499,15,7,1,0,3.0,3.0,52.0,53.0,1,0,1,1,1,1,8,1,1,1,0,0,0,4,0,0,0,0.0
101334,15,5,1,0,11.0,,40.0,,,0,1,1,1,1,8,1,1,1,1,1,1,4,0,0,0,0.0
101079,14,6,0,0,11.0,5.0,50.0,60.0,0,0,1,1,1,1,8,1,1,1,0,0,0,4,0,0,0,0.0
100794,16,3,0,0,8.0,,47.0,,,0,1,0,0,0,6,1,0,0,0,0,0,1,0,0,0,0.0
101229,15,8,1,0,10.0,9.0,33.0,48.0,0,1,1,1,1,1,8,1,1,1,0,0,0,4,0,0,0,0.0
100990,15,2,0,1,5.0,7.0,36.0,36.0,1,0,1,0,0,1,6,1,0,0,2,1,2,4,0,0,0,0.0
101105,15,5,0,0,5.0,5.0,50.0,55.0,0,0,1,1,1,1,8,1,1,1,0,0,0,4,0,0,0,0.0
100934,16,7,1,1,5.0,5.0,,,0,1,1,1,1,1,9,1,1,1,0,0,0,6,0,0,0,0.0
100387,14,4,0,0,5.0,6.0,40.0,43.0,0,0,1,0,0,1,6,1,0,0,0,0,0,4,0,0,0,0.0
100390,14,4,0,0,5.0,5.0,40.0,38.0,0,1,1,1,1,1,8,1,1,1,0,0,0,4,0,0,0,0.0
100743,14,7,1,0,3.0,3.0,52.0,58.0,0,0,1,1,1,1,7,1,1,0,1,1,1,4,0,0,0,0.0
100352,15,7,1,0,,,38.0,,,0,1,0,0,1,8,1,1,1,0,0,0,4,0,0,0,0.0
100235,14,3,0,0,5.0,8.0,40.0,42.0,,0,1,1,1,1,7,1,1,0,0,0,0,3,0,0,0,0.0
101371,17,6,1,1,,,,,,0,1,1,1,1,9,1,1,1,0,0,0,6,0,0,0,0.0
100480,15,3,0,0,4.0,3.0,52.0,50.0,0,0,1,1,1,1,8,1,1,1,0,0,0,4,0,0,0,0.0
100567,18,6,1,1,,,58.0,60.0,0,0,1,1,1,1,9,1,1,1,0,0,0,6,0,0,0,0.0
101355,16,7,1,0,5.0,5.0,45.0,52.0,0,0,1,0,0,0,5,0,0,0,0,0,0,1,0,0,1,40.0
101496,15,4,0,0,11.0,6.0,42.0,40.0,0,0,1,1,1,1,8,1,1,1,0,0,0,4,0,0,0,0.0
101257,14,4,0,0,5.0,,52.0,53.0,,1,1,1,1,1,8,1,1,1,0,0,0,4,0,0,0,0.0
100120,17,3,0,0,5.0,6.0,54.0,45.0,0,0,1,0,0,0,5,0,0,0,0,0,0,1,0,0,1,40.0
101385,15,3,0,0,11.0,,30.0,36.0,,0,1,1,0,1,7,1,1,0,0,0,0,4,0,0,0,0.0
101024,15,6,0,0,5.0,7.0,54.0,58.0,0,0,1,0,0,0,5,0,0,0,0,0,0,1,0,0,1,40.0
101086,14,8,1,0,5.0,3.0,47.0,37.0,0,0,1,0,0,1,7,1,1,0,1,1,1,4,0,0,0,0.0
100926,15,3,0,1,3.0,1.0,39.0,41.0,0,1,1,1,1,1,8,1,1,1,0,0,0,4,0,0,0,0.0
100515,14,4,0,0,8.0,8.0,35.0,35.0,0,1,1,1,1,1,8,1,1,1,0,0,0,4,0,0,0,0.0
100223,15,4,0,0,5.0,,37.0,,,0,1,0,0,0,5,0,0,0,0,0,0,1,0,0,0,0.0
101421,15,7,1,0,5.0,5.0,44.0,45.0,0,0,0,1,1,1,6,1,0,0,2,1,2,4,0,0,0,0.0
100613,13,8,1,0,11.0,11.0,31.0,32.0,0,1,1,1,1,1,6,1,0,0,0,0,0,2,0,0,0,0.0
100843,16,2,0,1,5.0,5.0,47.0,47.0,0,0,1,1,1,1,8,1,1,1,0,0,0,4,0,0,0,0.0
100052,17,3,0,0,0.0,0.0,58.0,,0,1,1,1,1,1,8,1,1,1,0,0,0,4,0,0,0,0.0
101480,15,3,0,0,6.0,5.0,40.0,45.0,0,0,1,1,1,1,8,1,1,1,0,0,0,4,0,0,0,0.0
100485,15,4,0,0,9.0,9.0,45.0,39.0,0,0,1,0,0,0,5,0,0,0,0,0,0,1,0,0,0,0.0
101534,16,7,1,1,6.0,1.0,36.0,52.0,0,1,1,1,1,1,9,1,1,1,0,0,0,6,0,0,0,0.0
100818,14,3,0,1,5.0,,37.0,,,1,1,1,1,1,8,1,1,1,0,0,0,4,0,0,1,8.0
100155,16,7,1,0,,5.0,,46.0,0,1,1,1,1,1,7,1,1,0,0,0,0,3,0,0,1,25.0
100600,14,3,0,0,7.0,5.0,33.0,48.0,0,1,1,1,1,1,8,1,1,1,0,0,0,4,0,0,0,0.0
101314,14,4,0,0,6.0,,29.0,34.0,,1,1,1,1,1,8,1,1,1,0,0,0,4,0,0,0,0.0
100248,16,6,0,0,9.0,9.0,35.0,41.0,1,1,0,1,1,1,8,1,1,1,2,1,2,6,0,0,0,0.0
100761,17,7,1,1,6.0,8.0,37.0,50.0,0,0,1,1,1,1,7,1,1,0,1,1,2,6,0,0,0,0.0
101467,15,1,1,0,3.0,2.0,50.0,55.0,0,0,1,0,0,1,8,1,1,1,0,0,0,4,0,0,0,0.0
100542,12,7,1,0,7.0,3.0,28.0,39.0,,0,1,1,1,1,6,1,0,0,0,0,0,2,0,0,0,0.0
100793,14,4,0,0,,3.0,38.0,,0,0,1,1,1,1,8,1,1,1,0,0,0,4,0,0,0,0.0
101169,18,3,1,0,6.0,,46.0,46.0,0,0,0,0,0,1,9,1,1,1,1,1,1,5,0,0,0,0.0
100628,11,7,1,0,11.0,11.0,40.0,52.0,1,1,1,1,1,1,6,1,0,0,0,0,0,2,0,0,0,0.0
100150,18,4,1,0,5.0,11.0,36.0,38.0,1,0,1,1,0,0,9,1,1,1,0,0,0,3,0,0,1,25.0
100291,16,3,0,0,,,,,,0,1,1,0,0,7,1,1,0,1,1,1,3,0,1,1,28.0
100381,14,4,0,0,5.0,5.0,45.0,42.0,0,0,1,1,1,1,8,1,1,1,0,0,0,4,0,0,0,0.0
100686,14,3,0,0,5.0,6.0,37.0,48.0,0,0,1,1,0,1,7,1,1,0,0,0,0,4,0,0,0,0.0
100897,14,3,0,0,2.0,1.0,45.0,50.0,0,1,1,1,1,1,8,1,1,1,0,0,0,4,0,0,0,0.0
100854,14,4,1,0,8.0,5.0,41.0,44.0,0,0,1,1,1,1,9,1,1,1,0,0,0,4,0,0,0,0.0
101071,13,3,0,0,9.0,5.0,35.0,39.0,0,1,1,1,1,1,8,1,1,1,0,0,0,4,0,0,0,0.0
101604,13,4,0,0,11.0,,42.0,,,1,1,1,1,1,8,1,1,1,0,0,0,4,0,0,0,0.0
101226,16,8,1,0,6.0,1.0,37.0,45.0,,1,1,1,1,1,8,1,1,1,0,0,0,4,0,0,1,8.0
101360,12,11,1,0,6.0,,42.0,,,1,1,1,1,1,6,1,0,0,0,0,0,2,0,0,0,0.0
100891,13,3,1,0,8.0,5.0,36.0,38.0,0,0,1,1,0,1,7,1,1,0,0,0,0,2,0,0,0,0.0
101607,14,6,0,0,4.0,9.0,33.0,38.0,0,0,1,1,1,1,6,1,0,0,0,0,0,3,0,0,0,0.0
100615,14,4,1,0,5.0,5.0,50.0,60.0,0,0,1,1,0,1,7,1,1,0,0,0,0,2,0,0,0,0.0
100154,15,5,1,0,8.0,11.0,36.0,42.0,0,1,1,1,1,1,7,1,1,0,0,0,0,2,0,0,0,0.0
101374,15,3,0,0,3.0,,55.0,,,0,,,0,0,5,0,0,0,,0,0,0,0,0,0,0.0
101602,17,2,0,0,4.0,1.0,33.0,37.0,0,0,1,1,1,1,8,1,1,1,0,0,0,4,0,0,0,0.0
100322,14,7,1,0,3.0,3.0,45.0,50.0,0,0,1,1,1,1,6,1,0,0,0,0,0,2,0,0,1,40.0
101242,16,4,0,0,5.0,,50.0,,,0,1,1,0,0,8,1,1,1,0,0,0,3,0,0,0,0.0
100082,14,3,0,1,4.0,3.0,47.0,40.0,0,1,1,1,1,1,8,1,1,1,0,0,0,4,0,0,0,0.0
100512,15,4,0,0,5.0,9.0,33.0,43.0,0,0,1,0,0,1,5,0,0,0,1,1,1,3,0,0,0,0.0
101225,12,7,1,0,7.0,5.0,40.0,38.0,0,0,1,1,1,1,6,1,0,0,0,0,0,2,0,0,0,0.0
100929,15,3,0,0,,,,,,0,1,1,1,1,8,1,1,1,0,0,0,4,0,0,0,0.0
101313,13,7,1,0,7.0,11.0,45.0,47.0,,0,1,0,0,1,6,1,0,0,1,1,1,2,0,0,0,0.0
100010,17,6,0,0,,,,,,0,1,1,1,1,7,1,1,0,1,1,1,4,0,0,0,0.0
100831,14,5,0,0,5.0,,38.0,,,1,0,0,1,1,8,0,0,0,0,0,0,4,0,0,0,0.0
100032,17,7,1,1,3.0,0.0,58.0,71.0,0,0,1,1,1,1,8,1,1,1,0,1,1,6,0,0,0,0.0
100413,15,3,0,0,5.0,,39.0,,,0,1,1,,1,8,1,1,1,0,0,0,4,0,0,1,20.0
100580,14,3,0,0,,,49.0,,,0,1,1,1,1,8,1,1,1,0,0,0,4,0,0,0,0.0
101244,16,3,0,0,0.0,,50.0,,,1,1,1,1,1,7,1,1,0,0,0,0,3,0,0,0,0.0
101527,14,7,1,0,3.0,3.0,34.0,47.0,0,0,0,0,0,1,5,0,0,0,1,1,1,2,0,0,0,0.0
100614,15,8,1,0,2.0,5.0,26.0,36.0,0,0,1,0,0,1,6,1,0,0,1,1,1,3,0,0,1,40.0
101045,13,4,0,0,11.0,10.0,48.0,34.0,0,1,1,1,1,1,8,1,1,1,0,0,0,4,0,0,0,0.0
101014,18,4,0,0,11.0,11.0,58.0,69.0,0,1,1,1,1,1,8,1,1,1,0,0,0,4,0,0,0,0.0
100089,18,6,1,1,5.0,2.0,65.0,69.0,0,0,0,1,1,1,10,1,1,1,0,0,0,6,0,0,0,0.0
101366,12,4,1,0,7.0,,32.0,38.0,,0,1,1,1,1,7,1,1,0,0,0,0,2,0,0,0,0.0
100601,12,7,1,0,11.0,10.0,35.0,37.0,0,1,1,1,1,1,6,1,0,0,0,0,0,2,0,0,0,0.0
100133,12,10,1,0,,,35.0,,,1,1,1,1,1,6,1,0,0,0,0,0,2,0,0,0,0.0
100555,12,8,1,0,11.0,9.0,38.0,42.0,0,0,0,0,0,0,6,1,0,0,0,0,0,1,0,0,1,40.0
101031,15,7,1,0,0.0,,45.0,,,0,0,0,0,1,6,1,0,0,0,0,0,2,0,0,0,0.0
101481,15,4,0,0,7.0,7.0,35.0,45.0,0,0,1,1,1,1,8,1,1,1,0,0,0,4,0,0,0,0.0
100320,13,8,1,0,9.0,2.0,46.0,68.0,0,1,1,1,1,1,8,1,1,1,0,0,0,4,0,0,0,0.0
101419,15,4,0,0,,,56.0,67.0,0,1,1,1,1,1,8,1,1,1,0,0,0,4,0,0,0,0.0
101394,14,3,0,0,9.0,,44.0,56.0,,0,1,1,1,1,7,1,1,0,1,1,1,4,0,0,1,5.0
100634,14,3,0,0,5.0,5.0,33.0,38.0,0,0,1,0,0,1,6,1,0,0,2,1,2,4,0,0,1,25.0
100552,13,3,0,0,5.0,6.0,37.0,54.0,0,1,1,1,1,1,8,1,1,1,0,0,0,4,0,0,0,0.0
101055,17,3,0,0,3.0,6.0,40.0,43.0,0,0,0,0,1,1,9,1,1,1,0,1,1,6,0,0,1,8.0
101251,14,3,0,0,5.0,1.0,33.0,43.0,0,0,0,0,0,1,8,1,1,1,0,0,0,4,0,0,0,0.0
100796,13,7,1,0,5.0,3.0,35.0,38.0,0,0,1,1,1,1,6,1,0,0,0,0,0,2,0,0,0,0.0
101452,16,3,0,1,3.0,5.0,36.0,46.0,0,0,1,0,0,0,6,1,0,0,0,0,0,1,0,0,1,8.0
101483,13,7,1,0,2.0,5.0,49.0,36.0,0,1,1,1,1,1,6,1,0,0,0,0,0,2,0,0,0,0.0
100174,13,8,1,0,6.0,3.0,49.0,41.0,0,1,1,1,1,1,6,1,0,0,0,0,0,2,0,0,0,0.0
100766,14,3,0,0,3.0,5.0,40.0,51.0,0,0,1,1,1,1,8,1,1,1,0,0,0,4,0,0,1,0.0
100245,12,7,1,0,7.0,4.0,33.0,36.0,0,0,0,0,0,1,6,1,0,0,0,0,0,2,0,0,0,0.0
101080,15,6,1,1,,3.0,,41.0,0,0,1,1,1,1,9,1,1,1,0,0,0,6,0,0,0,0.0
101393,18,8,1,1,,3.0,,51.0,0,0,1,0,0,1,8,1,1,1,1,1,1,5,0,0,0,0.0
100145,15,3,0,0,5.0,5.0,49.0,57.0,0,1,1,1,1,1,8,1,1,1,0,0,0,4,0,0,0,0.0
100090,11,7,1,0,7.0,11.0,32.0,36.0,1,0,1,1,1,1,6,1,0,0,0,0,0,2,0,0,0,0.0
100682,15,7,1,0,5.0,9.0,39.0,38.0,0,0,1,0,0,0,6,1,0,0,0,0,0,1,0,0,1,35.0
100310,15,3,0,0,5.0,9.0,37.0,38.0,0,1,1,1,1,1,8,1,1,1,0,0,0,4,0,0,0,0.0
100093,14,3,0,0,11.0,5.0,42.0,35.0,0,0,1,1,0,1,8,1,1,1,0,0,0,4,0,0,0,0.0
101260,14,7,1,0,6.0,5.0,44.0,59.0,0,1,1,1,1,1,6,1,0,0,0,0,0,2,0,0,0,0.0
100924,14,3,0,0,7.0,,50.0,50.0,,0,1,0,0,1,8,1,1,1,0,0,0,4,0,0,0,0.0
101359,14,4,0,0,5.0,5.0,41.0,43.0,0,0,1,1,1,1,8,1,1,1,0,0,0,4,0,0,0,0.0
101035,14,5,0,0,11.0,8.0,37.0,36.0,0,0,0,0,0,1,7,1,1,0,1,1,1,4,0,0,1,40.0
100243,16,7,1,0,5.0,5.0,46.0,63.0,0,0,1,0,0,0,5,0,0,0,1,1,1,2,0,0,1,40.0
101111,13,11,1,0,5.0,5.0,33.0,34.0,0,0,1,0,0,1,5,0,0,0,1,1,1,2,0,0,0,0.0
100214,14,7,1,0,11.0,11.0,40.0,44.0,1,0,1,1,1,1,7,1,1,0,0,1,1,4,0,0,0,0.0
101197,14,6,0,0,9.0,2.0,43.0,43.0,0,0,1,0,0,1,8,1,1,1,0,0,0,4,0,0,0,0.0
100998,18,7,1,1,5.0,5.0,43.0,47.0,0,0,1,0,1,1,10,1,1,1,1,1,1,6,0,0,0,0.0
100853,16,3,0,0,0.0,,48.0,53.0,,1,1,1,1,1,8,1,1,1,0,0,0,4,0,0,1,40.0
100425,14,4,0,0,7.0,,31.0,35.0,0,1,1,1,1,1,8,1,1,1,0,0,0,4,0,0,0,0.0
101413,17,7,1,1,6.0,,38.0,,,0,0,0,0,1,8,1,1,1,0,1,1,6,0,0,0,0.0
101142,12,8,1,0,,,43.0,50.0,,1,1,1,1,1,6,1,0,0,0,0,0,2,0,0,0,0.0
101143,14,8,1,0,5.0,8.0,40.0,42.0,0,1,1,1,1,1,8,1,1,1,0,0,0,4,0,0,0,0.0
100226,18,3,0,0,7.0,5.0,50.0,56.0,0,0,1,1,0,0,9,1,1,1,0,0,0,3,0,0,1,40.0
101544,15,3,1,0,5.0,,42.0,,,0,1,1,1,1,8,1,1,1,1,1,1,4,0,0,0,0.0
100000,12,7,1,0,8.0,9.0,37.0,37.0,0,0,1,1,1,1,6,1,0,0,0,0,0,2,0,0,0,0.0
100401,17,7,1,1,9.0,,38.0,,,1,1,1,1,1,9,1,1,1,0,0,0,6,0,0,0,0.0
101103,15,6,0,0,5.0,3.0,38.0,36.0,0,0,1,1,0,0,8,1,1,1,0,0,0,3,0,0,0,0.0
100084,16,1,0,1,4.0,,38.0,,,0,1,0,0,0,6,1,0,0,0,0,0,1,1,1,0,0.0
100162,14,4,0,0,,,55.0,,,1,1,1,1,1,6,1,0,0,0,1,1,4,0,0,0,0.0
100114,17,6,1,1,3.0,11.0,33.0,38.0,1,0,0,0,0,1,9,1,1,1,0,0,0,6,0,0,0,0.0
100670,14,6,0,0,4.0,,31.0,,,1,1,1,1,1,8,1,1,1,0,0,0,4,0,0,0,0.0
101174,15,6,0,0,3.0,9.0,43.0,37.0,0,0,1,0,1,1,7,1,1,0,1,1,1,4,0,0,0,0.0
101227,14,3,0,0,5.0,,38.0,,,0,0,0,0,1,8,1,1,1,0,0,0,4,0,0,0,0.0
100889,16,8,1,0,7.0,7.0,33.0,35.0,0,1,1,1,1,1,6,1,0,0,0,0,0,2,0,0,0,0.0
100625,13,5,1,0,4.0,5.0,37.0,40.0,0,0,1,1,0,1,7,1,1,0,0,0,0,2,0,0,0,0.0
101572,14,3,0,0,9.0,9.0,42.0,39.0,1,1,1,1,1,1,8,1,1,1,0,0,0,4,0,0,0,0.0
100952,14,3,0,0,,6.0,,40.0,0,0,0,0,0,1,8,1,1,1,0,0,0,4,0,0,0,0.0
100807,17,3,0,0,,,,,,0,,,,,5,0,0,0,,0,0,0,,,0,0.0
100258,17,3,0,0,5.0,11.0,41.0,41.0,1,0,0,0,0,1,10,1,1,1,0,1,1,6,0,0,0,0.0
100624,14,8,1,0,3.0,4.0,53.0,55.0,0,1,1,1,1,1,8,1,1,1,0,0,0,4,0,0,0,0.0
100826,15,4,0,0,,,33.0,,,0,1,1,0,1,7,1,1,0,0,0,0,3,0,0,0,0.0
100234,14,3,0,0,5.0,9.0,39.0,39.0,0,0,1,1,1,1,8,1,1,1,0,0,0,4,0,0,0,0.0
100135,19,6,1,0,9.0,7.0,43.0,45.0,0,1,0,0,1,1,9,1,1,1,0,0,0,6,0,0,0,0.0
100616,16,3,0,0,4.0,5.0,39.0,40.0,1,1,1,1,1,1,8,1,1,1,0,0,0,4,0,0,0,0.0
101573,17,5,0,0,7.0,,44.0,,,0,1,0,0,0,5,0,0,0,0,0,0,1,0,0,0,0.0
100836,16,9,1,0,2.0,9.0,46.0,43.0,0,0,1,1,1,1,6,1,0,0,0,0,0,3,0,0,0,0.0
100842,16,3,0,0,2.0,3.0,43.0,43.0,0,1,1,1,1,1,8,1,1,1,0,0,0,4,0,0,1,15.0
100959,15,7,1,0,3.0,11.0,45.0,47.0,0,0,1,1,1,1,8,1,1,1,0,0,0,4,0,0,0,0.0
100592,15,3,0,0,11.0,9.0,48.0,39.0,0,0,1,0,0,1,7,1,1,0,1,1,1,4,0,0,0,0.0
100343,16,8,1,0,7.0,7.0,52.0,52.0,0,0,1,1,1,1,8,1,1,1,0,0,0,4,0,0,0,0.0
101328,15,7,1,1,8.0,5.0,46.0,39.0,0,0,0,0,0,1,9,1,1,1,1,1,1,6,0,0,0,0.0
100293,16,6,1,0,11.0,5.0,37.0,38.0,0,1,1,1,1,1,9,1,1,1,0,0,0,6,0,0,0,0.0
100364,14,3,0,0,9.0,8.0,38.0,34.0,0,0,1,1,1,1,8,1,1,1,0,0,0,4,0,0,0,0.0
100178,16,6,0,0,6.0,5.0,31.0,57.0,,0,1,1,0,0,6,1,0,0,1,1,1,3,0,1,0,0.0
100659,16,4,0,0,6.0,,32.0,1.0,,1,1,1,1,1,8,1,1,1,0,0,0,4,0,0,0,0.0
100996,15,7,1,0,5.0,2.0,32.0,47.0,0,0,1,1,1,1,6,1,0,0,0,0,0,2,0,0,0,0.0
100014,16,2,0,1,9.0,5.0,41.0,41.0,0,1,0,0,0,1,8,1,1,1,0,0,0,4,0,0,1,40.0
101110,16,8,1,0,10.0,,38.0,41.0,,0,1,1,0,0,7,1,1,0,0,0,0,2,0,0,1,40.0
100165,17,4,0,0,5.0,6.0,52.0,54.0,0,0,1,0,0,1,8,1,1,1,0,0,0,4,0,0,1,0.0
101509,14,9,1,0,5.0,5.0,36.0,34.0,0,0,1,1,1,1,8,1,1,1,0,0,0,4,0,0,0,0.0
100059,14,8,1,0,3.0,3.0,39.0,35.0,0,1,1,1,1,1,8,1,1,1,0,0,0,4,0,0,0,0.0
100709,19,7,1,1,5.0,,40.0,37.0,0,0,0,0,0,0,11,0,0,0,0,0,0,6,0,0,0,0.0
100676,17,3,0,0,5.0,11.0,48.0,38.0,0,0,,,0,0,5,0,0,0,,0,0,0,0,0,1,40.0
100780,14,3,0,0,9.0,11.0,42.0,56.0,0,1,1,1,1,1,8,1,1,1,0,0,0,4,0,0,1,40.0
100424,14,4,0,0,5.0,,32.0,,,0,1,1,1,1,8,1,1,1,0,0,0,4,0,0,0,0.0
100292,15,4,1,0,3.0,3.0,45.0,55.0,0,0,1,1,1,1,7,1,1,0,1,1,1,3,0,0,0,0.0
101065,12,7,1,0,11.0,5.0,45.0,59.0,0,1,1,1,1,1,6,1,0,0,0,0,0,2,0,0,0,0.0
101438,17,7,1,1,,4.0,,43.0,0,0,0,1,1,1,9,1,1,1,1,1,1,6,0,0,1,30.0
100329,18,8,1,0,4.0,,39.0,,,0,0,0,0,1,6,1,0,0,1,1,1,2,0,0,0,0.0
100429,14,8,1,0,7.0,11.0,40.0,40.0,0,0,1,1,1,1,8,1,1,1,0,1,3,4,0,0,0,0.0
101012,14,4,0,0,5.0,3.0,33.0,44.0,0,1,1,1,1,1,8,1,1,1,0,0,0,4,0,0,0,0.0
100079,14,4,0,0,5.0,0.0,36.0,38.0,0,0,1,1,1,1,8,1,1,1,0,0,0,4,0,0,0,0.0
101052,12,7,1,1,11.0,11.0,30.0,36.0,0,0,1,0,0,1,6,1,0,0,0,0,0,2,0,0,0,0.0
100937,16,7,1,0,3.0,4.0,45.0,61.0,0,0,1,0,0,0,5,0,0,0,0,0,0,1,0,1,0,0.0
100834,14,2,0,0,5.0,8.0,47.0,40.0,0,0,1,1,0,0,7,1,1,0,0,0,0,3,1,0,0,0.0
100749,13,4,0,0,8.0,5.0,31.0,38.0,0,1,1,1,1,1,8,1,1,1,0,0,0,4,0,0,1,15.0
100890,17,3,0,0,5.0,,,,,0,1,1,1,1,8,1,1,1,0,0,0,4,0,0,0,0.0
100254,16,11,1,0,8.0,7.0,39.0,45.0,0,0,0,0,0,0,7,1,1,0,2,1,2,5,0,0,0,0.0
101391,17,3,1,0,5.0,,65.0,,,0,0,1,1,1,9,1,1,1,1,1,1,5,0,0,0,0.0
101571,17,4,0,0,2.0,3.0,42.0,54.0,0,1,1,1,1,1,8,1,1,1,0,0,0,4,0,0,0,0.0
101108,14,3,0,0,5.0,5.0,32.0,45.0,0,1,1,1,1,1,8,1,1,1,0,0,0,4,0,0,0,0.0
100136,14,3,0,0,,,52.0,,,1,1,1,1,1,8,1,1,1,0,0,0,4,0,0,0,0.0
101135,16,6,1,0,,,43.0,49.0,0,1,1,1,1,1,9,1,1,1,0,0,0,6,0,0,1,16.0
101218,15,3,0,0,,,37.0,44.0,0,0,1,0,0,1,6,1,0,0,1,1,1,3,0,0,0,0.0
100852,15,3,0,0,9.0,,53.0,55.0,,1,1,1,1,1,8,1,1,1,0,0,0,3,0,0,0,0.0
101202,18,2,0,1,1.0,,48.0,46.0,,0,1,0,0,1,7,1,1,0,0,0,0,4,0,0,1,24.0
100723,16,3,0,0,3.0,5.0,48.0,36.0,0,0,1,1,0,0,7,1,1,0,0,0,0,3,0,0,0,0.0
100859,14,8,1,0,3.0,5.0,40.0,40.0,0,0,0,0,0,1,8,1,1,1,0,0,0,4,0,0,0,0.0
100969,18,6,1,1,3.0,,38.0,,,0,0,0,0,0,7,1,1,0,0,0,0,3,0,1,0,0.0
100496,,7,1,1,,,,,,,,,,,5,,,,,,,,,,,
100950,16,6,1,1,7.0,10.0,46.0,45.0,0,1,1,1,1,1,9,1,1,1,0,0,0,6,0,0,0,0.0
100805,16,6,0,0,6.0,11.0,39.0,44.0,,1,1,1,1,1,8,1,1,1,0,0,0,4,0,0,0,0.0
100129,14,7,1,0,11.0,8.0,46.0,48.0,0,1,1,1,1,1,8,1,1,1,0,0,0,4,0,0,0,0.0
100337,17,3,0,0,3.0,3.0,38.0,72.0,0,0,1,1,0,1,7,1,1,0,1,1,1,4,0,0,0,0.0
101613,12,3,0,0,3.0,11.0,38.0,38.0,0,1,1,1,1,1,8,1,1,1,0,0,0,4,0,0,0,0.0
100608,15,4,0,0,11.0,9.0,33.0,39.0,0,0,1,1,1,1,8,1,1,1,0,0,0,4,0,0,0,0.0
101148,18,6,0,0,4.0,5.0,56.0,55.0,0,1,1,1,1,1,8,1,1,1,0,0,0,4,0,0,0,0.0
100195,15,3,0,0,1.0,2.0,52.0,54.0,0,0,1,1,1,1,7,1,1,0,0,1,1,4,0,0,0,0.0
101250,13,4,1,0,7.0,,33.0,32.0,,0,1,1,1,1,6,1,0,0,1,1,1,2,0,0,0,0.0
101588,15,6,0,0,4.0,6.0,33.0,42.0,,0,0,0,0,0,5,0,0,0,0,0,0,1,0,0,1,40.0
100909,12,7,1,0,5.0,5.0,37.0,47.0,0,0,0,0,0,1,6,1,0,0,0,0,0,2,0,0,0,0.0
100584,14,8,1,0,5.0,,40.0,,,1,1,1,1,1,6,1,0,0,0,0,0,2,0,0,0,0.0
100103,15,5,0,0,5.0,5.0,39.0,40.0,0,0,1,1,1,1,8,1,1,1,0,0,0,4,0,0,0,0.0
101579,14,3,0,1,8.0,2.0,44.0,54.0,0,0,1,1,1,1,8,1,1,1,0,0,0,4,0,0,1,4.0
101500,18,3,0,0,9.0,8.0,36.0,40.0,0,1,1,1,1,1,8,1,1,1,0,0,0,4,0,0,0,0.0
100719,14,4,0,0,6.0,1.0,38.0,40.0,0,0,1,1,1,1,6,1,0,0,1,1,1,4,0,0,0,0.0
100884,16,8,1,0,5.0,5.0,39.0,47.0,0,0,1,1,0,0,7,1,1,0,0,1,1,3,0,0,0,0.0
100776,12,7,1,0,3.0,11.0,52.0,46.0,0,1,1,1,1,1,6,1,0,0,0,0,0,2,0,0,0,0.0
100849,10,7,1,0,8.0,3.0,30.0,31.0,0,0,0,0,0,1,6,1,0,0,0,0,0,2,0,0,0,0.0
100894,14,1,0,1,3.0,,39.0,,,1,1,1,1,1,8,1,1,1,0,0,0,4,0,0,0,0.0
100227,13,8,1,0,6.0,,30.0,40.0,,0,0,1,1,1,6,1,0,0,0,0,0,2,0,0,0,0.0
101511,16,5,0,0,9.0,,42.0,,,0,1,1,1,1,7,1,1,0,1,1,1,4,0,0,0,0.0
100126,16,6,1,1,2.0,3.0,54.0,58.0,0,0,0,0,0,1,9,1,1,1,0,0,0,6,0,0,1,28.0
100405,14,3,0,0,8.0,7.0,37.0,39.0,0,0,1,1,0,1,8,1,1,1,0,0,0,4,0,0,0,0.0
100775,14,3,0,1,11.0,2.0,36.0,36.0,0,0,1,1,1,1,8,1,1,1,0,0,0,4,0,0,0,0.0
100821,12,7,1,0,10.0,5.0,37.0,39.0,1,0,1,0,0,1,6,1,0,0,0,0,0,2,0,0,0,0.0
100711,15,8,1,0,5.0,5.0,38.0,42.0,0,1,1,1,1,1,8,1,1,1,0,0,0,4,0,0,0,0.0
101516,15,3,0,0,4.0,5.0,31.0,45.0,0,1,1,1,1,1,8,1,1,1,0,0,0,4,0,0,0,0.0
101060,17,12,1,0,5.0,5.0,54.0,60.0,0,0,1,0,0,0,6,1,0,0,0,0,0,1,0,0,1,40.0
101163,14,3,0,0,5.0,,35.0,,,0,1,1,1,1,8,1,1,1,0,0,0,4,0,0,0,0.0
100303,14,3,0,0,5.0,5.0,42.0,39.0,0,1,1,1,1,1,8,1,1,1,0,0,0,4,0,0,0,0.0
100267,17,8,1,0,8.0,5.0,37.0,37.0,1,1,1,1,1,1,8,1,1,1,0,0,0,4,0,0,1,20.0
100545,13,3,0,0,10.0,5.0,40.0,37.0,0,0,1,1,1,1,8,1,1,1,0,0,0,4,0,0,0,0.0
100212,16,4,1,0,7.0,8.0,35.0,39.0,0,0,1,1,1,1,6,1,0,0,0,0,0,2,0,0,0,0.0
100896,15,7,1,0,7.0,7.0,35.0,41.0,0,0,1,1,1,1,9,1,1,1,0,1,1,6,0,0,0,0.0
101222,14,3,0,0,9.0,9.0,33.0,37.0,1,1,1,1,1,1,8,1,1,1,0,0,0,4,0,0,0,0.0
100916,14,4,0,0,7.0,5.0,40.0,56.0,1,1,1,1,1,1,8,1,1,1,0,0,0,4,0,0,0,0.0
100675,16,7,1,1,,11.0,,34.0,0,0,1,1,0,1,9,1,1,1,0,0,0,6,0,0,0,0.0
101289,15,3,0,0,5.0,6.0,36.0,37.0,0,0,1,1,0,1,8,1,1,1,0,0,0,4,0,0,0,0.0
100814,15,4,0,0,2.0,2.0,52.0,53.0,0,0,1,1,1,1,8,1,1,1,1,1,1,5,0,0,0,0.0
101265,16,6,0,0,5.0,,33.0,,,0,0,0,0,0,6,1,0,0,1,1,1,2,0,0,0,0.0
100342,12,7,1,0,7.0,7.0,34.0,37.0,0,1,1,1,1,1,6,1,0,0,0,0,0,2,0,0,0,0.0
100549,12,8,1,0,9.0,11.0,35.0,39.0,1,0,1,1,1,1,6,1,0,0,0,0,0,2,0,0,0,0.0
101214,19,7,1,0,5.0,,48.0,,,0,1,0,0,0,5,0,0,0,0,0,0,1,0,0,1,40.0
100966,16,3,0,0,,,50.0,72.0,,0,1,1,1,1,8,1,1,1,1,1,1,4,0,0,1,4.0
101230,17,4,1,0,5.0,4.0,38.0,43.0,0,0,1,1,1,1,9,1,1,1,0,0,0,4,0,0,0,0.0
100295,16,2,0,0,6.0,4.0,37.0,40.0,0,0,1,1,1,1,8,1,1,1,0,0,0,4,0,0,0,0.0
100695,17,7,1,0,5.0,3.0,37.0,48.0,0,0,1,0,0,0,6,1,0,0,1,1,1,2,0,0,0,0.0
100073,17,4,0,0,5.0,,39.0,59.0,0,0,1,0,0,0,5,0,0,0,0,0,0,1,0,0,1,40.0
100605,13,4,0,0,9.0,11.0,45.0,48.0,0,0,1,0,0,1,8,1,1,1,0,0,0,4,0,0,0,0.0
100104,13,3,0,0,5.0,5.0,34.0,37.0,0,1,1,1,1,1,8,1,1,1,0,0,0,4,0,0,0,0.0
100645,15,5,0,0,5.0,7.0,34.0,37.0,0,1,1,1,1,1,8,1,1,1,0,0,0,4,0,0,0,0.0
101576,12,7,1,0,5.0,5.0,34.0,39.0,0,0,1,1,1,1,6,1,0,0,0,0,0,3,0,0,0,0.0
101040,13,8,1,0,11.0,11.0,38.0,42.0,0,1,1,1,1,1,8,1,1,1,0,0,0,4,0,0,0,0.0
100439,14,3,0,0,11.0,9.0,35.0,35.0,0,0,1,1,1,1,8,1,1,1,0,0,0,4,0,0,0,0.0
101019,17,3,0,0,5.0,3.0,38.0,39.0,0,1,1,1,1,1,8,1,1,1,0,0,0,4,0,0,0,0.0
100091,16,3,0,0,5.0,,33.0,,,1,1,1,1,1,8,1,1,1,0,0,0,4,0,0,0,0.0
101112,13,3,0,0,8.0,11.0,38.0,38.0,1,1,1,1,1,1,8,1,1,1,0,0,0,4,0,0,0,0.0
101409,17,9,1,1,10.0,5.0,42.0,46.0,0,0,1,1,0,1,8,1,1,1,0,0,0,4,0,0,1,20.0
100908,14,7,1,0,1.0,3.0,59.0,56.0,0,0,1,1,1,1,6,1,0,0,0,0,0,2,0,0,1,5.0
100102,20,6,1,1,7.0,9.0,43.0,43.0,0,0,1,1,1,1,9,1,1,1,0,0,0,4,0,0,0,0.0
100238,17,3,0,0,9.0,11.0,34.0,38.0,1,0,1,1,0,0,6,1,0,0,0,0,0,2,0,0,0,0.0
101370,14,7,1,0,11.0,11.0,40.0,40.0,0,0,1,1,1,1,6,1,0,0,0,0,0,2,0,0,0,0.0
100942,14,5,0,0,6.0,9.0,31.0,40.0,1,0,0,0,1,1,8,1,1,1,0,0,0,4,0,0,0,0.0
101270,15,7,1,1,,8.0,,37.0,1,0,1,1,0,1,9,1,1,1,0,0,0,6,0,0,0,0.0
100938,15,8,1,0,,,,,,0,,,0,0,8,1,1,1,,0,0,0,0,0,0,0.0
101181,13,3,0,0,10.0,7.0,36.0,40.0,0,1,1,1,1,1,8,1,1,1,0,0,0,4,0,0,0,0.0
100005,12,7,1,0,7.0,5.0,37.0,36.0,0,1,1,1,1,1,6,1,0,0,0,0,0,2,0,0,0,0.0
101459,17,6,0,0,1.0,,36.0,,,0,1,0,0,0,6,1,0,0,0,0,0,1,0,0,1,40.0
100965,16,6,1,0,,,,,,1,1,1,1,1,9,1,1,1,0,0,0,6,0,0,0,0.0
100018,14,5,1,0,6.0,,55.0,,,1,1,1,1,1,9,1,1,1,0,0,0,4,0,0,0,0.0
100121,14,3,0,0,0.0,0.0,50.0,49.0,0,1,1,1,1,1,8,1,1,1,0,0,0,4,0,0,0,0.0
100661,14,3,0,0,7.0,4.0,34.0,51.0,0,1,1,1,1,1,8,1,1,1,0,0,0,4,0,0,0,0.0
101358,13,3,0,0,7.0,,40.0,,,0,1,1,1,1,8,1,1,1,0,0,0,4,0,0,0,0.0
100274,16,2,0,0,2.0,,48.0,51.0,,1,1,1,1,1,8,1,1,1,0,0,0,4,0,0,0,0.0
100433,12,7,1,0,9.0,8.0,38.0,34.0,0,0,1,1,1,1,6,1,0,0,0,0,0,2,0,0,0,0.0
100811,12,2,0,0,9.0,8.0,30.0,36.0,0,0,1,1,0,1,7,1,1,0,0,1,1,4,0,0,0,0.0
101300,16,4,0,0,2.0,3.0,37.0,43.0,0,0,1,1,0,0,8,1,1,1,0,0,0,3,0,0,1,40.0
101335,19,6,1,1,,2.0,,41.0,0,0,1,1,0,0,7,1,1,0,0,0,0,2,0,0,1,0.0
101501,14,6,0,0,5.0,,41.0,,,0,1,1,,1,8,1,1,1,0,0,0,4,0,0,0,0.0
101517,14,7,1,0,7.0,,33.0,,,0,0,0,0,1,5,0,0,0,1,1,1,2,0,0,0,0.0
100181,17,6,1,1,,,,,,0,0,0,0,1,9,1,1,1,0,0,0,6,0,0,0,0.0
100184,15,4,0,0,,,32.0,39.0,0,1,1,1,0,1,8,1,1,1,0,0,0,4,0,0,0,0.0
100406,17,7,1,1,0.0,,55.0,,,0,0,0,0,0,5,0,0,0,0,0,0,1,0,0,1,0.0
100865,13,3,0,0,5.0,9.0,39.0,41.0,0,1,1,1,1,1,8,1,1,1,0,0,0,4,0,0,0,0.0
100520,14,7,1,0,0.0,2.0,55.0,54.0,1,0,1,1,0,1,7,1,1,0,0,1,1,4,0,0,0,0.0
101003,13,8,1,0,6.0,6.0,33.0,30.0,0,0,1,1,1,1,6,1,0,0,0,0,0,2,0,0,0,0.0
100380,14,7,1,0,1.0,5.0,38.0,42.0,0,1,1,1,1,1,6,1,0,0,0,0,0,2,0,0,0,0.0
100427,12,7,1,0,5.0,6.0,31.0,32.0,0,0,1,1,1,1,6,1,0,0,0,0,0,2,0,0,0,0.0
100078,18,6,0,0,5.0,,53.0,,,0,1,1,0,0,8,1,1,1,0,0,0,3,0,0,1,40.0
101009,17,11,1,0,9.0,,33.0,,,0,0,0,0,0,7,1,1,0,1,1,1,2,0,0,0,0.0
101584,16,3,0,0,,,36.0,,,0,1,0,0,1,5,0,0,0,0,0,0,2,0,0,1,40.0
100607,15,6,0,0,6.0,8.0,45.0,52.0,0,0,1,1,0,1,7,1,1,0,2,1,2,5,0,0,0,0.0
101432,14,9,1,0,3.0,4.0,45.0,50.0,0,0,1,1,1,1,8,1,1,1,0,0,0,4,0,0,0,0.0
101600,15,3,0,0,5.0,,39.0,,,0,0,0,0,1,8,1,1,1,0,0,0,4,0,0,0,0.0
101465,18,6,1,1,5.0,0.0,53.0,64.0,0,0,1,1,1,1,9,1,1,1,1,1,1,6,0,0,0,0.0
101057,17,3,0,0,11.0,,43.0,,,0,1,1,0,0,8,1,1,1,0,0,0,3,0,0,0,0.0
101091,14,3,0,0,2.0,7.0,47.0,38.0,1,1,1,1,1,1,7,1,1,0,1,1,1,4,0,0,0,0.0
101101,13,4,0,0,,,,,,1,1,1,1,1,8,1,1,1,0,0,0,4,0,0,0,0.0
101129,15,7,1,0,5.0,5.0,35.0,37.0,0,1,1,1,1,1,8,1,1,1,0,0,0,4,0,0,0,0.0
101235,13,8,1,0,6.0,9.0,38.0,37.0,0,1,1,0,0,1,6,1,0,0,0,0,0,2,0,0,0,0.0
101416,17,3,1,0,9.0,11.0,39.0,46.0,1,0,1,1,1,1,10,1,1,1,0,0,0,5,0,0,0,0.0
100958,14,3,0,0,,11.0,,37.0,0,0,1,1,1,1,7,1,1,0,1,1,1,4,0,0,0,0.0
100559,14,3,0,0,5.0,,40.0,,,1,1,1,1,1,8,1,1,1,0,0,0,4,0,0,1,28.0
100846,14,7,1,0,9.0,5.0,42.0,42.0,0,0,1,1,1,1,6,1,0,0,0,0,0,2,0,0,0,0.0
100690,16,6,1,1,6.0,,39.0,,,0,0,0,0,1,9,1,1,1,0,0,0,6,1,1,1,8.0
101555,17,6,1,1,2.0,2.0,49.0,53.0,0,1,1,1,1,1,9,1,1,1,0,0,0,6,0,0,0,0.0
101499,14,4,0,0,,11.0,40.0,38.0,0,0,1,1,1,1,8,1,1,1,0,0,0,4,0,0,0,0.0
100436,14,7,1,0,2.0,9.0,40.0,47.0,0,1,1,1,1,1,8,1,1,1,0,0,0,4,0,0,0,0.0
100490,15,4,0,0,5.0,3.0,34.0,41.0,0,1,1,1,1,1,8,1,1,1,0,0,0,4,0,0,0,0.0
101605,16,3,0,0,5.0,,50.0,80.0,0,1,1,1,1,1,8,1,1,1,0,0,0,4,0,0,0,0.0
101477,16,5,0,0,9.0,,53.0,,,1,1,1,1,1,8,1,1,1,0,0,0,4,0,0,0,0.0
101387,17,6,1,1,9.0,5.0,37.0,40.0,1,0,1,1,0,1,8,1,1,1,0,1,1,6,0,0,0,0.0
100069,13,7,1,0,11.0,11.0,28.0,42.0,0,0,1,1,0,1,7,1,1,0,0,1,1,4,0,0,0,0.0
100808,17,5,0,0,8.0,2.0,36.0,41.0,0,0,1,1,1,1,6,1,0,0,0,0,0,2,0,0,0,0.0
101184,17,3,0,0,8.0,8.0,38.0,38.0,,1,1,1,1,1,8,1,1,1,0,0,0,4,0,0,0,0.0
100011,13,10,1,0,,8.0,,38.0,0,0,1,0,0,1,5,0,0,0,0,0,0,2,0,0,0,0.0
100144,15,3,0,0,5.0,5.0,57.0,57.0,0,0,1,0,0,0,6,1,0,0,0,0,0,1,0,0,0,0.0
100917,16,4,0,0,5.0,5.0,39.0,39.0,0,0,1,1,0,1,7,1,1,0,0,0,0,4,0,0,0,0.0
100639,19,6,1,1,4.0,,49.0,,,0,0,0,0,1,9,1,1,1,0,0,0,6,0,1,1,40.0
100176,14,4,0,0,7.0,3.0,43.0,56.0,0,0,1,1,0,1,8,1,1,1,0,0,0,4,0,0,0,0.0
100994,16,3,0,0,8.0,,33.0,,,0,1,1,1,1,8,1,1,1,0,0,0,4,0,0,1,0.0
100440,15,8,1,0,5.0,6.0,41.0,50.0,0,0,1,0,0,0,6,1,0,0,0,0,0,1,0,0,1,0.0
100521,12,7,1,0,,,,,,0,0,0,0,1,6,1,0,0,0,0,0,2,0,0,0,0.0
101590,14,6,0,0,9.0,2.0,45.0,45.0,0,1,1,1,1,1,8,1,1,1,0,0,0,4,0,0,0,0.0
101004,13,2,0,1,5.0,1.0,40.0,50.0,0,0,1,1,1,1,8,1,1,1,0,0,0,4,0,0,0,0.0
101255,16,7,1,1,7.0,5.0,34.0,38.0,0,0,0,0,0,1,8,1,1,1,1,1,1,5,0,0,0,0.0
101234,16,4,0,0,1.0,1.0,50.0,50.0,0,0,1,1,0,0,8,1,1,1,1,1,1,4,0,0,0,0.0
100143,13,7,1,0,5.0,5.0,34.0,36.0,0,1,1,1,1,1,6,1,0,0,0,0,0,2,0,0,0,0.0
100753,15,3,0,1,6.0,2.0,40.0,48.0,0,1,1,1,1,1,8,1,1,1,0,0,0,4,0,0,0,0.0
100519,14,4,0,0,8.0,,35.0,37.0,1,1,1,1,1,1,8,1,1,1,0,0,0,4,0,0,0,0.0
101610,14,8,1,0,5.0,2.0,35.0,46.0,0,0,1,1,0,1,8,1,1,1,0,0,0,4,0,0,0,0.0
101322,13,3,0,0,3.0,,47.0,52.0,0,0,1,0,0,1,7,1,1,0,0,1,1,4,0,0,0,0.0
100822,17,3,0,0,5.0,6.0,42.0,41.0,0,0,1,0,0,0,7,1,1,0,0,0,0,2,1,1,1,40.0
100428,18,5,1,1,1.0,,47.0,,,1,1,1,1,1,9,1,1,1,0,0,0,6,0,0,0,0.0
100612,15,4,0,0,2.0,5.0,42.0,43.0,0,1,1,1,1,1,8,1,1,1,0,0,0,4,0,0,0,0.0
101032,15,8,1,0,6.0,,30.0,,,0,1,0,0,1,8,1,1,1,0,0,0,4,0,0,0,0.0
100156,14,8,1,0,3.0,0.0,43.0,56.0,,0,1,1,1,1,6,1,0,0,1,1,1,3,0,0,0,0.0
100539,14,3,0,0,10.0,,45.0,44.0,,0,1,0,1,1,7,1,1,0,1,1,1,3,0,0,0,0.0
101290,16,7,1,0,5.0,3.0,51.0,51.0,0,1,1,1,1,1,8,1,1,1,0,0,0,4,0,0,0,0.0
100461,15,3,0,0,11.0,,37.0,41.0,,1,1,1,1,1,7,1,1,0,1,1,2,5,0,0,0,0.0
100576,13,7,1,0,5.0,5.0,31.0,45.0,0,0,0,0,0,1,6,1,0,0,0,0,0,2,0,0,0,0.0
101362,14,3,0,0,5.0,9.0,43.0,40.0,0,1,1,1,1,1,8,1,1,1,0,0,0,4,0,0,0,0.0
100255,18,5,1,0,8.0,,40.0,,,1,,,1,1,9,1,1,1,,0,0,1,0,0,0,0.0
100979,14,5,0,0,7.0,11.0,52.0,46.0,1,0,1,1,1,1,8,1,1,1,0,0,0,4,0,0,0,0.0
101185,14,3,0,0,5.0,8.0,45.0,41.0,0,1,0,0,1,1,9,1,1,1,0,0,0,4,0,0,0,0.0
101006,17,6,0,0,4.0,0.0,44.0,52.0,0,0,1,1,1,1,8,1,1,1,0,0,0,4,0,0,0,0.0
100560,16,4,0,0,11.0,7.0,38.0,38.0,0,0,1,1,0,0,7,1,1,0,0,0,0,2,0,0,0,0.0
100208,14,3,0,0,7.0,7.0,30.0,33.0,0,0,1,1,1,1,8,1,1,1,0,0,0,4,0,0,0,0.0
100910,13,7,1,0,10.0,,36.0,,,0,0,1,1,1,6,1,0,0,1,1,1,3,0,0,0,0.0
101311,16,4,0,0,5.0,5.0,45.0,50.0,0,0,1,0,0,1,7,1,1,0,1,1,1,4,0,0,1,40.0
100001,15,4,1,0,,,56.0,52.0,0,0,1,1,1,1,9,1,1,1,0,0,0,4,0,0,0,0.0
101365,14,5,0,0,5.0,3.0,32.0,40.0,0,0,1,0,0,1,6,1,0,0,1,1,1,4,0,0,0,0.0
100269,15,5,1,1,8.0,5.0,39.0,41.0,0,1,1,1,1,1,9,1,1,1,0,0,0,6,0,0,0,0.0
100265,16,5,0,0,9.0,5.0,50.0,49.0,0,0,1,1,0,1,6,1,0,0,0,0,0,3,0,0,1,30.0
100914,16,7,1,1,5.0,5.0,49.0,56.0,0,1,1,1,1,1,9,1,1,1,0,0,0,6,0,0,0,0.0
100230,14,3,0,0,5.0,5.0,43.0,45.0,0,0,1,1,1,1,8,1,1,1,0,0,0,4,0,0,0,0.0
101587,17,8,1,0,5.0,2.0,42.0,45.0,1,1,1,1,1,1,8,1,1,1,0,0,0,4,0,0,1,40.0
101119,17,3,0,0,2.0,,54.0,,,0,1,1,1,1,8,1,1,1,0,0,0,4,0,0,0,0.0
101582,13,7,1,0,2.0,,40.0,,,0,0,0,0,1,6,1,0,0,0,0,0,2,0,0,0,0.0
100864,14,8,1,0,7.0,9.0,48.0,57.0,0,0,1,1,0,1,8,1,1,1,0,0,0,4,0,0,0,0.0
101066,14,4,0,0,6.0,8.0,30.0,43.0,1,0,1,1,1,1,8,1,1,1,0,0,0,4,0,0,0,0.0
100873,14,3,0,0,8.0,11.0,34.0,39.0,0,0,1,1,1,1,7,1,1,0,0,1,1,4,0,0,0,0.0
101442,15,3,0,0,5.0,5.0,36.0,42.0,0,0,1,1,1,1,8,1,1,1,0,0,0,4,0,0,1,32.0
100398,14,3,0,0,5.0,,35.0,,,0,1,0,0,1,8,1,1,1,0,0,0,4,0,0,0,0.0
101591,16,3,0,0,9.0,9.0,39.0,41.0,0,0,1,1,1,1,10,0,0,0,0,0,0,4,0,0,0,0.0
100045,15,7,1,0,0.0,,38.0,,,1,1,1,1,1,9,1,1,1,0,0,0,6,0,0,0,0.0
100161,15,7,1,0,3.0,2.0,46.0,43.0,0,0,1,1,1,1,6,1,0,0,0,0,0,2,0,0,0,0.0
100991,17,6,0,0,3.0,,35.0,,,0,1,0,0,0,6,1,0,0,0,0,0,1,0,1,0,0.0
100727,13,3,0,0,11.0,5.0,36.0,45.0,0,0,0,0,0,1,8,1,1,1,0,0,0,4,0,0,0,0.0
100629,17,12,1,0,5.0,,60.0,,,0,1,1,1,1,9,1,1,1,0,0,0,4,0,0,1,0.0
100288,14,3,0,0,7.0,5.0,34.0,36.0,0,0,1,0,0,1,8,1,1,1,0,0,0,4,0,0,0,0.0
101059,14,6,1,0,11.0,11.0,38.0,40.0,1,1,1,1,1,1,9,1,1,1,0,0,0,4,0,0,0,0.0
101569,14,3,0,0,11.0,11.0,38.0,48.0,0,1,1,1,1,1,8,1,1,1,0,0,0,3,0,0,0,0.0
100575,14,3,0,0,5.0,5.0,42.0,42.0,0,1,1,1,1,1,8,1,1,1,0,0,0,4,0,0,0,0.0
100850,16,7,1,1,5.0,,34.0,37.0,0,1,1,1,1,1,9,1,1,1,0,0,0,6,0,0,0,0.0
101339,14,8,1,0,5.0,4.0,37.0,38.0,0,0,1,1,1,1,7,1,1,0,1,1,1,4,0,0,0,0.0
100911,15,7,1,0,3.0,3.0,37.0,36.0,0,0,1,1,1,1,7,1,1,0,0,0,0,3,0,0,0,0.0
101254,16,6,1,1,1.0,7.0,47.0,47.0,0,0,1,1,1,1,9,1,1,1,0,0,0,6,0,0,0,0.0
101461,17,3,0,0,5.0,,40.0,55.0,,0,1,0,0,1,5,0,0,0,0,0,0,2,0,0,0,0.0
100932,15,3,0,0,5.0,2.0,30.0,39.0,0,0,1,1,1,1,8,1,1,1,0,0,0,4,0,0,0,0.0
101100,17,4,0,0,6.0,8.0,37.0,52.0,1,0,0,0,0,0,8,1,1,1,0,0,0,3,0,0,0,0.0
101207,15,3,0,0,1.0,,38.0,40.0,,0,0,0,0,0,6,1,0,0,0,0,0,1,0,1,1,8.0
100247,16,2,0,1,0.0,1.0,48.0,58.0,0,1,1,1,1,1,8,1,1,1,0,0,0,4,0,0,0,0.0
100476,13,4,1,0,5.0,5.0,43.0,50.0,0,0,1,1,1,1,7,1,1,0,0,0,0,2,0,0,0,0.0
100085,16,7,1,0,0.0,5.0,40.0,57.0,0,0,1,1,1,1,5,0,0,0,2,1,2,4,0,0,0,0.0
100469,14,4,0,0,3.0,11.0,48.0,50.0,0,1,1,1,1,1,8,1,1,1,0,0,0,4,0,0,0,0.0
100225,13,2,0,0,5.0,,28.0,39.0,,1,1,1,1,1,8,1,1,1,0,0,0,4,0,0,0,0.0
100774,14,8,1,0,2.0,2.0,32.0,41.0,,1,1,1,1,1,8,1,1,1,0,0,0,4,0,0,0,0.0
100331,14,2,0,1,7.0,5.0,58.0,44.0,0,1,1,1,1,1,8,1,1,1,0,0,0,4,0,0,1,40.0
100233,16,3,0,0,5.0,5.0,40.0,51.0,0,1,1,1,1,1,8,1,1,1,0,0,0,4,0,0,0,0.0
100588,17,5,1,1,,,41.0,,,0,1,1,1,1,9,1,1,1,0,0,0,6,0,0,1,16.0
100475,15,4,0,0,5.0,5.0,44.0,51.0,,0,1,0,0,0,5,0,0,0,0,0,0,1,0,0,1,40.0
101284,12,7,1,0,7.0,5.0,41.0,45.0,0,1,1,1,1,1,6,1,0,0,0,0,0,2,0,0,0,0.0
100599,16,5,0,0,6.0,6.0,34.0,38.0,0,0,1,1,1,1,8,1,1,1,0,0,0,4,0,0,0,0.0
100421,13,4,0,0,3.0,3.0,8.0,36.0,0,0,1,1,1,1,8,1,1,1,0,0,0,4,0,0,0,0.0
100182,16,7,1,0,7.0,5.0,33.0,,,1,1,1,1,1,6,1,0,0,0,0,0,2,0,0,0,0.0
100988,13,2,0,0,5.0,5.0,37.0,38.0,0,1,1,1,1,1,8,1,1,1,0,0,0,4,0,0,0,0.0
101000,18,4,0,0,7.0,11.0,46.0,52.0,0,0,0,1,0,0,7,1,1,0,0,0,0,3,0,0,1,40.0
101356,16,6,0,0,5.0,8.0,50.0,50.0,0,0,1,1,1,1,8,1,1,1,1,1,2,6,0,0,1,40.0
101462,14,8,1,0,8.0,11.0,34.0,48.0,0,1,1,1,1,1,6,1,0,0,0,0,0,2,0,0,0,0.0
100049,13,3,0,0,11.0,10.0,41.0,50.0,1,0,1,1,1,1,8,1,1,1,0,0,0,4,0,0,0,0.0
101506,15,7,1,0,8.0,8.0,45.0,43.0,1,0,1,1,1,1,7,1,1,0,1,1,1,4,0,0,0,0.0
101029,14,3,0,0,9.0,5.0,37.0,39.0,0,1,1,1,1,1,8,1,1,1,0,0,0,4,0,0,0,0.0
100529,15,7,1,0,5.0,5.0,40.0,32.0,0,0,1,0,0,0,5,0,0,0,2,1,2,3,0,0,0,0.0
101258,14,6,0,0,5.0,,40.0,,,0,1,0,0,1,7,1,1,0,0,1,1,4,0,0,0,0.0
100486,17,4,0,0,4.0,5.0,42.0,44.0,0,1,1,1,1,1,8,1,1,1,0,0,0,4,0,0,0,0.0
101567,12,7,1,0,11.0,,37.0,,,0,0,0,0,1,6,1,0,0,0,0,0,2,0,0,0,0.0
100497,13,3,0,0,5.0,5.0,43.0,40.0,0,0,1,1,1,1,8,1,1,1,0,1,1,4,0,0,0,0.0
100106,15,3,0,0,8.0,5.0,43.0,49.0,0,1,1,1,1,1,8,1,1,1,0,0,0,4,0,0,1,0.0
100443,14,8,1,0,9.0,5.0,36.0,42.0,0,1,1,1,1,1,8,1,1,1,0,0,0,4,0,0,0,0.0
100646,15,4,1,0,3.0,,49.0,,,1,1,1,1,1,9,1,1,1,0,0,0,4,0,0,0,0.0
101036,15,6,0,0,6.0,0.0,52.0,58.0,0,1,1,1,1,1,8,1,1,1,0,0,0,4,0,0,0,0.0
100726,12,3,0,0,5.0,5.0,42.0,40.0,0,1,1,1,1,1,8,1,1,1,0,0,0,4,0,0,0,0.0
100190,18,6,1,1,0.0,,53.0,,,0,0,0,0,1,10,1,1,1,0,0,0,6,0,0,0,0.0
100282,17,8,1,0,11.0,,40.0,,,0,1,1,0,0,7,1,1,0,0,0,0,2,0,0,1,40.0
100029,13,6,1,0,8.0,6.0,32.0,32.0,,0,1,0,0,1,6,1,0,0,0,0,0,2,0,0,0,0.0
100169,14,3,0,0,9.0,7.0,31.0,37.0,0,0,1,1,0,1,7,1,1,0,0,0,0,4,0,0,0,0.0
101001,14,3,0,0,,,,,1,0,1,1,1,1,8,1,1,1,0,0,0,4,0,0,0,0.0
101204,15,3,0,0,5.0,5.0,35.0,43.0,0,0,1,0,0,1,8,1,1,1,0,0,0,4,0,0,0,0.0
100100,14,4,0,0,11.0,8.0,35.0,45.0,,0,1,1,1,1,8,1,1,1,0,0,0,4,0,0,0,0.0
100197,17,6,1,1,9.0,8.0,40.0,45.0,0,0,1,1,1,1,9,1,1,1,0,0,0,6,0,0,0,0.0
100495,18,6,1,1,5.0,,35.0,,,0,0,0,0,0,7,1,1,0,0,0,0,2,0,0,1,40.0
100647,15,3,0,0,2.0,5.0,47.0,48.0,0,0,0,0,1,1,6,1,0,0,0,0,0,3,0,1,0,0.0
100987,16,8,1,0,3.0,6.0,32.0,32.0,0,1,1,1,1,1,8,1,1,1,0,0,0,4,0,0,1,0.0
100044,13,7,1,0,1.0,5.0,33.0,60.0,0,0,1,1,1,1,6,1,0,0,0,0,0,2,0,0,1,20.0
100710,14,7,1,0,9.0,,38.0,40.0,,0,1,0,0,1,8,1,1,1,0,0,0,4,0,0,0,0.0
100373,15,3,0,0,5.0,6.0,36.0,44.0,0,0,1,1,1,1,8,1,1,1,0,0,0,4,0,0,0,0.0
100678,17,7,1,0,7.0,4.0,56.0,51.0,0,0,0,0,0,0,6,1,0,0,1,1,1,2,0,0,1,6.0
100566,15,3,0,0,11.0,8.0,35.0,49.0,0,0,1,1,0,1,8,1,1,1,0,0,0,4,0,0,0,0.0
100847,17,6,1,1,,,,,,0,1,0,0,1,7,1,1,0,0,0,0,4,0,0,0,0.0
100460,14,6,0,0,9.0,,32.0,,,0,1,1,0,1,8,1,1,1,0,0,0,4,0,0,0,0.0
101437,15,3,0,0,7.0,8.0,43.0,36.0,0,1,1,1,1,1,8,1,1,1,0,0,0,4,0,0,1,12.0
101155,15,3,0,0,4.0,3.0,38.0,40.0,0,0,1,1,1,1,8,1,1,1,0,0,0,4,0,0,0,0.0
100039,15,2,0,1,10.0,5.0,48.0,50.0,0,0,1,1,1,1,8,1,1,1,0,0,0,4,0,0,0,0.0
100434,15,8,1,0,5.0,8.0,45.0,41.0,0,1,1,1,1,1,8,1,1,1,0,0,0,4,0,0,0,0.0
100973,14,7,1,0,5.0,6.0,35.0,35.0,0,0,1,1,1,1,7,1,1,0,0,1,1,4,0,0,0,0.0
101239,16,3,0,0,11.0,9.0,45.0,39.0,0,0,1,0,0,1,7,1,1,0,0,0,0,3,0,0,1,8.0
101007,11,8,1,0,7.0,11.0,37.0,40.0,0,1,0,0,0,1,6,1,0,0,0,0,0,2,0,0,0,0.0
101498,15,7,1,0,5.0,6.0,35.0,39.0,0,0,1,0,0,0,7,1,1,0,1,1,1,4,0,0,0,0.0
100456,12,7,1,0,6.0,11.0,27.0,30.0,0,1,1,1,1,1,6,1,0,0,0,0,0,2,0,0,0,0.0
100260,14,4,0,0,5.0,,36.0,,,0,1,1,1,1,8,1,1,1,0,0,0,4,0,0,0,0.0
100035,15,6,0,0,9.0,9.0,33.0,33.0,0,0,1,1,,1,7,1,1,0,0,0,0,3,0,0,0,0.0
100827,17,6,1,1,0.0,2.0,50.0,50.0,0,0,1,1,1,1,8,1,1,1,0,1,1,6,0,0,0,0.0
100309,16,4,0,0,2.0,11.0,43.0,48.0,0,0,1,0,0,0,5,0,0,0,0,0,0,1,0,0,0,0.0
100276,12,7,1,0,5.0,4.0,37.0,50.0,0,0,1,1,1,1,6,1,0,0,0,0,0,2,0,0,0,0.0
100636,15,5,0,0,5.0,5.0,35.0,40.0,0,0,1,1,0,1,8,1,1,1,0,0,0,4,0,0,0,0.0
100654,11,7,1,0,8.0,9.0,37.0,35.0,0,0,1,1,1,1,6,1,0,0,0,0,0,2,0,0,0,0.0
100622,17,3,0,0,8.0,5.0,45.0,47.0,0,0,1,0,0,1,8,1,1,1,1,1,1,4,0,0,1,18.0
100844,14,4,0,0,3.0,5.0,37.0,52.0,0,1,1,1,1,1,8,1,1,1,0,0,0,4,0,0,0,0.0
100393,14,7,1,0,3.0,2.0,38.0,48.0,0,0,1,0,1,1,5,0,0,0,1,1,1,2,0,0,0,0.0
100107,13,8,1,0,3.0,6.0,34.0,34.0,,1,1,1,1,1,6,1,0,0,0,0,0,2,0,0,0,0.0
100349,18,7,1,1,,,45.0,,,0,1,1,0,0,8,1,1,1,0,1,1,5,0,0,1,20.0
100524,13,7,1,0,5.0,1.0,40.0,49.0,0,0,0,0,0,1,5,0,0,0,1,1,1,2,0,0,1,20.0
100784,12,7,1,0,7.0,11.0,42.0,56.0,0,1,1,1,1,1,6,1,0,0,0,0,0,2,0,0,0,0.0
100047,17,8,1,1,6.0,,36.0,,,0,1,0,0,0,7,1,1,0,0,0,0,3,1,0,0,0.0
100203,18,4,0,0,5.0,5.0,49.0,52.0,0,0,1,1,,,11,0,0,0,0,0,0,5,0,0,0,0.0
100021,14,2,0,0,5.0,1.0,35.0,39.0,0,0,1,1,1,1,8,1,1,1,0,0,0,4,0,0,0,0.0
100402,14,3,0,0,7.0,6.0,38.0,37.0,0,0,1,1,0,1,8,1,1,1,0,0,0,4,0,0,0,0.0
101107,13,3,0,0,5.0,8.0,53.0,47.0,0,0,1,1,1,1,8,1,1,1,0,0,0,4,0,0,0,0.0
101154,16,9,1,1,,,,,,1,1,1,1,1,8,1,1,1,0,0,0,4,0,0,1,9.0
101439,16,3,0,0,7.0,1.0,42.0,42.0,0,1,1,1,1,1,8,1,1,1,0,0,0,4,0,0,0,0.0
100989,15,8,1,0,7.0,,45.0,44.0,,1,1,1,1,1,8,1,1,1,0,0,0,4,0,0,0,0.0
100741,17,3,0,0,3.0,2.0,54.0,48.0,0,0,1,0,0,1,8,1,1,1,0,0,0,4,0,0,0,0.0
101310,13,7,1,0,8.0,5.0,35.0,35.0,0,0,1,1,1,1,6,1,0,0,0,0,0,2,0,0,0,0.0
101147,16,7,1,0,5.0,,33.0,,,0,1,0,0,0,6,1,0,0,0,0,0,1,0,0,1,8.0
100033,14,7,1,0,5.0,3.0,49.0,62.0,0,1,1,1,1,1,6,1,0,0,0,0,0,2,0,0,0,0.0
100787,15,3,0,0,9.0,7.0,37.0,47.0,0,0,1,1,1,1,8,1,1,1,0,0,0,4,0,0,0,0.0
101540,16,2,0,0,6.0,,42.0,,,0,1,0,0,0,7,1,1,0,0,0,0,2,1,0,0,0.0
100923,12,7,1,0,6.0,,31.0,,,1,1,1,1,1,6,1,0,0,0,0,0,2,0,0,0,0.0
101043,16,3,0,0,5.0,,32.0,33.0,,0,1,1,1,1,8,1,1,1,0,0,0,4,0,0,0,0.0
101550,17,3,0,0,5.0,,56.0,,,0,1,0,0,0,6,1,0,0,0,0,0,1,0,0,1,40.0
101243,16,4,0,0,5.0,5.0,35.0,37.0,0,0,1,1,1,1,6,1,0,0,0,1,1,4,0,0,0,0.0
100579,15,4,0,0,3.0,,33.0,,,0,1,1,0,1,8,1,1,1,0,0,0,4,0,0,0,0.0
100481,14,4,0,0,3.0,4.0,47.0,51.0,0,1,1,1,1,1,8,1,1,1,0,0,0,4,0,0,0,0.0
100931,16,2,0,0,5.0,6.0,39.0,42.0,0,0,1,0,0,0,6,1,0,0,0,0,0,1,0,0,1,0.0
100356,12,7,1,0,4.0,11.0,37.0,41.0,0,1,1,0,1,1,5,0,0,0,1,1,1,2,0,0,0,0.0
101248,14,4,0,0,6.0,5.0,38.0,42.0,0,0,1,1,0,1,7,1,1,0,0,0,0,4,0,0,0,0.0
100759,15,5,0,0,6.0,5.0,35.0,39.0,0,0,,,,1,8,1,1,1,,0,0,1,0,0,0,0.0
100092,16,7,1,0,6.0,,37.0,,,0,1,1,0,1,7,1,1,0,0,1,1,4,0,0,1,10.0
101175,13,7,1,0,5.0,1.0,37.0,39.0,0,0,1,1,1,1,6,1,0,0,0,0,0,2,0,0,0,0.0
101415,18,3,0,0,5.0,2.0,47.0,57.0,0,0,0,1,1,1,10,1,1,1,0,0,0,6,0,0,0,0.0
101341,14,4,0,0,6.0,3.0,38.0,36.0,0,1,1,1,1,1,8,1,1,1,0,0,0,4,0,0,0,0.0
101472,12,3,0,0,11.0,,47.0,,,0,1,1,1,1,7,1,1,0,0,0,0,3,0,0,0,0.0
100803,16,7,1,1,5.0,6.0,34.0,46.0,0,0,0,0,0,1,9,1,1,1,0,0,0,6,0,0,0,0.0
100745,14,4,0,0,5.0,5.0,44.0,46.0,0,0,1,1,1,1,8,1,1,1,0,0,0,4,0,0,0,0.0
101546,15,4,0,0,5.0,,31.0,,,1,1,1,1,1,8,1,1,1,0,0,0,4,0,0,0,0.0
100279,14,3,0,0,5.0,0.0,37.0,42.0,0,0,1,0,0,1,7,1,1,0,0,0,0,3,0,0,0,0.0
100764,13,3,0,0,9.0,11.0,34.0,38.0,0,1,1,1,1,1,8,1,1,1,0,0,0,4,0,0,0,0.0
100604,13,7,1,0,7.0,6.0,35.0,38.0,1,0,1,1,1,1,6,1,0,0,0,0,0,2,0,0,0,0.0
101597,17,4,0,0,11.0,11.0,59.0,58.0,0,1,1,1,1,1,9,1,1,1,0,0,0,4,0,0,0,0.0
101373,17,5,0,0,5.0,,40.0,,,0,1,0,0,0,6,1,0,0,0,0,0,1,0,0,1,40.0
101398,14,4,0,0,11.0,,43.0,,,0,1,1,1,1,8,1,1,1,0,0,0,4,0,0,0,0.0
100400,14,3,0,1,11.0,5.0,38.0,45.0,0,1,1,1,1,1,8,1,1,1,0,0,0,4,0,0,0,0.0
100257,14,3,0,0,2.0,2.0,44.0,55.0,0,1,1,1,1,1,8,1,1,1,0,0,0,4,0,0,0,0.0
100944,20,7,1,1,5.0,5.0,48.0,49.0,0,1,1,1,1,1,9,1,1,1,0,0,0,6,0,0,0,0.0
101096,15,8,1,0,6.0,,32.0,,,0,1,1,1,1,6,1,0,0,0,0,0,2,0,0,0,0.0
101219,14,4,0,0,9.0,3.0,46.0,48.0,0,0,1,1,1,1,7,1,1,0,0,0,0,3,0,0,1,0.0
101507,15,6,1,0,,,,,,0,1,1,1,1,9,1,1,1,0,0,0,6,0,0,1,10.0
101161,14,2,0,0,5.0,5.0,37.0,41.0,0,1,0,0,0,1,8,1,1,1,0,0,0,4,0,0,0,0.0
100494,18,6,1,1,3.0,,32.0,,,0,0,0,0,0,7,1,1,0,0,0,0,3,1,1,1,12.0
100772,13,7,1,0,0.0,3.0,52.0,51.0,0,0,1,0,0,1,6,1,0,0,0,0,0,2,0,0,0,0.0
100550,13,2,0,1,10.0,5.0,33.0,40.0,,1,1,1,1,1,8,1,1,1,0,0,0,4,0,0,0,0.0
101486,17,6,0,0,3.0,,67.0,51.0,,0,1,1,0,0,7,1,1,0,0,0,0,2,0,0,1,40.0
100201,14,4,0,0,7.0,6.0,41.0,41.0,0,0,0,1,1,1,9,1,1,1,0,0,0,5,0,0,0,0.0
100312,14,7,1,0,3.0,4.0,42.0,41.0,0,1,1,1,1,1,6,1,0,0,0,0,0,2,0,0,0,0.0
100290,12,7,1,0,5.0,5.0,30.0,43.0,0,1,1,1,1,1,6,1,0,0,0,0,0,2,0,0,0,0.0
101213,18,3,0,0,5.0,,40.0,,,1,1,1,1,1,8,1,1,1,0,0,0,4,0,0,0,0.0
100763,17,6,1,1,3.0,,45.0,,,0,0,0,0,1,9,1,1,1,0,0,0,6,0,0,0,0.0
101136,12,7,1,0,7.0,7.0,32.0,33.0,0,0,0,0,0,1,6,1,0,0,0,0,0,2,0,0,0,0.0
100949,15,8,1,0,,,,,,1,1,1,1,1,8,1,1,1,0,0,0,4,0,0,0,0.0
100183,14,8,1,0,9.0,11.0,53.0,51.0,0,0,1,1,1,1,8,1,1,1,0,0,0,4,0,0,0,0.0
101176,14,2,0,0,5.0,0.0,37.0,42.0,0,0,1,1,1,1,8,1,1,1,0,0,0,4,0,0,0,0.0
101349,18,6,0,0,8.0,,34.0,,,0,1,0,0,0,5,0,0,0,0,0,0,1,0,1,0,0.0
101068,15,1,1,0,4.0,5.0,32.0,39.0,0,0,1,1,1,1,9,1,1,1,0,0,0,4,0,0,0,0.0
101468,14,3,0,0,5.0,,45.0,,,1,1,1,1,1,8,1,1,1,0,0,0,4,0,0,0,0.0
101030,18,6,1,1,4.0,4.0,53.0,62.0,0,0,0,0,0,1,9,1,1,1,0,0,0,6,0,0,0,0.0
100250,12,7,1,0,5.0,,51.0,,0,0,1,1,1,1,6,1,0,0,0,0,0,2,0,0,0,0.0
100823,18,6,1,0,,,,47.0,,0,0,0,0,0,8,0,0,0,0,0,0,3,0,0,1,40.0
101099,12,7,1,0,6.0,7.0,32.0,34.0,1,0,1,0,0,1,6,1,0,0,0,0,0,2,0,0,0,0.0
101536,13,8,1,0,11.0,8.0,40.0,42.0,0,0,1,1,1,1,8,1,1,1,0,0,0,4,0,0,0,0.0
100940,14,3,0,0,0.0,2.0,47.0,49.0,0,1,1,1,1,1,8,1,1,1,0,0,0,4,0,0,0,0.0
100391,14,3,0,0,5.0,,38.0,38.0,0,1,1,1,1,1,8,1,1,1,0,0,0,4,0,0,0,0.0
101456,13,3,0,0,8.0,11.0,40.0,40.0,0,1,1,1,1,1,8,1,1,1,0,0,0,4,0,0,0,0.0
101092,12,11,1,0,7.0,8.0,35.0,38.0,0,0,1,0,0,0,6,1,0,0,0,0,0,1,0,0,0,0.0
101191,19,6,1,1,,5.0,,43.0,0,0,0,0,0,1,9,1,1,1,0,0,0,6,0,0,0,0.0
100904,16,7,1,1,7.0,11.0,42.0,42.0,0,1,1,1,1,1,9,1,1,1,0,0,0,6,0,0,0,0.0
100730,14,4,1,0,9.0,2.0,42.0,46.0,,0,0,0,1,1,7,1,1,0,0,1,1,4,0,0,0,0.0
100554,13,6,0,0,,,,,,0,1,1,1,1,8,1,1,1,0,0,0,4,0,0,0,0.0
100366,14,5,0,0,2.0,5.0,43.0,45.0,0,0,1,0,0,1,7,1,1,0,1,1,1,4,0,0,0,0.0
100345,15,4,0,0,10.0,10.0,36.0,40.0,0,1,1,1,1,1,8,1,1,1,0,0,0,4,0,0,0,0.0
100535,15,3,0,0,10.0,5.0,45.0,56.0,0,1,1,1,1,1,8,1,1,1,0,0,0,4,0,0,0,0.0
101422,13,2,0,1,8.0,,36.0,,,0,1,1,0,1,8,1,1,1,0,0,0,4,0,0,0,0.0
101209,14,3,0,0,5.0,5.0,52.0,56.0,0,0,1,0,0,1,8,1,1,1,0,0,0,4,0,0,0,0.0
101372,12,7,1,0,8.0,5.0,34.0,37.0,0,0,1,0,0,1,6,1,0,0,0,0,0,2,0,0,0,0.0
100919,14,3,0,0,5.0,10.0,40.0,47.0,0,0,1,1,1,1,8,1,1,1,0,0,0,4,0,0,0,0.0
100211,16,3,0,0,5.0,5.0,38.0,39.0,0,0,1,1,1,1,8,1,1,1,0,0,0,4,0,0,0,0.0
101603,14,3,0,0,8.0,6.0,35.0,34.0,0,0,1,1,1,1,7,1,1,0,1,1,1,4,0,0,0,0.0
100502,14,8,1,0,6.0,0.0,39.0,36.0,0,1,1,1,1,1,8,1,1,1,0,0,0,4,0,0,0,0.0
100537,14,4,1,0,7.0,4.0,31.0,31.0,0,0,1,1,0,0,9,1,1,1,0,0,0,4,0,0,0,0.0
101220,16,3,0,0,4.0,,37.0,,,0,1,0,1,1,6,1,0,0,1,1,1,3,0,0,1,40.0
100175,16,3,0,0,5.0,,37.0,,,0,1,0,0,0,5,0,0,0,0,0,0,1,0,0,1,40.0