applicant_id,municipality,application_year,selected,male,age_at_application,has_phone,ses_stratum,neighborhood,age_at_survey,survey_month,survey_form,household_visit,mother_educ,father_educ,mother_age,father_age,father_income_high,receiving_aid_now,started_g6_private,started_g7_private,in_private_now,in_school_now,highest_grade,finished_g6,finished_g7,finished_g8,repeats_g6,ever_repeated,total_repeats,years_in_school,married_or_cohab,has_child,working,hours_worked,cohort,age_gap,application_year_plus_age_gap,mother_child_age_gap,father_child_age_gap,flag_age_pair_missing,flag_age_decreases,flag_age_unchanged,flag_age_gap_outside_2_4,flag_grade_6_contradiction,flag_grade_7_contradiction,flag_grade_8_contradiction,flag_any_grade_contradiction,flag_mother_not_older_than_child,flag_mother_age_gap_under_12,flag_mother_age_gap_over_60,flag_father_not_older_than_child,flag_father_age_gap_under_12,flag_father_age_gap_over_60,flag_nonworker_positive_hours,flag_worker_zero_hours,flag_years_in_school_above_4,flag_selected_invalid_binary,flag_male_invalid_binary,flag_has_phone_invalid_binary,flag_survey_form_invalid_binary,flag_household_visit_invalid_binary,flag_father_income_high_invalid_binary,flag_receiving_aid_now_invalid_binary,flag_started_g6_private_invalid_binary,flag_started_g7_private_invalid_binary,flag_in_private_now_invalid_binary,flag_in_school_now_invalid_binary,flag_finished_g6_invalid_binary,flag_finished_g7_invalid_binary,flag_finished_g8_invalid_binary,flag_ever_repeated_invalid_binary,flag_married_or_cohab_invalid_binary,flag_has_child_invalid_binary,flag_working_invalid_binary,flag_ses_stratum_out_of_range,flag_neighborhood_out_of_range,flag_survey_month_out_of_range,flag_repeats_g6_out_of_range,flag_total_repeats_out_of_range,flag_private_but_not_enrolled,flag_g7_without_g6,flag_g8_without_g7,flag_g6_repeats_exceed_total,flag_any_repeat_disagrees_total,flag_hours_outside_0_168
100000,A,2022,0,1,12.0,1,3.0,,12.0,7,1,0,8.0,9.0,37.0,37.0,0.0,0.0,1.0,1.0,1.0,1.0,6,1.0,0.0,0.0,0.0,0.0,0.0,2.0,0.0,0.0,0.0,0.0,A_2022,0.0,2022.0,25.0,25.0,0,0,1,1,0,0,0,0,0,0,0,0,0,0,0,0,0,0,0,0,0,0,0,0,0,0,0,0,0,0,0,0,0,0,0,0,0,0,0,0,0,0,0,0,0,0
100001,A,2020,1,1,12.0,1,2.0,17.0,15.0,4,1,0,,,56.0,52.0,0.0,0.0,1.0,1.0,1.0,1.0,9,1.0,1.0,1.0,0.0,0.0,0.0,4.0,0.0,0.0,0.0,0.0,A_2020,3.0,2023.0,41.0,37.0,0,0,0,0,0,0,0,0,0,0,0,0,0,0,0,0,0,0,0,0,0,0,0,0,0,0,0,0,0,0,0,0,0,0,0,0,0,0,0,0,0,0,0,0,0,0
100002,A,2020,1,0,13.0,1,2.0,7.0,16.0,4,0,0,5.0,5.0,37.0,48.0,1.0,0.0,1.0,1.0,1.0,1.0,8,1.0,1.0,1.0,1.0,1.0,1.0,4.0,0.0,0.0,0.0,0.0,A_2020,3.0,2023.0,21.0,32.0,0,0,0,0,0,0,0,0,0,0,0,0,0,0,0,0,0,0,0,0,0,0,0,0,0,0,0,0,0,0,0,0,0,0,0,0,0,0,0,0,0,0,0,0,0,0
100003,A,2020,1,0,13.0,1,2.0,19.0,15.0,3,0,0,0.0,0.0,60.0,64.0,0.0,1.0,1.0,1.0,1.0,1.0,8,1.0,1.0,1.0,0.0,0.0,0.0,4.0,0.0,0.0,0.0,0.0,A_2020,2.0,2022.0,45.0,49.0,0,0,0,0,0,0,0,0,0,0,0,0,0,0,0,0,0,0,0,0,0,0,0,0,0,0,0,0,0,0,0,0,0,0,0,0,0,0,0,0,0,0,0,0,0,0
100004,A,2020,0,0,12.0,1,1.0,5.0,14.0,3,0,0,3.0,4.0,46.0,52.0,0.0,0.0,0.0,0.0,0.0,1.0,8,1.0,1.0,1.0,0.0,0.0,0.0,4.0,0.0,0.0,0.0,0.0,A_2020,2.0,2022.0,32.0,38.0,0,0,0,0,0,0,0,0,0,0,0,0,0,0,0,0,0,0,0,0,0,0,0,0,0,0,0,0,0,0,0,0,0,0,0,0,0,0,0,0,0,0,0,0,0,0
100005,A,2022,1,1,11.0,1,2.0,,12.0,7,1,0,7.0,5.0,37.0,36.0,0.0,1.0,1.0,1.0,1.0,1.0,6,1.0,0.0,0.0,0.0,0.0,0.0,2.0,0.0,0.0,0.0,0.0,A_2022,1.0,2023.0,25.0,24.0,0,0,0,1,0,0,0,0,0,0,0,0,0,0,0,0,0,0,0,0,0,0,0,0,0,0,0,0,0,0,0,0,0,0,0,0,0,0,0,0,0,0,0,0,0,0
100006,A,2022,1,0,10.0,1,3.0,,11.0,8,1,0,7.0,,39.0,,,1.0,1.0,1.0,1.0,1.0,6,1.0,0.0,0.0,0.0,0.0,0.0,2.0,0.0,0.0,0.0,0.0,A_2022,1.0,2023.0,28.0,,0,0,0,1,0,0,0,0,0,0,0,0,0,0,0,0,0,0,0,0,0,0,0,0,0,0,0,0,0,0,0,0,0,0,0,0,0,0,0,0,0,0,0,0,0,0
100007,A,2020,0,1,11.0,1,2.0,19.0,14.0,3,0,0,,8.0,26.0,37.0,0.0,0.0,1.0,1.0,1.0,1.0,7,1.0,1.0,0.0,0.0,0.0,0.0,4.0,0.0,0.0,0.0,0.0,A_2020,3.0,2023.0,12.0,23.0,0,0,0,0,0,0,0,0,0,0,0,0,0,0,0,0,0,0,0,0,0,0,0,0,0,0,0,0,0,0,0,0,0,0,0,0,0,0,0,0,0,0,0,0,0,0
100008,A,2020,0,0,11.0,1,2.0,,14.0,8,1,0,5.0,5.0,40.0,46.0,0.0,0.0,1.0,1.0,1.0,1.0,8,1.0,1.0,1.0,0.0,0.0,0.0,4.0,0.0,0.0,0.0,0.0,A_2020,3.0,2023.0,26.0,32.0,0,0,0,0,0,0,0,0,0,0,0,0,0,0,0,0,0,0,0,0,0,0,0,0,0,0,0,0,0,0,0,0,0,0,0,0,0,0,0,0,0,0,0,0,0,0
100009,A,2020,1,0,12.0,1,2.0,18.0,15.0,3,0,0,5.0,3.0,40.0,42.0,0.0,1.0,1.0,1.0,1.0,1.0,8,1.0,1.0,1.0,0.0,0.0,0.0,4.0,0.0,0.0,0.0,0.0,A_2020,3.0,2023.0,25.0,27.0,0,0,0,0,0,0,0,0,0,0,0,0,0,0,0,0,0,0,0,0,0,0,0,0,0,0,0,0,0,0,0,0,0,0,0,0,0,0,0,0,0,0,0,0,0,0
100010,A,2020,0,0,15.0,1,2.0,19.0,17.0,6,0,0,,,,,,0.0,1.0,1.0,1.0,1.0,7,1.0,1.0,0.0,1.0,1.0,1.0,4.0,0.0,0.0,0.0,0.0,A_2020,2.0,2022.0,,,0,0,0,0,0,0,0,0,0,0,0,0,0,0,0,0,0,0,0,0,0,0,0,0,0,0,0,0,0,0,0,0,0,0,0,0,0,0,0,0,0,0,0,0,0,0
100011,A,2022,1,1,12.0,1,2.0,,13.0,10,1,0,,8.0,,38.0,0.0,0.0,1.0,0.0,0.0,1.0,5,0.0,0.0,0.0,0.0,0.0,0.0,2.0,0.0,0.0,0.0,0.0,A_2022,1.0,2023.0,,25.0,0,0,0,1,0,0,0,0,0,0,0,0,0,0,0,0,0,0,0,0,0,0,0,0,0,0,0,0,0,0,0,0,0,0,0,0,0,0,0,0,0,0,0,0,0,0
100012,A,2020,0,1,11.0,1,2.0,,14.0,6,0,0,5.0,,32.0,31.0,0.0,0.0,0.0,0.0,0.0,1.0,5,0.0,0.0,0.0,1.0,1.0,1.0,3.0,0.0,0.0,0.0,0.0,A_2020,3.0,2023.0,18.0,17.0,0,0,0,0,0,0,0,0,0,0,0,0,0,0,0,0,0,0,0,0,0,0,0,0,0,0,0,0,0,0,0,0,0,0,0,0,0,0,0,0,0,0,0,0,0,0
100013,A,2020,1,1,11.0,1,2.0,15.0,14.0,3,0,0,11.0,11.0,39.0,49.0,0.0,0.0,1.0,1.0,1.0,1.0,8,1.0,1.0,1.0,0.0,0.0,0.0,4.0,0.0,0.0,0.0,0.0,A_2020,3.0,2023.0,25.0,35.0,0,0,0,0,0,0,0,0,0,0,0,0,0,0,0,0,0,0,0,0,0,0,0,0,0,0,0,0,0,0,0,0,0,0,0,0,0,0,0,0,0,0,0,0,0,0
100014,A,2020,1,1,14.0,1,,,16.0,2,0,1,9.0,5.0,41.0,41.0,0.0,1.0,0.0,0.0,0.0,1.0,8,1.0,1.0,1.0,0.0,0.0,0.0,4.0,0.0,0.0,1.0,40.0,A_2020,2.0,2022.0,25.0,25.0,0,0,0,0,0,0,0,0,0,0,0,0,0,0,0,0,0,0,0,0,0,0,0,0,0,0,0,0,0,0,0,0,0,0,0,0,0,0,0,0,0,0,0,0,0,0
100015,A,2020,1,0,14.0,1,1.0,5.0,17.0,7,1,0,5.0,6.0,40.0,42.0,,0.0,0.0,0.0,0.0,1.0,8,1.0,1.0,1.0,0.0,0.0,0.0,4.0,0.0,1.0,0.0,0.0,A_2020,3.0,2023.0,23.0,25.0,0,0,0,0,0,0,0,0,0,0,0,0,0,0,0,0,0,0,0,0,0,0,0,0,0,0,0,0,0,0,0,0,0,0,0,0,0,0,0,0,0,0,0,0,0,0
100016,B,2018,1,0,12.0,0,2.0,,16.0,8,1,1,4.0,4.0,38.0,42.0,0.0,0.0,0.0,0.0,0.0,1.0,10,1.0,1.0,1.0,0.0,0.0,0.0,6.0,0.0,0.0,0.0,0.0,B_2018,4.0,2022.0,22.0,26.0,0,0,0,0,0,0,0,0,0,0,0,0,0,0,0,0,1,0,0,0,0,0,0,0,0,0,0,0,0,0,0,0,0,0,0,0,0,0,0,0,0,0,0,0,0,0
100017,A,2022,1,0,13.0,1,2.0,,14.0,4,1,0,0.0,2.0,34.0,50.0,0.0,1.0,1.0,1.0,0.0,1.0,7,1.0,1.0,0.0,0.0,0.0,0.0,2.0,0.0,0.0,0.0,0.0,A_2022,1.0,2023.0,20.0,36.0,0,0,0,1,0,0,0,0,0,0,0,0,0,0,0,0,0,0,0,0,0,0,0,0,0,0,0,0,0,0,0,0,0,0,0,0,0,0,0,0,0,0,0,0,0,0
100018,A,2020,1,1,12.0,1,,19.0,14.0,5,1,0,6.0,,55.0,,,1.0,1.0,1.0,1.0,1.0,9,1.0,1.0,1.0,0.0,0.0,0.0,4.0,0.0,0.0,0.0,0.0,A_2020,2.0,2022.0,41.0,,0,0,0,0,0,0,0,0,0,0,0,0,0,0,0,0,0,0,0,0,0,0,0,0,0,0,0,0,0,0,0,0,0,0,0,0,0,0,0,0,0,0,0,0,0,0
100019,A,2020,0,1,10.0,1,2.0,8.0,13.0,8,1,0,3.0,,43.0,,,0.0,0.0,0.0,0.0,1.0,8,1.0,1.0,1.0,0.0,0.0,0.0,4.0,0.0,0.0,0.0,0.0,A_2020,3.0,2023.0,30.0,,0,0,0,0,0,0,0,0,0,0,0,0,0,0,0,0,0,0,0,0,0,0,0,0,0,0,0,0,0,0,0,0,0,0,0,0,0,0,0,0,0,0,0,0,0,0
100020,A,2022,1,0,12.0,1,3.0,,13.0,8,1,0,5.0,6.0,42.0,43.0,0.0,1.0,1.0,1.0,1.0,1.0,6,1.0,0.0,0.0,0.0,0.0,0.0,2.0,0.0,0.0,0.0,0.0,A_2022,1.0,2023.0,29.0,30.0,0,0,0,1,0,0,0,0,0,0,0,0,0,0,0,0,0,0,0,0,0,0,0,0,0,0,0,0,0,0,0,0,0,0,0,0,0,0,0,0,0,0,0,0,0,0
100021,A,2020,0,0,,1,1.0,,14.0,2,0,0,5.0,1.0,35.0,39.0,0.0,0.0,1.0,1.0,1.0,1.0,8,1.0,1.0,1.0,0.0,0.0,0.0,4.0,0.0,0.0,0.0,0.0,A_2020,,,21.0,25.0,1,0,0,0,0,0,0,0,0,0,0,0,0,0,0,0,0,0,0,0,0,0,0,0,0,0,0,0,0,0,0,0,0,0,0,0,0,0,0,0,0,0,0,0,0,0
100022,A,2022,0,1,13.0,1,,,13.0,7,1,0,5.0,5.0,36.0,36.0,,0.0,0.0,0.0,0.0,1.0,6,1.0,0.0,0.0,0.0,0.0,0.0,2.0,0.0,0.0,1.0,20.0,A_2022,0.0,2022.0,23.0,23.0,0,0,1,1,0,0,0,0,0,0,0,0,0,0,0,0,0,0,0,0,0,0,0,0,0,0,0,0,0,0,0,0,0,0,0,0,0,0,0,0,0,0,0,0,0,0
100023,A,2020,0,1,13.0,1,,19.0,15.0,3,0,0,5.0,8.0,38.0,35.0,0.0,0.0,1.0,1.0,1.0,1.0,8,1.0,1.0,1.0,0.0,0.0,0.0,4.0,0.0,0.0,0.0,0.0,A_2020,2.0,2022.0,23.0,20.0,0,0,0,0,0,0,0,0,0,0,0,0,0,0,0,0,0,0,0,0,0,0,0,0,0,0,0,0,0,0,0,0,0,0,0,0,0,0,0,0,0,0,0,0,0,0
100024,A,2020,1,1,12.0,1,3.0,10.0,14.0,3,0,1,11.0,11.0,34.0,38.0,1.0,0.0,1.0,1.0,1.0,1.0,6,1.0,0.0,0.0,2.0,1.0,2.0,4.0,0.0,0.0,0.0,0.0,A_2020,2.0,2022.0,20.0,24.0,0,0,0,0,0,0,0,0,0,0,0,0,0,0,0,0,0,0,0,0,0,0,0,0,0,0,0,0,0,0,0,0,0,0,0,0,0,0,0,0,0,0,0,0,0,0
100025,A,2022,0,1,11.0,1,2.0,,12.0,9,1,0,11.0,4.0,45.0,40.0,0.0,0.0,1.0,1.0,1.0,1.0,6,1.0,0.0,0.0,0.0,0.0,0.0,3.0,0.0,0.0,0.0,0.0,A_2022,1.0,2023.0,33.0,28.0,0,0,0,1,0,0,0,0,0,0,0,0,0,0,0,0,0,0,0,0,0,0,0,0,0,0,0,0,0,0,0,0,0,0,0,0,0,0,0,0,0,0,0,0,0,0
100026,B,2018,1,0,11.0,0,1.0,,15.0,7,1,1,5.0,7.0,35.0,37.0,0.0,1.0,1.0,1.0,1.0,1.0,9,1.0,1.0,1.0,0.0,0.0,0.0,6.0,0.0,0.0,0.0,0.0,B_2018,4.0,2022.0,20.0,22.0,0,0,0,0,0,0,0,0,0,0,0,0,0,0,0,0,1,0,0,0,0,0,0,0,0,0,0,0,0,0,0,0,0,0,0,0,0,0,0,0,0,0,0,0,0,0
100027,A,2020,0,1,12.0,1,,,14.0,4,0,0,5.0,,42.0,,,0.0,1.0,0.0,0.0,1.0,8,1.0,1.0,1.0,0.0,0.0,0.0,4.0,0.0,0.0,1.0,8.0,A_2020,2.0,2022.0,28.0,,0,0,0,0,0,0,0,0,0,0,0,0,0,0,0,0,0,0,0,0,0,0,0,0,0,0,0,0,0,0,0,0,0,0,0,0,0,0,0,0,0,0,0,0,0,0
100028,A,2020,0,1,14.0,1,2.0,,16.0,3,0,0,7.0,5.0,46.0,48.0,0.0,0.0,1.0,1.0,1.0,1.0,7,1.0,1.0,0.0,0.0,0.0,0.0,3.0,0.0,0.0,1.0,8.0,A_2020,2.0,2022.0,30.0,32.0,0,0,0,0,0,0,0,0,0,0,0,0,0,0,0,0,0,0,0,0,0,0,0,0,0,0,0,0,0,0,0,0,0,0,0,0,0,0,0,0,0,0,0,0,0,0
100029,A,2022,0,1,12.0,1,2.0,,13.0,6,1,0,8.0,6.0,32.0,32.0,,0.0,1.0,0.0,0.0,1.0,6,1.0,0.0,0.0,0.0,0.0,0.0,2.0,0.0,0.0,0.0,0.0,A_2022,1.0,2023.0,19.0,19.0,0,0,0,1,0,0,0,0,0,0,0,0,0,0,0,0,0,0,0,0,0,0,0,0,0,0,0,0,0,0,0,0,0,0,0,0,0,0,0,0,0,0,0,0,0,0
100030,A,2020,0,0,12.0,1,2.0,7.0,15.0,7,1,0,2.0,5.0,59.0,60.0,0.0,0.0,1.0,1.0,1.0,1.0,7,1.0,1.0,0.0,1.0,1.0,1.0,4.0,0.0,0.0,0.0,0.0,A_2020,3.0,2023.0,44.0,45.0,0,0,0,0,0,0,0,0,0,0,0,0,0,0,0,0,0,0,0,0,0,0,0,0,0,0,0,0,0,0,0,0,0,0,0,0,0,0,0,0,0,0,0,0,0,0
100031,A,2020,1,1,12.0,1,1.0,,15.0,4,0,0,,,40.0,39.0,0.0,0.0,1.0,1.0,0.0,1.0,7,1.0,1.0,0.0,0.0,1.0,1.0,4.0,0.0,0.0,0.0,0.0,A_2020,3.0,2023.0,25.0,24.0,0,0,0,0,0,0,0,0,0,0,0,0,0,0,0,0,0,0,0,0,0,0,0,0,0,0,0,0,0,0,0,0,0,0,0,0,0,0,0,0,0,0,0,0,0,0
100032,B,2018,0,0,12.0,0,2.0,,17.0,7,1,1,3.0,0.0,58.0,71.0,0.0,0.0,1.0,1.0,1.0,1.0,8,1.0,1.0,1.0,0.0,1.0,1.0,6.0,0.0,0.0,0.0,0.0,B_2018,5.0,2023.0,41.0,54.0,0,0,0,1,0,0,0,0,0,0,0,0,0,0,0,0,1,0,0,0,0,0,0,0,0,0,0,0,0,0,0,0,0,0,0,0,0,0,0,0,0,0,0,0,0,0
100033,A,2022,1,1,13.0,1,2.0,,14.0,7,1,0,5.0,3.0,49.0,62.0,0.0,1.0,1.0,1.0,1.0,1.0,6,1.0,0.0,0.0,0.0,0.0,0.0,2.0,0.0,0.0,0.0,0.0,A_2022,1.0,2023.0,35.0,48.0,0,0,0,1,0,0,0,0,0,0,0,0,0,0,0,0,0,0,0,0,0,0,0,0,0,0,0,0,0,0,0,0,0,0,0,0,0,0,0,0,0,0,0,0,0,0
100034,A,2020,1,1,11.0,1,,1.0,13.0,1,0,1,5.0,5.0,42.0,45.0,0.0,1.0,1.0,1.0,1.0,1.0,8,1.0,1.0,1.0,0.0,0.0,0.0,4.0,0.0,0.0,0.0,0.0,A_2020,2.0,2022.0,29.0,32.0,0,0,0,0,0,0,0,0,0,0,0,0,0,0,0,0,0,0,0,0,0,0,0,0,0,0,0,0,0,0,0,0,0,0,0,0,0,0,0,0,0,0,0,0,0,0
100035,A,2020,0,0,,1,1.0,19.0,15.0,6,0,0,9.0,9.0,33.0,33.0,0.0,0.0,1.0,1.0,,1.0,7,1.0,1.0,0.0,0.0,0.0,0.0,3.0,0.0,0.0,0.0,0.0,A_2020,,,18.0,18.0,1,0,0,0,0,0,0,0,0,0,0,0,0,0,0,0,0,0,0,0,0,0,0,0,0,0,0,0,0,0,0,0,0,0,0,0,0,0,0,0,0,0,0,0,0,0
100036,A,2020,1,0,11.0,1,2.0,,15.0,3,1,0,,,,,,0.0,1.0,0.0,0.0,0.0,6,1.0,0.0,0.0,0.0,0.0,0.0,1.0,0.0,0.0,0.0,0.0,A_2020,4.0,2024.0,,,0,0,0,0,0,0,0,0,0,0,0,0,0,0,0,0,0,0,0,0,0,0,0,0,0,0,0,0,0,0,0,0,0,0,0,0,0,0,0,0,0,0,0,0,0,0
100037,A,2022,1,0,12.0,1,2.0,,12.0,7,1,0,11.0,8.0,35.0,46.0,1.0,1.0,1.0,1.0,1.0,1.0,6,1.0,0.0,0.0,0.0,0.0,0.0,2.0,0.0,0.0,0.0,0.0,A_2022,0.0,2022.0,23.0,34.0,0,0,1,1,0,0,0,0,0,0,0,0,0,0,0,0,0,0,0,0,0,0,0,0,0,0,0,0,0,0,0,0,0,0,0,0,0,0,0,0,0,0,0,0,0,0
100038,A,2022,1,0,12.0,1,,,13.0,7,1,0,5.0,5.0,36.0,40.0,0.0,1.0,1.0,1.0,1.0,1.0,6,1.0,0.0,0.0,0.0,0.0,0.0,2.0,0.0,0.0,0.0,0.0,A_2022,1.0,2023.0,23.0,27.0,0,0,0,1,0,0,0,0,0,0,0,0,0,0,0,0,0,0,0,0,0,0,0,0,0,0,0,0,0,0,0,0,0,0,0,0,0,0,0,0,0,0,0,0,0,0
100039,A,2020,1,1,12.0,1,5.0,,15.0,2,0,1,10.0,5.0,48.0,50.0,0.0,0.0,1.0,1.0,1.0,1.0,8,1.0,1.0,1.0,0.0,0.0,0.0,4.0,0.0,0.0,0.0,0.0,A_2020,3.0,2023.0,33.0,35.0,0,0,0,0,0,0,0,0,0,0,0,0,0,0,0,0,0,0,0,0,0,0,0,0,0,0,0,0,0,0,0,0,0,0,0,0,0,0,0,0,0,0,0,0,0,0
100040,A,2020,0,0,15.0,1,2.0,5.0,17.0,3,0,0,5.0,,32.0,,,0.0,1.0,1.0,1.0,1.0,8,1.0,1.0,1.0,0.0,0.0,0.0,4.0,0.0,0.0,0.0,0.0,A_2020,2.0,2022.0,15.0,,0,0,0,0,0,0,0,0,0,0,0,0,0,0,0,0,0,0,0,0,0,0,0,0,0,0,0,0,0,0,0,0,0,0,0,0,0,0,0,0,0,0,0,0,0,0
100041,A,2020,0,0,15.0,1,1.0,,17.0,5,0,0,6.0,5.0,41.0,47.0,0.0,0.0,1.0,1.0,0.0,0.0,6,1.0,0.0,0.0,0.0,0.0,0.0,2.0,0.0,0.0,0.0,0.0,A_2020,2.0,2022.0,24.0,30.0,0,0,0,0,0,0,0,0,0,0,0,0,0,0,0,0,0,0,0,0,0,0,0,0,0,0,0,0,0,0,0,0,0,0,0,0,0,0,0,0,0,0,0,0,0,0
100042,A,2020,1,1,15.0,1,1.0,6.0,18.0,3,0,0,3.0,4.0,58.0,59.0,0.0,0.0,1.0,0.0,0.0,0.0,5,0.0,0.0,0.0,0.0,0.0,0.0,1.0,0.0,0.0,1.0,0.0,A_2020,3.0,2023.0,40.0,41.0,0,0,0,0,0,0,0,0,0,0,0,0,0,0,0,1,0,0,0,0,0,0,0,0,0,0,0,0,0,0,0,0,0,0,0,0,0,0,0,0,0,0,0,0,0,0
100043,B,2018,1,1,13.0,0,,,18.0,7,1,0,,2.0,,52.0,0.0,0.0,0.0,1.0,0.0,0.0,7,1.0,1.0,0.0,0.0,0.0,0.0,3.0,0.0,0.0,0.0,0.0,B_2018,5.0,2023.0,,34.0,0,0,0,1,0,0,0,0,0,0,0,0,0,0,0,0,0,0,0,0,0,0,0,0,0,0,0,0,0,0,0,0,0,0,0,0,0,0,0,0,0,0,0,0,0,0
100044,A,2022,0,1,15.0,1,3.0,,13.0,7,1,0,1.0,5.0,33.0,60.0,0.0,0.0,1.0,1.0,1.0,1.0,6,1.0,0.0,0.0,0.0,0.0,0.0,2.0,0.0,0.0,1.0,20.0,A_2022,-2.0,2020.0,20.0,47.0,0,1,0,1,0,0,0,0,0,0,0,0,0,0,0,0,0,0,0,0,0,0,0,0,0,0,0,0,0,0,0,0,0,0,0,0,0,0,0,0,0,0,0,0,0,0
100045,B,2018,1,1,10.0,0,2.0,,15.0,7,1,0,0.0,,38.0,,,1.0,1.0,1.0,1.0,1.0,9,1.0,1.0,1.0,0.0,0.0,0.0,6.0,0.0,0.0,0.0,0.0,B_2018,5.0,2023.0,23.0,,0,0,0,1,0,0,0,0,0,0,0,0,0,0,0,0,1,0,0,0,0,0,0,0,0,0,0,0,0,0,0,0,0,0,0,0,0,0,0,0,0,0,0,0,0,0
100046,A,2020,1,0,12.0,1,2.0,18.0,15.0,4,1,0,11.0,5.0,34.0,40.0,0.0,0.0,1.0,1.0,0.0,1.0,9,1.0,1.0,1.0,0.0,0.0,0.0,4.0,0.0,0.0,0.0,0.0,A_2020,3.0,2023.0,19.0,25.0,0,0,0,0,0,0,0,0,0,0,0,0,0,0,0,0,0,0,0,0,0,0,0,0,0,0,0,0,0,0,0,0,0,0,0,0,0,0,0,0,0,0,0,0,0,0
100047,B,2018,1,0,11.0,0,2.0,,17.0,8,1,1,6.0,,36.0,,,0.0,1.0,0.0,0.0,0.0,7,1.0,1.0,0.0,0.0,0.0,0.0,3.0,1.0,0.0,0.0,0.0,B_2018,6.0,2024.0,19.0,,0,0,0,1,0,0,0,0,0,0,0,0,0,0,0,0,0,0,0,0,0,0,0,0,0,0,0,0,0,0,0,0,0,0,0,0,0,0,0,0,0,0,0,0,0,0
100048,A,2020,0,0,13.0,1,2.0,6.0,15.0,3,0,0,0.0,3.0,40.0,52.0,0.0,0.0,1.0,0.0,0.0,0.0,5,0.0,0.0,0.0,1.0,1.0,1.0,2.0,1.0,1.0,0.0,0.0,A_2020,2.0,2022.0,25.0,37.0,0,0,0,0,0,0,0,0,0,0,0,0,0,0,0,0,0,0,0,0,0,0,0,0,0,0,0,0,0,0,0,0,0,0,0,0,0,0,0,0,0,0,0,0,0,0
100049,A,2020,0,1,10.0,1,2.0,7.0,13.0,3,0,0,11.0,10.0,41.0,50.0,1.0,0.0,1.0,1.0,1.0,1.0,8,1.0,1.0,1.0,0.0,0.0,0.0,4.0,0.0,0.0,0.0,0.0,A_2020,3.0,2023.0,28.0,37.0,0,0,0,0,0,0,0,0,0,0,0,0,0,0,0,0,0,0,0,0,0,0,0,0,0,0,0,0,0,0,0,0,0,0,0,0,0,0,0,0,0,0,0,0,0,0
100050,A,2020,1,0,12.0,1,2.0,7.0,14.0,3,0,0,5.0,7.0,37.0,52.0,0.0,0.0,1.0,0.0,0.0,0.0,7,1.0,1.0,0.0,1.0,1.0,1.0,3.0,0.0,1.0,0.0,0.0,A_2020,2.0,2022.0,23.0,38.0,0,0,0,0,0,0,0,0,0,0,0,0,0,0,0,0,0,0,0,0,0,0,0,0,0,0,0,0,0,0,0,0,0,0,0,0,0,0,0,0,0,0,0,0,0,0
100051,A,2020,1,0,13.0,1,,,15.0,3,0,0,11.0,8.0,42.0,46.0,0.0,0.0,1.0,1.0,1.0,1.0,8,1.0,1.0,1.0,0.0,1.0,1.0,5.0,0.0,0.0,0.0,0.0,A_2020,2.0,2022.0,27.0,31.0,0,0,0,0,0,0,0,0,0,0,0,0,0,0,0,0,1,0,0,0,0,0,0,0,0,0,0,0,0,0,0,0,0,0,0,0,0,0,0,0,0,0,0,0,0,0
100052,A,2020,1,1,15.0,1,2.0,7.0,17.0,3,0,0,0.0,0.0,58.0,,0.0,1.0,1.0,1.0,1.0,1.0,8,1.0,1.0,1.0,0.0,0.0,0.0,4.0,0.0,0.0,0.0,0.0,A_2020,2.0,2022.0,41.0,,0,0,0,0,0,0,0,0,0,0,0,0,0,0,0,0,0,0,0,0,0,0,0,0,0,0,0,0,0,0,0,0,0,0,0,0,0,0,0,0,0,0,0,0,0,0
100053,B,2018,0,0,14.0,0,,,19.0,6,1,1,3.0,3.0,34.0,38.0,0.0,0.0,0.0,0.0,0.0,0.0,6,1.0,0.0,0.0,0.0,0.0,0.0,1.0,0.0,0.0,1.0,10.0,B_2018,5.0,2023.0,15.0,19.0,0,0,0,1,0,0,0,0,0,0,0,0,0,0,0,0,0,0,0,0,0,0,0,0,0,0,0,0,0,0,0,0,0,0,0,0,0,0,0,0,0,0,0,0,0,0
100054,A,2020,1,1,,1,2.0,6.0,18.0,3,0,0,,5.0,,54.0,0.0,0.0,0.0,0.0,0.0,0.0,6,1.0,0.0,0.0,0.0,0.0,0.0,0.0,0.0,0.0,1.0,40.0,A_2020,,,,36.0,1,0,0,0,0,0,0,0,0,0,0,0,0,0,0,0,0,0,0,0,0,0,0,0,0,0,0,0,0,0,0,0,0,0,0,0,0,0,0,0,0,0,0,0,0,0
100055,A,2020,1,1,13.0,1,,17.0,16.0,4,0,0,6.0,3.0,38.0,41.0,0.0,0.0,1.0,1.0,1.0,1.0,7,1.0,1.0,0.0,0.0,0.0,0.0,4.0,0.0,0.0,0.0,0.0,A_2020,3.0,2023.0,22.0,25.0,0,0,0,0,0,0,0,0,0,0,0,0,0,0,0,0,0,0,0,0,0,0,0,0,0,0,0,0,0,0,0,0,0,0,0,0,0,0,0,0,0,0,0,0,0,0
100056,A,2020,1,1,13.0,1,4.0,17.0,15.0,3,0,0,11.0,5.0,40.0,43.0,0.0,1.0,1.0,1.0,1.0,1.0,8,1.0,1.0,1.0,0.0,0.0,0.0,4.0,0.0,0.0,0.0,0.0,A_2020,2.0,2022.0,25.0,28.0,0,0,0,0,0,0,0,0,0,0,0,0,0,0,0,0,0,0,0,0,0,0,0,0,0,0,0,0,0,0,0,0,0,0,0,0,0,0,0,0,0,0,0,0,0,0
100057,A,2020,1,1,12.0,1,2.0,,15.0,3,0,0,3.0,1.0,49.0,55.0,0.0,1.0,1.0,1.0,1.0,1.0,8,1.0,1.0,1.0,0.0,0.0,0.0,4.0,0.0,0.0,1.0,20.0,A_2020,3.0,2023.0,34.0,40.0,0,0,0,0,0,0,0,0,0,0,0,0,0,0,0,0,0,0,0,0,0,0,0,0,0,0,0,0,0,0,0,0,0,0,0,0,0,0,0,0,0,0,0,0,0,0
100058,A,2020,1,1,12.0,1,3.0,,15.0,4,0,0,7.0,11.0,58.0,61.0,0.0,0.0,0.0,0.0,0.0,0.0,5,0.0,0.0,0.0,0.0,0.0,0.0,1.0,0.0,0.0,1.0,40.0,A_2020,3.0,2023.0,43.0,46.0,0,0,0,0,0,0,0,0,0,0,0,0,0,0,0,0,0,0,0,0,0,0,0,0,0,0,0,0,0,0,0,0,0,0,0,0,0,0,0,0,0,0,0,0,0,0
100059,A,2020,0,0,12.0,1,,19.0,14.0,8,1,0,3.0,3.0,39.0,35.0,0.0,1.0,1.0,1.0,1.0,1.0,8,1.0,1.0,1.0,0.0,0.0,0.0,4.0,0.0,0.0,0.0,0.0,A_2020,2.0,2022.0,25.0,21.0,0,0,0,0,0,0,0,0,0,0,0,0,0,0,0,0,0,0,0,0,0,0,0,0,0,0,0,0,0,0,0,0,0,0,0,0,0,0,0,0,0,0,0,0,0,0
100060,A,2020,1,1,15.0,1,1.0,5.0,17.0,8,1,0,5.0,5.0,50.0,36.0,0.0,0.0,1.0,0.0,0.0,0.0,5,0.0,0.0,0.0,0.0,0.0,0.0,1.0,0.0,0.0,0.0,0.0,A_2020,2.0,2022.0,33.0,19.0,0,0,0,0,0,0,0,0,0,0,0,0,0,0,0,0,0,0,0,0,0,0,0,0,0,0,0,0,0,0,0,0,0,0,0,0,0,0,0,0,0,0,0,0,0,0
100061,A,2022,1,1,12.0,1,1.0,,13.0,7,1,0,11.0,11.0,26.0,30.0,1.0,1.0,1.0,1.0,1.0,1.0,6,1.0,0.0,0.0,0.0,0.0,0.0,2.0,0.0,0.0,0.0,0.0,A_2022,1.0,2023.0,13.0,17.0,0,0,0,1,0,0,0,0,0,0,0,0,0,0,0,0,0,0,0,0,0,0,0,0,0,0,0,0,0,0,0,0,0,0,0,0,0,0,0,0,0,0,0,0,0,0
100062,A,2020,1,1,12.0,1,2.0,19.0,15.0,4,0,0,7.0,5.0,39.0,44.0,,0.0,1.0,0.0,1.0,1.0,8,1.0,1.0,1.0,0.0,0.0,0.0,4.0,0.0,0.0,0.0,0.0,A_2020,3.0,2023.0,24.0,29.0,0,0,0,0,0,0,0,0,0,0,0,0,0,0,0,0,0,0,0,0,0,0,0,0,0,0,0,0,0,0,0,0,0,0,0,0,0,0,0,0,0,0,0,0,0,0
100063,B,2018,1,0,12.0,1,2.0,,16.0,7,1,1,2.0,,37.0,,,1.0,1.0,1.0,1.0,1.0,9,1.0,1.0,1.0,0.0,0.0,0.0,6.0,0.0,0.0,0.0,0.0,B_2018,4.0,2022.0,21.0,,0,0,0,0,0,0,0,0,0,0,0,0,0,0,0,0,1,0,0,0,0,0,0,0,0,0,0,0,0,0,0,0,0,0,0,0,0,0,0,0,0,0,0,0,0,0
100064,A,2020,0,1,12.0,1,1.0,5.0,14.0,2,0,0,9.0,5.0,38.0,41.0,0.0,0.0,1.0,0.0,0.0,1.0,8,1.0,1.0,1.0,0.0,0.0,0.0,4.0,0.0,0.0,0.0,0.0,A_2020,2.0,2022.0,24.0,27.0,0,0,0,0,0,0,0,0,0,0,0,0,0,0,0,0,0,0,0,0,0,0,0,0,0,0,0,0,0,0,0,0,0,0,0,0,0,0,0,0,0,0,0,0,0,0
100065,A,2020,0,1,12.0,1,2.0,19.0,15.0,8,1,0,9.0,3.0,40.0,42.0,,1.0,1.0,1.0,1.0,1.0,8,1.0,1.0,1.0,0.0,0.0,0.0,4.0,0.0,0.0,0.0,0.0,A_2020,3.0,2023.0,25.0,27.0,0,0,0,0,0,0,0,0,0,0,0,0,0,0,0,0,0,0,0,0,0,0,0,0,0,0,0,0,0,0,0,0,0,0,0,0,0,0,0,0,0,0,0,0,0,0
100066,A,2020,1,0,13.0,1,2.0,12.0,16.0,5,1,0,11.0,11.0,38.0,43.0,0.0,0.0,0.0,0.0,0.0,1.0,9,1.0,1.0,1.0,0.0,0.0,0.0,4.0,0.0,0.0,0.0,0.0,A_2020,3.0,2023.0,22.0,27.0,0,0,0,0,0,0,0,0,0,0,0,0,0,0,0,0,0,0,0,0,0,0,0,0,0,0,0,0,0,0,0,0,0,0,0,0,0,0,0,0,0,0,0,0,0,0
100067,A,2020,1,0,11.0,1,2.0,7.0,13.0,3,0,0,7.0,5.0,31.0,40.0,0.0,1.0,1.0,1.0,1.0,1.0,8,1.0,1.0,1.0,0.0,0.0,0.0,4.0,0.0,0.0,0.0,0.0,A_2020,2.0,2022.0,18.0,27.0,0,0,0,0,0,0,0,0,0,0,0,0,0,0,0,0,0,0,0,0,0,0,0,0,0,0,0,0,0,0,0,0,0,0,0,0,0,0,0,0,0,0,0,0,0,0
100068,A,2020,1,1,15.0,1,1.0,,17.0,2,0,0,5.0,,40.0,,,1.0,1.0,1.0,1.0,1.0,8,1.0,1.0,1.0,0.0,0.0,0.0,4.0,0.0,0.0,0.0,0.0,A_2020,2.0,2022.0,23.0,,0,0,0,0,0,0,0,0,0,0,0,0,0,0,0,0,0,0,0,0,0,0,0,0,0,0,0,0,0,0,0,0,0,0,0,0,0,0,0,0,0,0,0,0,0,0
100069,A,2020,1,0,10.0,1,2.0,,13.0,7,1,0,11.0,11.0,28.0,42.0,0.0,0.0,1.0,1.0,0.0,1.0,7,1.0,1.0,0.0,0.0,1.0,1.0,4.0,0.0,0.0,0.0,0.0,A_2020,3.0,2023.0,15.0,29.0,0,0,0,0,0,0,0,0,0,0,0,0,0,0,0,0,0,0,0,0,0,0,0,0,0,0,0,0,0,0,0,0,0,0,0,0,0,0,0,0,0,0,0,0,0,0
100070,A,2022,1,0,12.0,1,,,12.0,7,1,0,7.0,8.0,38.0,32.0,,1.0,1.0,1.0,1.0,1.0,6,1.0,0.0,0.0,0.0,0.0,0.0,2.0,0.0,0.0,0.0,0.0,A_2022,0.0,2022.0,26.0,20.0,0,0,1,1,0,0,0,0,0,0,0,0,0,0,0,0,0,0,0,0,0,0,0,0,0,0,0,0,0,0,0,0,0,0,0,0,0,0,0,0,0,0,0,0,0,0
100071,A,2022,0,0,12.0,1,2.0,,12.0,7,1,0,0.0,2.0,43.0,43.0,0.0,0.0,1.0,1.0,1.0,1.0,6,1.0,0.0,0.0,0.0,0.0,0.0,2.0,0.0,0.0,0.0,0.0,A_2022,0.0,2022.0,31.0,31.0,0,0,1,1,0,0,0,0,0,0,0,0,0,0,0,0,0,0,0,0,0,0,0,0,0,0,0,0,0,0,0,0,0,0,0,0,0,0,0,0,0,0,0,0,0,0
100072,A,2020,0,1,,1,2.0,5.0,15.0,4,0,0,11.0,4.0,39.0,41.0,0.0,0.0,1.0,1.0,0.0,0.0,6,1.0,0.0,0.0,0.0,0.0,0.0,2.0,0.0,0.0,1.0,40.0,A_2020,,,24.0,26.0,1,0,0,0,0,0,0,0,0,0,0,0,0,0,0,0,0,0,0,0,0,0,0,0,0,0,0,0,0,0,0,0,0,0,0,0,0,0,0,0,0,0,0,0,0,0
100073,A,2020,0,0,14.0,1,1.0,5.0,17.0,4,0,0,5.0,,39.0,59.0,0.0,0.0,1.0,0.0,0.0,0.0,5,0.0,0.0,0.0,0.0,0.0,0.0,1.0,0.0,0.0,1.0,40.0,A_2020,3.0,2023.0,22.0,42.0,0,0,0,0,0,0,0,0,0,0,0,0,0,0,0,0,0,0,0,0,0,0,0,0,0,0,0,0,0,0,0,0,0,0,0,0,0,0,0,0,0,0,0,0,0,0
100074,A,2020,1,1,14.0,1,2.0,19.0,17.0,4,1,0,3.0,4.0,32.0,45.0,0.0,1.0,1.0,1.0,1.0,1.0,9,1.0,1.0,1.0,0.0,0.0,0.0,4.0,0.0,0.0,1.0,12.0,A_2020,3.0,2023.0,15.0,28.0,0,0,0,0,0,0,0,0,0,0,0,0,0,0,0,0,0,0,0,0,0,0,0,0,0,0,0,0,0,0,0,0,0,0,0,0,0,0,0,0,0,0,0,0,0,0
100075,A,2020,1,0,12.0,1,2.0,11.0,15.0,5,1,0,10.0,11.0,35.0,36.0,0.0,1.0,1.0,1.0,1.0,1.0,8,1.0,1.0,1.0,0.0,0.0,0.0,4.0,0.0,0.0,0.0,0.0,A_2020,3.0,2023.0,20.0,21.0,0,0,0,0,0,0,0,0,0,0,0,0,0,0,0,0,0,0,0,0,0,0,0,0,0,0,0,0,0,0,0,0,0,0,0,0,0,0,0,0,0,0,0,0,0,0
100076,A,2020,1,1,14.0,1,,19.0,17.0,3,0,0,7.0,5.0,34.0,41.0,0.0,0.0,1.0,0.0,0.0,0.0,6,1.0,0.0,0.0,1.0,1.0,1.0,2.0,0.0,0.0,1.0,40.0,A_2020,3.0,2023.0,17.0,24.0,0,0,0,0,0,0,0,0,0,0,0,0,0,0,0,0,0,0,0,0,0,0,0,0,0,0,0,0,0,0,0,0,0,0,0,0,0,0,0,0,0,0,0,0,0,0
100077,A,2020,0,1,12.0,1,,19.0,14.0,8,1,0,5.0,8.0,35.0,41.0,,0.0,1.0,1.0,1.0,1.0,8,1.0,1.0,1.0,0.0,0.0,0.0,4.0,0.0,0.0,0.0,0.0,A_2020,2.0,2022.0,21.0,27.0,0,0,0,0,0,0,0,0,0,0,0,0,0,0,0,0,0,0,0,0,0,0,0,0,0,0,0,0,0,0,0,0,0,0,0,0,0,0,0,0,0,0,0,0,0,0
100078,A,2020,1,1,16.0,1,2.0,12.0,18.0,6,0,0,5.0,,53.0,,,0.0,1.0,1.0,0.0,0.0,8,1.0,1.0,1.0,0.0,0.0,0.0,3.0,0.0,0.0,1.0,40.0,A_2020,2.0,2022.0,35.0,,0,0,0,0,0,0,0,0,0,0,0,0,0,0,0,0,0,0,0,0,0,0,0,0,0,0,0,0,0,0,0,0,0,0,0,0,0,0,0,0,0,0,0,0,0,0
100079,A,2020,1,1,12.0,1,1.0,19.0,14.0,4,0,0,5.0,0.0,36.0,38.0,0.0,0.0,1.0,1.0,1.0,1.0,8,1.0,1.0,1.0,0.0,0.0,0.0,4.0,0.0,0.0,0.0,0.0,A_2020,2.0,2022.0,22.0,24.0,0,0,0,0,0,0,0,0,0,0,0,0,0,0,0,0,0,0,0,0,0,0,0,0,0,0,0,0,0,0,0,0,0,0,0,0,0,0,0,0,0,0,0,0,0,0
100080,B,2018,0,1,15.0,1,1.0,,19.0,6,1,1,4.0,2.0,48.0,42.0,0.0,0.0,1.0,1.0,1.0,1.0,8,1.0,1.0,1.0,0.0,0.0,0.0,5.0,0.0,0.0,0.0,0.0,B_2018,4.0,2022.0,29.0,23.0,0,0,0,0,0,0,0,0,0,0,0,0,0,0,0,0,1,0,0,0,0,0,0,0,0,0,0,0,0,0,0,0,0,0,0,0,0,0,0,0,0,0,0,0,0,0
100081,A,2022,1,0,12.0,1,2.0,,12.0,7,1,0,9.0,7.0,45.0,56.0,0.0,1.0,1.0,1.0,1.0,1.0,6,1.0,0.0,0.0,0.0,0.0,0.0,2.0,0.0,0.0,0.0,0.0,A_2022,0.0,2022.0,33.0,44.0,0,0,1,1,0,0,0,0,0,0,0,0,0,0,0,0,0,0,0,0,0,0,0,0,0,0,0,0,0,0,0,0,0,0,0,0,0,0,0,0,0,0,0,0,0,0
100082,A,2020,1,0,12.0,1,2.0,,14.0,3,0,1,4.0,3.0,47.0,40.0,0.0,1.0,1.0,1.0,1.0,1.0,8,1.0,1.0,1.0,0.0,0.0,0.0,4.0,0.0,0.0,0.0,0.0,A_2020,2.0,2022.0,33.0,26.0,0,0,0,0,0,0,0,0,0,0,0,0,0,0,0,0,0,0,0,0,0,0,0,0,0,0,0,0,0,0,0,0,0,0,0,0,0,0,0,0,0,0,0,0,0,0
100083,A,2020,1,1,11.0,1,2.0,11.0,14.0,8,1,0,6.0,6.0,47.0,46.0,0.0,0.0,1.0,1.0,0.0,1.0,7,1.0,1.0,0.0,0.0,1.0,1.0,4.0,0.0,0.0,0.0,0.0,A_2020,3.0,2023.0,33.0,32.0,0,0,0,0,0,0,0,0,0,0,0,0,0,0,0,0,0,0,0,0,0,0,0,0,0,0,0,0,0,0,0,0,0,0,0,0,0,0,0,0,0,0,0,0,0,0
100084,A,2020,1,0,,1,,11.0,16.0,1,0,1,4.0,,38.0,,,0.0,1.0,0.0,0.0,0.0,6,1.0,0.0,0.0,0.0,0.0,0.0,1.0,1.0,1.0,0.0,0.0,A_2020,,,22.0,,1,0,0,0,0,0,0,0,0,0,0,0,0,0,0,0,0,0,0,0,0,0,0,0,0,0,0,0,0,0,0,0,0,0,0,0,0,0,0,0,0,0,0,0,0,0
100085,A,2020,0,1,14.0,1,2.0,10.0,16.0,7,1,0,0.0,5.0,40.0,57.0,0.0,0.0,1.0,1.0,1.0,1.0,5,0.0,0.0,0.0,2.0,1.0,2.0,4.0,0.0,0.0,0.0,0.0,A_2020,2.0,2022.0,24.0,41.0,0,0,0,0,0,0,0,0,0,0,0,0,0,0,0,0,0,0,0,0,0,0,0,0,0,0,0,0,0,0,0,0,0,0,0,0,0,0,0,0,0,0,0,0,0,0
100086,A,2020,1,0,13.0,1,2.0,,16.0,3,0,1,8.0,10.0,34.0,42.0,0.0,1.0,1.0,1.0,1.0,1.0,8,1.0,1.0,1.0,0.0,0.0,0.0,4.0,0.0,0.0,0.0,0.0,A_2020,3.0,2023.0,18.0,26.0,0,0,0,0,0,0,0,0,0,0,0,0,0,0,0,0,0,0,0,0,0,0,0,0,0,0,0,0,0,0,0,0,0,0,0,0,0,0,0,0,0,0,0,0,0,0
100087,A,2022,1,0,13.0,1,2.0,,13.0,7,1,0,,,,,,1.0,1.0,1.0,1.0,1.0,6,1.0,0.0,0.0,0.0,0.0,0.0,2.0,0.0,0.0,0.0,0.0,A_2022,0.0,2022.0,,,0,0,1,1,0,0,0,0,0,0,0,0,0,0,0,0,0,0,0,0,0,0,0,0,0,0,0,0,0,0,0,0,0,0,0,0,0,0,0,0,0,0,0,0,0,0
100088,B,2018,1,1,14.0,1,3.0,,18.0,7,1,1,,11.0,,46.0,1.0,0.0,1.0,1.0,,,9,0.0,0.0,0.0,0.0,0.0,0.0,4.0,0.0,0.0,0.0,0.0,B_2018,4.0,2022.0,,28.0,0,0,0,0,1,1,1,1,0,0,0,0,0,0,0,0,0,0,0,0,0,0,0,0,0,0,0,0,0,0,0,0,0,0,0,0,0,0,0,0,0,0,0,0,0,0
100089,B,2018,0,1,14.0,0,2.0,,18.0,6,1,1,5.0,2.0,65.0,69.0,0.0,0.0,0.0,1.0,1.0,1.0,10,1.0,1.0,1.0,0.0,0.0,0.0,6.0,0.0,0.0,0.0,0.0,B_2018,4.0,2022.0,47.0,51.0,0,0,0,0,0,0,0,0,0,0,0,0,0,0,0,0,1,0,0,0,0,0,0,0,0,0,0,0,0,0,0,0,0,0,0,0,0,0,0,0,0,0,0,0,0,0
100090,A,2022,0,0,10.0,1,4.0,,11.0,7,1,0,7.0,11.0,32.0,36.0,1.0,0.0,1.0,1.0,1.0,1.0,6,1.0,0.0,0.0,0.0,0.0,0.0,2.0,0.0,0.0,0.0,0.0,A_2022,1.0,2023.0,21.0,25.0,0,0,0,1,0,0,0,0,0,0,0,0,0,0,0,0,0,0,0,0,0,0,0,0,0,0,0,0,0,0,0,0,0,0,0,0,0,0,0,0,0,0,0,0,0,0
100091,A,2020,1,0,14.0,1,2.0,17.0,16.0,3,0,0,5.0,,33.0,,,1.0,1.0,1.0,1.0,1.0,8,1.0,1.0,1.0,0.0,0.0,0.0,4.0,0.0,0.0,0.0,0.0,A_2020,2.0,2022.0,17.0,,0,0,0,0,0,0,0,0,0,0,0,0,0,0,0,0,0,0,0,0,0,0,0,0,0,0,0,0,0,0,0,0,0,0,0,0,0,0,0,0,0,0,0,0,0,0
100092,A,2020,1,0,13.0,1,2.0,17.0,16.0,7,1,0,6.0,,37.0,,,0.0,1.0,1.0,0.0,1.0,7,1.0,1.0,0.0,0.0,1.0,1.0,4.0,0.0,0.0,1.0,10.0,A_2020,3.0,2023.0,21.0,,0,0,0,0,0,0,0,0,0,0,0,0,0,0,0,0,0,0,0,0,0,0,0,0,0,0,0,0,0,0,0,0,0,0,0,0,0,0,0,0,0,0,0,0,0,0
100093,A,2020,0,0,11.0,1,2.0,11.0,14.0,3,0,0,11.0,5.0,42.0,35.0,0.0,0.0,1.0,1.0,0.0,1.0,8,1.0,1.0,1.0,0.0,0.0,0.0,4.0,0.0,0.0,0.0,0.0,A_2020,3.0,2023.0,28.0,21.0,0,0,0,0,0,0,0,0,0,0,0,0,0,0,0,0,0,0,0,0,0,0,0,0,0,0,0,0,0,0,0,0,0,0,0,0,0,0,0,0,0,0,0,0,0,0
100094,A,2020,0,0,15.0,1,2.0,,17.0,2,0,1,5.0,,36.0,37.0,,0.0,1.0,1.0,1.0,1.0,8,1.0,1.0,1.0,0.0,0.0,0.0,4.0,0.0,0.0,0.0,0.0,A_2020,2.0,2022.0,19.0,20.0,0,0,0,0,0,0,0,0,0,0,0,0,0,0,0,0,0,0,0,0,0,0,0,0,0,0,0,0,0,0,0,0,0,0,0,0,0,0,0,0,0,0,0,0,0,0
100095,A,2020,1,1,12.0,1,,19.0,14.0,5,0,0,6.0,2.0,32.0,36.0,0.0,1.0,1.0,1.0,1.0,1.0,8,1.0,1.0,1.0,0.0,0.0,0.0,4.0,0.0,0.0,0.0,0.0,A_2020,2.0,2022.0,18.0,22.0,0,0,0,0,0,0,0,0,0,0,0,0,0,0,0,0,0,0,0,0,0,0,0,0,0,0,0,0,0,0,0,0,0,0,0,0,0,0,0,0,0,0,0,0,0,0
100096,A,2020,0,0,12.0,1,1.0,5.0,15.0,3,0,0,5.0,8.0,38.0,38.0,1.0,0.0,1.0,1.0,1.0,1.0,8,1.0,1.0,1.0,0.0,0.0,0.0,4.0,0.0,0.0,0.0,0.0,A_2020,3.0,2023.0,23.0,23.0,0,0,0,0,0,0,0,0,0,0,0,0,0,0,0,0,0,0,0,0,0,0,0,0,0,0,0,0,0,0,0,0,0,0,0,0,0,0,0,0,0,0,0,0,0,0
100097,A,2020,1,0,15.0,1,4.0,10.0,17.0,2,0,1,5.0,,38.0,,,0.0,1.0,1.0,0.0,1.0,8,1.0,1.0,1.0,0.0,0.0,0.0,4.0,0.0,0.0,0.0,0.0,A_2020,2.0,2022.0,21.0,,0,0,0,0,0,0,0,0,0,0,0,0,0,0,0,0,0,0,0,0,0,0,0,0,0,0,0,0,0,0,0,0,0,0,0,0,0,0,0,0,0,0,0,0,0,0
100098,A,2020,1,1,12.0,1,2.0,,14.0,3,0,0,11.0,6.0,40.0,53.0,0.0,0.0,1.0,1.0,0.0,1.0,8,1.0,1.0,1.0,0.0,0.0,0.0,4.0,0.0,0.0,0.0,0.0,A_2020,2.0,2022.0,26.0,39.0,0,0,0,0,0,0,0,0,0,0,0,0,0,0,0,0,0,0,0,0,0,0,0,0,0,0,0,0,0,0,0,0,0,0,0,0,0,0,0,0,0,0,0,0,0,0
100099,A,2020,1,0,14.0,1,,,16.0,3,0,0,4.0,4.0,46.0,51.0,0.0,0.0,1.0,1.0,0.0,0.0,6,1.0,0.0,0.0,0.0,0.0,0.0,2.0,0.0,0.0,0.0,0.0,A_2020,2.0,2022.0,30.0,35.0,0,0,0,0,0,0,0,0,0,0,0,0,0,0,0,0,0,0,0,0,0,0,0,0,0,0,0,0,0,0,0,0,0,0,0,0,0,0,0,0,0,0,0,0,0,0
100100,A,2020,1,1,12.0,1,2.0,19.0,14.0,4,0,0,11.0,8.0,35.0,45.0,,0.0,1.0,1.0,1.0,1.0,8,1.0,1.0,1.0,0.0,0.0,0.0,4.0,0.0,0.0,0.0,0.0,A_2020,2.0,2022.0,21.0,31.0,0,0,0,0,0,0,0,0,0,0,0,0,0,0,0,0,0,0,0,0,0,0,0,0,0,0,0,0,0,0,0,0,0,0,0,0,0,0,0,0,0,0,0,0,0,0
100101,A,2020,0,0,13.0,1,,,15.0,7,1,0,3.0,6.0,36.0,38.0,0.0,0.0,1.0,1.0,1.0,1.0,8,1.0,1.0,1.0,0.0,0.0,0.0,4.0,0.0,0.0,0.0,0.0,A_2020,2.0,2022.0,21.0,23.0,0,0,0,0,0,0,0,0,0,0,0,0,0,0,0,0,0,0,0,0,0,0,0,0,0,0,0,0,0,0,0,0,0,0,0,0,0,0,0,0,0,0,0,0,0,0
100102,B,2018,0,0,15.0,1,2.0,,20.0,6,1,1,7.0,9.0,43.0,43.0,0.0,0.0,1.0,1.0,1.0,1.0,9,1.0,1.0,1.0,0.0,0.0,0.0,4.0,0.0,0.0,0.0,0.0,B_2018,5.0,2023.0,23.0,23.0,0,0,0,1,0,0,0,0,0,0,0,0,0,0,0,0,0,0,0,0,0,0,0,0,0,0,0,0,0,0,0,0,0,0,0,0,0,0,0,0,0,0,0,0,0,0
100103,A,2020,0,0,12.0,1,2.0,7.0,15.0,5,0,0,5.0,5.0,39.0,40.0,0.0,0.0,1.0,1.0,1.0,1.0,8,1.0,1.0,1.0,0.0,0.0,0.0,4.0,0.0,0.0,0.0,0.0,A_2020,3.0,2023.0,24.0,25.0,0,0,0,0,0,0,0,0,0,0,0,0,0,0,0,0,0,0,0,0,0,0,0,0,0,0,0,0,0,0,0,0,0,0,0,0,0,0,0,0,0,0,0,0,0,0
100104,A,2020,1,1,10.0,1,1.0,17.0,13.0,3,0,0,5.0,5.0,34.0,37.0,0.0,1.0,1.0,1.0,1.0,1.0,8,1.0,1.0,1.0,0.0,0.0,0.0,4.0,0.0,0.0,0.0,0.0,A_2020,3.0,2023.0,21.0,24.0,0,0,0,0,0,0,0,0,0,0,0,0,0,0,0,0,0,0,0,0,0,0,0,0,0,0,0,0,0,0,0,0,0,0,0,0,0,0,0,0,0,0,0,0,0,0
100105,B,2018,1,1,12.0,0,2.0,,16.0,6,1,1,7.0,2.0,46.0,48.0,0.0,1.0,1.0,1.0,1.0,1.0,9,1.0,1.0,1.0,0.0,0.0,0.0,6.0,0.0,0.0,0.0,0.0,B_2018,4.0,2022.0,30.0,32.0,0,0,0,0,0,0,0,0,0,0,0,0,0,0,0,0,1,0,0,0,0,0,0,0,0,0,0,0,0,0,0,0,0,0,0,0,0,0,0,0,0,0,0,0,0,0
100106,A,2020,1,1,13.0,1,2.0,5.0,15.0,3,0,0,8.0,5.0,43.0,49.0,0.0,1.0,1.0,1.0,1.0,1.0,8,1.0,1.0,1.0,0.0,0.0,0.0,4.0,0.0,0.0,1.0,0.0,A_2020,2.0,2022.0,28.0,34.0,0,0,0,0,0,0,0,0,0,0,0,0,0,0,0,1,0,0,0,0,0,0,0,0,0,0,0,0,0,0,0,0,0,0,0,0,0,0,0,0,0,0,0,0,0,0
100107,A,2022,1,0,13.0,1,2.0,,13.0,8,1,0,3.0,6.0,34.0,34.0,,1.0,1.0,1.0,1.0,1.0,6,1.0,0.0,0.0,0.0,0.0,0.0,2.0,0.0,0.0,0.0,0.0,A_2022,0.0,2022.0,21.0,21.0,0,0,1,1,0,0,0,0,0,0,0,0,0,0,0,0,0,0,0,0,0,0,0,0,0,0,0,0,0,0,0,0,0,0,0,0,0,0,0,0,0,0,0,0,0,0
100108,A,2020,0,0,13.0,1,3.0,1.0,16.0,4,0,0,5.0,11.0,42.0,44.0,0.0,0.0,1.0,1.0,1.0,1.0,8,1.0,1.0,1.0,0.0,0.0,0.0,4.0,0.0,0.0,0.0,0.0,A_2020,3.0,2023.0,26.0,28.0,0,0,0,0,0,0,0,0,0,0,0,0,0,0,0,0,0,0,0,0,0,0,0,0,0,0,0,0,0,0,0,0,0,0,0,0,0,0,0,0,0,0,0,0,0,0
100109,A,2020,0,1,13.0,1,2.0,19.0,15.0,3,0,0,,,48.0,55.0,,0.0,1.0,0.0,0.0,1.0,7,1.0,1.0,0.0,0.0,0.0,0.0,4.0,0.0,0.0,1.0,40.0,A_2020,2.0,2022.0,33.0,40.0,0,0,0,0,0,0,0,0,0,0,0,0,0,0,0,0,0,0,0,0,0,0,0,0,0,0,0,0,0,0,0,0,0,0,0,0,0,0,0,0,0,0,0,0,0,0
100110,A,2020,0,0,13.0,1,3.0,,16.0,8,1,0,11.0,11.0,36.0,45.0,1.0,0.0,1.0,1.0,1.0,1.0,8,1.0,1.0,1.0,0.0,0.0,0.0,4.0,0.0,0.0,0.0,0.0,A_2020,3.0,2023.0,20.0,29.0,0,0,0,0,0,0,0,0,0,0,0,0,0,0,0,0,0,0,0,0,0,0,0,0,0,0,0,0,0,0,0,0,0,0,0,0,0,0,0,0,0,0,0,0,0,0
100111,A,2020,0,0,12.0,1,1.0,,17.0,8,1,0,6.0,7.0,37.0,37.0,0.0,0.0,1.0,1.0,1.0,1.0,8,1.0,1.0,1.0,0.0,0.0,0.0,4.0,0.0,0.0,0.0,0.0,A_2020,5.0,2025.0,20.0,20.0,0,0,0,1,0,0,0,0,0,0,0,0,0,0,0,0,0,0,0,0,0,0,0,0,0,0,0,0,0,0,0,0,0,0,0,0,0,0,0,0,0,0,0,0,0,0
100112,A,2020,0,1,12.0,1,2.0,,14.0,6,0,0,6.0,11.0,36.0,38.0,1.0,0.0,1.0,1.0,1.0,1.0,8,1.0,1.0,1.0,0.0,0.0,0.0,4.0,0.0,0.0,0.0,0.0,A_2020,2.0,2022.0,22.0,24.0,0,0,0,0,0,0,0,0,0,0,0,0,0,0,0,0,0,0,0,0,0,0,0,0,0,0,0,0,0,0,0,0,0,0,0,0,0,0,0,0,0,0,0,0,0,0
100113,A,2020,0,1,12.0,1,2.0,,14.0,4,0,0,5.0,6.0,49.0,49.0,,0.0,1.0,1.0,1.0,1.0,8,1.0,1.0,1.0,0.0,0.0,0.0,4.0,0.0,0.0,0.0,0.0,A_2020,2.0,2022.0,35.0,35.0,0,0,0,0,0,0,0,0,0,0,0,0,0,0,0,0,0,0,0,0,0,0,0,0,0,0,0,0,0,0,0,0,0,0,0,0,0,0,0,0,0,0,0,0,0,0
100114,B,2018,0,0,12.0,1,,,17.0,6,1,1,3.0,11.0,33.0,38.0,1.0,0.0,0.0,0.0,0.0,1.0,9,1.0,1.0,1.0,0.0,0.0,0.0,6.0,0.0,0.0,0.0,0.0,B_2018,5.0,2023.0,16.0,21.0,0,0,0,1,0,0,0,0,0,0,0,0,0,0,0,0,1,0,0,0,0,0,0,0,0,0,0,0,0,0,0,0,0,0,0,0,0,0,0,0,0,0,0,0,0,0
100115,A,2020,1,1,12.0,1,2.0,17.0,14.0,8,1,0,1.0,2.0,54.0,48.0,0.0,1.0,1.0,1.0,1.0,1.0,8,1.0,1.0,1.0,0.0,0.0,0.0,4.0,0.0,0.0,0.0,0.0,A_2020,2.0,2022.0,40.0,34.0,0,0,0,0,0,0,0,0,0,0,0,0,0,0,0,0,0,0,0,0,0,0,0,0,0,0,0,0,0,0,0,0,0,0,0,0,0,0,0,0,0,0,0,0,0,0
100116,A,2020,1,1,15.0,1,2.0,19.0,17.0,1,0,0,2.0,5.0,35.0,40.0,0.0,0.0,1.0,1.0,1.0,1.0,7,1.0,1.0,0.0,0.0,0.0,0.0,3.0,0.0,0.0,1.0,10.0,A_2020,2.0,2022.0,18.0,23.0,0,0,0,0,0,0,0,0,0,0,0,0,0,0,0,0,0,0,0,0,0,0,0,0,0,0,0,0,0,0,0,0,0,0,0,0,0,0,0,0,0,0,0,0,0,0
100117,A,2020,0,1,13.0,1,2.0,,15.0,3,0,0,6.0,5.0,30.0,39.0,0.0,0.0,1.0,1.0,0.0,0.0,6,1.0,0.0,0.0,0.0,0.0,0.0,2.0,0.0,0.0,1.0,40.0,A_2020,2.0,2022.0,15.0,24.0,0,0,0,0,0,0,0,0,0,0,0,0,0,0,0,0,0,0,0,0,0,0,0,0,0,0,0,0,0,0,0,0,0,0,0,0,0,0,0,0,0,0,0,0,0,0
100118,B,2018,1,0,11.0,1,2.0,,16.0,6,1,1,11.0,9.0,34.0,35.0,0.0,1.0,1.0,1.0,1.0,1.0,9,1.0,1.0,1.0,0.0,0.0,0.0,6.0,0.0,0.0,0.0,0.0,B_2018,5.0,2023.0,18.0,19.0,0,0,0,1,0,0,0,0,0,0,0,0,0,0,0,0,1,0,0,0,0,0,0,0,0,0,0,0,0,0,0,0,0,0,0,0,0,0,0,0,0,0,0,0,0,0
100119,A,2020,1,0,14.0,1,1.0,5.0,17.0,3,0,0,5.0,5.0,40.0,45.0,0.0,0.0,1.0,1.0,0.0,0.0,7,1.0,1.0,0.0,0.0,0.0,0.0,3.0,0.0,0.0,0.0,0.0,A_2020,3.0,2023.0,23.0,28.0,0,0,0,0,0,0,0,0,0,0,0,0,0,0,0,0,0,0,0,0,0,0,0,0,0,0,0,0,0,0,0,0,0,0,0,0,0,0,0,0,0,0,0,0,0,0
100120,A,2020,0,0,14.0,1,,,17.0,3,0,0,5.0,6.0,54.0,45.0,0.0,0.0,1.0,0.0,0.0,0.0,5,0.0,0.0,0.0,0.0,0.0,0.0,1.0,0.0,0.0,1.0,40.0,A_2020,3.0,2023.0,37.0,28.0,0,0,0,0,0,0,0,0,0,0,0,0,0,0,0,0,0,0,0,0,0,0,0,0,0,0,0,0,0,0,0,0,0,0,0,0,0,0,0,0,0,0,0,0,0,0
100121,A,2020,1,0,12.0,1,,9.0,14.0,3,0,0,0.0,0.0,50.0,49.0,0.0,1.0,1.0,1.0,1.0,1.0,8,1.0,1.0,1.0,0.0,0.0,0.0,4.0,0.0,0.0,0.0,0.0,A_2020,2.0,2022.0,36.0,35.0,0,0,0,0,0,0,0,0,0,0,0,0,0,0,0,0,0,0,0,0,0,0,0,0,0,0,0,0,0,0,0,0,0,0,0,0,0,0,0,0,0,0,0,0,0,0
100122,A,2020,1,0,14.0,1,2.0,19.0,17.0,3,0,0,6.0,5.0,36.0,42.0,0.0,1.0,1.0,1.0,1.0,1.0,8,1.0,1.0,1.0,0.0,0.0,0.0,4.0,0.0,0.0,0.0,0.0,A_2020,3.0,2023.0,19.0,25.0,0,0,0,0,0,0,0,0,0,0,0,0,0,0,0,0,0,0,0,0,0,0,0,0,0,0,0,0,0,0,0,0,0,0,0,0,0,0,0,0,0,0,0,0,0,0
100123,A,2020,1,1,,1,2.0,19.0,15.0,3,0,0,5.0,3.0,50.0,65.0,0.0,1.0,1.0,1.0,1.0,1.0,8,1.0,1.0,1.0,0.0,0.0,0.0,4.0,0.0,0.0,0.0,0.0,A_2020,,,35.0,50.0,1,0,0,0,0,0,0,0,0,0,0,0,0,0,0,0,0,0,0,0,0,0,0,0,0,0,0,0,0,0,0,0,0,0,0,0,0,0,0,0,0,0,0,0,0,0
100124,A,2020,1,1,18.0,1,2.0,19.0,19.0,12,1,0,6.0,7.0,50.0,70.0,0.0,0.0,0.0,0.0,0.0,0.0,6,1.0,0.0,0.0,0.0,0.0,0.0,1.0,0.0,0.0,0.0,0.0,A_2020,1.0,2021.0,31.0,51.0,0,0,0,1,0,0,0,0,0,0,0,0,0,0,0,0,0,0,0,0,0,0,0,0,0,0,0,0,0,0,0,0,0,0,0,0,0,0,0,0,0,0,0,0,0,0
100125,A,2020,1,1,14.0,1,3.0,14.0,17.0,7,1,0,0.0,0.0,39.0,39.0,0.0,0.0,1.0,1.0,0.0,0.0,8,1.0,1.0,1.0,0.0,0.0,0.0,4.0,0.0,0.0,0.0,0.0,A_2020,3.0,2023.0,22.0,22.0,0,0,0,0,0,0,0,0,0,0,0,0,0,0,0,0,0,0,0,0,0,0,0,0,0,0,0,0,0,0,0,0,0,0,0,0,0,0,0,0,0,0,0,0,0,0
100126,B,2018,1,0,12.0,1,1.0,,16.0,6,1,1,2.0,3.0,54.0,58.0,0.0,0.0,0.0,0.0,0.0,1.0,9,1.0,1.0,1.0,0.0,0.0,0.0,6.0,0.0,0.0,1.0,28.0,B_2018,4.0,2022.0,38.0,42.0,0,0,0,0,0,0,0,0,0,0,0,0,0,0,0,0,1,0,0,0,0,0,0,0,0,0,0,0,0,0,0,0,0,0,0,0,0,0,0,0,0,0,0,0,0,0
100127,A,2020,1,0,12.0,1,,7.0,14.0,4,0,0,9.0,5.0,46.0,46.0,0.0,1.0,1.0,1.0,1.0,1.0,8,1.0,1.0,1.0,0.0,0.0,0.0,4.0,0.0,0.0,0.0,0.0,A_2020,2.0,2022.0,32.0,32.0,0,0,0,0,0,0,0,0,0,0,0,0,0,0,0,0,0,0,0,0,0,0,0,0,0,0,0,0,0,0,0,0,0,0,0,0,0,0,0,0,0,0,0,0,0,0
100128,A,2022,1,1,14.0,1,,,15.0,7,1,0,0.0,3.0,38.0,37.0,0.0,0.0,1.0,0.0,0.0,1.0,5,0.0,0.0,0.0,1.0,1.0,1.0,2.0,0.0,0.0,1.0,25.0,A_2022,1.0,2023.0,23.0,22.0,0,0,0,1,0,0,0,0,0,0,0,0,0,0,0,0,0,0,0,0,0,0,0,0,0,0,0,0,0,0,0,0,0,0,0,0,0,0,0,0,0,0,0,0,0,0
100129,A,2020,1,0,12.0,1,2.0,,14.0,7,1,0,11.0,8.0,46.0,48.0,0.0,1.0,1.0,1.0,1.0,1.0,8,1.0,1.0,1.0,0.0,0.0,0.0,4.0,0.0,0.0,0.0,0.0,A_2020,2.0,2022.0,32.0,34.0,0,0,0,0,0,0,0,0,0,0,0,0,0,0,0,0,0,0,0,0,0,0,0,0,0,0,0,0,0,0,0,0,0,0,0,0,0,0,0,0,0,0,0,0,0,0
100130,A,2022,0,1,11.0,1,2.0,,13.0,7,1,0,3.0,7.0,44.0,48.0,0.0,0.0,1.0,1.0,1.0,1.0,6,1.0,0.0,0.0,0.0,0.0,0.0,2.0,0.0,0.0,0.0,0.0,A_2022,2.0,2024.0,31.0,35.0,0,0,0,0,0,0,0,0,0,0,0,0,0,0,0,0,0,0,0,0,0,0,0,0,0,0,0,0,0,0,0,0,0,0,0,0,0,0,0,0,0,0,0,0,0,0
100131,A,2020,0,1,12.0,1,1.0,19.0,14.0,4,0,0,3.0,,35.0,,,0.0,1.0,0.0,0.0,1.0,8,1.0,1.0,1.0,0.0,0.0,0.0,4.0,0.0,0.0,1.0,8.0,A_2020,2.0,2022.0,21.0,,0,0,0,0,0,0,0,0,0,0,0,0,0,0,0,0,0,0,0,0,0,0,0,0,0,0,0,0,0,0,0,0,0,0,0,0,0,0,0,0,0,0,0,0,0,0
100132,A,2022,1,0,12.0,1,2.0,,12.0,7,1,0,5.0,5.0,35.0,58.0,,1.0,1.0,1.0,1.0,1.0,6,1.0,0.0,0.0,0.0,0.0,0.0,2.0,0.0,0.0,0.0,0.0,A_2022,0.0,2022.0,23.0,46.0,0,0,1,1,0,0,0,0,0,0,0,0,0,0,0,0,0,0,0,0,0,0,0,0,0,0,0,0,0,0,0,0,0,0,0,0,0,0,0,0,0,0,0,0,0,0
100133,A,2022,1,1,13.0,1,2.0,,12.0,10,1,0,,,35.0,,,1.0,1.0,1.0,1.0,1.0,6,1.0,0.0,0.0,0.0,0.0,0.0,2.0,0.0,0.0,0.0,0.0,A_2022,-1.0,2021.0,23.0,,0,1,0,1,0,0,0,0,0,0,0,0,0,0,0,0,0,0,0,0,0,0,0,0,0,0,0,0,0,0,0,0,0,0,0,0,0,0,0,0,0,0,0,0,0,0
100134,A,2020,0,0,11.0,1,1.0,18.0,14.0,6,1,0,3.0,5.0,50.0,53.0,0.0,0.0,1.0,1.0,1.0,1.0,9,1.0,1.0,1.0,0.0,0.0,0.0,4.0,0.0,0.0,0.0,0.0,A_2020,3.0,2023.0,36.0,39.0,0,0,0,0,0,0,0,0,0,0,0,0,0,0,0,0,0,0,0,0,0,0,0,0,0,0,0,0,0,0,0,0,0,0,0,0,0,0,0,0,0,0,0,0,0,0
100135,B,2018,1,1,14.0,0,4.0,,19.0,6,1,0,9.0,7.0,43.0,45.0,0.0,1.0,0.0,0.0,1.0,1.0,9,1.0,1.0,1.0,0.0,0.0,0.0,6.0,0.0,0.0,0.0,0.0,B_2018,5.0,2023.0,24.0,26.0,0,0,0,1,0,0,0,0,0,0,0,0,0,0,0,0,1,0,0,0,0,0,0,0,0,0,0,0,0,0,0,0,0,0,0,0,0,0,0,0,0,0,0,0,0,0
100136,A,2020,1,0,12.0,1,1.0,19.0,14.0,3,0,0,,,52.0,,,1.0,1.0,1.0,1.0,1.0,8,1.0,1.0,1.0,0.0,0.0,0.0,4.0,0.0,0.0,0.0,0.0,A_2020,2.0,2022.0,38.0,,0,0,0,0,0,0,0,0,0,0,0,0,0,0,0,0,0,0,0,0,0,0,0,0,0,0,0,0,0,0,0,0,0,0,0,0,0,0,0,0,0,0,0,0,0,0
100137,A,2020,1,0,11.0,1,1.0,,14.0,4,0,0,3.0,,45.0,,,1.0,1.0,1.0,1.0,1.0,8,1.0,1.0,1.0,0.0,0.0,0.0,4.0,0.0,0.0,0.0,0.0,A_2020,3.0,2023.0,31.0,,0,0,0,0,0,0,0,0,0,0,0,0,0,0,0,0,0,0,0,0,0,0,0,0,0,0,0,0,0,0,0,0,0,0,0,0,0,0,0,0,0,0,0,0,0,0
100138,A,2020,0,1,13.0,1,2.0,19.0,15.0,3,0,0,5.0,4.0,38.0,44.0,0.0,1.0,1.0,1.0,1.0,1.0,8,1.0,1.0,1.0,0.0,0.0,0.0,4.0,0.0,0.0,0.0,0.0,A_2020,2.0,2022.0,23.0,29.0,0,0,0,0,0,0,0,0,0,0,0,0,0,0,0,0,0,0,0,0,0,0,0,0,0,0,0,0,0,0,0,0,0,0,0,0,0,0,0,0,0,0,0,0,0,0
100139,A,2020,1,1,13.0,1,1.0,19.0,16.0,6,0,0,5.0,7.0,33.0,42.0,0.0,1.0,1.0,1.0,1.0,1.0,8,1.0,1.0,1.0,0.0,0.0,0.0,4.0,0.0,0.0,0.0,0.0,A_2020,3.0,2023.0,17.0,26.0,0,0,0,0,0,0,0,0,0,0,0,0,0,0,0,0,0,0,0,0,0,0,0,0,0,0,0,0,0,0,0,0,0,0,0,0,0,0,0,0,0,0,0,0,0,0
100140,A,2020,0,0,16.0,1,1.0,19.0,19.0,4,0,0,0.0,,60.0,,,0.0,1.0,0.0,0.0,0.0,5,0.0,0.0,0.0,0.0,0.0,0.0,1.0,1.0,1.0,0.0,0.0,A_2020,3.0,2023.0,41.0,,0,0,0,0,0,0,0,0,0,0,0,0,0,0,0,0,0,0,0,0,0,0,0,0,0,0,0,0,0,0,0,0,0,0,0,0,0,0,0,0,0,0,0,0,0,0
100141,A,2020,0,0,13.0,1,3.0,10.0,17.0,6,1,0,,,,,,0.0,1.0,1.0,1.0,1.0,8,1.0,1.0,1.0,1.0,1.0,1.0,4.0,0.0,0.0,0.0,0.0,A_2020,4.0,2024.0,,,0,0,0,0,0,0,0,0,0,0,0,0,0,0,0,0,0,0,0,0,0,0,0,0,0,0,0,0,0,0,0,0,0,0,0,0,0,0,0,0,0,0,0,0,0,0
100142,A,2020,1,1,13.0,1,3.0,10.0,16.0,8,1,0,9.0,5.0,39.0,44.0,0.0,1.0,1.0,1.0,1.0,1.0,8,1.0,1.0,1.0,0.0,0.0,0.0,4.0,0.0,0.0,0.0,0.0,A_2020,3.0,2023.0,23.0,28.0,0,0,0,0,0,0,0,0,0,0,0,0,0,0,0,0,0,0,0,0,0,0,0,0,0,0,0,0,0,0,0,0,0,0,0,0,0,0,0,0,0,0,0,0,0,0
100143,A,2022,1,1,12.0,1,2.0,,13.0,7,1,0,5.0,5.0,34.0,36.0,0.0,1.0,1.0,1.0,1.0,1.0,6,1.0,0.0,0.0,0.0,0.0,0.0,2.0,0.0,0.0,0.0,0.0,A_2022,1.0,2023.0,21.0,23.0,0,0,0,1,0,0,0,0,0,0,0,0,0,0,0,0,0,0,0,0,0,0,0,0,0,0,0,0,0,0,0,0,0,0,0,0,0,0,0,0,0,0,0,0,0,0
100144,A,2020,0,0,13.0,1,2.0,7.0,15.0,3,0,0,5.0,5.0,57.0,57.0,0.0,0.0,1.0,0.0,0.0,0.0,6,1.0,0.0,0.0,0.0,0.0,0.0,1.0,0.0,0.0,0.0,0.0,A_2020,2.0,2022.0,42.0,42.0,0,0,0,0,0,0,0,0,0,0,0,0,0,0,0,0,0,0,0,0,0,0,0,0,0,0,0,0,0,0,0,0,0,0,0,0,0,0,0,0,0,0,0,0,0,0
100145,A,2020,1,0,13.0,1,2.0,5.0,15.0,3,0,0,5.0,5.0,49.0,57.0,0.0,1.0,1.0,1.0,1.0,1.0,8,1.0,1.0,1.0,0.0,0.0,0.0,4.0,0.0,0.0,0.0,0.0,A_2020,2.0,2022.0,34.0,42.0,0,0,0,0,0,0,0,0,0,0,0,0,0,0,0,0,0,0,0,0,0,0,0,0,0,0,0,0,0,0,0,0,0,0,0,0,0,0,0,0,0,0,0,0,0,0
100146,A,2022,0,1,12.0,1,,,13.0,8,1,0,,,49.0,,,0.0,1.0,1.0,1.0,1.0,6,1.0,0.0,0.0,0.0,0.0,0.0,2.0,0.0,0.0,0.0,0.0,A_2022,1.0,2023.0,36.0,,0,0,0,1,0,0,0,0,0,0,0,0,0,0,0,0,0,0,0,0,0,0,0,0,0,0,0,0,0,0,0,0,0,0,0,0,0,0,0,0,0,0,0,0,0,0
100147,A,2020,0,0,13.0,1,,19.0,15.0,5,0,0,7.0,,38.0,,,0.0,0.0,0.0,0.0,0.0,8,1.0,1.0,1.0,0.0,0.0,0.0,3.0,0.0,0.0,1.0,40.0,A_2020,2.0,2022.0,23.0,,0,0,0,0,0,0,0,0,0,0,0,0,0,0,0,0,0,0,0,0,0,0,0,0,0,0,0,0,0,0,0,0,0,0,0,0,0,0,0,0,0,0,0,0,0,0
100148,A,2020,0,0,13.0,1,1.0,19.0,15.0,3,0,0,4.0,3.0,48.0,68.0,0.0,0.0,1.0,1.0,0.0,0.0,7,1.0,1.0,0.0,0.0,0.0,0.0,2.0,0.0,0.0,0.0,0.0,A_2020,2.0,2022.0,33.0,53.0,0,0,0,0,0,0,0,0,0,0,0,0,0,0,0,0,0,0,0,0,0,0,0,0,0,0,0,0,0,0,0,0,0,0,0,0,0,0,0,0,0,0,0,0,0,0
100149,B,2018,1,0,14.0,1,2.0,,18.0,5,1,1,2.0,3.0,47.0,50.0,0.0,1.0,1.0,1.0,1.0,1.0,9,1.0,1.0,1.0,0.0,0.0,0.0,6.0,0.0,0.0,0.0,0.0,B_2018,4.0,2022.0,29.0,32.0,0,0,0,0,0,0,0,0,0,0,0,0,0,0,0,0,1,0,0,0,0,0,0,0,0,0,0,0,0,0,0,0,0,0,0,0,0,0,0,0,0,0,0,0,0,0
100150,A,2020,1,1,14.0,1,3.0,19.0,18.0,4,1,0,5.0,11.0,36.0,38.0,1.0,0.0,1.0,1.0,0.0,0.0,9,1.0,1.0,1.0,0.0,0.0,0.0,3.0,0.0,0.0,1.0,25.0,A_2020,4.0,2024.0,18.0,20.0,0,0,0,0,0,0,0,0,0,0,0,0,0,0,0,0,0,0,0,0,0,0,0,0,0,0,0,0,0,0,0,0,0,0,0,0,0,0,0,0,0,0,0,0,0,0
100151,A,2020,1,1,11.0,1,2.0,12.0,14.0,3,0,0,11.0,5.0,37.0,47.0,0.0,1.0,1.0,1.0,1.0,1.0,8,1.0,1.0,1.0,0.0,0.0,0.0,4.0,0.0,0.0,0.0,0.0,A_2020,3.0,2023.0,23.0,33.0,0,0,0,0,0,0,0,0,0,0,0,0,0,0,0,0,0,0,0,0,0,0,0,0,0,0,0,0,0,0,0,0,0,0,0,0,0,0,0,0,0,0,0,0,0,0
100152,A,2022,1,1,13.0,1,2.0,,14.0,8,1,0,9.0,10.0,42.0,43.0,0.0,1.0,1.0,1.0,1.0,1.0,6,1.0,0.0,0.0,1.0,1.0,1.0,3.0,0.0,0.0,0.0,0.0,A_2022,1.0,2023.0,28.0,29.0,0,0,0,1,0,0,0,0,0,0,0,0,0,0,0,0,0,0,0,0,0,0,0,0,0,0,0,0,0,0,0,0,0,0,0,0,0,0,0,0,0,0,0,0,0,0
100153,A,2020,0,0,14.0,1,2.0,6.0,17.0,5,0,0,,,,56.0,0.0,0.0,0.0,0.0,0.0,0.0,6,1.0,0.0,0.0,0.0,0.0,0.0,1.0,1.0,1.0,0.0,0.0,A_2020,3.0,2023.0,,39.0,0,0,0,0,0,0,0,0,0,0,0,0,0,0,0,0,0,0,0,0,0,0,0,0,0,0,0,0,0,0,0,0,0,0,0,0,0,0,0,0,0,0,0,0,0,0
100154,A,2022,1,0,14.0,1,3.0,,15.0,5,1,0,8.0,11.0,36.0,42.0,0.0,1.0,1.0,1.0,1.0,1.0,7,1.0,1.0,0.0,0.0,0.0,0.0,2.0,0.0,0.0,0.0,0.0,A_2022,1.0,2023.0,21.0,27.0,0,0,0,1,0,0,0,0,0,0,0,0,0,0,0,0,0,0,0,0,0,0,0,0,0,0,0,0,0,0,0,0,0,0,0,0,0,0,0,0,0,0,0,0,0,0
100155,A,2022,1,1,16.0,1,1.0,,16.0,7,1,0,,5.0,,46.0,0.0,1.0,1.0,1.0,1.0,1.0,7,1.0,1.0,0.0,0.0,0.0,0.0,3.0,0.0,0.0,1.0,25.0,A_2022,0.0,2022.0,,30.0,0,0,1,1,0,0,0,0,0,0,0,0,0,0,0,0,0,0,0,0,0,0,0,0,0,0,0,0,0,0,0,0,0,0,0,0,0,0,0,0,0,0,0,0,0,0
100156,A,2020,1,1,11.0,1,2.0,,14.0,8,1,0,3.0,0.0,43.0,56.0,,0.0,1.0,1.0,1.0,1.0,6,1.0,0.0,0.0,1.0,1.0,1.0,3.0,0.0,0.0,0.0,0.0,A_2020,3.0,2023.0,29.0,42.0,0,0,0,0,0,0,0,0,0,0,0,0,0,0,0,0,0,0,0,0,0,0,0,0,0,0,0,0,0,0,0,0,0,0,0,0,0,0,0,0,0,0,0,0,0,0
100157,A,2020,1,1,11.0,1,3.0,18.0,14.0,7,1,0,6.0,6.0,34.0,42.0,1.0,0.0,1.0,1.0,0.0,1.0,7,1.0,1.0,0.0,0.0,1.0,1.0,4.0,0.0,0.0,0.0,0.0,A_2020,3.0,2023.0,20.0,28.0,0,0,0,0,0,0,0,0,0,0,0,0,0,0,0,0,0,0,0,0,0,0,0,0,0,0,0,0,0,0,0,0,0,0,0,0,0,0,0,0,0,0,0,0,0,0
100158,A,2020,0,1,14.0,1,3.0,1.0,16.0,3,0,0,11.0,11.0,40.0,38.0,,0.0,1.0,1.0,1.0,1.0,8,1.0,1.0,1.0,0.0,0.0,0.0,4.0,0.0,0.0,0.0,0.0,A_2020,2.0,2022.0,24.0,22.0,0,0,0,0,0,0,0,0,0,0,0,0,0,0,0,0,0,0,0,0,0,0,0,0,0,0,0,0,0,0,0,0,0,0,0,0,0,0,0,0,0,0,0,0,0,0
100159,A,2022,1,0,13.0,1,,,13.0,7,1,0,8.0,,36.0,,,0.0,0.0,0.0,0.0,1.0,5,0.0,0.0,0.0,0.0,0.0,0.0,1.0,0.0,0.0,0.0,0.0,A_2022,0.0,2022.0,23.0,,0,0,1,1,0,0,0,0,0,0,0,0,0,0,0,0,0,0,0,0,0,0,0,0,0,0,0,0,0,0,0,0,0,0,0,0,0,0,0,0,0,0,0,0,0,0
100160,A,2020,0,0,16.0,1,2.0,7.0,18.0,2,0,0,5.0,3.0,42.0,55.0,0.0,0.0,1.0,0.0,0.0,0.0,5,0.0,0.0,0.0,2.0,1.0,2.0,3.0,0.0,0.0,0.0,0.0,A_2020,2.0,2022.0,24.0,37.0,0,0,0,0,0,0,0,0,0,0,0,0,0,0,0,0,0,0,0,0,0,0,0,0,0,0,0,0,0,0,0,0,0,0,0,0,0,0,0,0,0,0,0,0,0,0
100161,A,2022,0,0,14.0,1,2.0,,15.0,7,1,0,3.0,2.0,46.0,43.0,0.0,0.0,1.0,1.0,1.0,1.0,6,1.0,0.0,0.0,0.0,0.0,0.0,2.0,0.0,0.0,0.0,0.0,A_2022,1.0,2023.0,31.0,28.0,0,0,0,1,0,0,0,0,0,0,0,0,0,0,0,0,0,0,0,0,0,0,0,0,0,0,0,0,0,0,0,0,0,0,0,0,0,0,0,0,0,0,0,0,0,0
100162,A,2020,1,1,12.0,1,1.0,,14.0,4,0,0,,,55.0,,,1.0,1.0,1.0,1.0,1.0,6,1.0,0.0,0.0,0.0,1.0,1.0,4.0,0.0,0.0,0.0,0.0,A_2020,2.0,2022.0,41.0,,0,0,0,0,0,0,0,0,0,0,0,0,0,0,0,0,0,0,0,0,0,0,0,0,0,0,0,0,0,0,0,0,0,0,0,0,0,0,0,0,0,0,0,0,0,0
100163,A,2020,0,0,12.0,1,2.0,19.0,15.0,12,1,0,8.0,5.0,36.0,33.0,0.0,0.0,0.0,0.0,0.0,1.0,7,1.0,1.0,0.0,0.0,1.0,3.0,3.0,0.0,0.0,0.0,0.0,A_2020,3.0,2023.0,21.0,18.0,0,0,0,0,0,0,0,0,0,0,0,0,0,0,0,0,0,0,0,0,0,0,0,0,0,0,0,0,0,0,0,0,0,0,0,0,0,0,0,0,0,0,0,0,0,0
100164,B,2018,1,0,10.0,0,3.0,,14.0,7,1,0,8.0,8.0,50.0,42.0,0.0,1.0,1.0,1.0,1.0,1.0,9,1.0,1.0,1.0,0.0,0.0,0.0,6.0,0.0,0.0,0.0,0.0,B_2018,4.0,2022.0,36.0,28.0,0,0,0,0,0,0,0,0,0,0,0,0,0,0,0,0,1,0,0,0,0,0,0,0,0,0,0,0,0,0,0,0,0,0,0,0,0,0,0,0,0,0,0,0,0,0
100165,A,2020,0,1,14.0,1,2.0,,17.0,4,0,0,5.0,6.0,52.0,54.0,0.0,0.0,1.0,0.0,0.0,1.0,8,1.0,1.0,1.0,0.0,0.0,0.0,4.0,0.0,0.0,1.0,0.0,A_2020,3.0,2023.0,35.0,37.0,0,0,0,0,0,0,0,0,0,0,0,0,0,0,0,1,0,0,0,0,0,0,0,0,0,0,0,0,0,0,0,0,0,0,0,0,0,0,0,0,0,0,0,0,0,0
100166,A,2020,0,0,11.0,1,2.0,,14.0,5,0,0,6.0,7.0,39.0,43.0,0.0,0.0,0.0,0.0,0.0,1.0,8,1.0,1.0,1.0,0.0,0.0,0.0,4.0,0.0,0.0,0.0,0.0,A_2020,3.0,2023.0,25.0,29.0,0,0,0,0,0,0,0,0,0,0,0,0,0,0,0,0,0,0,0,0,0,0,0,0,0,0,0,0,0,0,0,0,0,0,0,0,0,0,0,0,0,0,0,0,0,0
100167,A,2020,1,1,14.0,1,2.0,17.0,16.0,3,0,0,4.0,6.0,49.0,56.0,0.0,1.0,1.0,1.0,1.0,1.0,8,1.0,1.0,1.0,0.0,0.0,0.0,4.0,0.0,0.0,0.0,0.0,A_2020,2.0,2022.0,33.0,40.0,0,0,0,0,0,0,0,0,0,0,0,0,0,0,0,0,0,0,0,0,0,0,0,0,0,0,0,0,0,0,0,0,0,0,0,0,0,0,0,0,0,0,0,0,0,0
100168,A,2022,0,0,11.0,1,3.0,,12.0,7,1,0,5.0,5.0,36.0,36.0,0.0,0.0,1.0,0.0,1.0,1.0,5,0.0,0.0,0.0,1.0,1.0,1.0,2.0,0.0,0.0,0.0,0.0,A_2022,1.0,2023.0,24.0,24.0,0,0,0,1,0,0,0,0,0,0,0,0,0,0,0,0,0,0,0,0,0,0,0,0,0,0,0,0,0,0,0,0,0,0,0,0,0,0,0,0,0,0,0,0,0,0
100169,A,2020,1,1,12.0,1,2.0,4.0,14.0,3,0,0,9.0,7.0,31.0,37.0,0.0,0.0,1.0,1.0,0.0,1.0,7,1.0,1.0,0.0,0.0,0.0,0.0,4.0,0.0,0.0,0.0,0.0,A_2020,2.0,2022.0,17.0,23.0,0,0,0,0,0,0,0,0,0,0,0,0,0,0,0,0,0,0,0,0,0,0,0,0,0,0,0,0,0,0,0,0,0,0,0,0,0,0,0,0,0,0,0,0,0,0
100170,A,2020,0,0,12.0,1,3.0,10.0,14.0,7,1,0,11.0,7.0,45.0,47.0,0.0,0.0,1.0,1.0,1.0,1.0,8,1.0,1.0,1.0,1.0,1.0,1.0,5.0,0.0,0.0,0.0,0.0,A_2020,2.0,2022.0,31.0,33.0,0,0,0,0,0,0,0,0,0,0,0,0,0,0,0,0,1,0,0,0,0,0,0,0,0,0,0,0,0,0,0,0,0,0,0,0,0,0,0,0,0,0,0,0,0,0
100171,A,2020,1,0,14.0,1,2.0,10.0,16.0,3,0,0,8.0,10.0,33.0,40.0,0.0,0.0,0.0,1.0,0.0,1.0,7,1.0,1.0,0.0,1.0,1.0,1.0,3.0,0.0,0.0,1.0,2.0,A_2020,2.0,2022.0,17.0,24.0,0,0,0,0,0,0,0,0,0,0,0,0,0,0,0,0,0,0,0,0,0,0,0,0,0,0,0,0,0,0,0,0,0,0,0,0,0,0,0,0,0,0,0,0,0,0
100172,A,2020,0,0,16.0,1,2.0,,19.0,8,1,0,0.0,8.0,43.0,42.0,0.0,0.0,,,0.0,0.0,5,0.0,0.0,0.0,,0.0,0.0,0.0,0.0,1.0,0.0,0.0,A_2020,3.0,2023.0,24.0,23.0,0,0,0,0,0,0,0,0,0,0,0,0,0,0,0,0,0,0,0,0,0,0,0,0,0,0,0,0,0,0,0,0,0,0,0,0,0,0,0,0,0,0,0,0,0,0
100173,A,2020,0,1,,1,1.0,17.0,15.0,3,0,0,5.0,,40.0,,,0.0,1.0,0.0,0.0,1.0,7,1.0,1.0,0.0,1.0,1.0,1.0,4.0,0.0,0.0,0.0,0.0,A_2020,,,25.0,,1,0,0,0,0,0,0,0,0,0,0,0,0,0,0,0,0,0,0,0,0,0,0,0,0,0,0,0,0,0,0,0,0,0,0,0,0,0,0,0,0,0,0,0,0,0
100174,A,2022,1,1,12.0,1,2.0,,13.0,8,1,0,6.0,3.0,49.0,41.0,0.0,1.0,1.0,1.0,1.0,1.0,6,1.0,0.0,0.0,0.0,0.0,0.0,2.0,0.0,0.0,0.0,0.0,A_2022,1.0,2023.0,36.0,28.0,0,0,0,1,0,0,0,0,0,0,0,0,0,0,0,0,0,0,0,0,0,0,0,0,0,0,0,0,0,0,0,0,0,0,0,0,0,0,0,0,0,0,0,0,0,0
100175,A,2020,0,0,13.0,1,1.0,,16.0,3,0,0,5.0,,37.0,,,0.0,1.0,0.0,0.0,0.0,5,0.0,0.0,0.0,0.0,0.0,0.0,1.0,0.0,0.0,1.0,40.0,A_2020,3.0,2023.0,21.0,,0,0,0,0,0,0,0,0,0,0,0,0,0,0,0,0,0,0,0,0,0,0,0,0,0,0,0,0,0,0,0,0,0,0,0,0,0,0,0,0,0,0,0,0,0,0
100176,A,2020,0,1,11.0,1,2.0,,14.0,4,0,0,7.0,3.0,43.0,56.0,0.0,0.0,1.0,1.0,0.0,1.0,8,1.0,1.0,1.0,0.0,0.0,0.0,4.0,0.0,0.0,0.0,0.0,A_2020,3.0,2023.0,29.0,42.0,0,0,0,0,0,0,0,0,0,0,0,0,0,0,0,0,0,0,0,0,0,0,0,0,0,0,0,0,0,0,0,0,0,0,0,0,0,0,0,0,0,0,0,0,0,0
100177,B,2018,0,0,13.0,0,1.0,,18.0,7,1,1,5.0,,53.0,,,0.0,0.0,0.0,1.0,1.0,10,1.0,1.0,1.0,0.0,0.0,0.0,6.0,0.0,0.0,0.0,0.0,B_2018,5.0,2023.0,35.0,,0,0,0,1,0,0,0,0,0,0,0,0,0,0,0,0,1,0,0,0,0,0,0,0,0,0,0,0,0,0,0,0,0,0,0,0,0,0,0,0,0,0,0,0,0,0
100178,A,2020,0,0,14.0,1,2.0,7.0,16.0,6,0,0,6.0,5.0,31.0,57.0,,0.0,1.0,1.0,0.0,0.0,6,1.0,0.0,0.0,1.0,1.0,1.0,3.0,0.0,1.0,0.0,0.0,A_2020,2.0,2022.0,15.0,41.0,0,0,0,0,0,0,0,0,0,0,0,0,0,0,0,0,0,0,0,0,0,0,0,0,0,0,0,0,0,0,0,0,0,0,0,0,0,0,0,0,0,0,0,0,0,0
100179,A,2020,0,1,11.0,1,3.0,19.0,14.0,5,0,0,,,56.0,60.0,0.0,0.0,1.0,1.0,1.0,1.0,8,1.0,1.0,1.0,0.0,0.0,0.0,4.0,0.0,0.0,0.0,0.0,A_2020,3.0,2023.0,42.0,46.0,0,0,0,0,0,0,0,0,0,0,0,0,0,0,0,0,0,0,0,0,0,0,0,0,0,0,0,0,0,0,0,0,0,0,0,0,0,0,0,0,0,0,0,0,0,0
100180,A,2020,0,1,12.0,1,2.0,11.0,14.0,4,0,0,,,37.0,35.0,0.0,0.0,1.0,1.0,0.0,1.0,6,1.0,0.0,0.0,1.0,1.0,1.0,4.0,0.0,0.0,0.0,0.0,A_2020,2.0,2022.0,23.0,21.0,0,0,0,0,0,0,0,0,0,0,0,0,0,0,0,0,0,0,0,0,0,0,0,0,0,0,0,0,0,0,0,0,0,0,0,0,0,0,0,0,0,0,0,0,0,0
100181,B,2018,1,1,13.0,1,2.0,,17.0,6,1,1,,,,,,0.0,0.0,0.0,0.0,1.0,9,1.0,1.0,1.0,0.0,0.0,0.0,6.0,0.0,0.0,0.0,0.0,B_2018,4.0,2022.0,,,0,0,0,0,0,0,0,0,0,0,0,0,0,0,0,0,1,0,0,0,0,0,0,0,0,0,0,0,0,0,0,0,0,0,0,0,0,0,0,0,0,0,0,0,0,0
100182,A,2022,1,1,16.0,1,2.0,,16.0,7,1,0,7.0,5.0,33.0,,,1.0,1.0,1.0,1.0,1.0,6,1.0,0.0,0.0,0.0,0.0,0.0,2.0,0.0,0.0,0.0,0.0,A_2022,0.0,2022.0,17.0,,0,0,1,1,0,0,0,0,0,0,0,0,0,0,0,0,0,0,0,0,0,0,0,0,0,0,0,0,0,0,0,0,0,0,0,0,0,0,0,0,0,0,0,0,0,0
100183,A,2020,0,0,12.0,1,3.0,8.0,14.0,8,1,0,9.0,11.0,53.0,51.0,0.0,0.0,1.0,1.0,1.0,1.0,8,1.0,1.0,1.0,0.0,0.0,0.0,4.0,0.0,0.0,0.0,0.0,A_2020,2.0,2022.0,39.0,37.0,0,0,0,0,0,0,0,0,0,0,0,0,0,0,0,0,0,0,0,0,0,0,0,0,0,0,0,0,0,0,0,0,0,0,0,0,0,0,0,0,0,0,0,0,0,0
100184,A,2020,0,0,12.0,1,1.0,,15.0,4,0,0,,,32.0,39.0,0.0,1.0,1.0,1.0,0.0,1.0,8,1.0,1.0,1.0,0.0,0.0,0.0,4.0,0.0,0.0,0.0,0.0,A_2020,3.0,2023.0,17.0,24.0,0,0,0,0,0,0,0,0,0,0,0,0,0,0,0,0,0,0,0,0,0,0,0,0,0,0,0,0,0,0,0,0,0,0,0,0,0,0,0,0,0,0,0,0,0,0
100185,A,2022,0,0,16.0,1,,,17.0,7,1,0,1.0,4.0,35.0,48.0,0.0,0.0,1.0,0.0,0.0,0.0,6,1.0,0.0,0.0,0.0,0.0,0.0,1.0,0.0,0.0,0.0,0.0,A_2022,1.0,2023.0,18.0,31.0,0,0,0,1,0,0,0,0,0,0,0,0,0,0,0,0,0,0,0,0,0,0,0,0,0,0,0,0,0,0,0,0,0,0,0,0,0,0,0,0,0,0,0,0,0,0
100186,A,2020,1,1,11.0,1,2.0,5.0,13.0,3,0,0,10.0,11.0,39.0,41.0,,1.0,1.0,1.0,1.0,1.0,8,1.0,1.0,1.0,0.0,0.0,0.0,4.0,0.0,0.0,0.0,0.0,A_2020,2.0,2022.0,26.0,28.0,0,0,0,0,0,0,0,0,0,0,0,0,0,0,0,0,0,0,0,0,0,0,0,0,0,0,0,0,0,0,0,0,0,0,0,0,0,0,0,0,0,0,0,0,0,0
100187,B,2018,0,0,11.0,1,3.0,,15.0,7,1,1,9.0,11.0,45.0,52.0,1.0,0.0,1.0,1.0,1.0,1.0,9,1.0,1.0,1.0,0.0,0.0,0.0,6.0,0.0,0.0,0.0,0.0,B_2018,4.0,2022.0,30.0,37.0,0,0,0,0,0,0,0,0,0,0,0,0,0,0,0,0,1,0,0,0,0,0,0,0,0,0,0,0,0,0,0,0,0,0,0,0,0,0,0,0,0,0,0,0,0,0
100188,A,2022,0,0,13.0,1,2.0,,14.0,7,1,0,4.0,2.0,38.0,47.0,0.0,0.0,0.0,0.0,0.0,1.0,6,1.0,0.0,0.0,0.0,0.0,0.0,2.0,0.0,0.0,0.0,0.0,A_2022,1.0,2023.0,24.0,33.0,0,0,0,1,0,0,0,0,0,0,0,0,0,0,0,0,0,0,0,0,0,0,0,0,0,0,0,0,0,0,0,0,0,0,0,0,0,0,0,0,0,0,0,0,0,0
100189,A,2020,1,0,11.0,1,3.0,6.0,13.0,6,0,0,5.0,5.0,43.0,53.0,0.0,0.0,1.0,1.0,1.0,1.0,8,1.0,1.0,1.0,0.0,0.0,0.0,4.0,0.0,0.0,0.0,0.0,A_2020,2.0,2022.0,30.0,40.0,0,0,0,0,0,0,0,0,0,0,0,0,0,0,0,0,0,0,0,0,0,0,0,0,0,0,0,0,0,0,0,0,0,0,0,0,0,0,0,0,0,0,0,0,0,0
100190,B,2018,0,0,13.0,0,1.0,,18.0,6,1,1,0.0,,53.0,,,0.0,0.0,0.0,0.0,1.0,10,1.0,1.0,1.0,0.0,0.0,0.0,6.0,0.0,0.0,0.0,0.0,B_2018,5.0,2023.0,35.0,,0,0,0,1,0,0,0,0,0,0,0,0,0,0,0,0,1,0,0,0,0,0,0,0,0,0,0,0,0,0,0,0,0,0,0,0,0,0,0,0,0,0,0,0,0,0
100191,A,2020,1,1,14.0,1,1.0,6.0,16.0,3,0,0,5.0,,40.0,,,0.0,1.0,0.0,0.0,0.0,6,1.0,0.0,0.0,0.0,0.0,0.0,1.0,0.0,0.0,1.0,40.0,A_2020,2.0,2022.0,24.0,,0,0,0,0,0,0,0,0,0,0,0,0,0,0,0,0,0,0,0,0,0,0,0,0,0,0,0,0,0,0,0,0,0,0,0,0,0,0,0,0,0,0,0,0,0,0
100192,A,2020,1,0,13.0,1,3.0,12.0,16.0,7,1,0,5.0,10.0,35.0,40.0,0.0,0.0,1.0,1.0,1.0,1.0,8,1.0,1.0,1.0,0.0,0.0,0.0,4.0,0.0,0.0,1.0,9.0,A_2020,3.0,2023.0,19.0,24.0,0,0,0,0,0,0,0,0,0,0,0,0,0,0,0,0,0,0,0,0,0,0,0,0,0,0,0,0,0,0,0,0,0,0,0,0,0,0,0,0,0,0,0,0,0,0
100193,A,2020,1,1,12.0,1,2.0,19.0,14.0,3,0,0,3.0,3.0,50.0,43.0,1.0,1.0,1.0,1.0,1.0,1.0,8,1.0,1.0,1.0,0.0,0.0,0.0,4.0,0.0,0.0,0.0,0.0,A_2020,2.0,2022.0,36.0,29.0,0,0,0,0,0,0,0,0,0,0,0,0,0,0,0,0,0,0,0,0,0,0,0,0,0,0,0,0,0,0,0,0,0,0,0,0,0,0,0,0,0,0,0,0,0,0
100194,A,2020,1,1,14.0,1,2.0,4.0,15.0,3,0,0,2.0,3.0,50.0,49.0,0.0,0.0,1.0,1.0,1.0,1.0,6,1.0,0.0,0.0,1.0,1.0,1.0,3.0,0.0,0.0,0.0,0.0,A_2020,1.0,2021.0,35.0,34.0,0,0,0,1,0,0,0,0,0,0,0,0,0,0,0,0,0,0,0,0,0,0,0,0,0,0,0,0,0,0,0,0,0,0,0,0,0,0,0,0,0,0,0,0,0,0
100195,A,2020,1,0,13.0,1,3.0,,15.0,3,0,0,1.0,2.0,52.0,54.0,0.0,0.0,1.0,1.0,1.0,1.0,7,1.0,1.0,0.0,0.0,1.0,1.0,4.0,0.0,0.0,0.0,0.0,A_2020,2.0,2022.0,37.0,39.0,0,0,0,0,0,0,0,0,0,0,0,0,0,0,0,0,0,0,0,0,0,0,0,0,0,0,0,0,0,0,0,0,0,0,0,0,0,0,0,0,0,0,0,0,0,0
100196,B,2018,0,1,13.0,0,3.0,,17.0,7,1,0,2.0,,34.0,,,1.0,1.0,1.0,1.0,1.0,10,1.0,1.0,1.0,0.0,0.0,0.0,6.0,0.0,0.0,0.0,0.0,B_2018,4.0,2022.0,17.0,,0,0,0,0,0,0,0,0,0,0,0,0,0,0,0,0,1,0,0,0,0,0,0,0,0,0,0,0,0,0,0,0,0,0,0,0,0,0,0,0,0,0,0,0,0,0
100197,B,2018,1,0,13.0,1,2.0,,17.0,6,1,1,9.0,8.0,40.0,45.0,0.0,0.0,1.0,1.0,1.0,1.0,9,1.0,1.0,1.0,0.0,0.0,0.0,6.0,0.0,0.0,0.0,0.0,B_2018,4.0,2022.0,23.0,28.0,0,0,0,0,0,0,0,0,0,0,0,0,0,0,0,0,1,0,0,0,0,0,0,0,0,0,0,0,0,0,0,0,0,0,0,0,0,0,0,0,0,0,0,0,0,0
100198,A,2020,1,1,12.0,1,3.0,7.0,14.0,3,0,0,9.0,8.0,40.0,49.0,0.0,1.0,1.0,1.0,1.0,1.0,8,1.0,1.0,1.0,0.0,0.0,0.0,4.0,0.0,0.0,0.0,0.0,A_2020,2.0,2022.0,26.0,35.0,0,0,0,0,0,0,0,0,0,0,0,0,0,0,0,0,0,0,0,0,0,0,0,0,0,0,0,0,0,0,0,0,0,0,0,0,0,0,0,0,0,0,0,0,0,0
100199,A,2022,1,1,12.0,1,2.0,,14.0,7,1,0,5.0,5.0,38.0,49.0,0.0,1.0,1.0,1.0,1.0,1.0,6,1.0,0.0,0.0,0.0,0.0,0.0,2.0,0.0,0.0,0.0,0.0,A_2022,2.0,2024.0,24.0,35.0,0,0,0,0,0,0,0,0,0,0,0,0,0,0,0,0,0,0,0,0,0,0,0,0,0,0,0,0,0,0,0,0,0,0,0,0,0,0,0,0,0,0,0,0,0,0
100200,A,2020,1,1,15.0,1,2.0,,17.0,4,0,0,1.0,,42.0,,,0.0,1.0,1.0,0.0,0.0,6,1.0,0.0,0.0,0.0,0.0,0.0,2.0,0.0,0.0,0.0,0.0,A_2020,2.0,2022.0,25.0,,0,0,0,0,0,0,0,0,0,0,0,0,0,0,0,0,0,0,0,0,0,0,0,0,0,0,0,0,0,0,0,0,0,0,0,0,0,0,0,0,0,0,0,0,0,0
100201,A,2020,0,1,12.0,1,2.0,6.0,14.0,4,0,0,7.0,6.0,41.0,41.0,0.0,0.0,0.0,1.0,1.0,1.0,9,1.0,1.0,1.0,0.0,0.0,0.0,5.0,0.0,0.0,0.0,0.0,A_2020,2.0,2022.0,27.0,27.0,0,0,0,0,0,0,0,0,0,0,0,0,0,0,0,0,1,0,0,0,0,0,0,0,0,0,0,0,0,0,0,0,0,0,0,0,0,0,0,0,0,0,0,0,0,0
100202,A,2020,1,0,13.0,1,2.0,7.0,15.0,7,1,0,11.0,,29.0,50.0,,1.0,1.0,1.0,1.0,1.0,8,1.0,1.0,1.0,0.0,0.0,0.0,4.0,0.0,0.0,0.0,0.0,A_2020,2.0,2022.0,14.0,35.0,0,0,0,0,0,0,0,0,0,0,0,0,0,0,0,0,0,0,0,0,0,0,0,0,0,0,0,0,0,0,0,0,0,0,0,0,0,0,0,0,0,0,0,0,0,0
100203,A,2020,1,1,15.0,1,2.0,,18.0,4,0,0,5.0,5.0,49.0,52.0,0.0,0.0,1.0,1.0,,,11,0.0,0.0,0.0,0.0,0.0,0.0,5.0,0.0,0.0,0.0,0.0,A_2020,3.0,2023.0,31.0,34.0,0,0,0,0,1,1,1,1,0,0,0,0,0,0,0,0,1,0,0,0,0,0,0,0,0,0,0,0,0,0,0,0,0,0,0,0,0,0,0,0,0,0,0,0,0,0
100204,A,2020,1,1,12.0,1,1.0,,14.0,6,0,0,5.0,3.0,35.0,39.0,0.0,1.0,1.0,1.0,1.0,1.0,8,1.0,1.0,1.0,0.0,0.0,0.0,4.0,0.0,0.0,0.0,0.0,A_2020,2.0,2022.0,21.0,25.0,0,0,0,0,0,0,0,0,0,0,0,0,0,0,0,0,0,0,0,0,0,0,0,0,0,0,0,0,0,0,0,0,0,0,0,0,0,0,0,0,0,0,0,0,0,0
100205,A,2020,0,0,,1,,,14.0,5,0,0,3.0,5.0,46.0,36.0,0.0,0.0,1.0,1.0,1.0,1.0,8,1.0,1.0,1.0,0.0,0.0,0.0,4.0,0.0,0.0,0.0,0.0,A_2020,,,32.0,22.0,1,0,0,0,0,0,0,0,0,0,0,0,0,0,0,0,0,0,0,0,0,0,0,0,0,0,0,0,0,0,0,0,0,0,0,0,0,0,0,0,0,0,0,0,0,0
100206,A,2020,0,0,12.0,1,2.0,17.0,14.0,6,0,0,5.0,5.0,54.0,67.0,0.0,0.0,,,1.0,1.0,8,1.0,1.0,1.0,,0.0,0.0,1.0,0.0,0.0,0.0,0.0,A_2020,2.0,2022.0,40.0,53.0,0,0,0,0,0,0,0,0,0,0,0,0,0,0,0,0,0,0,0,0,0,0,0,0,0,0,0,0,0,0,0,0,0,0,0,0,0,0,0,0,0,0,0,0,0,0
100207,A,2020,0,1,13.0,1,2.0,,16.0,8,1,0,9.0,3.0,36.0,40.0,0.0,0.0,1.0,0.0,0.0,1.0,8,1.0,1.0,1.0,0.0,0.0,0.0,4.0,0.0,0.0,0.0,0.0,A_2020,3.0,2023.0,20.0,24.0,0,0,0,0,0,0,0,0,0,0,0,0,0,0,0,0,0,0,0,0,0,0,0,0,0,0,0,0,0,0,0,0,0,0,0,0,0,0,0,0,0,0,0,0,0,0
100208,A,2020,0,0,,1,2.0,19.0,14.0,3,0,0,7.0,7.0,30.0,33.0,0.0,0.0,1.0,1.0,1.0,1.0,8,1.0,1.0,1.0,0.0,0.0,0.0,4.0,0.0,0.0,0.0,0.0,A_2020,,,16.0,19.0,1,0,0,0,0,0,0,0,0,0,0,0,0,0,0,0,0,0,0,0,0,0,0,0,0,0,0,0,0,0,0,0,0,0,0,0,0,0,0,0,0,0,0,0,0,0
100209,A,2022,1,1,11.0,1,2.0,,12.0,7,1,0,7.0,1.0,50.0,58.0,0.0,1.0,1.0,1.0,1.0,1.0,6,1.0,0.0,0.0,0.0,0.0,0.0,2.0,0.0,0.0,0.0,0.0,A_2022,1.0,2023.0,38.0,46.0,0,0,0,1,0,0,0,0,0,0,0,0,0,0,0,0,0,0,0,0,0,0,0,0,0,0,0,0,0,0,0,0,0,0,0,0,0,0,0,0,0,0,0,0,0,0
100210,A,2020,0,1,15.0,1,2.0,17.0,18.0,6,0,0,5.0,5.0,40.0,54.0,0.0,0.0,0.0,0.0,0.0,0.0,7,1.0,1.0,0.0,1.0,1.0,1.0,4.0,0.0,0.0,0.0,0.0,A_2020,3.0,2023.0,22.0,36.0,0,0,0,0,0,0,0,0,0,0,0,0,0,0,0,0,0,0,0,0,0,0,0,0,0,0,0,0,0,0,0,0,0,0,0,0,0,0,0,0,0,0,0,0,0,0
100211,A,2020,0,0,14.0,1,3.0,9.0,16.0,3,0,0,5.0,5.0,38.0,39.0,0.0,0.0,1.0,1.0,1.0,1.0,8,1.0,1.0,1.0,0.0,0.0,0.0,4.0,0.0,0.0,0.0,0.0,A_2020,2.0,2022.0,22.0,23.0,0,0,0,0,0,0,0,0,0,0,0,0,0,0,0,0,0,0,0,0,0,0,0,0,0,0,0,0,0,0,0,0,0,0,0,0,0,0,0,0,0,0,0,0,0,0
100212,A,2022,0,1,14.0,1,2.0,,16.0,4,1,0,7.0,8.0,35.0,39.0,0.0,0.0,1.0,1.0,1.0,1.0,6,1.0,0.0,0.0,0.0,0.0,0.0,2.0,0.0,0.0,0.0,0.0,A_2022,2.0,2024.0,19.0,23.0,0,0,0,0,0,0,0,0,0,0,0,0,0,0,0,0,0,0,0,0,0,0,0,0,0,0,0,0,0,0,0,0,0,0,0,0,0,0,0,0,0,0,0,0,0,0
100213,A,2020,1,1,12.0,1,1.0,,14.0,3,0,1,5.0,9.0,37.0,38.0,,1.0,1.0,1.0,1.0,1.0,8,1.0,1.0,1.0,0.0,0.0,0.0,4.0,0.0,0.0,0.0,0.0,A_2020,2.0,2022.0,23.0,24.0,0,0,0,0,0,0,0,0,0,0,0,0,0,0,0,0,0,0,0,0,0,0,0,0,0,0,0,0,0,0,0,0,0,0,0,0,0,0,0,0,0,0,0,0,0,0
100214,A,2020,1,1,11.0,1,2.0,,14.0,7,1,0,11.0,11.0,40.0,44.0,1.0,0.0,1.0,1.0,1.0,1.0,7,1.0,1.0,0.0,0.0,1.0,1.0,4.0,0.0,0.0,0.0,0.0,A_2020,3.0,2023.0,26.0,30.0,0,0,0,0,0,0,0,0,0,0,0,0,0,0,0,0,0,0,0,0,0,0,0,0,0,0,0,0,0,0,0,0,0,0,0,0,0,0,0,0,0,0,0,0,0,0
100215,A,2020,0,1,13.0,1,2.0,,15.0,3,0,0,3.0,1.0,40.0,56.0,0.0,0.0,1.0,0.0,0.0,1.0,6,1.0,0.0,0.0,1.0,1.0,1.0,3.0,0.0,0.0,0.0,0.0,A_2020,2.0,2022.0,25.0,41.0,0,0,0,0,0,0,0,0,0,0,0,0,0,0,0,0,0,0,0,0,0,0,0,0,0,0,0,0,0,0,0,0,0,0,0,0,0,0,0,0,0,0,0,0,0,0
100216,A,2020,0,0,11.0,1,2.0,6.0,14.0,7,1,0,11.0,11.0,39.0,53.0,1.0,0.0,1.0,1.0,1.0,1.0,8,1.0,1.0,1.0,0.0,0.0,0.0,4.0,0.0,0.0,0.0,0.0,A_2020,3.0,2023.0,25.0,39.0,0,0,0,0,0,0,0,0,0,0,0,0,0,0,0,0,0,0,0,0,0,0,0,0,0,0,0,0,0,0,0,0,0,0,0,0,0,0,0,0,0,0,0,0,0,0
100217,A,2020,0,1,13.0,1,2.0,,16.0,1,1,0,11.0,,60.0,,,0.0,1.0,1.0,1.0,1.0,8,1.0,1.0,1.0,0.0,0.0,0.0,4.0,0.0,0.0,0.0,0.0,A_2020,3.0,2023.0,44.0,,0,0,0,0,0,0,0,0,0,0,0,0,0,0,0,0,0,0,0,0,0,0,0,0,0,0,0,0,0,0,0,0,0,0,0,0,0,0,0,0,0,0,0,0,0,0
100218,A,2020,0,0,14.0,1,2.0,,16.0,3,0,0,,,51.0,53.0,,0.0,1.0,1.0,0.0,0.0,7,1.0,1.0,0.0,0.0,0.0,0.0,2.0,0.0,0.0,1.0,40.0,A_2020,2.0,2022.0,35.0,37.0,0,0,0,0,0,0,0,0,0,0,0,0,0,0,0,0,0,0,0,0,0,0,0,0,0,0,0,0,0,0,0,0,0,0,0,0,0,0,0,0,0,0,0,0,0,0
100219,A,2022,1,1,12.0,1,2.0,,12.0,7,1,0,8.0,5.0,39.0,37.0,0.0,1.0,1.0,1.0,1.0,1.0,6,1.0,0.0,0.0,0.0,0.0,0.0,2.0,0.0,0.0,0.0,0.0,A_2022,0.0,2022.0,27.0,25.0,0,0,1,1,0,0,0,0,0,0,0,0,0,0,0,0,0,0,0,0,0,0,0,0,0,0,0,0,0,0,0,0,0,0,0,0,0,0,0,0,0,0,0,0,0,0
100220,A,2020,0,0,13.0,1,,,15.0,3,0,0,11.0,,35.0,,,0.0,1.0,0.0,1.0,1.0,7,1.0,1.0,0.0,0.0,0.0,0.0,2.0,0.0,0.0,0.0,0.0,A_2020,2.0,2022.0,20.0,,0,0,0,0,0,0,0,0,0,0,0,0,0,0,0,0,0,0,0,0,0,0,0,0,0,0,0,0,0,0,0,0,0,0,0,0,0,0,0,0,0,0,0,0,0,0
100221,A,2020,1,0,14.0,1,2.0,,16.0,3,0,0,1.0,0.0,52.0,57.0,0.0,1.0,1.0,1.0,1.0,1.0,8,1.0,1.0,1.0,0.0,0.0,0.0,4.0,0.0,0.0,0.0,0.0,A_2020,2.0,2022.0,36.0,41.0,0,0,0,0,0,0,0,0,0,0,0,0,0,0,0,0,0,0,0,0,0,0,0,0,0,0,0,0,0,0,0,0,0,0,0,0,0,0,0,0,0,0,0,0,0,0
100222,A,2020,1,1,12.0,1,3.0,6.0,15.0,5,0,0,,,43.0,,,0.0,1.0,1.0,1.0,1.0,7,1.0,1.0,0.0,0.0,0.0,0.0,4.0,0.0,0.0,0.0,0.0,A_2020,3.0,2023.0,28.0,,0,0,0,0,0,0,0,0,0,0,0,0,0,0,0,0,0,0,0,0,0,0,0,0,0,0,0,0,0,0,0,0,0,0,0,0,0,0,0,0,0,0,0,0,0,0
100223,A,2020,1,0,13.0,1,1.0,19.0,15.0,4,0,0,5.0,,37.0,,,0.0,1.0,0.0,0.0,0.0,5,0.0,0.0,0.0,0.0,0.0,0.0,1.0,0.0,0.0,0.0,0.0,A_2020,2.0,2022.0,22.0,,0,0,0,0,0,0,0,0,0,0,0,0,0,0,0,0,0,0,0,0,0,0,0,0,0,0,0,0,0,0,0,0,0,0,0,0,0,0,0,0,0,0,0,0,0,0
100224,A,2020,0,1,12.0,1,2.0,7.0,15.0,3,0,0,7.0,6.0,30.0,41.0,0.0,0.0,1.0,1.0,1.0,1.0,8,1.0,1.0,1.0,0.0,0.0,0.0,4.0,0.0,0.0,0.0,0.0,A_2020,3.0,2023.0,15.0,26.0,0,0,0,0,0,0,0,0,0,0,0,0,0,0,0,0,0,0,0,0,0,0,0,0,0,0,0,0,0,0,0,0,0,0,0,0,0,0,0,0,0,0,0,0,0,0
100225,A,2020,1,0,11.0,1,2.0,,13.0,2,0,0,5.0,,28.0,39.0,,1.0,1.0,1.0,1.0,1.0,8,1.0,1.0,1.0,0.0,0.0,0.0,4.0,0.0,0.0,0.0,0.0,A_2020,2.0,2022.0,15.0,26.0,0,0,0,0,0,0,0,0,0,0,0,0,0,0,0,0,0,0,0,0,0,0,0,0,0,0,0,0,0,0,0,0,0,0,0,0,0,0,0,0,0,0,0,0,0,0
100226,A,2020,0,0,15.0,1,2.0,,18.0,3,0,0,7.0,5.0,50.0,56.0,0.0,0.0,1.0,1.0,0.0,0.0,9,1.0,1.0,1.0,0.0,0.0,0.0,3.0,0.0,0.0,1.0,40.0,A_2020,3.0,2023.0,32.0,38.0,0,0,0,0,0,0,0,0,0,0,0,0,0,0,0,0,0,0,0,0,0,0,0,0,0,0,0,0,0,0,0,0,0,0,0,0,0,0,0,0,0,0,0,0,0,0
100227,A,2020,0,1,12.0,1,3.0,,13.0,8,1,0,6.0,,30.0,40.0,,0.0,0.0,1.0,1.0,1.0,6,1.0,0.0,0.0,0.0,0.0,0.0,2.0,0.0,0.0,0.0,0.0,A_2020,1.0,2021.0,17.0,27.0,0,0,0,1,0,0,0,0,0,0,0,0,0,0,0,0,0,0,0,0,0,0,0,0,0,0,0,0,0,0,0,0,0,0,0,0,0,0,0,0,0,0,0,0,0,0
100228,A,2020,0,0,13.0,1,2.0,,17.0,6,1,0,7.0,,40.0,,,0.0,1.0,0.0,0.0,0.0,5,0.0,0.0,0.0,0.0,0.0,0.0,1.0,0.0,1.0,1.0,25.0,A_2020,4.0,2024.0,23.0,,0,0,0,0,0,0,0,0,0,0,0,0,0,0,0,0,0,0,0,0,0,0,0,0,0,0,0,0,0,0,0,0,0,0,0,0,0,0,0,0,0,0,0,0,0,0
100229,B,2018,1,0,12.0,0,2.0,,16.0,7,1,0,5.0,,36.0,,,1.0,1.0,1.0,1.0,1.0,10,1.0,1.0,1.0,0.0,0.0,0.0,6.0,0.0,0.0,0.0,0.0,B_2018,4.0,2022.0,20.0,,0,0,0,0,0,0,0,0,0,0,0,0,0,0,0,0,1,0,0,0,0,0,0,0,0,0,0,0,0,0,0,0,0,0,0,0,0,0,0,0,0,0,0,0,0,0
100230,A,2020,0,1,12.0,1,2.0,1.0,14.0,3,0,0,5.0,5.0,43.0,45.0,0.0,0.0,1.0,1.0,1.0,1.0,8,1.0,1.0,1.0,0.0,0.0,0.0,4.0,0.0,0.0,0.0,0.0,A_2020,2.0,2022.0,29.0,31.0,0,0,0,0,0,0,0,0,0,0,0,0,0,0,0,0,0,0,0,0,0,0,0,0,0,0,0,0,0,0,0,0,0,0,0,0,0,0,0,0,0,0,0,0,0,0
100231,A,2020,1,0,,1,2.0,6.0,15.0,4,1,0,5.0,5.0,32.0,38.0,0.0,0.0,1.0,1.0,0.0,1.0,8,1.0,1.0,1.0,1.0,1.0,1.0,4.0,0.0,0.0,0.0,0.0,A_2020,,,17.0,23.0,1,0,0,0,0,0,0,0,0,0,0,0,0,0,0,0,0,0,0,0,0,0,0,0,0,0,0,0,0,0,0,0,0,0,0,0,0,0,0,0,0,0,0,0,0,0
100232,B,2018,1,1,11.0,0,3.0,,16.0,7,1,1,7.0,,35.0,,,0.0,0.0,0.0,1.0,1.0,8,1.0,1.0,1.0,1.0,1.0,2.0,6.0,0.0,0.0,0.0,0.0,B_2018,5.0,2023.0,19.0,,0,0,0,1,0,0,0,0,0,0,0,0,0,0,0,0,1,0,0,0,0,0,0,0,0,0,0,0,0,0,0,0,0,0,0,0,0,0,0,0,0,0,0,0,0,0
100233,A,2020,1,1,13.0,1,2.0,8.0,16.0,3,0,0,5.0,5.0,40.0,51.0,0.0,1.0,1.0,1.0,1.0,1.0,8,1.0,1.0,1.0,0.0,0.0,0.0,4.0,0.0,0.0,0.0,0.0,A_2020,3.0,2023.0,24.0,35.0,0,0,0,0,0,0,0,0,0,0,0,0,0,0,0,0,0,0,0,0,0,0,0,0,0,0,0,0,0,0,0,0,0,0,0,0,0,0,0,0,0,0,0,0,0,0
100234,A,2020,0,0,12.0,1,1.0,9.0,14.0,3,0,0,5.0,9.0,39.0,39.0,0.0,0.0,1.0,1.0,1.0,1.0,8,1.0,1.0,1.0,0.0,0.0,0.0,4.0,0.0,0.0,0.0,0.0,A_2020,2.0,2022.0,25.0,25.0,0,0,0,0,0,0,0,0,0,0,0,0,0,0,0,0,0,0,0,0,0,0,0,0,0,0,0,0,0,0,0,0,0,0,0,0,0,0,0,0,0,0,0,0,0,0
100235,A,2020,0,1,12.0,1,1.0,19.0,14.0,3,0,0,5.0,8.0,40.0,42.0,,0.0,1.0,1.0,1.0,1.0,7,1.0,1.0,0.0,0.0,0.0,0.0,3.0,0.0,0.0,0.0,0.0,A_2020,2.0,2022.0,26.0,28.0,0,0,0,0,0,0,0,0,0,0,0,0,0,0,0,0,0,0,0,0,0,0,0,0,0,0,0,0,0,0,0,0,0,0,0,0,0,0,0,0,0,0,0,0,0,0
100236,A,2022,0,0,13.0,1,2.0,,13.0,7,1,0,,,,,,0.0,1.0,0.0,0.0,1.0,7,1.0,1.0,0.0,0.0,0.0,0.0,2.0,0.0,0.0,1.0,6.0,A_2022,0.0,2022.0,,,0,0,1,1,0,0,0,0,0,0,0,0,0,0,0,0,0,0,0,0,0,0,0,0,0,0,0,0,0,0,0,0,0,0,0,0,0,0,0,0,0,0,0,0,0,0
100237,A,2020,0,0,11.0,1,2.0,11.0,14.0,3,0,1,2.0,2.0,52.0,53.0,0.0,0.0,1.0,1.0,1.0,1.0,8,1.0,1.0,1.0,0.0,0.0,0.0,4.0,0.0,0.0,0.0,0.0,A_2020,3.0,2023.0,38.0,39.0,0,0,0,0,0,0,0,0,0,0,0,0,0,0,0,0,0,0,0,0,0,0,0,0,0,0,0,0,0,0,0,0,0,0,0,0,0,0,0,0,0,0,0,0,0,0
100238,A,2020,1,1,14.0,1,2.0,4.0,17.0,3,0,0,9.0,11.0,34.0,38.0,1.0,0.0,1.0,1.0,0.0,0.0,6,1.0,0.0,0.0,0.0,0.0,0.0,2.0,0.0,0.0,0.0,0.0,A_2020,3.0,2023.0,17.0,21.0,0,0,0,0,0,0,0,0,0,0,0,0,0,0,0,0,0,0,0,0,0,0,0,0,0,0,0,0,0,0,0,0,0,0,0,0,0,0,0,0,0,0,0,0,0,0
100239,A,2020,0,0,12.0,1,2.0,19.0,15.0,7,1,0,7.0,,38.0,,,0.0,1.0,0.0,0.0,1.0,7,1.0,1.0,0.0,1.0,1.0,1.0,4.0,0.0,0.0,0.0,0.0,A_2020,3.0,2023.0,23.0,,0,0,0,0,0,0,0,0,0,0,0,0,0,0,0,0,0,0,0,0,0,0,0,0,0,0,0,0,0,0,0,0,0,0,0,0,0,0,0,0,0,0,0,0,0,0
100240,A,2020,0,0,13.0,1,2.0,,15.0,3,0,0,5.0,2.0,40.0,49.0,0.0,0.0,1.0,1.0,1.0,1.0,8,1.0,1.0,1.0,0.0,0.0,0.0,4.0,0.0,0.0,0.0,0.0,A_2020,2.0,2022.0,25.0,34.0,0,0,0,0,0,0,0,0,0,0,0,0,0,0,0,0,0,0,0,0,0,0,0,0,0,0,0,0,0,0,0,0,0,0,0,0,0,0,0,0,0,0,0,0,0,0
100241,A,2020,0,1,12.0,1,3.0,16.0,14.0,4,0,0,11.0,11.0,37.0,42.0,0.0,0.0,0.0,0.0,0.0,1.0,7,1.0,1.0,0.0,0.0,1.0,1.0,4.0,0.0,0.0,0.0,0.0,A_2020,2.0,2022.0,23.0,28.0,0,0,0,0,0,0,0,0,0,0,0,0,0,0,0,0,0,0,0,0,0,0,0,0,0,0,0,0,0,0,0,0,0,0,0,0,0,0,0,0,0,0,0,0,0,0
100242,A,2020,0,1,13.0,1,2.0,,16.0,3,0,0,0.0,5.0,56.0,60.0,0.0,0.0,1.0,1.0,0.0,0.0,8,1.0,1.0,1.0,0.0,0.0,0.0,3.0,0.0,0.0,1.0,0.0,A_2020,3.0,2023.0,40.0,44.0,0,0,0,0,0,0,0,0,0,0,0,0,0,0,0,1,0,0,0,0,0,0,0,0,0,0,0,0,0,0,0,0,0,0,0,0,0,0,0,0,0,0,0,0,0,0
100243,A,2020,1,1,13.0,1,2.0,12.0,16.0,7,1,0,5.0,5.0,46.0,63.0,0.0,0.0,1.0,0.0,0.0,0.0,5,0.0,0.0,0.0,1.0,1.0,1.0,2.0,0.0,0.0,1.0,40.0,A_2020,3.0,2023.0,30.0,47.0,0,0,0,0,0,0,0,0,0,0,0,0,0,0,0,0,0,0,0,0,0,0,0,0,0,0,0,0,0,0,0,0,0,0,0,0,0,0,0,0,0,0,0,0,0,0
100244,A,2020,0,0,12.0,1,2.0,8.0,14.0,4,0,0,10.0,,38.0,,,0.0,1.0,1.0,1.0,1.0,8,1.0,1.0,1.0,0.0,0.0,0.0,4.0,0.0,0.0,0.0,0.0,A_2020,2.0,2022.0,24.0,,0,0,0,0,0,0,0,0,0,0,0,0,0,0,0,0,0,0,0,0,0,0,0,0,0,0,0,0,0,0,0,0,0,0,0,0,0,0,0,0,0,0,0,0,0,0
100245,A,2022,1,1,12.0,1,2.0,,12.0,7,1,0,7.0,4.0,33.0,36.0,0.0,0.0,0.0,0.0,0.0,1.0,6,1.0,0.0,0.0,0.0,0.0,0.0,2.0,0.0,0.0,0.0,0.0,A_2022,0.0,2022.0,21.0,24.0,0,0,1,1,0,0,0,0,0,0,0,0,0,0,0,0,0,0,0,0,0,0,0,0,0,0,0,0,0,0,0,0,0,0,0,0,0,0,0,0,0,0,0,0,0,0
100246,B,2018,0,0,12.0,0,2.0,,17.0,7,1,1,,,,,,0.0,0.0,0.0,0.0,0.0,9,1.0,1.0,1.0,0.0,0.0,0.0,4.0,1.0,1.0,0.0,0.0,B_2018,5.0,2023.0,,,0,0,0,1,0,0,0,0,0,0,0,0,0,0,0,0,0,0,0,0,0,0,0,0,0,0,0,0,0,0,0,0,0,0,0,0,0,0,0,0,0,0,0,0,0,0
100247,A,2020,1,1,14.0,1,2.0,11.0,16.0,2,0,1,0.0,1.0,48.0,58.0,0.0,1.0,1.0,1.0,1.0,1.0,8,1.0,1.0,1.0,0.0,0.0,0.0,4.0,0.0,0.0,0.0,0.0,A_2020,2.0,2022.0,32.0,42.0,0,0,0,0,0,0,0,0,0,0,0,0,0,0,0,0,0,0,0,0,0,0,0,0,0,0,0,0,0,0,0,0,0,0,0,0,0,0,0,0,0,0,0,0,0,0
100248,A,2020,1,1,14.0,1,1.0,19.0,16.0,6,0,0,9.0,9.0,35.0,41.0,1.0,1.0,0.0,1.0,1.0,1.0,8,1.0,1.0,1.0,2.0,1.0,2.0,6.0,0.0,0.0,0.0,0.0,A_2020,2.0,2022.0,19.0,25.0,0,0,0,0,0,0,0,0,0,0,0,0,0,0,0,0,1,0,0,0,0,0,0,0,0,0,0,0,0,0,0,0,0,0,0,0,0,0,0,0,0,0,0,0,0,0
100249,A,2020,1,1,13.0,1,2.0,19.0,15.0,4,0,0,10.0,5.0,34.0,38.0,1.0,1.0,1.0,1.0,1.0,1.0,8,1.0,1.0,1.0,1.0,1.0,1.0,5.0,0.0,0.0,0.0,0.0,A_2020,2.0,2022.0,19.0,23.0,0,0,0,0,0,0,0,0,0,0,0,0,0,0,0,0,1,0,0,0,0,0,0,0,0,0,0,0,0,0,0,0,0,0,0,0,0,0,0,0,0,0,0,0,0,0
100250,A,2022,0,0,12.0,1,3.0,,12.0,7,1,0,5.0,,51.0,,0.0,0.0,1.0,1.0,1.0,1.0,6,1.0,0.0,0.0,0.0,0.0,0.0,2.0,0.0,0.0,0.0,0.0,A_2022,0.0,2022.0,39.0,,0,0,1,1,0,0,0,0,0,0,0,0,0,0,0,0,0,0,0,0,0,0,0,0,0,0,0,0,0,0,0,0,0,0,0,0,0,0,0,0,0,0,0,0,0,0
100251,A,2020,1,1,11.0,1,2.0,4.0,13.0,3,0,0,3.0,3.0,48.0,49.0,1.0,1.0,1.0,1.0,1.0,1.0,8,1.0,1.0,1.0,0.0,0.0,0.0,4.0,0.0,0.0,0.0,0.0,A_2020,2.0,2022.0,35.0,36.0,0,0,0,0,0,0,0,0,0,0,0,0,0,0,0,0,0,0,0,0,0,0,0,0,0,0,0,0,0,0,0,0,0,0,0,0,0,0,0,0,0,0,0,0,0,0
100252,A,2020,1,0,13.0,1,1.0,19.0,15.0,3,0,0,1.0,,45.0,,,1.0,1.0,1.0,1.0,1.0,8,1.0,1.0,1.0,0.0,0.0,0.0,4.0,0.0,0.0,0.0,0.0,A_2020,2.0,2022.0,30.0,,0,0,0,0,0,0,0,0,0,0,0,0,0,0,0,0,0,0,0,0,0,0,0,0,0,0,0,0,0,0,0,0,0,0,0,0,0,0,0,0,0,0,0,0,0,0
100253,A,2020,0,1,13.0,1,2.0,5.0,15.0,7,1,0,7.0,7.0,37.0,40.0,0.0,0.0,1.0,0.0,0.0,0.0,5,0.0,0.0,0.0,0.0,0.0,0.0,1.0,0.0,0.0,0.0,0.0,A_2020,2.0,2022.0,22.0,25.0,0,0,0,0,0,0,0,0,0,0,0,0,0,0,0,0,0,0,0,0,0,0,0,0,0,0,0,0,0,0,0,0,0,0,0,0,0,0,0,0,0,0,0,0,0,0
100254,A,2020,1,1,13.0,1,3.0,16.0,16.0,11,1,0,8.0,7.0,39.0,45.0,0.0,0.0,0.0,0.0,0.0,0.0,7,1.0,1.0,0.0,2.0,1.0,2.0,5.0,0.0,0.0,0.0,0.0,A_2020,3.0,2023.0,23.0,29.0,0,0,0,0,0,0,0,0,0,0,0,0,0,0,0,0,1,0,0,0,0,0,0,0,0,0,0,0,0,0,0,0,0,0,0,0,0,0,0,0,0,0,0,0,0,0
100255,A,2020,1,0,15.0,1,2.0,5.0,18.0,5,1,0,8.0,,40.0,,,1.0,,,1.0,1.0,9,1.0,1.0,1.0,,0.0,0.0,1.0,0.0,0.0,0.0,0.0,A_2020,3.0,2023.0,22.0,,0,0,0,0,0,0,0,0,0,0,0,0,0,0,0,0,0,0,0,0,0,0,0,0,0,0,0,0,0,0,0,0,0,0,0,0,0,0,0,0,0,0,0,0,0,0
100256,A,2020,0,1,12.0,1,2.0,17.0,15.0,3,0,0,,,46.0,56.0,0.0,0.0,0.0,0.0,1.0,1.0,7,1.0,1.0,0.0,0.0,0.0,0.0,4.0,0.0,0.0,0.0,0.0,A_2020,3.0,2023.0,31.0,41.0,0,0,0,0,0,0,0,0,0,0,0,0,0,0,0,0,0,0,0,0,0,0,0,0,0,0,0,0,0,0,0,0,0,0,0,0,0,0,0,0,0,0,0,0,0,0
100257,A,2020,1,0,12.0,1,2.0,11.0,14.0,3,0,0,2.0,2.0,44.0,55.0,0.0,1.0,1.0,1.0,1.0,1.0,8,1.0,1.0,1.0,0.0,0.0,0.0,4.0,0.0,0.0,0.0,0.0,A_2020,2.0,2022.0,30.0,41.0,0,0,0,0,0,0,0,0,0,0,0,0,0,0,0,0,0,0,0,0,0,0,0,0,0,0,0,0,0,0,0,0,0,0,0,0,0,0,0,0,0,0,0,0,0,0
100258,A,2020,0,0,,1,2.0,6.0,17.0,3,0,0,5.0,11.0,41.0,41.0,1.0,0.0,0.0,0.0,0.0,1.0,10,1.0,1.0,1.0,0.0,1.0,1.0,6.0,0.0,0.0,0.0,0.0,A_2020,,,24.0,24.0,1,0,0,0,0,0,0,0,0,0,0,0,0,0,0,0,1,0,0,0,0,0,0,0,0,0,0,0,0,0,0,0,0,0,0,0,0,0,0,0,0,0,0,0,0,0
100259,A,2020,0,0,14.0,1,1.0,,14.0,8,1,0,5.0,5.0,43.0,46.0,0.0,0.0,1.0,0.0,0.0,0.0,7,1.0,1.0,0.0,0.0,0.0,0.0,2.0,0.0,0.0,1.0,40.0,A_2020,0.0,2020.0,29.0,32.0,0,0,1,1,0,0,0,0,0,0,0,0,0,0,0,0,0,0,0,0,0,0,0,0,0,0,0,0,0,0,0,0,0,0,0,0,0,0,0,0,0,0,0,0,0,0
100260,A,2020,0,0,12.0,1,1.0,19.0,14.0,4,0,0,5.0,,36.0,,,0.0,1.0,1.0,1.0,1.0,8,1.0,1.0,1.0,0.0,0.0,0.0,4.0,0.0,0.0,0.0,0.0,A_2020,2.0,2022.0,22.0,,0,0,0,0,0,0,0,0,0,0,0,0,0,0,0,0,0,0,0,0,0,0,0,0,0,0,0,0,0,0,0,0,0,0,0,0,0,0,0,0,0,0,0,0,0,0
100261,A,2020,0,0,11.0,1,,7.0,14.0,3,0,0,7.0,8.0,38.0,40.0,0.0,0.0,1.0,1.0,1.0,1.0,8,1.0,1.0,1.0,0.0,0.0,0.0,4.0,0.0,0.0,0.0,0.0,A_2020,3.0,2023.0,24.0,26.0,0,0,0,0,0,0,0,0,0,0,0,0,0,0,0,0,0,0,0,0,0,0,0,0,0,0,0,0,0,0,0,0,0,0,0,0,0,0,0,0,0,0,0,0,0,0
100262,A,2020,1,0,12.0,1,2.0,4.0,14.0,3,0,0,5.0,5.0,41.0,38.0,0.0,1.0,1.0,1.0,1.0,1.0,8,1.0,1.0,1.0,0.0,0.0,0.0,4.0,0.0,0.0,0.0,0.0,A_2020,2.0,2022.0,27.0,24.0,0,0,0,0,0,0,0,0,0,0,0,0,0,0,0,0,0,0,0,0,0,0,0,0,0,0,0,0,0,0,0,0,0,0,0,0,0,0,0,0,0,0,0,0,0,0
100263,A,2020,0,1,11.0,1,,11.0,14.0,6,0,0,7.0,6.0,36.0,37.0,0.0,0.0,1.0,1.0,1.0,1.0,7,1.0,1.0,0.0,1.0,1.0,1.0,4.0,0.0,0.0,0.0,0.0,A_2020,3.0,2023.0,22.0,23.0,0,0,0,0,0,0,0,0,0,0,0,0,0,0,0,0,0,0,0,0,0,0,0,0,0,0,0,0,0,0,0,0,0,0,0,0,0,0,0,0,0,0,0,0,0,0
100264,A,2020,1,1,13.0,1,3.0,,15.0,4,0,0,6.0,6.0,37.0,37.0,0.0,1.0,1.0,1.0,1.0,1.0,8,1.0,1.0,1.0,0.0,0.0,0.0,4.0,0.0,0.0,0.0,0.0,A_2020,2.0,2022.0,22.0,22.0,0,0,0,0,0,0,0,0,0,0,0,0,0,0,0,0,0,0,0,0,0,0,0,0,0,0,0,0,0,0,0,0,0,0,0,0,0,0,0,0,0,0,0,0,0,0
100265,A,2020,1,1,13.0,1,2.0,,16.0,5,0,0,9.0,5.0,50.0,49.0,0.0,0.0,1.0,1.0,0.0,1.0,6,1.0,0.0,0.0,0.0,0.0,0.0,3.0,0.0,0.0,1.0,30.0,A_2020,3.0,2023.0,34.0,33.0,0,0,0,0,0,0,0,0,0,0,0,0,0,0,0,0,0,0,0,0,0,0,0,0,0,0,0,0,0,0,0,0,0,0,0,0,0,0,0,0,0,0,0,0,0,0
100266,B,2018,1,0,11.0,1,3.0,,15.0,5,1,0,,6.0,,42.0,0.0,0.0,1.0,1.0,0.0,1.0,9,1.0,1.0,1.0,0.0,0.0,0.0,6.0,0.0,0.0,0.0,0.0,B_2018,4.0,2022.0,,27.0,0,0,0,0,0,0,0,0,0,0,0,0,0,0,0,0,1,0,0,0,0,0,0,0,0,0,0,0,0,0,0,0,0,0,0,0,0,0,0,0,0,0,0,0,0,0
100267,A,2020,1,1,,1,2.0,,17.0,8,1,0,8.0,5.0,37.0,37.0,1.0,1.0,1.0,1.0,1.0,1.0,8,1.0,1.0,1.0,0.0,0.0,0.0,4.0,0.0,0.0,1.0,20.0,A_2020,,,20.0,20.0,1,0,0,0,0,0,0,0,0,0,0,0,0,0,0,0,0,0,0,0,0,0,0,0,0,0,0,0,0,0,0,0,0,0,0,0,0,0,0,0,0,0,0,0,0,0
100268,A,2020,0,0,12.0,1,2.0,16.0,14.0,4,0,0,6.0,3.0,50.0,57.0,0.0,0.0,1.0,1.0,1.0,1.0,8,1.0,1.0,1.0,0.0,0.0,0.0,4.0,0.0,0.0,0.0,0.0,A_2020,2.0,2022.0,36.0,43.0,0,0,0,0,0,0,0,0,0,0,0,0,0,0,0,0,0,0,0,0,0,0,0,0,0,0,0,0,0,0,0,0,0,0,0,0,0,0,0,0,0,0,0,0,0,0
100269,B,2018,1,0,11.0,1,2.0,,15.0,5,1,1,8.0,5.0,39.0,41.0,0.0,1.0,1.0,1.0,1.0,1.0,9,1.0,1.0,1.0,0.0,0.0,0.0,6.0,0.0,0.0,0.0,0.0,B_2018,4.0,2022.0,24.0,26.0,0,0,0,0,0,0,0,0,0,0,0,0,0,0,0,0,1,0,0,0,0,0,0,0,0,0,0,0,0,0,0,0,0,0,0,0,0,0,0,0,0,0,0,0,0,0
100270,A,2020,0,0,12.0,1,2.0,7.0,14.0,4,0,0,6.0,,44.0,,,0.0,1.0,1.0,0.0,0.0,7,1.0,1.0,0.0,0.0,0.0,0.0,3.0,0.0,1.0,0.0,0.0,A_2020,2.0,2022.0,30.0,,0,0,0,0,0,0,0,0,0,0,0,0,0,0,0,0,0,0,0,0,0,0,0,0,0,0,0,0,0,0,0,0,0,0,0,0,0,0,0,0,0,0,0,0,0,0
100271,A,2020,1,0,12.0,1,3.0,4.0,14.0,4,0,0,8.0,,37.0,,,1.0,1.0,1.0,1.0,1.0,8,1.0,1.0,1.0,0.0,0.0,0.0,4.0,0.0,0.0,0.0,0.0,A_2020,2.0,2022.0,23.0,,0,0,0,0,0,0,0,0,0,0,0,0,0,0,0,0,0,0,0,0,0,0,0,0,0,0,0,0,0,0,0,0,0,0,0,0,0,0,0,0,0,0,0,0,0,0
100272,A,2020,1,0,13.0,1,1.0,,16.0,4,0,0,5.0,,51.0,,,0.0,1.0,1.0,0.0,1.0,8,1.0,1.0,1.0,0.0,0.0,0.0,4.0,0.0,0.0,0.0,0.0,A_2020,3.0,2023.0,35.0,,0,0,0,0,0,0,0,0,0,0,0,0,0,0,0,0,0,0,0,0,0,0,0,0,0,0,0,0,0,0,0,0,0,0,0,0,0,0,0,0,0,0,0,0,0,0
100273,A,2020,1,0,12.0,1,1.0,5.0,15.0,9,1,0,2.0,5.0,32.0,33.0,0.0,1.0,1.0,1.0,1.0,1.0,8,1.0,1.0,1.0,0.0,0.0,0.0,4.0,0.0,0.0,0.0,0.0,A_2020,3.0,2023.0,17.0,18.0,0,0,0,0,0,0,0,0,0,0,0,0,0,0,0,0,0,0,0,0,0,0,0,0,0,0,0,0,0,0,0,0,0,0,0,0,0,0,0,0,0,0,0,0,0,0
100274,A,2020,1,1,14.0,1,3.0,11.0,16.0,2,0,0,2.0,,48.0,51.0,,1.0,1.0,1.0,1.0,1.0,8,1.0,1.0,1.0,0.0,0.0,0.0,4.0,0.0,0.0,0.0,0.0,A_2020,2.0,2022.0,32.0,35.0,0,0,0,0,0,0,0,0,0,0,0,0,0,0,0,0,0,0,0,0,0,0,0,0,0,0,0,0,0,0,0,0,0,0,0,0,0,0,0,0,0,0,0,0,0,0
100275,A,2020,0,1,13.0,1,,18.0,15.0,3,0,0,5.0,5.0,34.0,44.0,1.0,0.0,1.0,1.0,1.0,1.0,8,1.0,1.0,1.0,0.0,0.0,0.0,4.0,0.0,0.0,0.0,0.0,A_2020,2.0,2022.0,19.0,29.0,0,0,0,0,0,0,0,0,0,0,0,0,0,0,0,0,0,0,0,0,0,0,0,0,0,0,0,0,0,0,0,0,0,0,0,0,0,0,0,0,0,0,0,0,0,0
100276,A,2022,0,0,12.0,1,3.0,,12.0,7,1,0,5.0,4.0,37.0,50.0,0.0,0.0,1.0,1.0,1.0,1.0,6,1.0,0.0,0.0,0.0,0.0,0.0,2.0,0.0,0.0,0.0,0.0,A_2022,0.0,2022.0,25.0,38.0,0,0,1,1,0,0,0,0,0,0,0,0,0,0,0,0,0,0,0,0,0,0,0,0,0,0,0,0,0,0,0,0,0,0,0,0,0,0,0,0,0,0,0,0,0,0
100277,A,2022,0,0,16.0,1,2.0,,16.0,7,1,0,8.0,3.0,36.0,63.0,0.0,0.0,1.0,1.0,1.0,1.0,6,1.0,0.0,0.0,0.0,0.0,0.0,2.0,0.0,0.0,0.0,0.0,A_2022,0.0,2022.0,20.0,47.0,0,0,1,1,0,0,0,0,0,0,0,0,0,0,0,0,0,0,0,0,0,0,0,0,0,0,0,0,0,0,0,0,0,0,0,0,0,0,0,0,0,0,0,0,0,0
100278,A,2022,1,1,12.0,1,2.0,,12.0,7,1,0,11.0,11.0,32.0,34.0,0.0,0.0,1.0,1.0,1.0,1.0,6,1.0,0.0,0.0,0.0,0.0,0.0,2.0,0.0,0.0,0.0,0.0,A_2022,0.0,2022.0,20.0,22.0,0,0,1,1,0,0,0,0,0,0,0,0,0,0,0,0,0,0,0,0,0,0,0,0,0,0,0,0,0,0,0,0,0,0,0,0,0,0,0,0,0,0,0,0,0,0
100279,A,2020,0,1,12.0,1,2.0,,14.0,3,0,0,5.0,0.0,37.0,42.0,0.0,0.0,1.0,0.0,0.0,1.0,7,1.0,1.0,0.0,0.0,0.0,0.0,3.0,0.0,0.0,0.0,0.0,A_2020,2.0,2022.0,23.0,28.0,0,0,0,0,0,0,0,0,0,0,0,0,0,0,0,0,0,0,0,0,0,0,0,0,0,0,0,0,0,0,0,0,0,0,0,0,0,0,0,0,0,0,0,0,0,0
100280,A,2020,0,0,12.0,1,2.0,17.0,14.0,4,0,0,7.0,5.0,36.0,40.0,0.0,0.0,1.0,0.0,0.0,1.0,7,1.0,1.0,0.0,0.0,1.0,1.0,4.0,0.0,0.0,0.0,0.0,A_2020,2.0,2022.0,22.0,26.0,0,0,0,0,0,0,0,0,0,0,0,0,0,0,0,0,0,0,0,0,0,0,0,0,0,0,0,0,0,0,0,0,0,0,0,0,0,0,0,0,0,0,0,0,0,0
100281,A,2020,0,0,13.0,1,,15.0,15.0,8,1,0,,,,32.0,,0.0,1.0,0.0,0.0,1.0,7,1.0,1.0,0.0,0.0,1.0,1.0,4.0,0.0,0.0,0.0,0.0,A_2020,2.0,2022.0,,17.0,0,0,0,0,0,0,0,0,0,0,0,0,0,0,0,0,0,0,0,0,0,0,0,0,0,0,0,0,0,0,0,0,0,0,0,0,0,0,0,0,0,0,0,0,0,0
100282,A,2020,1,1,14.0,1,2.0,,17.0,8,1,0,11.0,,40.0,,,0.0,1.0,1.0,0.0,0.0,7,1.0,1.0,0.0,0.0,0.0,0.0,2.0,0.0,0.0,1.0,40.0,A_2020,3.0,2023.0,23.0,,0,0,0,0,0,0,0,0,0,0,0,0,0,0,0,0,0,0,0,0,0,0,0,0,0,0,0,0,0,0,0,0,0,0,0,0,0,0,0,0,0,0,0,0,0,0
100283,A,2020,0,0,14.0,1,2.0,17.0,16.0,4,0,0,3.0,5.0,46.0,50.0,0.0,0.0,1.0,1.0,1.0,1.0,7,1.0,1.0,0.0,0.0,0.0,0.0,3.0,0.0,0.0,0.0,0.0,A_2020,2.0,2022.0,30.0,34.0,0,0,0,0,0,0,0,0,0,0,0,0,0,0,0,0,0,0,0,0,0,0,0,0,0,0,0,0,0,0,0,0,0,0,0,0,0,0,0,0,0,0,0,0,0,0
100284,A,2020,0,1,16.0,1,2.0,5.0,18.0,3,0,0,,,,,,0.0,0.0,0.0,0.0,0.0,7,1.0,1.0,0.0,0.0,0.0,0.0,3.0,0.0,0.0,1.0,40.0,A_2020,2.0,2022.0,,,0,0,0,0,0,0,0,0,0,0,0,0,0,0,0,0,0,0,0,0,0,0,0,0,0,0,0,0,0,0,0,0,0,0,0,0,0,0,0,0,0,0,0,0,0,0
100285,A,2022,1,0,12.0,1,2.0,,12.0,7,1,0,5.0,5.0,36.0,36.0,,0.0,1.0,1.0,1.0,1.0,6,1.0,0.0,0.0,0.0,0.0,0.0,2.0,0.0,0.0,0.0,0.0,A_2022,0.0,2022.0,24.0,24.0,0,0,1,1,0,0,0,0,0,0,0,0,0,0,0,0,0,0,0,0,0,0,0,0,0,0,0,0,0,0,0,0,0,0,0,0,0,0,0,0,0,0,0,0,0,0
100286,A,2022,1,0,12.0,1,2.0,,13.0,7,1,0,2.0,3.0,32.0,43.0,0.0,0.0,1.0,0.0,1.0,1.0,5,0.0,0.0,0.0,0.0,0.0,0.0,1.0,0.0,0.0,1.0,0.0,A_2022,1.0,2023.0,19.0,30.0,0,0,0,1,0,0,0,0,0,0,0,0,0,0,0,1,0,0,0,0,0,0,0,0,0,0,0,0,0,0,0,0,0,0,0,0,0,0,0,0,0,0,0,0,0,0
100287,B,2018,1,1,11.0,0,2.0,,16.0,7,1,0,2.0,5.0,36.0,35.0,0.0,0.0,1.0,1.0,1.0,1.0,9,1.0,1.0,1.0,0.0,1.0,1.0,6.0,0.0,0.0,1.0,40.0,B_2018,5.0,2023.0,20.0,19.0,0,0,0,1,0,0,0,0,0,0,0,0,0,0,0,0,1,0,0,0,0,0,0,0,0,0,0,0,0,0,0,0,0,0,0,0,0,0,0,0,0,0,0,0,0,0
100288,A,2020,0,0,12.0,1,2.0,17.0,14.0,3,0,0,7.0,5.0,34.0,36.0,0.0,0.0,1.0,0.0,0.0,1.0,8,1.0,1.0,1.0,0.0,0.0,0.0,4.0,0.0,0.0,0.0,0.0,A_2020,2.0,2022.0,20.0,22.0,0,0,0,0,0,0,0,0,0,0,0,0,0,0,0,0,0,0,0,0,0,0,0,0,0,0,0,0,0,0,0,0,0,0,0,0,0,0,0,0,0,0,0,0,0,0
100289,A,2020,0,0,11.0,1,,19.0,14.0,5,0,0,7.0,9.0,33.0,37.0,1.0,0.0,1.0,1.0,1.0,1.0,8,1.0,1.0,1.0,0.0,0.0,0.0,4.0,0.0,0.0,0.0,0.0,A_2020,3.0,2023.0,19.0,23.0,0,0,0,0,0,0,0,0,0,0,0,0,0,0,0,0,0,0,0,0,0,0,0,0,0,0,0,0,0,0,0,0,0,0,0,0,0,0,0,0,0,0,0,0,0,0
100290,A,2022,1,0,11.0,1,,,12.0,7,1,0,5.0,5.0,30.0,43.0,0.0,1.0,1.0,1.0,1.0,1.0,6,1.0,0.0,0.0,0.0,0.0,0.0,2.0,0.0,0.0,0.0,0.0,A_2022,1.0,2023.0,18.0,31.0,0,0,0,1,0,0,0,0,0,0,0,0,0,0,0,0,0,0,0,0,0,0,0,0,0,0,0,0,0,0,0,0,0,0,0,0,0,0,0,0,0,0,0,0,0,0
100291,A,2020,1,1,14.0,1,3.0,17.0,16.0,3,0,0,,,,,,0.0,1.0,1.0,0.0,0.0,7,1.0,1.0,0.0,1.0,1.0,1.0,3.0,0.0,1.0,1.0,28.0,A_2020,2.0,2022.0,,,0,0,0,0,0,0,0,0,0,0,0,0,0,0,0,0,0,0,0,0,0,0,0,0,0,0,0,0,0,0,0,0,0,0,0,0,0,0,0,0,0,0,0,0,0,0
100292,A,2022,0,1,13.0,1,2.0,,15.0,4,1,0,3.0,3.0,45.0,55.0,0.0,0.0,1.0,1.0,1.0,1.0,7,1.0,1.0,0.0,1.0,1.0,1.0,3.0,0.0,0.0,0.0,0.0,A_2022,2.0,2024.0,30.0,40.0,0,0,0,0,0,0,0,0,0,0,0,0,0,0,0,0,0,0,0,0,0,0,0,0,0,0,0,0,0,0,0,0,0,0,0,0,0,0,0,0,0,0,0,0,0,0
100293,B,2018,1,0,11.0,1,2.0,,16.0,6,1,0,11.0,5.0,37.0,38.0,0.0,1.0,1.0,1.0,1.0,1.0,9,1.0,1.0,1.0,0.0,0.0,0.0,6.0,0.0,0.0,0.0,0.0,B_2018,5.0,2023.0,21.0,22.0,0,0,0,1,0,0,0,0,0,0,0,0,0,0,0,0,1,0,0,0,0,0,0,0,0,0,0,0,0,0,0,0,0,0,0,0,0,0,0,0,0,0,0,0,0,0
100294,A,2020,1,0,12.0,1,,16.0,14.0,3,0,0,9.0,,42.0,52.0,,0.0,1.0,0.0,0.0,1.0,8,1.0,1.0,1.0,0.0,0.0,0.0,4.0,0.0,0.0,0.0,0.0,A_2020,2.0,2022.0,28.0,38.0,0,0,0,0,0,0,0,0,0,0,0,0,0,0,0,0,0,0,0,0,0,0,0,0,0,0,0,0,0,0,0,0,0,0,0,0,0,0,0,0,0,0,0,0,0,0
100295,A,2020,0,0,14.0,1,3.0,18.0,16.0,2,0,0,6.0,4.0,37.0,40.0,0.0,0.0,1.0,1.0,1.0,1.0,8,1.0,1.0,1.0,0.0,0.0,0.0,4.0,0.0,0.0,0.0,0.0,A_2020,2.0,2022.0,21.0,24.0,0,0,0,0,0,0,0,0,0,0,0,0,0,0,0,0,0,0,0,0,0,0,0,0,0,0,0,0,0,0,0,0,0,0,0,0,0,0,0,0,0,0,0,0,0,0
100296,A,2020,1,1,11.0,1,,5.0,13.0,3,0,0,5.0,5.0,32.0,34.0,0.0,0.0,1.0,1.0,0.0,1.0,8,1.0,1.0,1.0,0.0,0.0,0.0,4.0,0.0,0.0,0.0,0.0,A_2020,2.0,2022.0,19.0,21.0,0,0,0,0,0,0,0,0,0,0,0,0,0,0,0,0,0,0,0,0,0,0,0,0,0,0,0,0,0,0,0,0,0,0,0,0,0,0,0,0,0,0,0,0,0,0
100297,A,2020,0,0,10.0,1,2.0,,12.0,4,0,0,5.0,10.0,27.0,33.0,,0.0,1.0,1.0,1.0,1.0,8,1.0,1.0,1.0,0.0,0.0,0.0,4.0,0.0,0.0,0.0,0.0,A_2020,2.0,2022.0,15.0,21.0,0,0,0,0,0,0,0,0,0,0,0,0,0,0,0,0,0,0,0,0,0,0,0,0,0,0,0,0,0,0,0,0,0,0,0,0,0,0,0,0,0,0,0,0,0,0
100298,B,2018,0,0,11.0,0,2.0,,15.0,7,1,1,,,38.0,39.0,0.0,0.0,0.0,0.0,0.0,1.0,8,1.0,1.0,1.0,0.0,0.0,0.0,5.0,0.0,0.0,0.0,0.0,B_2018,4.0,2022.0,23.0,24.0,0,0,0,0,0,0,0,0,0,0,0,0,0,0,0,0,1,0,0,0,0,0,0,0,0,0,0,0,0,0,0,0,0,0,0,0,0,0,0,0,0,0,0,0,0,0
100299,A,2020,1,1,13.0,1,2.0,19.0,16.0,2,0,0,2.0,6.0,39.0,38.0,0.0,1.0,1.0,1.0,0.0,1.0,8,1.0,1.0,1.0,0.0,0.0,0.0,4.0,0.0,0.0,0.0,0.0,A_2020,3.0,2023.0,23.0,22.0,0,0,0,0,0,0,0,0,0,0,0,0,0,0,0,0,0,0,0,0,0,0,0,0,0,0,0,0,0,0,0,0,0,0,0,0,0,0,0,0,0,0,0,0,0,0
100300,A,2020,0,0,13.0,1,2.0,4.0,15.0,4,0,0,3.0,11.0,38.0,35.0,0.0,0.0,1.0,0.0,0.0,1.0,6,1.0,0.0,0.0,0.0,0.0,0.0,3.0,0.0,0.0,1.0,0.0,A_2020,2.0,2022.0,23.0,20.0,0,0,0,0,0,0,0,0,0,0,0,0,0,0,0,1,0,0,0,0,0,0,0,0,0,0,0,0,0,0,0,0,0,0,0,0,0,0,0,0,0,0,0,0,0,0
100301,A,2020,0,0,13.0,1,2.0,4.0,16.0,6,0,0,5.0,2.0,43.0,40.0,1.0,0.0,1.0,1.0,1.0,1.0,8,1.0,1.0,1.0,0.0,0.0,0.0,4.0,0.0,0.0,0.0,0.0,A_2020,3.0,2023.0,27.0,24.0,0,0,0,0,0,0,0,0,0,0,0,0,0,0,0,0,0,0,0,0,0,0,0,0,0,0,0,0,0,0,0,0,0,0,0,0,0,0,0,0,0,0,0,0,0,0
100302,B,2018,1,1,13.0,1,3.0,,17.0,6,1,0,5.0,,39.0,,,1.0,1.0,1.0,1.0,1.0,9,1.0,1.0,1.0,0.0,0.0,0.0,6.0,0.0,0.0,1.0,8.0,B_2018,4.0,2022.0,22.0,,0,0,0,0,0,0,0,0,0,0,0,0,0,0,0,0,1,0,0,0,0,0,0,0,0,0,0,0,0,0,0,0,0,0,0,0,0,0,0,0,0,0,0,0,0,0
100303,A,2020,1,1,11.0,1,2.0,19.0,14.0,3,0,0,5.0,5.0,42.0,39.0,0.0,1.0,1.0,1.0,1.0,1.0,8,1.0,1.0,1.0,0.0,0.0,0.0,4.0,0.0,0.0,0.0,0.0,A_2020,3.0,2023.0,28.0,25.0,0,0,0,0,0,0,0,0,0,0,0,0,0,0,0,0,0,0,0,0,0,0,0,0,0,0,0,0,0,0,0,0,0,0,0,0,0,0,0,0,0,0,0,0,0,0
100304,A,2022,1,1,12.0,1,,,13.0,8,1,0,5.0,,32.0,39.0,0.0,0.0,0.0,0.0,0.0,1.0,5,0.0,0.0,0.0,1.0,1.0,1.0,2.0,0.0,0.0,0.0,0.0,A_2022,1.0,2023.0,19.0,26.0,0,0,0,1,0,0,0,0,0,0,0,0,0,0,0,0,0,0,0,0,0,0,0,0,0,0,0,0,0,0,0,0,0,0,0,0,0,0,0,0,0,0,0,0,0,0
100305,A,2022,1,0,12.0,1,2.0,,12.0,7,1,0,5.0,5.0,42.0,40.0,0.0,0.0,0.0,0.0,0.0,1.0,6,1.0,0.0,0.0,0.0,0.0,0.0,2.0,0.0,0.0,0.0,0.0,A_2022,0.0,2022.0,30.0,28.0,0,0,1,1,0,0,0,0,0,0,0,0,0,0,0,0,0,0,0,0,0,0,0,0,0,0,0,0,0,0,0,0,0,0,0,0,0,0,0,0,0,0,0,0,0,0
100306,A,2020,1,1,13.0,1,,,16.0,6,0,0,4.0,,34.0,,,0.0,1.0,1.0,0.0,0.0,7,1.0,1.0,0.0,0.0,0.0,0.0,2.0,0.0,0.0,1.0,40.0,A_2020,3.0,2023.0,18.0,,0,0,0,0,0,0,0,0,0,0,0,0,0,0,0,0,0,0,0,0,0,0,0,0,0,0,0,0,0,0,0,0,0,0,0,0,0,0,0,0,0,0,0,0,0,0
100307,A,2022,1,1,14.0,1,1.0,,15.0,7,1,0,5.0,5.0,40.0,45.0,0.0,0.0,1.0,0.0,0.0,1.0,5,0.0,0.0,0.0,1.0,1.0,1.0,2.0,0.0,0.0,0.0,0.0,A_2022,1.0,2023.0,25.0,30.0,0,0,0,1,0,0,0,0,0,0,0,0,0,0,0,0,0,0,0,0,0,0,0,0,0,0,0,0,0,0,0,0,0,0,0,0,0,0,0,0,0,0,0,0,0,0
100308,A,2020,0,1,15.0,1,3.0,16.0,17.0,3,0,0,,,,,,0.0,0.0,0.0,0.0,1.0,7,1.0,1.0,0.0,0.0,0.0,0.0,3.0,0.0,0.0,1.0,40.0,A_2020,2.0,2022.0,,,0,0,0,0,0,0,0,0,0,0,0,0,0,0,0,0,0,0,0,0,0,0,0,0,0,0,0,0,0,0,0,0,0,0,0,0,0,0,0,0,0,0,0,0,0,0
100309,A,2020,1,1,14.0,1,2.0,5.0,16.0,4,0,0,2.0,11.0,43.0,48.0,0.0,0.0,1.0,0.0,0.0,0.0,5,0.0,0.0,0.0,0.0,0.0,0.0,1.0,0.0,0.0,0.0,0.0,A_2020,2.0,2022.0,27.0,32.0,0,0,0,0,0,0,0,0,0,0,0,0,0,0,0,0,0,0,0,0,0,0,0,0,0,0,0,0,0,0,0,0,0,0,0,0,0,0,0,0,0,0,0,0,0,0
100310,A,2020,1,0,13.0,1,2.0,,15.0,3,0,0,5.0,9.0,37.0,38.0,0.0,1.0,1.0,1.0,1.0,1.0,8,1.0,1.0,1.0,0.0,0.0,0.0,4.0,0.0,0.0,0.0,0.0,A_2020,2.0,2022.0,22.0,23.0,0,0,0,0,0,0,0,0,0,0,0,0,0,0,0,0,0,0,0,0,0,0,0,0,0,0,0,0,0,0,0,0,0,0,0,0,0,0,0,0,0,0,0,0,0,0
100311,A,2020,1,0,13.0,1,,16.0,16.0,5,1,0,7.0,,35.0,,,0.0,0.0,0.0,1.0,1.0,8,1.0,1.0,1.0,0.0,0.0,0.0,4.0,0.0,0.0,0.0,0.0,A_2020,3.0,2023.0,19.0,,0,0,0,0,0,0,0,0,0,0,0,0,0,0,0,0,0,0,0,0,0,0,0,0,0,0,0,0,0,0,0,0,0,0,0,0,0,0,0,0,0,0,0,0,0,0
100312,A,2022,1,0,13.0,1,,,14.0,7,1,0,3.0,4.0,42.0,41.0,0.0,1.0,1.0,1.0,1.0,1.0,6,1.0,0.0,0.0,0.0,0.0,0.0,2.0,0.0,0.0,0.0,0.0,A_2022,1.0,2023.0,28.0,27.0,0,0,0,1,0,0,0,0,0,0,0,0,0,0,0,0,0,0,0,0,0,0,0,0,0,0,0,0,0,0,0,0,0,0,0,0,0,0,0,0,0,0,0,0,0,0
100313,A,2020,0,0,12.0,1,2.0,15.0,15.0,3,0,0,9.0,,42.0,45.0,0.0,0.0,1.0,0.0,0.0,1.0,7,1.0,1.0,0.0,1.0,1.0,1.0,4.0,0.0,0.0,0.0,0.0,A_2020,3.0,2023.0,27.0,30.0,0,0,0,0,0,0,0,0,0,0,0,0,0,0,0,0,0,0,0,0,0,0,0,0,0,0,0,0,0,0,0,0,0,0,0,0,0,0,0,0,0,0,0,0,0,0
100314,A,2020,0,1,14.0,1,1.0,8.0,16.0,6,0,0,5.0,3.0,39.0,41.0,0.0,0.0,1.0,1.0,1.0,1.0,8,1.0,1.0,1.0,0.0,0.0,0.0,4.0,0.0,0.0,0.0,0.0,A_2020,2.0,2022.0,23.0,25.0,0,0,0,0,0,0,0,0,0,0,0,0,0,0,0,0,0,0,0,0,0,0,0,0,0,0,0,0,0,0,0,0,0,0,0,0,0,0,0,0,0,0,0,0,0,0
100315,B,2018,1,0,10.0,0,1.0,,15.0,7,1,0,5.0,,42.0,,,0.0,1.0,1.0,0.0,0.0,8,1.0,1.0,1.0,0.0,0.0,0.0,4.0,0.0,0.0,1.0,40.0,B_2018,5.0,2023.0,27.0,,0,0,0,1,0,0,0,0,0,0,0,0,0,0,0,0,0,0,0,0,0,0,0,0,0,0,0,0,0,0,0,0,0,0,0,0,0,0,0,0,0,0,0,0,0,0
100316,A,2020,1,1,12.0,1,2.0,19.0,14.0,3,0,0,7.0,7.0,39.0,43.0,,0.0,0.0,0.0,0.0,1.0,8,1.0,1.0,1.0,0.0,0.0,0.0,4.0,0.0,0.0,0.0,0.0,A_2020,2.0,2022.0,25.0,29.0,0,0,0,0,0,0,0,0,0,0,0,0,0,0,0,0,0,0,0,0,0,0,0,0,0,0,0,0,0,0,0,0,0,0,0,0,0,0,0,0,0,0,0,0,0,0
100317,A,2020,1,1,12.0,1,1.0,19.0,15.0,4,0,0,5.0,5.0,34.0,45.0,0.0,0.0,0.0,0.0,0.0,1.0,8,1.0,1.0,1.0,0.0,0.0,0.0,4.0,0.0,0.0,0.0,0.0,A_2020,3.0,2023.0,19.0,30.0,0,0,0,0,0,0,0,0,0,0,0,0,0,0,0,0,0,0,0,0,0,0,0,0,0,0,0,0,0,0,0,0,0,0,0,0,0,0,0,0,0,0,0,0,0,0
100318,A,2020,0,1,11.0,1,2.0,,14.0,3,0,0,3.0,4.0,35.0,40.0,0.0,0.0,1.0,1.0,1.0,1.0,8,1.0,1.0,1.0,0.0,0.0,0.0,4.0,0.0,0.0,1.0,32.0,A_2020,3.0,2023.0,21.0,26.0,0,0,0,0,0,0,0,0,0,0,0,0,0,0,0,0,0,0,0,0,0,0,0,0,0,0,0,0,0,0,0,0,0,0,0,0,0,0,0,0,0,0,0,0,0,0
100319,A,2020,0,0,14.0,1,2.0,17.0,16.0,3,0,0,7.0,5.0,39.0,39.0,0.0,0.0,1.0,1.0,0.0,1.0,8,1.0,1.0,1.0,0.0,0.0,0.0,4.0,0.0,0.0,0.0,0.0,A_2020,2.0,2022.0,23.0,23.0,0,0,0,0,0,0,0,0,0,0,0,0,0,0,0,0,0,0,0,0,0,0,0,0,0,0,0,0,0,0,0,0,0,0,0,0,0,0,0,0,0,0,0,0,0,0
100320,A,2020,1,0,11.0,1,1.0,18.0,13.0,8,1,0,9.0,2.0,46.0,68.0,0.0,1.0,1.0,1.0,1.0,1.0,8,1.0,1.0,1.0,0.0,0.0,0.0,4.0,0.0,0.0,0.0,0.0,A_2020,2.0,2022.0,33.0,55.0,0,0,0,0,0,0,0,0,0,0,0,0,0,0,0,0,0,0,0,0,0,0,0,0,0,0,0,0,0,0,0,0,0,0,0,0,0,0,0,0,0,0,0,0,0,0
100321,A,2020,1,0,13.0,1,2.0,,15.0,3,0,0,2.0,,40.0,,,1.0,1.0,1.0,1.0,1.0,8,1.0,1.0,1.0,0.0,0.0,0.0,4.0,0.0,0.0,0.0,0.0,A_2020,2.0,2022.0,25.0,,0,0,0,0,0,0,0,0,0,0,0,0,0,0,0,0,0,0,0,0,0,0,0,0,0,0,0,0,0,0,0,0,0,0,0,0,0,0,0,0,0,0,0,0,0,0
100322,A,2022,0,1,13.0,1,1.0,,14.0,7,1,0,3.0,3.0,45.0,50.0,0.0,0.0,1.0,1.0,1.0,1.0,6,1.0,0.0,0.0,0.0,0.0,0.0,2.0,0.0,0.0,1.0,40.0,A_2022,1.0,2023.0,31.0,36.0,0,0,0,1,0,0,0,0,0,0,0,0,0,0,0,0,0,0,0,0,0,0,0,0,0,0,0,0,0,0,0,0,0,0,0,0,0,0,0,0,0,0,0,0,0,0
100323,A,2020,0,0,15.0,1,2.0,19.0,17.0,4,0,0,0.0,,55.0,,,0.0,1.0,0.0,0.0,1.0,7,1.0,1.0,0.0,0.0,0.0,0.0,3.0,0.0,0.0,1.0,40.0,A_2020,2.0,2022.0,38.0,,0,0,0,0,0,0,0,0,0,0,0,0,0,0,0,0,0,0,0,0,0,0,0,0,0,0,0,0,0,0,0,0,0,0,0,0,0,0,0,0,0,0,0,0,0,0
100324,A,2020,1,1,13.0,1,2.0,,15.0,4,0,0,,,46.0,47.0,0.0,0.0,1.0,1.0,1.0,1.0,8,1.0,1.0,1.0,0.0,0.0,0.0,4.0,0.0,0.0,0.0,0.0,A_2020,2.0,2022.0,31.0,32.0,0,0,0,0,0,0,0,0,0,0,0,0,0,0,0,0,0,0,0,0,0,0,0,0,0,0,0,0,0,0,0,0,0,0,0,0,0,0,0,0,0,0,0,0,0,0
100325,A,2020,1,1,12.0,1,3.0,8.0,15.0,4,1,0,7.0,,,53.0,1.0,1.0,1.0,1.0,1.0,1.0,9,1.0,1.0,1.0,0.0,0.0,0.0,4.0,0.0,0.0,0.0,0.0,A_2020,3.0,2023.0,,38.0,0,0,0,0,0,0,0,0,0,0,0,0,0,0,0,0,0,0,0,0,0,0,0,0,0,0,0,0,0,0,0,0,0,0,0,0,0,0,0,0,0,0,0,0,0,0
100326,A,2020,1,0,14.0,1,1.0,11.0,17.0,3,0,0,2.0,5.0,51.0,52.0,0.0,0.0,1.0,1.0,1.0,1.0,7,1.0,1.0,0.0,0.0,1.0,1.0,4.0,0.0,0.0,0.0,0.0,A_2020,3.0,2023.0,34.0,35.0,0,0,0,0,0,0,0,0,0,0,0,0,0,0,0,0,0,0,0,0,0,0,0,0,0,0,0,0,0,0,0,0,0,0,0,0,0,0,0,0,0,0,0,0,0,0
100327,A,2020,0,1,13.0,1,2.0,19.0,16.0,4,0,0,,,50.0,,,1.0,1.0,1.0,1.0,1.0,8,1.0,1.0,1.0,0.0,0.0,0.0,4.0,0.0,0.0,0.0,0.0,A_2020,3.0,2023.0,34.0,,0,0,0,0,0,0,0,0,0,0,0,0,0,0,0,0,0,0,0,0,0,0,0,0,0,0,0,0,0,0,0,0,0,0,0,0,0,0,0,0,0,0,0,0,0,0
100328,A,2022,0,1,13.0,1,1.0,,14.0,7,1,0,3.0,5.0,34.0,36.0,0.0,0.0,1.0,0.0,0.0,0.0,6,1.0,0.0,0.0,0.0,0.0,0.0,1.0,0.0,0.0,0.0,0.0,A_2022,1.0,2023.0,20.0,22.0,0,0,0,1,0,0,0,0,0,0,0,0,0,0,0,0,0,0,0,0,0,0,0,0,0,0,0,0,0,0,0,0,0,0,0,0,0,0,0,0,0,0,0,0,0,0
100329,A,2020,0,1,,1,1.0,5.0,18.0,8,1,0,4.0,,39.0,,,0.0,0.0,0.0,0.0,1.0,6,1.0,0.0,0.0,1.0,1.0,1.0,2.0,0.0,0.0,0.0,0.0,A_2020,,,21.0,,1,0,0,0,0,0,0,0,0,0,0,0,0,0,0,0,0,0,0,0,0,0,0,0,0,0,0,0,0,0,0,0,0,0,0,0,0,0,0,0,0,0,0,0,0,0
100330,A,2020,1,1,12.0,1,,,15.0,4,1,0,5.0,,44.0,40.0,0.0,0.0,1.0,1.0,1.0,1.0,5,0.0,0.0,0.0,0.0,0.0,0.0,3.0,0.0,0.0,0.0,0.0,A_2020,3.0,2023.0,29.0,25.0,0,0,0,0,0,0,0,0,0,0,0,0,0,0,0,0,0,0,0,0,0,0,0,0,0,0,0,0,0,0,0,0,0,0,0,0,0,0,0,0,0,0,0,0,0,0
100331,A,2020,1,1,12.0,1,2.0,8.0,14.0,2,0,1,7.0,5.0,58.0,44.0,0.0,1.0,1.0,1.0,1.0,1.0,8,1.0,1.0,1.0,0.0,0.0,0.0,4.0,0.0,0.0,1.0,40.0,A_2020,2.0,2022.0,44.0,30.0,0,0,0,0,0,0,0,0,0,0,0,0,0,0,0,0,0,0,0,0,0,0,0,0,0,0,0,0,0,0,0,0,0,0,0,0,0,0,0,0,0,0,0,0,0,0
100332,A,2020,0,0,12.0,1,1.0,,14.0,3,0,0,5.0,6.0,35.0,35.0,0.0,0.0,0.0,0.0,0.0,1.0,7,1.0,1.0,0.0,1.0,1.0,1.0,4.0,0.0,0.0,0.0,0.0,A_2020,2.0,2022.0,21.0,21.0,0,0,0,0,0,0,0,0,0,0,0,0,0,0,0,0,0,0,0,0,0,0,0,0,0,0,0,0,0,0,0,0,0,0,0,0,0,0,0,0,0,0,0,0,0,0
100333,A,2022,1,0,12.0,1,2.0,,13.0,7,1,0,2.0,2.0,38.0,37.0,0.0,1.0,1.0,1.0,1.0,1.0,6,1.0,0.0,0.0,0.0,0.0,0.0,2.0,0.0,0.0,1.0,8.0,A_2022,1.0,2023.0,25.0,24.0,0,0,0,1,0,0,0,0,0,0,0,0,0,0,0,0,0,0,0,0,0,0,0,0,0,0,0,0,0,0,0,0,0,0,0,0,0,0,0,0,0,0,0,0,0,0
100334,A,2020,0,1,13.0,1,1.0,,15.0,4,0,0,8.0,,49.0,,,0.0,1.0,0.0,0.0,1.0,8,1.0,1.0,1.0,0.0,0.0,0.0,4.0,0.0,0.0,1.0,20.0,A_2020,2.0,2022.0,34.0,,0,0,0,0,0,0,0,0,0,0,0,0,0,0,0,0,0,0,0,0,0,0,0,0,0,0,0,0,0,0,0,0,0,0,0,0,0,0,0,0,0,0,0,0,0,0
100335,A,2020,0,1,,1,2.0,5.0,14.0,3,0,0,5.0,11.0,40.0,40.0,0.0,0.0,1.0,1.0,1.0,1.0,7,1.0,1.0,0.0,0.0,0.0,0.0,3.0,0.0,0.0,1.0,0.0,A_2020,,,26.0,26.0,1,0,0,0,0,0,0,0,0,0,0,0,0,0,0,1,0,0,0,0,0,0,0,0,0,0,0,0,0,0,0,0,0,0,0,0,0,0,0,0,0,0,0,0,0,0
100336,A,2020,0,1,13.0,1,,5.0,17.0,1,1,0,6.0,2.0,50.0,58.0,0.0,0.0,1.0,1.0,0.0,0.0,9,1.0,1.0,1.0,0.0,0.0,0.0,4.0,0.0,0.0,0.0,0.0,A_2020,4.0,2024.0,33.0,41.0,0,0,0,0,0,0,0,0,0,0,0,0,0,0,0,0,0,0,0,0,0,0,0,0,0,0,0,0,0,0,0,0,0,0,0,0,0,0,0,0,0,0,0,0,0,0
100337,A,2020,1,0,15.0,1,,19.0,17.0,3,0,0,3.0,3.0,38.0,72.0,0.0,0.0,1.0,1.0,0.0,1.0,7,1.0,1.0,0.0,1.0,1.0,1.0,4.0,0.0,0.0,0.0,0.0,A_2020,2.0,2022.0,21.0,55.0,0,0,0,0,0,0,0,0,0,0,0,0,0,0,0,0,0,0,0,0,0,0,0,0,0,0,0,0,0,0,0,0,0,0,0,0,0,0,0,0,0,0,0,0,0,0
100338,A,2020,1,1,12.0,1,1.0,19.0,14.0,3,0,0,5.0,5.0,42.0,44.0,0.0,1.0,1.0,1.0,1.0,1.0,8,1.0,1.0,1.0,0.0,0.0,0.0,4.0,0.0,0.0,1.0,16.0,A_2020,2.0,2022.0,28.0,30.0,0,0,0,0,0,0,0,0,0,0,0,0,0,0,0,0,0,0,0,0,0,0,0,0,0,0,0,0,0,0,0,0,0,0,0,0,0,0,0,0,0,0,0,0,0,0
100339,A,2020,0,0,13.0,1,,8.0,16.0,4,0,0,9.0,11.0,42.0,34.0,0.0,0.0,1.0,1.0,0.0,1.0,8,1.0,1.0,1.0,0.0,0.0,0.0,4.0,0.0,0.0,0.0,0.0,A_2020,3.0,2023.0,26.0,18.0,0,0,0,0,0,0,0,0,0,0,0,0,0,0,0,0,0,0,0,0,0,0,0,0,0,0,0,0,0,0,0,0,0,0,0,0,0,0,0,0,0,0,0,0,0,0
100340,A,2022,0,0,,1,,,15.0,7,1,0,5.0,,42.0,,,0.0,1.0,1.0,1.0,1.0,6,1.0,0.0,0.0,0.0,0.0,0.0,2.0,0.0,0.0,1.0,12.0,A_2022,,,27.0,,1,0,0,0,0,0,0,0,0,0,0,0,0,0,0,0,0,0,0,0,0,0,0,0,0,0,0,0,0,0,0,0,0,0,0,0,0,0,0,0,0,0,0,0,0,0
100341,A,2022,1,0,11.0,1,2.0,,13.0,8,1,0,7.0,5.0,44.0,42.0,0.0,1.0,1.0,1.0,1.0,1.0,6,1.0,0.0,0.0,0.0,0.0,0.0,2.0,0.0,0.0,0.0,0.0,A_2022,2.0,2024.0,31.0,29.0,0,0,0,0,0,0,0,0,0,0,0,0,0,0,0,0,0,0,0,0,0,0,0,0,0,0,0,0,0,0,0,0,0,0,0,0,0,0,0,0,0,0,0,0,0,0
100342,A,2022,0,1,11.0,1,2.0,,12.0,7,1,0,7.0,7.0,34.0,37.0,0.0,1.0,1.0,1.0,1.0,1.0,6,1.0,0.0,0.0,0.0,0.0,0.0,2.0,0.0,0.0,0.0,0.0,A_2022,1.0,2023.0,22.0,25.0,0,0,0,1,0,0,0,0,0,0,0,0,0,0,0,0,0,0,0,0,0,0,0,0,0,0,0,0,0,0,0,0,0,0,0,0,0,0,0,0,0,0,0,0,0,0
100343,A,2020,0,0,13.0,1,2.0,18.0,16.0,8,1,0,7.0,7.0,52.0,52.0,0.0,0.0,1.0,1.0,1.0,1.0,8,1.0,1.0,1.0,0.0,0.0,0.0,4.0,0.0,0.0,0.0,0.0,A_2020,3.0,2023.0,36.0,36.0,0,0,0,0,0,0,0,0,0,0,0,0,0,0,0,0,0,0,0,0,0,0,0,0,0,0,0,0,0,0,0,0,0,0,0,0,0,0,0,0,0,0,0,0,0,0
100344,A,2022,1,1,12.0,1,2.0,,13.0,7,1,0,7.0,5.0,37.0,39.0,0.0,1.0,1.0,1.0,1.0,1.0,6,1.0,0.0,0.0,0.0,0.0,0.0,2.0,0.0,0.0,0.0,0.0,A_2022,1.0,2023.0,24.0,26.0,0,0,0,1,0,0,0,0,0,0,0,0,0,0,0,0,0,0,0,0,0,0,0,0,0,0,0,0,0,0,0,0,0,0,0,0,0,0,0,0,0,0,0,0,0,0
100345,A,2020,1,0,13.0,1,2.0,18.0,15.0,4,0,0,10.0,10.0,36.0,40.0,0.0,1.0,1.0,1.0,1.0,1.0,8,1.0,1.0,1.0,0.0,0.0,0.0,4.0,0.0,0.0,0.0,0.0,A_2020,2.0,2022.0,21.0,25.0,0,0,0,0,0,0,0,0,0,0,0,0,0,0,0,0,0,0,0,0,0,0,0,0,0,0,0,0,0,0,0,0,0,0,0,0,0,0,0,0,0,0,0,0,0,0
100346,A,2020,0,0,11.0,1,2.0,,13.0,3,0,0,6.0,3.0,38.0,38.0,0.0,0.0,1.0,0.0,0.0,0.0,6,1.0,0.0,0.0,1.0,1.0,1.0,2.0,0.0,0.0,0.0,0.0,A_2020,2.0,2022.0,25.0,25.0,0,0,0,0,0,0,0,0,0,0,0,0,0,0,0,0,0,0,0,0,0,0,0,0,0,0,0,0,0,0,0,0,0,0,0,0,0,0,0,0,0,0,0,0,0,0
100347,A,2022,1,0,11.0,1,3.0,,12.0,7,1,0,5.0,5.0,43.0,42.0,0.0,1.0,1.0,1.0,1.0,1.0,6,1.0,0.0,0.0,0.0,0.0,0.0,2.0,0.0,0.0,0.0,0.0,A_2022,1.0,2023.0,31.0,30.0,0,0,0,1,0,0,0,0,0,0,0,0,0,0,0,0,0,0,0,0,0,0,0,0,0,0,0,0,0,0,0,0,0,0,0,0,0,0,0,0,0,0,0,0,0,0
100348,A,2020,0,1,11.0,1,2.0,4.0,14.0,6,0,0,6.0,2.0,34.0,28.0,1.0,0.0,1.0,1.0,1.0,1.0,8,1.0,1.0,1.0,0.0,0.0,0.0,4.0,0.0,0.0,0.0,0.0,A_2020,3.0,2023.0,20.0,14.0,0,0,0,0,0,0,0,0,0,0,0,0,0,0,0,0,0,0,0,0,0,0,0,0,0,0,0,0,0,0,0,0,0,0,0,0,0,0,0,0,0,0,0,0,0,0
100349,B,2018,0,1,13.0,0,2.0,,18.0,7,1,1,,,45.0,,,0.0,1.0,1.0,0.0,0.0,8,1.0,1.0,1.0,0.0,1.0,1.0,5.0,0.0,0.0,1.0,20.0,B_2018,5.0,2023.0,27.0,,0,0,0,1,0,0,0,0,0,0,0,0,0,0,0,0,1,0,0,0,0,0,0,0,0,0,0,0,0,0,0,0,0,0,0,0,0,0,0,0,0,0,0,0,0,0
100350,A,2020,0,0,13.0,1,2.0,,15.0,3,0,0,6.0,8.0,48.0,64.0,1.0,0.0,1.0,0.0,0.0,1.0,7,1.0,1.0,0.0,1.0,1.0,1.0,4.0,0.0,0.0,0.0,0.0,A_2020,2.0,2022.0,33.0,49.0,0,0,0,0,0,0,0,0,0,0,0,0,0,0,0,0,0,0,0,0,0,0,0,0,0,0,0,0,0,0,0,0,0,0,0,0,0,0,0,0,0,0,0,0,0,0
100351,A,2020,0,0,13.0,1,,6.0,15.0,4,0,0,2.0,6.0,38.0,47.0,0.0,0.0,1.0,0.0,0.0,1.0,7,1.0,1.0,0.0,0.0,0.0,0.0,4.0,0.0,0.0,0.0,0.0,A_2020,2.0,2022.0,23.0,32.0,0,0,0,0,0,0,0,0,0,0,0,0,0,0,0,0,0,0,0,0,0,0,0,0,0,0,0,0,0,0,0,0,0,0,0,0,0,0,0,0,0,0,0,0,0,0
100352,A,2020,0,1,12.0,1,3.0,4.0,15.0,7,1,0,,,38.0,,,0.0,1.0,0.0,0.0,1.0,8,1.0,1.0,1.0,0.0,0.0,0.0,4.0,0.0,0.0,0.0,0.0,A_2020,3.0,2023.0,23.0,,0,0,0,0,0,0,0,0,0,0,0,0,0,0,0,0,0,0,0,0,0,0,0,0,0,0,0,0,0,0,0,0,0,0,0,0,0,0,0,0,0,0,0,0,0,0
100353,A,2020,1,0,11.0,1,3.0,8.0,14.0,6,0,0,4.0,3.0,42.0,43.0,0.0,1.0,1.0,1.0,1.0,1.0,8,1.0,1.0,1.0,0.0,0.0,0.0,4.0,0.0,0.0,0.0,0.0,A_2020,3.0,2023.0,28.0,29.0,0,0,0,0,0,0,0,0,0,0,0,0,0,0,0,0,0,0,0,0,0,0,0,0,0,0,0,0,0,0,0,0,0,0,0,0,0,0,0,0,0,0,0,0,0,0
100354,B,2018,0,0,13.0,0,1.0,,17.0,6,1,1,7.0,,34.0,,,0.0,0.0,0.0,0.0,1.0,9,1.0,1.0,1.0,0.0,0.0,0.0,6.0,0.0,0.0,0.0,0.0,B_2018,4.0,2022.0,17.0,,0,0,0,0,0,0,0,0,0,0,0,0,0,0,0,0,1,0,0,0,0,0,0,0,0,0,0,0,0,0,0,0,0,0,0,0,0,0,0,0,0,0,0,0,0,0
100355,A,2020,0,1,13.0,1,2.0,5.0,16.0,6,0,0,5.0,,49.0,,,0.0,0.0,0.0,1.0,1.0,8,1.0,1.0,1.0,0.0,1.0,1.0,5.0,0.0,0.0,1.0,30.0,A_2020,3.0,2023.0,33.0,,0,0,0,0,0,0,0,0,0,0,0,0,0,0,0,0,1,0,0,0,0,0,0,0,0,0,0,0,0,0,0,0,0,0,0,0,0,0,0,0,0,0,0,0,0,0
100356,A,2022,0,0,11.0,1,3.0,,12.0,7,1,0,4.0,11.0,37.0,41.0,0.0,1.0,1.0,0.0,1.0,1.0,5,0.0,0.0,0.0,1.0,1.0,1.0,2.0,0.0,0.0,0.0,0.0,A_2022,1.0,2023.0,25.0,29.0,0,0,0,1,0,0,0,0,0,0,0,0,0,0,0,0,0,0,0,0,0,0,0,0,0,0,0,0,0,0,0,0,0,0,0,0,0,0,0,0,0,0,0,0,0,0
100357,A,2020,1,1,11.0,1,2.0,19.0,14.0,4,0,0,8.0,5.0,40.0,54.0,0.0,1.0,1.0,1.0,1.0,1.0,8,1.0,1.0,1.0,0.0,0.0,0.0,4.0,0.0,0.0,0.0,0.0,A_2020,3.0,2023.0,26.0,40.0,0,0,0,0,0,0,0,0,0,0,0,0,0,0,0,0,0,0,0,0,0,0,0,0,0,0,0,0,0,0,0,0,0,0,0,0,0,0,0,0,0,0,0,0,0,0
100358,A,2020,1,1,15.0,1,1.0,,17.0,3,0,0,5.0,9.0,32.0,44.0,0.0,1.0,1.0,1.0,1.0,1.0,8,1.0,1.0,1.0,0.0,0.0,0.0,4.0,0.0,0.0,0.0,0.0,A_2020,2.0,2022.0,15.0,27.0,0,0,0,0,0,0,0,0,0,0,0,0,0,0,0,0,0,0,0,0,0,0,0,0,0,0,0,0,0,0,0,0,0,0,0,0,0,0,0,0,0,0,0,0,0,0
100359,A,2020,0,0,14.0,1,1.0,19.0,17.0,7,1,0,1.0,,42.0,,,0.0,0.0,0.0,0.0,1.0,8,1.0,1.0,1.0,2.0,1.0,2.0,6.0,0.0,0.0,0.0,0.0,A_2020,3.0,2023.0,25.0,,0,0,0,0,0,0,0,0,0,0,0,0,0,0,0,0,1,0,0,0,0,0,0,0,0,0,0,0,0,0,0,0,0,0,0,0,0,0,0,0,0,0,0,0,0,0
100360,A,2022,0,1,12.0,1,,,13.0,7,1,0,5.0,5.0,43.0,43.0,0.0,0.0,1.0,1.0,1.0,1.0,6,1.0,0.0,0.0,0.0,0.0,0.0,2.0,0.0,0.0,0.0,0.0,A_2022,1.0,2023.0,30.0,30.0,0,0,0,1,0,0,0,0,0,0,0,0,0,0,0,0,0,0,0,0,0,0,0,0,0,0,0,0,0,0,0,0,0,0,0,0,0,0,0,0,0,0,0,0,0,0
100361,B,2018,0,1,11.0,0,2.0,,15.0,7,1,1,7.0,5.0,40.0,40.0,1.0,0.0,1.0,0.0,0.0,1.0,9,1.0,1.0,1.0,1.0,1.0,1.0,6.0,0.0,0.0,0.0,0.0,B_2018,4.0,2022.0,25.0,25.0,0,0,0,0,0,0,0,0,0,0,0,0,0,0,0,0,1,0,0,0,0,0,0,0,0,0,0,0,0,0,0,0,0,0,0,0,0,0,0,0,0,0,0,0,0,0
100362,A,2020,0,1,12.0,1,2.0,19.0,14.0,6,0,0,5.0,11.0,36.0,43.0,0.0,1.0,1.0,1.0,1.0,1.0,8,1.0,1.0,1.0,0.0,0.0,0.0,4.0,0.0,0.0,0.0,0.0,A_2020,2.0,2022.0,22.0,29.0,0,0,0,0,0,0,0,0,0,0,0,0,0,0,0,0,0,0,0,0,0,0,0,0,0,0,0,0,0,0,0,0,0,0,0,0,0,0,0,0,0,0,0,0,0,0
100363,B,2018,0,0,15.0,1,2.0,,19.0,7,1,1,5.0,,43.0,,,0.0,0.0,0.0,0.0,0.0,9,1.0,1.0,1.0,0.0,0.0,0.0,4.0,0.0,0.0,1.0,40.0,B_2018,4.0,2022.0,24.0,,0,0,0,0,0,0,0,0,0,0,0,0,0,0,0,0,0,0,0,0,0,0,0,0,0,0,0,0,0,0,0,0,0,0,0,0,0,0,0,0,0,0,0,0,0,0
100364,A,2020,0,0,11.0,1,2.0,19.0,14.0,3,0,0,9.0,8.0,38.0,34.0,0.0,0.0,1.0,1.0,1.0,1.0,8,1.0,1.0,1.0,0.0,0.0,0.0,4.0,0.0,0.0,0.0,0.0,A_2020,3.0,2023.0,24.0,20.0,0,0,0,0,0,0,0,0,0,0,0,0,0,0,0,0,0,0,0,0,0,0,0,0,0,0,0,0,0,0,0,0,0,0,0,0,0,0,0,0,0,0,0,0,0,0
100365,A,2020,0,0,11.0,1,2.0,4.0,14.0,3,1,0,7.0,4.0,33.0,40.0,0.0,0.0,1.0,1.0,1.0,1.0,9,1.0,1.0,1.0,0.0,0.0,0.0,4.0,0.0,0.0,0.0,0.0,A_2020,3.0,2023.0,19.0,26.0,0,0,0,0,0,0,0,0,0,0,0,0,0,0,0,0,0,0,0,0,0,0,0,0,0,0,0,0,0,0,0,0,0,0,0,0,0,0,0,0,0,0,0,0,0,0
100366,A,2020,0,0,11.0,1,,5.0,14.0,5,0,0,2.0,5.0,43.0,45.0,0.0,0.0,1.0,0.0,0.0,1.0,7,1.0,1.0,0.0,1.0,1.0,1.0,4.0,0.0,0.0,0.0,0.0,A_2020,3.0,2023.0,29.0,31.0,0,0,0,0,0,0,0,0,0,0,0,0,0,0,0,0,0,0,0,0,0,0,0,0,0,0,0,0,0,0,0,0,0,0,0,0,0,0,0,0,0,0,0,0,0,0
100367,A,2020,0,1,15.0,1,3.0,7.0,18.0,7,1,0,,,,,,0.0,1.0,0.0,0.0,0.0,5,0.0,0.0,0.0,0.0,0.0,0.0,0.0,0.0,1.0,0.0,0.0,A_2020,3.0,2023.0,,,0,0,0,0,0,0,0,0,0,0,0,0,0,0,0,0,0,0,0,0,0,0,0,0,0,0,0,0,0,0,0,0,0,0,0,0,0,0,0,0,0,0,0,0,0,0
100368,A,2020,0,1,15.0,1,2.0,,10.0,3,0,1,3.0,1.0,40.0,56.0,0.0,0.0,0.0,1.0,1.0,1.0,9,1.0,1.0,1.0,1.0,1.0,1.0,6.0,0.0,0.0,0.0,0.0,A_2020,-5.0,2015.0,30.0,46.0,0,1,0,1,0,0,0,0,0,0,0,0,0,0,0,0,1,0,0,0,0,0,0,0,0,0,0,0,0,0,0,0,0,0,0,0,0,0,0,0,0,0,0,0,0,0
100369,A,2020,0,0,14.0,1,2.0,5.0,17.0,4,1,0,5.0,,51.0,,,0.0,1.0,1.0,1.0,1.0,10,1.0,1.0,1.0,0.0,0.0,0.0,5.0,0.0,1.0,0.0,0.0,A_2020,3.0,2023.0,34.0,,0,0,0,0,0,0,0,0,0,0,0,0,0,0,0,0,1,0,0,0,0,0,0,0,0,0,0,0,0,0,0,0,0,0,0,0,0,0,0,0,0,0,0,0,0,0
100370,A,2020,0,1,13.0,1,,7.0,16.0,6,0,0,6.0,6.0,35.0,,0.0,0.0,1.0,1.0,1.0,1.0,8,1.0,1.0,1.0,0.0,0.0,0.0,4.0,0.0,0.0,0.0,0.0,A_2020,3.0,2023.0,19.0,,0,0,0,0,0,0,0,0,0,0,0,0,0,0,0,0,0,0,0,0,0,0,0,0,0,0,0,0,0,0,0,0,0,0,0,0,0,0,0,0,0,0,0,0,0,0
100371,A,2020,1,0,12.0,1,2.0,,14.0,8,1,0,7.0,5.0,35.0,39.0,0.0,0.0,1.0,0.0,1.0,1.0,5,0.0,0.0,0.0,2.0,1.0,2.0,3.0,0.0,0.0,0.0,0.0,A_2020,2.0,2022.0,21.0,25.0,0,0,0,0,0,0,0,0,0,0,0,0,0,0,0,0,0,0,0,0,0,0,0,0,0,0,0,0,0,0,0,0,0,0,0,0,0,0,0,0,0,0,0,0,0,0
100372,A,2020,1,0,13.0,1,2.0,19.0,16.0,3,0,0,,,36.0,,,1.0,1.0,1.0,1.0,1.0,8,1.0,1.0,1.0,0.0,0.0,0.0,4.0,0.0,0.0,0.0,0.0,A_2020,3.0,2023.0,20.0,,0,0,0,0,0,0,0,0,0,0,0,0,0,0,0,0,0,0,0,0,0,0,0,0,0,0,0,0,0,0,0,0,0,0,0,0,0,0,0,0,0,0,0,0,0,0
100373,A,2020,0,0,13.0,1,,,15.0,3,0,0,5.0,6.0,36.0,44.0,0.0,0.0,1.0,1.0,1.0,1.0,8,1.0,1.0,1.0,0.0,0.0,0.0,4.0,0.0,0.0,0.0,0.0,A_2020,2.0,2022.0,21.0,29.0,0,0,0,0,0,0,0,0,0,0,0,0,0,0,0,0,0,0,0,0,0,0,0,0,0,0,0,0,0,0,0,0,0,0,0,0,0,0,0,0,0,0,0,0,0,0
100374,A,2020,1,1,11.0,1,2.0,18.0,14.0,9,1,0,5.0,,36.0,,,1.0,0.0,0.0,0.0,1.0,8,1.0,1.0,1.0,0.0,0.0,0.0,4.0,0.0,0.0,0.0,0.0,A_2020,3.0,2023.0,22.0,,0,0,0,0,0,0,0,0,0,0,0,0,0,0,0,0,0,0,0,0,0,0,0,0,0,0,0,0,0,0,0,0,0,0,0,0,0,0,0,0,0,0,0,0,0,0
100375,A,2020,0,1,12.0,1,3.0,,15.0,3,0,0,,,,,,0.0,1.0,1.0,1.0,1.0,8,1.0,1.0,1.0,0.0,0.0,0.0,4.0,0.0,0.0,0.0,0.0,A_2020,3.0,2023.0,,,0,0,0,0,0,0,0,0,0,0,0,0,0,0,0,0,0,0,0,0,0,0,0,0,0,0,0,0,0,0,0,0,0,0,0,0,0,0,0,0,0,0,0,0,0,0
100376,A,2020,1,0,12.0,1,2.0,4.0,14.0,3,0,0,5.0,3.0,55.0,65.0,0.0,1.0,1.0,1.0,1.0,1.0,8,1.0,1.0,1.0,0.0,0.0,0.0,4.0,0.0,0.0,0.0,0.0,A_2020,2.0,2022.0,41.0,51.0,0,0,0,0,0,0,0,0,0,0,0,0,0,0,0,0,0,0,0,0,0,0,0,0,0,0,0,0,0,0,0,0,0,0,0,0,0,0,0,0,0,0,0,0,0,0
100377,A,2020,0,1,14.0,1,2.0,10.0,16.0,2,0,0,11.0,11.0,38.0,42.0,0.0,0.0,0.0,0.0,0.0,1.0,7,1.0,1.0,0.0,0.0,0.0,0.0,4.0,0.0,0.0,0.0,0.0,A_2020,2.0,2022.0,22.0,26.0,0,0,0,0,0,0,0,0,0,0,0,0,0,0,0,0,0,0,0,0,0,0,0,0,0,0,0,0,0,0,0,0,0,0,0,0,0,0,0,0,0,0,0,0,0,0
100378,A,2020,1,1,13.0,1,2.0,,15.0,4,0,0,7.0,5.0,40.0,55.0,0.0,1.0,1.0,1.0,1.0,1.0,8,1.0,1.0,1.0,0.0,0.0,0.0,4.0,0.0,0.0,0.0,0.0,A_2020,2.0,2022.0,25.0,40.0,0,0,0,0,0,0,0,0,0,0,0,0,0,0,0,0,0,0,0,0,0,0,0,0,0,0,0,0,0,0,0,0,0,0,0,0,0,0,0,0,0,0,0,0,0,0
100379,A,2020,0,0,12.0,1,,4.0,15.0,4,0,0,8.0,,37.0,42.0,0.0,0.0,1.0,1.0,0.0,1.0,7,1.0,1.0,0.0,0.0,0.0,0.0,4.0,0.0,0.0,0.0,0.0,A_2020,3.0,2023.0,22.0,27.0,0,0,0,0,0,0,0,0,0,0,0,0,0,0,0,0,0,0,0,0,0,0,0,0,0,0,0,0,0,0,0,0,0,0,0,0,0,0,0,0,0,0,0,0,0,0
100380,A,2022,1,0,13.0,1,2.0,,14.0,7,1,0,1.0,5.0,38.0,42.0,0.0,1.0,1.0,1.0,1.0,1.0,6,1.0,0.0,0.0,0.0,0.0,0.0,2.0,0.0,0.0,0.0,0.0,A_2022,1.0,2023.0,24.0,28.0,0,0,0,1,0,0,0,0,0,0,0,0,0,0,0,0,0,0,0,0,0,0,0,0,0,0,0,0,0,0,0,0,0,0,0,0,0,0,0,0,0,0,0,0,0,0
100381,A,2020,0,0,12.0,1,,18.0,14.0,4,0,0,5.0,5.0,45.0,42.0,0.0,0.0,1.0,1.0,1.0,1.0,8,1.0,1.0,1.0,0.0,0.0,0.0,4.0,0.0,0.0,0.0,0.0,A_2020,2.0,2022.0,31.0,28.0,0,0,0,0,0,0,0,0,0,0,0,0,0,0,0,0,0,0,0,0,0,0,0,0,0,0,0,0,0,0,0,0,0,0,0,0,0,0,0,0,0,0,0,0,0,0
100382,A,2020,1,1,11.0,1,2.0,5.0,13.0,3,0,0,8.0,,52.0,,,1.0,1.0,1.0,1.0,1.0,8,1.0,1.0,1.0,0.0,0.0,0.0,4.0,0.0,0.0,0.0,0.0,A_2020,2.0,2022.0,39.0,,0,0,0,0,0,0,0,0,0,0,0,0,0,0,0,0,0,0,0,0,0,0,0,0,0,0,0,0,0,0,0,0,0,0,0,0,0,0,0,0,0,0,0,0,0,0
100383,A,2020,1,0,13.0,1,2.0,19.0,15.0,3,0,0,7.0,4.0,44.0,49.0,0.0,1.0,1.0,1.0,1.0,1.0,8,1.0,1.0,1.0,0.0,0.0,0.0,4.0,0.0,0.0,0.0,0.0,A_2020,2.0,2022.0,29.0,34.0,0,0,0,0,0,0,0,0,0,0,0,0,0,0,0,0,0,0,0,0,0,0,0,0,0,0,0,0,0,0,0,0,0,0,0,0,0,0,0,0,0,0,0,0,0,0
100384,A,2020,1,1,12.0,1,2.0,19.0,14.0,4,0,0,,,51.0,57.0,0.0,0.0,1.0,1.0,0.0,1.0,7,1.0,1.0,0.0,1.0,1.0,1.0,4.0,0.0,0.0,0.0,0.0,A_2020,2.0,2022.0,37.0,43.0,0,0,0,0,0,0,0,0,0,0,0,0,0,0,0,0,0,0,0,0,0,0,0,0,0,0,0,0,0,0,0,0,0,0,0,0,0,0,0,0,0,0,0,0,0,0
100385,A,2020,1,1,13.0,1,1.0,5.0,16.0,3,0,0,8.0,,33.0,,,1.0,1.0,1.0,1.0,1.0,8,1.0,1.0,1.0,0.0,0.0,0.0,4.0,0.0,0.0,0.0,0.0,A_2020,3.0,2023.0,17.0,,0,0,0,0,0,0,0,0,0,0,0,0,0,0,0,0,0,0,0,0,0,0,0,0,0,0,0,0,0,0,0,0,0,0,0,0,0,0,0,0,0,0,0,0,0,0
100386,A,2020,1,1,11.0,1,2.0,7.0,14.0,3,0,0,11.0,5.0,38.0,37.0,0.0,1.0,1.0,1.0,1.0,1.0,8,1.0,1.0,1.0,0.0,0.0,0.0,4.0,0.0,0.0,0.0,0.0,A_2020,3.0,2023.0,24.0,23.0,0,0,0,0,0,0,0,0,0,0,0,0,0,0,0,0,0,0,0,0,0,0,0,0,0,0,0,0,0,0,0,0,0,0,0,0,0,0,0,0,0,0,0,0,0,0
100387,A,2020,0,1,12.0,1,2.0,,14.0,4,0,0,5.0,6.0,40.0,43.0,0.0,0.0,1.0,0.0,0.0,1.0,6,1.0,0.0,0.0,0.0,0.0,0.0,4.0,0.0,0.0,0.0,0.0,A_2020,2.0,2022.0,26.0,29.0,0,0,0,0,0,0,0,0,0,0,0,0,0,0,0,0,0,0,0,0,0,0,0,0,0,0,0,0,0,0,0,0,0,0,0,0,0,0,0,0,0,0,0,0,0,0
100388,A,2020,0,1,11.0,1,2.0,19.0,13.0,2,0,0,7.0,11.0,35.0,45.0,0.0,1.0,1.0,1.0,1.0,1.0,8,1.0,1.0,1.0,0.0,0.0,0.0,4.0,0.0,0.0,0.0,0.0,A_2020,2.0,2022.0,22.0,32.0,0,0,0,0,0,0,0,0,0,0,0,0,0,0,0,0,0,0,0,0,0,0,0,0,0,0,0,0,0,0,0,0,0,0,0,0,0,0,0,0,0,0,0,0,0,0
100389,A,2020,1,0,12.0,1,2.0,7.0,14.0,3,0,0,8.0,5.0,14.0,39.0,0.0,1.0,1.0,1.0,1.0,1.0,8,1.0,1.0,1.0,0.0,0.0,0.0,4.0,0.0,0.0,0.0,0.0,A_2020,2.0,2022.0,0.0,25.0,0,0,0,0,0,0,0,0,1,0,0,0,0,0,0,0,0,0,0,0,0,0,0,0,0,0,0,0,0,0,0,0,0,0,0,0,0,0,0,0,0,0,0,0,0,0
100390,A,2020,1,0,12.0,1,2.0,,14.0,4,0,0,5.0,5.0,40.0,38.0,0.0,1.0,1.0,1.0,1.0,1.0,8,1.0,1.0,1.0,0.0,0.0,0.0,4.0,0.0,0.0,0.0,0.0,A_2020,2.0,2022.0,26.0,24.0,0,0,0,0,0,0,0,0,0,0,0,0,0,0,0,0,0,0,0,0,0,0,0,0,0,0,0,0,0,0,0,0,0,0,0,0,0,0,0,0,0,0,0,0,0,0
100391,A,2020,1,1,11.0,1,,19.0,14.0,3,0,0,5.0,,38.0,38.0,0.0,1.0,1.0,1.0,1.0,1.0,8,1.0,1.0,1.0,0.0,0.0,0.0,4.0,0.0,0.0,0.0,0.0,A_2020,3.0,2023.0,24.0,24.0,0,0,0,0,0,0,0,0,0,0,0,0,0,0,0,0,0,0,0,0,0,0,0,0,0,0,0,0,0,0,0,0,0,0,0,0,0,0,0,0,0,0,0,0,0,0
100392,B,2018,0,1,13.0,0,2.0,,17.0,8,1,1,5.0,5.0,48.0,66.0,0.0,0.0,1.0,1.0,1.0,1.0,9,1.0,1.0,1.0,0.0,0.0,0.0,6.0,0.0,0.0,1.0,40.0,B_2018,4.0,2022.0,31.0,49.0,0,0,0,0,0,0,0,0,0,0,0,0,0,0,0,0,1,0,0,0,0,0,0,0,0,0,0,0,0,0,0,0,0,0,0,0,0,0,0,0,0,0,0,0,0,0
100393,A,2022,0,1,13.0,1,2.0,,14.0,7,1,0,3.0,2.0,38.0,48.0,0.0,0.0,1.0,0.0,1.0,1.0,5,0.0,0.0,0.0,1.0,1.0,1.0,2.0,0.0,0.0,0.0,0.0,A_2022,1.0,2023.0,24.0,34.0,0,0,0,1,0,0,0,0,0,0,0,0,0,0,0,0,0,0,0,0,0,0,0,0,0,0,0,0,0,0,0,0,0,0,0,0,0,0,0,0,0,0,0,0,0,0
100394,A,2020,0,1,13.0,1,1.0,19.0,15.0,3,0,0,1.0,6.0,45.0,46.0,,0.0,1.0,1.0,1.0,1.0,8,1.0,1.0,1.0,0.0,0.0,0.0,4.0,0.0,0.0,0.0,0.0,A_2020,2.0,2022.0,30.0,31.0,0,0,0,0,0,0,0,0,0,0,0,0,0,0,0,0,0,0,0,0,0,0,0,0,0,0,0,0,0,0,0,0,0,0,0,0,0,0,0,0,0,0,0,0,0,0
100395,A,2020,1,0,12.0,1,2.0,7.0,14.0,3,0,0,6.0,6.0,41.0,44.0,0.0,0.0,0.0,0.0,1.0,1.0,6,1.0,0.0,0.0,1.0,1.0,1.0,4.0,0.0,0.0,0.0,0.0,A_2020,2.0,2022.0,27.0,30.0,0,0,0,0,0,0,0,0,0,0,0,0,0,0,0,0,0,0,0,0,0,0,0,0,0,0,0,0,0,0,0,0,0,0,0,0,0,0,0,0,0,0,0,0,0,0
100396,A,2022,1,1,12.0,1,3.0,,12.0,7,1,0,3.0,2.0,54.0,52.0,0.0,1.0,1.0,1.0,1.0,1.0,6,1.0,0.0,0.0,0.0,0.0,0.0,2.0,0.0,0.0,0.0,0.0,A_2022,0.0,2022.0,42.0,40.0,0,0,1,1,0,0,0,0,0,0,0,0,0,0,0,0,0,0,0,0,0,0,0,0,0,0,0,0,0,0,0,0,0,0,0,0,0,0,0,0,0,0,0,0,0,0
100397,A,2020,0,1,14.0,1,2.0,19.0,16.0,4,0,0,,,45.0,42.0,0.0,0.0,1.0,1.0,1.0,1.0,8,1.0,1.0,1.0,0.0,0.0,0.0,4.0,0.0,0.0,0.0,0.0,A_2020,2.0,2022.0,29.0,26.0,0,0,0,0,0,0,0,0,0,0,0,0,0,0,0,0,0,0,0,0,0,0,0,0,0,0,0,0,0,0,0,0,0,0,0,0,0,0,0,0,0,0,0,0,0,0
100398,A,2020,0,0,12.0,1,,15.0,14.0,3,0,0,5.0,,35.0,,,0.0,1.0,0.0,0.0,1.0,8,1.0,1.0,1.0,0.0,0.0,0.0,4.0,0.0,0.0,0.0,0.0,A_2020,2.0,2022.0,21.0,,0,0,0,0,0,0,0,0,0,0,0,0,0,0,0,0,0,0,0,0,0,0,0,0,0,0,0,0,0,0,0,0,0,0,0,0,0,0,0,0,0,0,0,0,0,0
100399,A,2022,0,0,16.0,1,2.0,,17.0,4,1,0,8.0,5.0,39.0,40.0,0.0,0.0,1.0,1.0,0.0,1.0,8,1.0,1.0,1.0,0.0,0.0,0.0,4.0,0.0,0.0,0.0,0.0,A_2022,1.0,2023.0,22.0,23.0,0,0,0,1,0,0,0,0,0,0,0,0,0,0,0,0,0,0,0,0,0,0,0,0,0,0,0,0,0,0,0,0,0,0,0,0,0,0,0,0,0,0,0,0,0,0
100400,A,2020,1,1,12.0,1,2.0,,14.0,3,0,1,11.0,5.0,38.0,45.0,0.0,1.0,1.0,1.0,1.0,1.0,8,1.0,1.0,1.0,0.0,0.0,0.0,4.0,0.0,0.0,0.0,0.0,A_2020,2.0,2022.0,24.0,31.0,0,0,0,0,0,0,0,0,0,0,0,0,0,0,0,0,0,0,0,0,0,0,0,0,0,0,0,0,0,0,0,0,0,0,0,0,0,0,0,0,0,0,0,0,0,0
100401,B,2018,1,0,12.0,1,2.0,,17.0,7,1,1,9.0,,38.0,,,1.0,1.0,1.0,1.0,1.0,9,1.0,1.0,1.0,0.0,0.0,0.0,6.0,0.0,0.0,0.0,0.0,B_2018,5.0,2023.0,21.0,,0,0,0,1,0,0,0,0,0,0,0,0,0,0,0,0,1,0,0,0,0,0,0,0,0,0,0,0,0,0,0,0,0,0,0,0,0,0,0,0,0,0,0,0,0,0
100402,A,2020,1,0,12.0,1,3.0,11.0,14.0,3,0,0,7.0,6.0,38.0,37.0,0.0,0.0,1.0,1.0,0.0,1.0,8,1.0,1.0,1.0,0.0,0.0,0.0,4.0,0.0,0.0,0.0,0.0,A_2020,2.0,2022.0,24.0,23.0,0,0,0,0,0,0,0,0,0,0,0,0,0,0,0,0,0,0,0,0,0,0,0,0,0,0,0,0,0,0,0,0,0,0,0,0,0,0,0,0,0,0,0,0,0,0
100403,A,2020,0,0,13.0,1,3.0,,17.0,5,1,0,8.0,11.0,42.0,40.0,0.0,0.0,0.0,0.0,0.0,0.0,7,1.0,1.0,0.0,0.0,0.0,0.0,2.0,0.0,0.0,0.0,0.0,A_2020,4.0,2024.0,25.0,23.0,0,0,0,0,0,0,0,0,0,0,0,0,0,0,0,0,0,0,0,0,0,0,0,0,0,0,0,0,0,0,0,0,0,0,0,0,0,0,0,0,0,0,0,0,0,0
100404,A,2020,1,0,14.0,1,1.0,19.0,17.0,4,0,0,3.0,1.0,52.0,61.0,0.0,1.0,1.0,1.0,1.0,1.0,8,1.0,1.0,1.0,0.0,0.0,0.0,4.0,0.0,0.0,0.0,0.0,A_2020,3.0,2023.0,35.0,44.0,0,0,0,0,0,0,0,0,0,0,0,0,0,0,0,0,0,0,0,0,0,0,0,0,0,0,0,0,0,0,0,0,0,0,0,0,0,0,0,0,0,0,0,0,0,0
100405,A,2020,1,0,12.0,1,3.0,7.0,14.0,3,0,0,8.0,7.0,37.0,39.0,0.0,0.0,1.0,1.0,0.0,1.0,8,1.0,1.0,1.0,0.0,0.0,0.0,4.0,0.0,0.0,0.0,0.0,A_2020,2.0,2022.0,23.0,25.0,0,0,0,0,0,0,0,0,0,0,0,0,0,0,0,0,0,0,0,0,0,0,0,0,0,0,0,0,0,0,0,0,0,0,0,0,0,0,0,0,0,0,0,0,0,0
100406,B,2018,0,0,14.0,0,,,17.0,7,1,1,0.0,,55.0,,,0.0,0.0,0.0,0.0,0.0,5,0.0,0.0,0.0,0.0,0.0,0.0,1.0,0.0,0.0,1.0,0.0,B_2018,3.0,2021.0,38.0,,0,0,0,0,0,0,0,0,0,0,0,0,0,0,0,1,0,0,0,0,0,0,0,0,0,0,0,0,0,0,0,0,0,0,0,0,0,0,0,0,0,0,0,0,0,0
100407,A,2022,1,1,12.0,1,2.0,,13.0,7,1,0,5.0,5.0,40.0,40.0,0.0,1.0,1.0,1.0,1.0,1.0,6,1.0,0.0,0.0,0.0,0.0,0.0,2.0,0.0,0.0,0.0,0.0,A_2022,1.0,2023.0,27.0,27.0,0,0,0,1,0,0,0,0,0,0,0,0,0,0,0,0,0,0,0,0,0,0,0,0,0,0,0,0,0,0,0,0,0,0,0,0,0,0,0,0,0,0,0,0,0,0
100408,A,2020,0,0,12.0,1,2.0,,15.0,5,0,0,5.0,5.0,49.0,,0.0,0.0,1.0,1.0,1.0,1.0,8,1.0,1.0,1.0,0.0,0.0,0.0,4.0,0.0,0.0,0.0,0.0,A_2020,3.0,2023.0,34.0,,0,0,0,0,0,0,0,0,0,0,0,0,0,0,0,0,0,0,0,0,0,0,0,0,0,0,0,0,0,0,0,0,0,0,0,0,0,0,0,0,0,0,0,0,0,0
100409,B,2018,0,0,15.0,0,,,19.0,7,1,1,2.0,2.0,52.0,53.0,0.0,0.0,0.0,0.0,0.0,1.0,8,1.0,1.0,1.0,0.0,0.0,0.0,6.0,0.0,0.0,0.0,0.0,B_2018,4.0,2022.0,33.0,34.0,0,0,0,0,0,0,0,0,0,0,0,0,0,0,0,0,1,0,0,0,0,0,0,0,0,0,0,0,0,0,0,0,0,0,0,0,0,0,0,0,0,0,0,0,0,0
100410,A,2020,0,1,11.0,1,1.0,19.0,14.0,4,0,0,8.0,1.0,33.0,37.0,0.0,0.0,1.0,0.0,0.0,1.0,6,1.0,0.0,0.0,1.0,1.0,1.0,4.0,0.0,0.0,0.0,0.0,A_2020,3.0,2023.0,19.0,23.0,0,0,0,0,0,0,0,0,0,0,0,0,0,0,0,0,0,0,0,0,0,0,0,0,0,0,0,0,0,0,0,0,0,0,0,0,0,0,0,0,0,0,0,0,0,0
100411,B,2018,0,1,13.0,0,1.0,,18.0,7,1,1,5.0,5.0,48.0,49.0,0.0,0.0,1.0,1.0,0.0,0.0,11,0.0,0.0,0.0,0.0,0.0,0.0,5.0,0.0,0.0,1.0,40.0,B_2018,5.0,2023.0,30.0,31.0,0,0,0,1,1,1,1,1,0,0,0,0,0,0,0,0,1,0,0,0,0,0,0,0,0,0,0,0,0,0,0,0,0,0,0,0,0,0,0,0,0,0,0,0,0,0
100412,A,2020,0,0,14.0,1,,17.0,17.0,5,0,0,,,33.0,45.0,0.0,0.0,1.0,1.0,0.0,1.0,8,1.0,1.0,1.0,0.0,0.0,0.0,4.0,0.0,0.0,0.0,0.0,A_2020,3.0,2023.0,16.0,28.0,0,0,0,0,0,0,0,0,0,0,0,0,0,0,0,0,0,0,0,0,0,0,0,0,0,0,0,0,0,0,0,0,0,0,0,0,0,0,0,0,0,0,0,0,0,0
100413,A,2020,0,0,13.0,1,2.0,19.0,15.0,3,0,0,5.0,,39.0,,,0.0,1.0,1.0,,1.0,8,1.0,1.0,1.0,0.0,0.0,0.0,4.0,0.0,0.0,1.0,20.0,A_2020,2.0,2022.0,24.0,,0,0,0,0,0,0,0,0,0,0,0,0,0,0,0,0,0,0,0,0,0,0,0,0,0,0,0,0,0,0,0,0,0,0,0,0,0,0,0,0,0,0,0,0,0,0
100414,A,2020,1,1,13.0,1,2.0,,16.0,7,1,0,8.0,5.0,31.0,40.0,0.0,1.0,1.0,1.0,1.0,1.0,8,1.0,1.0,1.0,0.0,0.0,0.0,4.0,0.0,0.0,0.0,0.0,A_2020,3.0,2023.0,15.0,24.0,0,0,0,0,0,0,0,0,0,0,0,0,0,0,0,0,0,0,0,0,0,0,0,0,0,0,0,0,0,0,0,0,0,0,0,0,0,0,0,0,0,0,0,0,0,0
100415,A,2020,1,0,15.0,1,4.0,16.0,17.0,3,0,0,5.0,5.0,34.0,53.0,0.0,0.0,1.0,1.0,0.0,1.0,8,1.0,1.0,1.0,0.0,0.0,0.0,4.0,1.0,1.0,0.0,0.0,A_2020,2.0,2022.0,17.0,36.0,0,0,0,0,0,0,0,0,0,0,0,0,0,0,0,0,0,0,0,0,0,0,0,0,0,0,0,0,0,0,0,0,0,0,0,0,0,0,0,0,0,0,0,0,0,0
100416,A,2020,1,1,,1,3.0,,13.0,6,0,0,2.0,5.0,36.0,40.0,1.0,0.0,1.0,1.0,1.0,1.0,8,1.0,1.0,1.0,0.0,0.0,0.0,4.0,0.0,0.0,0.0,0.0,A_2020,,,23.0,27.0,1,0,0,0,0,0,0,0,0,0,0,0,0,0,0,0,0,0,0,0,0,0,0,0,0,0,0,0,0,0,0,0,0,0,0,0,0,0,0,0,0,0,0,0,0,0
100417,B,2018,0,0,11.0,1,3.0,,16.0,5,1,0,5.0,3.0,42.0,37.0,0.0,0.0,1.0,1.0,0.0,1.0,9,1.0,1.0,1.0,0.0,0.0,0.0,6.0,0.0,0.0,0.0,0.0,B_2018,5.0,2023.0,26.0,21.0,0,0,0,1,0,0,0,0,0,0,0,0,0,0,0,0,1,0,0,0,0,0,0,0,0,0,0,0,0,0,0,0,0,0,0,0,0,0,0,0,0,0,0,0,0,0
100418,A,2020,0,1,12.0,1,2.0,11.0,14.0,4,0,0,5.0,,35.0,,,0.0,1.0,1.0,1.0,1.0,7,1.0,1.0,0.0,1.0,1.0,1.0,4.0,0.0,0.0,1.0,8.0,A_2020,2.0,2022.0,21.0,,0,0,0,0,0,0,0,0,0,0,0,0,0,0,0,0,0,0,0,0,0,0,0,0,0,0,0,0,0,0,0,0,0,0,0,0,0,0,0,0,0,0,0,0,0,0
100419,A,2020,0,0,14.0,1,2.0,5.0,15.0,3,0,0,6.0,,40.0,,,0.0,1.0,1.0,1.0,,10,1.0,1.0,1.0,0.0,0.0,0.0,5.0,0.0,0.0,0.0,0.0,A_2020,1.0,2021.0,25.0,,0,0,0,1,0,0,0,0,0,0,0,0,0,0,0,0,1,0,0,0,0,0,0,0,0,0,0,0,0,0,0,0,0,0,0,0,0,0,0,0,0,0,0,0,0,0
100420,A,2020,1,0,14.0,1,2.0,5.0,16.0,4,0,0,5.0,,36.0,,,1.0,1.0,1.0,1.0,1.0,8,1.0,1.0,1.0,0.0,0.0,0.0,4.0,0.0,0.0,0.0,0.0,A_2020,2.0,2022.0,20.0,,0,0,0,0,0,0,0,0,0,0,0,0,0,0,0,0,0,0,0,0,0,0,0,0,0,0,0,0,0,0,0,0,0,0,0,0,0,0,0,0,0,0,0,0,0,0
100421,A,2020,0,0,11.0,1,,17.0,13.0,4,0,0,3.0,3.0,8.0,36.0,0.0,0.0,1.0,1.0,1.0,1.0,8,1.0,1.0,1.0,0.0,0.0,0.0,4.0,0.0,0.0,0.0,0.0,A_2020,2.0,2022.0,-5.0,23.0,0,0,0,0,0,0,0,0,1,0,0,0,0,0,0,0,0,0,0,0,0,0,0,0,0,0,0,0,0,0,0,0,0,0,0,0,0,0,0,0,0,0,0,0,0,0
100422,A,2020,1,0,12.0,1,2.0,19.0,14.0,3,0,0,5.0,5.0,49.0,53.0,0.0,1.0,1.0,1.0,1.0,1.0,8,1.0,1.0,1.0,0.0,0.0,0.0,4.0,0.0,0.0,0.0,0.0,A_2020,2.0,2022.0,35.0,39.0,0,0,0,0,0,0,0,0,0,0,0,0,0,0,0,0,0,0,0,0,0,0,0,0,0,0,0,0,0,0,0,0,0,0,0,0,0,0,0,0,0,0,0,0,0,0
100423,A,2020,0,1,13.0,1,2.0,,15.0,6,0,0,11.0,9.0,42.0,39.0,0.0,0.0,1.0,1.0,0.0,1.0,7,1.0,1.0,0.0,0.0,0.0,0.0,3.0,0.0,0.0,0.0,0.0,A_2020,2.0,2022.0,27.0,24.0,0,0,0,0,0,0,0,0,0,0,0,0,0,0,0,0,0,0,0,0,0,0,0,0,0,0,0,0,0,0,0,0,0,0,0,0,0,0,0,0,0,0,0,0,0,0
100424,A,2020,0,0,12.0,1,3.0,19.0,14.0,4,0,0,5.0,,32.0,,,0.0,1.0,1.0,1.0,1.0,8,1.0,1.0,1.0,0.0,0.0,0.0,4.0,0.0,0.0,0.0,0.0,A_2020,2.0,2022.0,18.0,,0,0,0,0,0,0,0,0,0,0,0,0,0,0,0,0,0,0,0,0,0,0,0,0,0,0,0,0,0,0,0,0,0,0,0,0,0,0,0,0,0,0,0,0,0,0
100425,A,2020,1,0,12.0,1,3.0,10.0,14.0,4,0,0,7.0,,31.0,35.0,0.0,1.0,1.0,1.0,1.0,1.0,8,1.0,1.0,1.0,0.0,0.0,0.0,4.0,0.0,0.0,0.0,0.0,A_2020,2.0,2022.0,17.0,21.0,0,0,0,0,0,0,0,0,0,0,0,0,0,0,0,0,0,0,0,0,0,0,0,0,0,0,0,0,0,0,0,0,0,0,0,0,0,0,0,0,0,0,0,0,0,0
100426,A,2022,0,0,14.0,1,1.0,,15.0,7,1,0,3.0,3.0,45.0,45.0,,0.0,1.0,1.0,1.0,1.0,6,1.0,0.0,0.0,0.0,0.0,0.0,2.0,0.0,0.0,0.0,0.0,A_2022,1.0,2023.0,30.0,30.0,0,0,0,1,0,0,0,0,0,0,0,0,0,0,0,0,0,0,0,0,0,0,0,0,0,0,0,0,0,0,0,0,0,0,0,0,0,0,0,0,0,0,0,0,0,0
100427,A,2022,0,1,11.0,1,1.0,,12.0,7,1,0,5.0,6.0,31.0,32.0,0.0,0.0,1.0,1.0,1.0,1.0,6,1.0,0.0,0.0,0.0,0.0,0.0,2.0,0.0,0.0,0.0,0.0,A_2022,1.0,2023.0,19.0,20.0,0,0,0,1,0,0,0,0,0,0,0,0,0,0,0,0,0,0,0,0,0,0,0,0,0,0,0,0,0,0,0,0,0,0,0,0,0,0,0,0,0,0,0,0,0,0
100428,B,2018,1,0,13.0,0,2.0,,18.0,5,1,1,1.0,,47.0,,,1.0,1.0,1.0,1.0,1.0,9,1.0,1.0,1.0,0.0,0.0,0.0,6.0,0.0,0.0,0.0,0.0,B_2018,5.0,2023.0,29.0,,0,0,0,1,0,0,0,0,0,0,0,0,0,0,0,0,1,0,0,0,0,0,0,0,0,0,0,0,0,0,0,0,0,0,0,0,0,0,0,0,0,0,0,0,0,0
100429,A,2020,1,1,11.0,1,2.0,18.0,14.0,8,1,0,7.0,11.0,40.0,40.0,0.0,0.0,1.0,1.0,1.0,1.0,8,1.0,1.0,1.0,0.0,1.0,3.0,4.0,0.0,0.0,0.0,0.0,A_2020,3.0,2023.0,26.0,26.0,0,0,0,0,0,0,0,0,0,0,0,0,0,0,0,0,0,0,0,0,0,0,0,0,0,0,0,0,0,0,0,0,0,0,0,0,0,0,0,0,0,0,0,0,0,0
100430,A,2020,0,1,12.0,1,2.0,10.0,14.0,3,0,0,11.0,11.0,43.0,41.0,0.0,0.0,1.0,1.0,1.0,1.0,8,1.0,1.0,1.0,0.0,0.0,0.0,4.0,0.0,0.0,0.0,0.0,A_2020,2.0,2022.0,29.0,27.0,0,0,0,0,0,0,0,0,0,0,0,0,0,0,0,0,0,0,0,0,0,0,0,0,0,0,0,0,0,0,0,0,0,0,0,0,0,0,0,0,0,0,0,0,0,0
100431,A,2020,1,1,13.0,1,3.0,,16.0,7,1,0,9.0,11.0,35.0,36.0,0.0,1.0,1.0,1.0,1.0,1.0,8,1.0,1.0,1.0,0.0,0.0,0.0,4.0,0.0,0.0,0.0,0.0,A_2020,3.0,2023.0,19.0,20.0,0,0,0,0,0,0,0,0,0,0,0,0,0,0,0,0,0,0,0,0,0,0,0,0,0,0,0,0,0,0,0,0,0,0,0,0,0,0,0,0,0,0,0,0,0,0
100432,A,2020,1,1,11.0,1,,8.0,14.0,8,1,0,8.0,11.0,29.0,43.0,1.0,1.0,1.0,1.0,1.0,1.0,8,1.0,1.0,1.0,0.0,0.0,0.0,4.0,0.0,0.0,0.0,0.0,A_2020,3.0,2023.0,15.0,29.0,0,0,0,0,0,0,0,0,0,0,0,0,0,0,0,0,0,0,0,0,0,0,0,0,0,0,0,0,0,0,0,0,0,0,0,0,0,0,0,0,0,0,0,0,0,0
100433,A,2022,0,0,11.0,1,2.0,,12.0,7,1,0,9.0,8.0,38.0,34.0,0.0,0.0,1.0,1.0,1.0,1.0,6,1.0,0.0,0.0,0.0,0.0,0.0,2.0,0.0,0.0,0.0,0.0,A_2022,1.0,2023.0,26.0,22.0,0,0,0,1,0,0,0,0,0,0,0,0,0,0,0,0,0,0,0,0,0,0,0,0,0,0,0,0,0,0,0,0,0,0,0,0,0,0,0,0,0,0,0,0,0,0
100434,A,2020,1,1,12.0,1,2.0,18.0,15.0,8,1,0,5.0,8.0,45.0,41.0,0.0,1.0,1.0,1.0,1.0,1.0,8,1.0,1.0,1.0,0.0,0.0,0.0,4.0,0.0,0.0,0.0,0.0,A_2020,3.0,2023.0,30.0,26.0,0,0,0,0,0,0,0,0,0,0,0,0,0,0,0,0,0,0,0,0,0,0,0,0,0,0,0,0,0,0,0,0,0,0,0,0,0,0,0,0,0,0,0,0,0,0
100435,A,2020,0,0,15.0,1,,19.0,18.0,7,1,0,,,,,,0.0,1.0,1.0,1.0,1.0,8,1.0,1.0,1.0,0.0,0.0,0.0,4.0,0.0,0.0,0.0,0.0,A_2020,3.0,2023.0,,,0,0,0,0,0,0,0,0,0,0,0,0,0,0,0,0,0,0,0,0,0,0,0,0,0,0,0,0,0,0,0,0,0,0,0,0,0,0,0,0,0,0,0,0,0,0
100436,A,2020,1,0,12.0,1,1.0,19.0,14.0,7,1,0,2.0,9.0,40.0,47.0,0.0,1.0,1.0,1.0,1.0,1.0,8,1.0,1.0,1.0,0.0,0.0,0.0,4.0,0.0,0.0,0.0,0.0,A_2020,2.0,2022.0,26.0,33.0,0,0,0,0,0,0,0,0,0,0,0,0,0,0,0,0,0,0,0,0,0,0,0,0,0,0,0,0,0,0,0,0,0,0,0,0,0,0,0,0,0,0,0,0,0,0
100437,A,2020,1,1,13.0,1,2.0,,15.0,3,0,0,2.0,0.0,42.0,55.0,0.0,0.0,1.0,1.0,0.0,1.0,8,1.0,1.0,1.0,1.0,1.0,1.0,5.0,0.0,0.0,0.0,0.0,A_2020,2.0,2022.0,27.0,40.0,0,0,0,0,0,0,0,0,0,0,0,0,0,0,0,0,1,0,0,0,0,0,0,0,0,0,0,0,0,0,0,0,0,0,0,0,0,0,0,0,0,0,0,0,0,0
100438,A,2020,1,0,12.0,1,2.0,19.0,14.0,4,0,0,3.0,11.0,50.0,54.0,0.0,1.0,1.0,1.0,1.0,1.0,8,1.0,1.0,1.0,0.0,0.0,0.0,4.0,0.0,0.0,0.0,0.0,A_2020,2.0,2022.0,36.0,40.0,0,0,0,0,0,0,0,0,0,0,0,0,0,0,0,0,0,0,0,0,0,0,0,0,0,0,0,0,0,0,0,0,0,0,0,0,0,0,0,0,0,0,0,0,0,0
100439,A,2020,0,0,11.0,1,2.0,19.0,14.0,3,0,0,11.0,9.0,35.0,35.0,0.0,0.0,1.0,1.0,1.0,1.0,8,1.0,1.0,1.0,0.0,0.0,0.0,4.0,0.0,0.0,0.0,0.0,A_2020,3.0,2023.0,21.0,21.0,0,0,0,0,0,0,0,0,0,0,0,0,0,0,0,0,0,0,0,0,0,0,0,0,0,0,0,0,0,0,0,0,0,0,0,0,0,0,0,0,0,0,0,0,0,0
100440,A,2022,1,1,15.0,1,1.0,,15.0,8,1,0,5.0,6.0,41.0,50.0,0.0,0.0,1.0,0.0,0.0,0.0,6,1.0,0.0,0.0,0.0,0.0,0.0,1.0,0.0,0.0,1.0,0.0,A_2022,0.0,2022.0,26.0,35.0,0,0,1,1,0,0,0,0,0,0,0,0,0,0,0,1,0,0,0,0,0,0,0,0,0,0,0,0,0,0,0,0,0,0,0,0,0,0,0,0,0,0,0,0,0,0
100441,A,2020,1,1,13.0,1,1.0,19.0,15.0,3,0,0,8.0,,35.0,,,0.0,1.0,1.0,1.0,1.0,7,1.0,1.0,0.0,1.0,1.0,1.0,4.0,0.0,0.0,0.0,0.0,A_2020,2.0,2022.0,20.0,,0,0,0,0,0,0,0,0,0,0,0,0,0,0,0,0,0,0,0,0,0,0,0,0,0,0,0,0,0,0,0,0,0,0,0,0,0,0,0,0,0,0,0,0,0,0
100442,A,2020,1,0,13.0,1,2.0,19.0,15.0,3,0,0,5.0,9.0,35.0,38.0,0.0,1.0,1.0,1.0,1.0,1.0,8,1.0,1.0,1.0,0.0,0.0,0.0,4.0,0.0,0.0,0.0,0.0,A_2020,2.0,2022.0,20.0,23.0,0,0,0,0,0,0,0,0,0,0,0,0,0,0,0,0,0,0,0,0,0,0,0,0,0,0,0,0,0,0,0,0,0,0,0,0,0,0,0,0,0,0,0,0,0,0
100443,A,2020,1,1,11.0,1,2.0,,14.0,8,1,0,9.0,5.0,36.0,42.0,0.0,1.0,1.0,1.0,1.0,1.0,8,1.0,1.0,1.0,0.0,0.0,0.0,4.0,0.0,0.0,0.0,0.0,A_2020,3.0,2023.0,22.0,28.0,0,0,0,0,0,0,0,0,0,0,0,0,0,0,0,0,0,0,0,0,0,0,0,0,0,0,0,0,0,0,0,0,0,0,0,0,0,0,0,0,0,0,0,0,0,0
100444,A,2020,1,1,12.0,1,1.0,19.0,14.0,7,1,0,5.0,,49.0,,,1.0,1.0,1.0,1.0,1.0,8,1.0,1.0,1.0,0.0,0.0,0.0,4.0,0.0,0.0,0.0,0.0,A_2020,2.0,2022.0,35.0,,0,0,0,0,0,0,0,0,0,0,0,0,0,0,0,0,0,0,0,0,0,0,0,0,0,0,0,0,0,0,0,0,0,0,0,0,0,0,0,0,0,0,0,0,0,0
100445,B,2018,0,1,12.0,1,2.0,,17.0,7,1,1,2.0,3.0,50.0,46.0,0.0,0.0,1.0,1.0,0.0,1.0,8,1.0,1.0,1.0,0.0,0.0,0.0,6.0,0.0,0.0,1.0,20.0,B_2018,5.0,2023.0,33.0,29.0,0,0,0,1,0,0,0,0,0,0,0,0,0,0,0,0,1,0,0,0,0,0,0,0,0,0,0,0,0,0,0,0,0,0,0,0,0,0,0,0,0,0,0,0,0,0
100446,A,2020,1,0,12.0,1,2.0,15.0,14.0,3,0,0,7.0,,38.0,,,0.0,1.0,1.0,0.0,1.0,8,1.0,1.0,1.0,0.0,0.0,0.0,4.0,0.0,0.0,0.0,0.0,A_2020,2.0,2022.0,24.0,,0,0,0,0,0,0,0,0,0,0,0,0,0,0,0,0,0,0,0,0,0,0,0,0,0,0,0,0,0,0,0,0,0,0,0,0,0,0,0,0,0,0,0,0,0,0
100447,A,2020,0,0,14.0,1,1.0,19.0,16.0,7,1,0,9.0,,33.0,,,0.0,1.0,0.0,0.0,0.0,6,1.0,0.0,0.0,0.0,0.0,0.0,1.0,0.0,0.0,1.0,40.0,A_2020,2.0,2022.0,17.0,,0,0,0,0,0,0,0,0,0,0,0,0,0,0,0,0,0,0,0,0,0,0,0,0,0,0,0,0,0,0,0,0,0,0,0,0,0,0,0,0,0,0,0,0,0,0
100448,A,2020,1,0,12.0,1,2.0,12.0,14.0,3,0,0,11.0,8.0,35.0,42.0,1.0,1.0,1.0,1.0,1.0,1.0,8,1.0,1.0,1.0,0.0,0.0,0.0,4.0,0.0,0.0,0.0,0.0,A_2020,2.0,2022.0,21.0,28.0,0,0,0,0,0,0,0,0,0,0,0,0,0,0,0,0,0,0,0,0,0,0,0,0,0,0,0,0,0,0,0,0,0,0,0,0,0,0,0,0,0,0,0,0,0,0
100449,A,2020,1,0,13.0,1,,12.0,15.0,8,1,0,3.0,11.0,49.0,64.0,0.0,0.0,1.0,1.0,,1.0,7,1.0,1.0,0.0,0.0,0.0,0.0,4.0,1.0,1.0,0.0,0.0,A_2020,2.0,2022.0,34.0,49.0,0,0,0,0,0,0,0,0,0,0,0,0,0,0,0,0,0,0,0,0,0,0,0,0,0,0,0,0,0,0,0,0,0,0,0,0,0,0,0,0,0,0,0,0,0,0
100450,A,2020,1,0,11.0,1,2.0,19.0,13.0,3,0,0,8.0,8.0,35.0,38.0,0.0,0.0,1.0,1.0,1.0,1.0,7,1.0,1.0,0.0,0.0,1.0,1.0,4.0,0.0,0.0,0.0,0.0,A_2020,2.0,2022.0,22.0,25.0,0,0,0,0,0,0,0,0,0,0,0,0,0,0,0,0,0,0,0,0,0,0,0,0,0,0,0,0,0,0,0,0,0,0,0,0,0,0,0,0,0,0,0,0,0,0
100451,A,2020,1,0,12.0,1,2.0,,15.0,8,1,0,6.0,7.0,40.0,47.0,0.0,0.0,1.0,1.0,0.0,1.0,8,1.0,1.0,1.0,1.0,1.0,1.0,5.0,0.0,0.0,0.0,0.0,A_2020,3.0,2023.0,25.0,32.0,0,0,0,0,0,0,0,0,0,0,0,0,0,0,0,0,1,0,0,0,0,0,0,0,0,0,0,0,0,0,0,0,0,0,0,0,0,0,0,0,0,0,0,0,0,0
100452,A,2020,0,0,14.0,1,2.0,11.0,16.0,4,0,0,3.0,1.0,40.0,43.0,1.0,0.0,1.0,0.0,0.0,1.0,7,1.0,1.0,0.0,1.0,1.0,1.0,4.0,0.0,0.0,0.0,0.0,A_2020,2.0,2022.0,24.0,27.0,0,0,0,0,0,0,0,0,0,0,0,0,0,0,0,0,0,0,0,0,0,0,0,0,0,0,0,0,0,0,0,0,0,0,0,0,0,0,0,0,0,0,0,0,0,0
100453,A,2022,1,1,11.0,1,3.0,,12.0,7,1,0,11.0,,30.0,32.0,,1.0,0.0,0.0,0.0,1.0,6,1.0,0.0,0.0,0.0,0.0,0.0,2.0,0.0,0.0,0.0,0.0,A_2022,1.0,2023.0,18.0,20.0,0,0,0,1,0,0,0,0,0,0,0,0,0,0,0,0,0,0,0,0,0,0,0,0,0,0,0,0,0,0,0,0,0,0,0,0,0,0,0,0,0,0,0,0,0,0
100454,A,2022,0,1,13.0,1,2.0,,14.0,7,1,0,5.0,5.0,45.0,43.0,0.0,0.0,1.0,1.0,1.0,1.0,7,1.0,1.0,0.0,0.0,0.0,0.0,3.0,0.0,0.0,0.0,0.0,A_2022,1.0,2023.0,31.0,29.0,0,0,0,1,0,0,0,0,0,0,0,0,0,0,0,0,0,0,0,0,0,0,0,0,0,0,0,0,0,0,0,0,0,0,0,0,0,0,0,0,0,0,0,0,0,0
100455,A,2020,1,0,14.0,1,1.0,19.0,17.0,3,0,0,3.0,2.0,39.0,50.0,0.0,1.0,1.0,1.0,1.0,1.0,8,1.0,1.0,1.0,0.0,0.0,0.0,4.0,0.0,0.0,0.0,0.0,A_2020,3.0,2023.0,22.0,33.0,0,0,0,0,0,0,0,0,0,0,0,0,0,0,0,0,0,0,0,0,0,0,0,0,0,0,0,0,0,0,0,0,0,0,0,0,0,0,0,0,0,0,0,0,0,0
100456,A,2022,1,0,12.0,1,2.0,,12.0,7,1,0,6.0,11.0,27.0,30.0,0.0,1.0,1.0,1.0,1.0,1.0,6,1.0,0.0,0.0,0.0,0.0,0.0,2.0,0.0,0.0,0.0,0.0,A_2022,0.0,2022.0,15.0,18.0,0,0,1,1,0,0,0,0,0,0,0,0,0,0,0,0,0,0,0,0,0,0,0,0,0,0,0,0,0,0,0,0,0,0,0,0,0,0,0,0,0,0,0,0,0,0
100457,A,2022,1,0,12.0,1,,,14.0,7,1,0,1.0,,36.0,,,1.0,1.0,1.0,1.0,1.0,6,1.0,0.0,0.0,0.0,0.0,0.0,2.0,0.0,0.0,0.0,0.0,A_2022,2.0,2024.0,22.0,,0,0,0,0,0,0,0,0,0,0,0,0,0,0,0,0,0,0,0,0,0,0,0,0,0,0,0,0,0,0,0,0,0,0,0,0,0,0,0,0,0,0,0,0,0,0
100458,A,2020,1,0,11.0,1,2.0,,14.0,3,0,1,8.0,5.0,39.0,38.0,0.0,1.0,1.0,1.0,1.0,1.0,8,1.0,1.0,1.0,0.0,0.0,0.0,4.0,0.0,0.0,0.0,0.0,A_2020,3.0,2023.0,25.0,24.0,0,0,0,0,0,0,0,0,0,0,0,0,0,0,0,0,0,0,0,0,0,0,0,0,0,0,0,0,0,0,0,0,0,0,0,0,0,0,0,0,0,0,0,0,0,0
100459,A,2020,1,1,15.0,1,2.0,4.0,19.0,6,1,0,9.0,,45.0,,,0.0,1.0,0.0,0.0,0.0,5,0.0,0.0,0.0,0.0,0.0,0.0,1.0,0.0,0.0,1.0,30.0,A_2020,4.0,2024.0,26.0,,0,0,0,0,0,0,0,0,0,0,0,0,0,0,0,0,0,0,0,0,0,0,0,0,0,0,0,0,0,0,0,0,0,0,0,0,0,0,0,0,0,0,0,0,0,0
100460,A,2020,0,0,12.0,1,2.0,15.0,14.0,6,0,0,9.0,,32.0,,,0.0,1.0,1.0,0.0,1.0,8,1.0,1.0,1.0,0.0,0.0,0.0,4.0,0.0,0.0,0.0,0.0,A_2020,2.0,2022.0,18.0,,0,0,0,0,0,0,0,0,0,0,0,0,0,0,0,0,0,0,0,0,0,0,0,0,0,0,0,0,0,0,0,0,0,0,0,0,0,0,0,0,0,0,0,0,0,0
100461,A,2020,1,1,13.0,1,3.0,,15.0,3,0,0,11.0,,37.0,41.0,,1.0,1.0,1.0,1.0,1.0,7,1.0,1.0,0.0,1.0,1.0,2.0,5.0,0.0,0.0,0.0,0.0,A_2020,2.0,2022.0,22.0,26.0,0,0,0,0,0,0,0,0,0,0,0,0,0,0,0,0,1,0,0,0,0,0,0,0,0,0,0,0,0,0,0,0,0,0,0,0,0,0,0,0,0,0,0,0,0,0
100462,A,2020,1,1,,1,1.0,5.0,15.0,4,0,0,2.0,,43.0,,,0.0,1.0,0.0,0.0,0.0,5,0.0,0.0,0.0,0.0,0.0,0.0,1.0,0.0,0.0,1.0,0.0,A_2020,,,28.0,,1,0,0,0,0,0,0,0,0,0,0,0,0,0,0,1,0,0,0,0,0,0,0,0,0,0,0,0,0,0,0,0,0,0,0,0,0,0,0,0,0,0,0,0,0,0
100463,A,2020,0,0,12.0,1,2.0,11.0,14.0,3,0,0,9.0,7.0,31.0,39.0,0.0,0.0,1.0,1.0,1.0,1.0,8,1.0,1.0,1.0,0.0,0.0,0.0,4.0,0.0,0.0,0.0,0.0,A_2020,2.0,2022.0,17.0,25.0,0,0,0,0,0,0,0,0,0,0,0,0,0,0,0,0,0,0,0,0,0,0,0,0,0,0,0,0,0,0,0,0,0,0,0,0,0,0,0,0,0,0,0,0,0,0
100464,B,2018,1,0,11.0,1,3.0,,15.0,7,1,0,5.0,5.0,37.0,43.0,0.0,1.0,1.0,1.0,1.0,1.0,10,1.0,1.0,1.0,0.0,0.0,0.0,6.0,0.0,0.0,0.0,0.0,B_2018,4.0,2022.0,22.0,28.0,0,0,0,0,0,0,0,0,0,0,0,0,0,0,0,0,1,0,0,0,0,0,0,0,0,0,0,0,0,0,0,0,0,0,0,0,0,0,0,0,0,0,0,0,0,0
100465,A,2022,1,0,12.0,1,3.0,,13.0,8,1,0,6.0,11.0,31.0,33.0,0.0,1.0,1.0,1.0,1.0,1.0,6,1.0,0.0,0.0,0.0,0.0,0.0,2.0,0.0,0.0,0.0,0.0,A_2022,1.0,2023.0,18.0,20.0,0,0,0,1,0,0,0,0,0,0,0,0,0,0,0,0,0,0,0,0,0,0,0,0,0,0,0,0,0,0,0,0,0,0,0,0,0,0,0,0,0,0,0,0,0,0
100466,A,2020,0,1,15.0,1,2.0,19.0,18.0,6,0,0,2.0,,,,0.0,0.0,1.0,1.0,1.0,1.0,8,0.0,0.0,0.0,0.0,0.0,0.0,4.0,0.0,0.0,0.0,0.0,A_2020,3.0,2023.0,,,0,0,0,0,1,1,1,1,0,0,0,0,0,0,0,0,0,0,0,0,0,0,0,0,0,0,0,0,0,0,0,0,0,0,0,0,0,0,0,0,0,0,0,0,0,0
100467,B,2018,0,0,14.0,0,2.0,,16.0,6,1,0,,,,,,0.0,1.0,1.0,1.0,1.0,9,1.0,1.0,1.0,0.0,0.0,0.0,6.0,0.0,0.0,0.0,0.0,B_2018,2.0,2020.0,,,0,0,0,0,0,0,0,0,0,0,0,0,0,0,0,0,1,0,0,0,0,0,0,0,0,0,0,0,0,0,0,0,0,0,0,0,0,0,0,0,0,0,0,0,0,0
100468,A,2020,0,1,12.0,1,2.0,19.0,14.0,3,0,0,5.0,5.0,36.0,37.0,0.0,0.0,1.0,1.0,1.0,1.0,8,1.0,1.0,1.0,0.0,0.0,0.0,4.0,0.0,0.0,0.0,0.0,A_2020,2.0,2022.0,22.0,23.0,0,0,0,0,0,0,0,0,0,0,0,0,0,0,0,0,0,0,0,0,0,0,0,0,0,0,0,0,0,0,0,0,0,0,0,0,0,0,0,0,0,0,0,0,0,0
100469,A,2020,1,1,12.0,1,3.0,9.0,14.0,4,0,0,3.0,11.0,48.0,50.0,0.0,1.0,1.0,1.0,1.0,1.0,8,1.0,1.0,1.0,0.0,0.0,0.0,4.0,0.0,0.0,0.0,0.0,A_2020,2.0,2022.0,34.0,36.0,0,0,0,0,0,0,0,0,0,0,0,0,0,0,0,0,0,0,0,0,0,0,0,0,0,0,0,0,0,0,0,0,0,0,0,0,0,0,0,0,0,0,0,0,0,0
100470,A,2020,0,0,12.0,1,2.0,18.0,14.0,6,0,0,2.0,5.0,35.0,42.0,0.0,0.0,1.0,1.0,0.0,1.0,8,1.0,1.0,1.0,0.0,0.0,0.0,4.0,0.0,0.0,0.0,0.0,A_2020,2.0,2022.0,21.0,28.0,0,0,0,0,0,0,0,0,0,0,0,0,0,0,0,0,0,0,0,0,0,0,0,0,0,0,0,0,0,0,0,0,0,0,0,0,0,0,0,0,0,0,0,0,0,0
100471,A,2022,0,1,14.0,1,2.0,,15.0,7,1,0,8.0,,43.0,,,0.0,1.0,1.0,1.0,1.0,6,1.0,0.0,0.0,0.0,0.0,0.0,2.0,0.0,0.0,0.0,0.0,A_2022,1.0,2023.0,28.0,,0,0,0,1,0,0,0,0,0,0,0,0,0,0,0,0,0,0,0,0,0,0,0,0,0,0,0,0,0,0,0,0,0,0,0,0,0,0,0,0,0,0,0,0,0,0
100472,A,2020,1,0,11.0,1,2.0,4.0,13.0,3,0,0,5.0,5.0,34.0,36.0,1.0,0.0,1.0,1.0,0.0,1.0,8,1.0,1.0,1.0,0.0,0.0,0.0,4.0,0.0,0.0,0.0,0.0,A_2020,2.0,2022.0,21.0,23.0,0,0,0,0,0,0,0,0,0,0,0,0,0,0,0,0,0,0,0,0,0,0,0,0,0,0,0,0,0,0,0,0,0,0,0,0,0,0,0,0,0,0,0,0,0,0
100473,A,2022,1,0,14.0,1,2.0,,14.0,7,1,0,6.0,,45.0,,,1.0,1.0,1.0,1.0,1.0,6,1.0,0.0,0.0,0.0,0.0,0.0,2.0,0.0,0.0,0.0,0.0,A_2022,0.0,2022.0,31.0,,0,0,1,1,0,0,0,0,0,0,0,0,0,0,0,0,0,0,0,0,0,0,0,0,0,0,0,0,0,0,0,0,0,0,0,0,0,0,0,0,0,0,0,0,0,0
100474,A,2022,1,1,11.0,1,4.0,,12.0,7,1,0,6.0,,47.0,,,0.0,1.0,1.0,1.0,1.0,6,1.0,0.0,0.0,0.0,0.0,0.0,2.0,0.0,0.0,0.0,0.0,A_2022,1.0,2023.0,35.0,,0,0,0,1,0,0,0,0,0,0,0,0,0,0,0,0,0,0,0,0,0,0,0,0,0,0,0,0,0,0,0,0,0,0,0,0,0,0,0,0,0,0,0,0,0,0
100475,A,2020,0,1,13.0,1,2.0,18.0,15.0,4,0,0,5.0,5.0,44.0,51.0,,0.0,1.0,0.0,0.0,0.0,5,0.0,0.0,0.0,0.0,0.0,0.0,1.0,0.0,0.0,1.0,40.0,A_2020,2.0,2022.0,29.0,36.0,0,0,0,0,0,0,0,0,0,0,0,0,0,0,0,0,0,0,0,0,0,0,0,0,0,0,0,0,0,0,0,0,0,0,0,0,0,0,0,0,0,0,0,0,0,0
100476,A,2022,0,1,12.0,1,2.0,,13.0,4,1,0,5.0,5.0,43.0,50.0,0.0,0.0,1.0,1.0,1.0,1.0,7,1.0,1.0,0.0,0.0,0.0,0.0,2.0,0.0,0.0,0.0,0.0,A_2022,1.0,2023.0,30.0,37.0,0,0,0,1,0,0,0,0,0,0,0,0,0,0,0,0,0,0,0,0,0,0,0,0,0,0,0,0,0,0,0,0,0,0,0,0,0,0,0,0,0,0,0,0,0,0
100477,A,2020,0,1,11.0,1,2.0,5.0,14.0,4,0,0,8.0,5.0,42.0,38.0,0.0,0.0,1.0,1.0,1.0,1.0,8,1.0,1.0,1.0,0.0,0.0,0.0,4.0,0.0,0.0,0.0,0.0,A_2020,3.0,2023.0,28.0,24.0,0,0,0,0,0,0,0,0,0,0,0,0,0,0,0,0,0,0,0,0,0,0,0,0,0,0,0,0,0,0,0,0,0,0,0,0,0,0,0,0,0,0,0,0,0,0
100478,A,2020,0,1,13.0,1,1.0,19.0,15.0,3,0,0,11.0,11.0,35.0,38.0,0.0,0.0,1.0,0.0,0.0,1.0,8,1.0,1.0,1.0,0.0,0.0,0.0,4.0,0.0,0.0,1.0,8.0,A_2020,2.0,2022.0,20.0,23.0,0,0,0,0,0,0,0,0,0,0,0,0,0,0,0,0,0,0,0,0,0,0,0,0,0,0,0,0,0,0,0,0,0,0,0,0,0,0,0,0,0,0,0,0,0,0
100479,A,2020,0,0,11.0,1,3.0,10.0,13.0,3,0,0,7.0,5.0,48.0,49.0,0.0,0.0,1.0,1.0,1.0,1.0,8,1.0,1.0,1.0,0.0,0.0,0.0,4.0,0.0,0.0,0.0,0.0,A_2020,2.0,2022.0,35.0,36.0,0,0,0,0,0,0,0,0,0,0,0,0,0,0,0,0,0,0,0,0,0,0,0,0,0,0,0,0,0,0,0,0,0,0,0,0,0,0,0,0,0,0,0,0,0,0
100480,A,2020,0,1,13.0,1,2.0,19.0,15.0,3,0,0,4.0,3.0,52.0,50.0,0.0,0.0,1.0,1.0,1.0,1.0,8,1.0,1.0,1.0,0.0,0.0,0.0,4.0,0.0,0.0,0.0,0.0,A_2020,2.0,2022.0,37.0,35.0,0,0,0,0,0,0,0,0,0,0,0,0,0,0,0,0,0,0,0,0,0,0,0,0,0,0,0,0,0,0,0,0,0,0,0,0,0,0,0,0,0,0,0,0,0,0
100481,A,2020,1,1,12.0,1,1.0,8.0,14.0,4,0,0,3.0,4.0,47.0,51.0,0.0,1.0,1.0,1.0,1.0,1.0,8,1.0,1.0,1.0,0.0,0.0,0.0,4.0,0.0,0.0,0.0,0.0,A_2020,2.0,2022.0,33.0,37.0,0,0,0,0,0,0,0,0,0,0,0,0,0,0,0,0,0,0,0,0,0,0,0,0,0,0,0,0,0,0,0,0,0,0,0,0,0,0,0,0,0,0,0,0,0,0
100482,A,2022,1,0,15.0,1,,,16.0,7,1,0,3.0,2.0,34.0,38.0,0.0,1.0,1.0,1.0,1.0,1.0,6,1.0,0.0,0.0,0.0,0.0,0.0,2.0,0.0,0.0,0.0,0.0,A_2022,1.0,2023.0,18.0,22.0,0,0,0,1,0,0,0,0,0,0,0,0,0,0,0,0,0,0,0,0,0,0,0,0,0,0,0,0,0,0,0,0,0,0,0,0,0,0,0,0,0,0,0,0,0,0
100483,A,2020,1,0,14.0,1,,4.0,17.0,8,1,0,5.0,0.0,44.0,56.0,0.0,0.0,1.0,1.0,0.0,0.0,8,1.0,1.0,1.0,0.0,0.0,0.0,3.0,0.0,1.0,0.0,0.0,A_2020,3.0,2023.0,27.0,39.0,0,0,0,0,0,0,0,0,0,0,0,0,0,0,0,0,0,0,0,0,0,0,0,0,0,0,0,0,0,0,0,0,0,0,0,0,0,0,0,0,0,0,0,0,0,0
100484,A,2022,0,1,12.0,1,2.0,,13.0,8,1,0,11.0,3.0,47.0,46.0,0.0,0.0,0.0,0.0,0.0,1.0,6,1.0,0.0,0.0,0.0,0.0,0.0,2.0,0.0,0.0,0.0,0.0,A_2022,1.0,2023.0,34.0,33.0,0,0,0,1,0,0,0,0,0,0,0,0,0,0,0,0,0,0,0,0,0,0,0,0,0,0,0,0,0,0,0,0,0,0,0,0,0,0,0,0,0,0,0,0,0,0
100485,A,2020,0,0,13.0,1,2.0,,15.0,4,0,0,9.0,9.0,45.0,39.0,0.0,0.0,1.0,0.0,0.0,0.0,5,0.0,0.0,0.0,0.0,0.0,0.0,1.0,0.0,0.0,0.0,0.0,A_2020,2.0,2022.0,30.0,24.0,0,0,0,0,0,0,0,0,0,0,0,0,0,0,0,0,0,0,0,0,0,0,0,0,0,0,0,0,0,0,0,0,0,0,0,0,0,0,0,0,0,0,0,0,0,0
100486,A,2020,1,1,15.0,1,2.0,,17.0,4,0,0,4.0,5.0,42.0,44.0,0.0,1.0,1.0,1.0,1.0,1.0,8,1.0,1.0,1.0,0.0,0.0,0.0,4.0,0.0,0.0,0.0,0.0,A_2020,2.0,2022.0,25.0,27.0,0,0,0,0,0,0,0,0,0,0,0,0,0,0,0,0,0,0,0,0,0,0,0,0,0,0,0,0,0,0,0,0,0,0,0,0,0,0,0,0,0,0,0,0,0,0
100487,A,2020,1,1,14.0,1,2.0,,16.0,4,0,0,5.0,,43.0,,,0.0,,,0.0,0.0,5,0.0,0.0,0.0,,0.0,0.0,0.0,0.0,0.0,1.0,40.0,A_2020,2.0,2022.0,27.0,,0,0,0,0,0,0,0,0,0,0,0,0,0,0,0,0,0,0,0,0,0,0,0,0,0,0,0,0,0,0,0,0,0,0,0,0,0,0,0,0,0,0,0,0,0,0
100488,A,2020,0,0,15.0,1,3.0,11.0,17.0,3,0,0,5.0,,59.0,,,0.0,1.0,0.0,0.0,0.0,6,1.0,0.0,0.0,0.0,0.0,0.0,1.0,0.0,0.0,1.0,40.0,A_2020,2.0,2022.0,42.0,,0,0,0,0,0,0,0,0,0,0,0,0,0,0,0,0,0,0,0,0,0,0,0,0,0,0,0,0,0,0,0,0,0,0,0,0,0,0,0,0,0,0,0,0,0,0
100489,A,2020,1,0,11.0,1,,,14.0,4,0,0,11.0,8.0,35.0,34.0,0.0,0.0,1.0,1.0,0.0,1.0,8,1.0,1.0,1.0,0.0,0.0,0.0,4.0,0.0,0.0,0.0,0.0,A_2020,3.0,2023.0,21.0,20.0,0,0,0,0,0,0,0,0,0,0,0,0,0,0,0,0,0,0,0,0,0,0,0,0,0,0,0,0,0,0,0,0,0,0,0,0,0,0,0,0,0,0,0,0,0,0
100490,A,2020,1,0,14.0,1,2.0,7.0,15.0,4,0,0,5.0,3.0,34.0,41.0,0.0,1.0,1.0,1.0,1.0,1.0,8,1.0,1.0,1.0,0.0,0.0,0.0,4.0,0.0,0.0,0.0,0.0,A_2020,1.0,2021.0,19.0,26.0,0,0,0,1,0,0,0,0,0,0,0,0,0,0,0,0,0,0,0,0,0,0,0,0,0,0,0,0,0,0,0,0,0,0,0,0,0,0,0,0,0,0,0,0,0,0
100491,A,2022,1,0,12.0,1,2.0,,13.0,7,1,0,6.0,5.0,31.0,35.0,0.0,1.0,1.0,1.0,1.0,1.0,6,1.0,0.0,0.0,0.0,0.0,0.0,2.0,0.0,0.0,0.0,0.0,A_2022,1.0,2023.0,18.0,22.0,0,0,0,1,0,0,0,0,0,0,0,0,0,0,0,0,0,0,0,0,0,0,0,0,0,0,0,0,0,0,0,0,0,0,0,0,0,0,0,0,0,0,0,0,0,0
100492,A,2020,1,0,11.0,1,2.0,17.0,14.0,7,1,0,11.0,8.0,37.0,37.0,0.0,1.0,1.0,1.0,1.0,1.0,8,1.0,1.0,1.0,0.0,0.0,0.0,4.0,0.0,0.0,0.0,0.0,A_2020,3.0,2023.0,23.0,23.0,0,0,0,0,0,0,0,0,0,0,0,0,0,0,0,0,0,0,0,0,0,0,0,0,0,0,0,0,0,0,0,0,0,0,0,0,0,0,0,0,0,0,0,0,0,0
100493,A,2020,1,1,13.0,1,2.0,18.0,16.0,8,1,0,10.0,5.0,42.0,47.0,0.0,1.0,1.0,1.0,1.0,1.0,8,1.0,1.0,1.0,0.0,0.0,0.0,4.0,0.0,0.0,0.0,0.0,A_2020,3.0,2023.0,26.0,31.0,0,0,0,0,0,0,0,0,0,0,0,0,0,0,0,0,0,0,0,0,0,0,0,0,0,0,0,0,0,0,0,0,0,0,0,0,0,0,0,0,0,0,0,0,0,0
100494,B,2018,0,0,12.0,1,,,18.0,6,1,1,3.0,,32.0,,,0.0,0.0,0.0,0.0,0.0,7,1.0,1.0,0.0,0.0,0.0,0.0,3.0,1.0,1.0,1.0,12.0,B_2018,6.0,2024.0,14.0,,0,0,0,1,0,0,0,0,0,0,0,0,0,0,0,0,0,0,0,0,0,0,0,0,0,0,0,0,0,0,0,0,0,0,0,0,0,0,0,0,0,0,0,0,0,0
100495,B,2018,0,1,13.0,0,,,18.0,6,1,1,5.0,,35.0,,,0.0,0.0,0.0,0.0,0.0,7,1.0,1.0,0.0,0.0,0.0,0.0,2.0,0.0,0.0,1.0,40.0,B_2018,5.0,2023.0,17.0,,0,0,0,1,0,0,0,0,0,0,0,0,0,0,0,0,0,0,0,0,0,0,0,0,0,0,0,0,0,0,0,0,0,0,0,0,0,0,0,0,0,0,0,0,0,0
100496,B,2018,1,1,13.0,1,,,,7,1,1,,,,,,,,,,,5,,,,,,,,,,,,B_2018,,,,,1,0,0,0,0,0,0,0,0,0,0,0,0,0,0,0,0,0,0,0,0,0,0,0,0,0,0,0,0,0,0,0,0,0,0,0,0,0,0,0,0,0,0,0,0,0
100497,A,2020,1,0,11.0,1,2.0,,13.0,3,0,0,5.0,5.0,43.0,40.0,0.0,0.0,1.0,1.0,1.0,1.0,8,1.0,1.0,1.0,0.0,1.0,1.0,4.0,0.0,0.0,0.0,0.0,A_2020,2.0,2022.0,30.0,27.0,0,0,0,0,0,0,0,0,0,0,0,0,0,0,0,0,0,0,0,0,0,0,0,0,0,0,0,0,0,0,0,0,0,0,0,0,0,0,0,0,0,0,0,0,0,0
100498,A,2020,1,0,14.0,1,2.0,17.0,16.0,7,1,0,6.0,6.0,33.0,36.0,0.0,1.0,1.0,1.0,1.0,1.0,8,1.0,1.0,1.0,0.0,0.0,0.0,4.0,0.0,0.0,0.0,0.0,A_2020,2.0,2022.0,17.0,20.0,0,0,0,0,0,0,0,0,0,0,0,0,0,0,0,0,0,0,0,0,0,0,0,0,0,0,0,0,0,0,0,0,0,0,0,0,0,0,0,0,0,0,0,0,0,0
100499,A,2020,0,1,12.0,1,1.0,19.0,15.0,7,1,0,3.0,3.0,52.0,53.0,1.0,0.0,1.0,1.0,1.0,1.0,8,1.0,1.0,1.0,0.0,0.0,0.0,4.0,0.0,0.0,0.0,0.0,A_2020,3.0,2023.0,37.0,38.0,0,0,0,0,0,0,0,0,0,0,0,0,0,0,0,0,0,0,0,0,0,0,0,0,0,0,0,0,0,0,0,0,0,0,0,0,0,0,0,0,0,0,0,0,0,0
100500,A,2022,1,0,14.0,1,2.0,,16.0,7,1,0,5.0,5.0,56.0,56.0,0.0,0.0,1.0,0.0,1.0,1.0,9,1.0,1.0,1.0,0.0,0.0,0.0,5.0,0.0,0.0,0.0,0.0,A_2022,2.0,2024.0,40.0,40.0,0,0,0,0,0,0,0,0,0,0,0,0,0,0,0,0,1,0,0,0,0,0,0,0,0,0,0,0,0,0,0,0,0,0,0,0,0,0,0,0,0,0,0,0,0,0
100501,A,2020,1,0,12.0,1,2.0,19.0,15.0,6,0,0,5.0,,33.0,,,1.0,1.0,1.0,1.0,1.0,6,1.0,0.0,0.0,1.0,1.0,1.0,3.0,0.0,0.0,0.0,0.0,A_2020,3.0,2023.0,18.0,,0,0,0,0,0,0,0,0,0,0,0,0,0,0,0,0,0,0,0,0,0,0,0,0,0,0,0,0,0,0,0,0,0,0,0,0,0,0,0,0,0,0,0,0,0,0
100502,A,2020,1,0,11.0,1,2.0,,14.0,8,1,0,6.0,0.0,39.0,36.0,0.0,1.0,1.0,1.0,1.0,1.0,8,1.0,1.0,1.0,0.0,0.0,0.0,4.0,0.0,0.0,0.0,0.0,A_2020,3.0,2023.0,25.0,22.0,0,0,0,0,0,0,0,0,0,0,0,0,0,0,0,0,0,0,0,0,0,0,0,0,0,0,0,0,0,0,0,0,0,0,0,0,0,0,0,0,0,0,0,0,0,0
100503,A,2020,1,1,12.0,1,2.0,19.0,15.0,3,0,0,8.0,10.0,36.0,38.0,0.0,0.0,1.0,1.0,0.0,1.0,7,1.0,1.0,0.0,0.0,0.0,0.0,4.0,0.0,0.0,0.0,0.0,A_2020,3.0,2023.0,21.0,23.0,0,0,0,0,0,0,0,0,0,0,0,0,0,0,0,0,0,0,0,0,0,0,0,0,0,0,0,0,0,0,0,0,0,0,0,0,0,0,0,0,0,0,0,0,0,0
100504,A,2020,0,1,14.0,1,,,16.0,4,0,0,9.0,9.0,50.0,47.0,1.0,0.0,1.0,1.0,0.0,1.0,7,1.0,1.0,0.0,0.0,0.0,0.0,4.0,0.0,0.0,1.0,7.0,A_2020,2.0,2022.0,34.0,31.0,0,0,0,0,0,0,0,0,0,0,0,0,0,0,0,0,0,0,0,0,0,0,0,0,0,0,0,0,0,0,0,0,0,0,0,0,0,0,0,0,0,0,0,0,0,0
100505,A,2020,1,1,15.0,1,2.0,5.0,18.0,6,0,0,,,65.0,,,0.0,1.0,0.0,0.0,0.0,5,0.0,0.0,0.0,0.0,0.0,0.0,1.0,0.0,0.0,1.0,40.0,A_2020,3.0,2023.0,47.0,,0,0,0,0,0,0,0,0,0,0,0,0,0,0,0,0,0,0,0,0,0,0,0,0,0,0,0,0,0,0,0,0,0,0,0,0,0,0,0,0,0,0,0,0,0,0
100506,A,2022,0,1,11.0,1,2.0,,13.0,6,1,0,5.0,5.0,39.0,43.0,0.0,0.0,1.0,1.0,1.0,1.0,7,1.0,1.0,0.0,0.0,0.0,0.0,2.0,0.0,0.0,0.0,0.0,A_2022,2.0,2024.0,26.0,30.0,0,0,0,0,0,0,0,0,0,0,0,0,0,0,0,0,0,0,0,0,0,0,0,0,0,0,0,0,0,0,0,0,0,0,0,0,0,0,0,0,0,0,0,0,0,0
100507,A,2020,1,0,14.0,1,1.0,17.0,16.0,3,0,0,5.0,11.0,40.0,52.0,0.0,1.0,1.0,1.0,1.0,1.0,8,1.0,1.0,1.0,0.0,0.0,0.0,4.0,0.0,0.0,0.0,0.0,A_2020,2.0,2022.0,24.0,36.0,0,0,0,0,0,0,0,0,0,0,0,0,0,0,0,0,0,0,0,0,0,0,0,0,0,0,0,0,0,0,0,0,0,0,0,0,0,0,0,0,0,0,0,0,0,0
100508,A,2020,1,0,10.0,1,2.0,10.0,12.0,4,0,0,11.0,11.0,39.0,47.0,0.0,1.0,1.0,1.0,1.0,1.0,8,1.0,1.0,1.0,0.0,0.0,0.0,4.0,0.0,0.0,0.0,0.0,A_2020,2.0,2022.0,27.0,35.0,0,0,0,0,0,0,0,0,0,0,0,0,0,0,0,0,0,0,0,0,0,0,0,0,0,0,0,0,0,0,0,0,0,0,0,0,0,0,0,0,0,0,0,0,0,0
100509,A,2020,1,1,14.0,1,1.0,19.0,17.0,8,1,0,8.0,9.0,38.0,37.0,0.0,0.0,1.0,0.0,0.0,0.0,6,1.0,0.0,0.0,0.0,0.0,0.0,1.0,0.0,0.0,0.0,0.0,A_2020,3.0,2023.0,21.0,20.0,0,0,0,0,0,0,0,0,0,0,0,0,0,0,0,0,0,0,0,0,0,0,0,0,0,0,0,0,0,0,0,0,0,0,0,0,0,0,0,0,0,0,0,0,0,0
100510,A,2020,0,1,16.0,1,1.0,,17.0,4,0,0,3.0,9.0,40.0,42.0,,0.0,1.0,0.0,0.0,0.0,6,1.0,0.0,0.0,0.0,0.0,0.0,1.0,0.0,0.0,1.0,40.0,A_2020,1.0,2021.0,23.0,25.0,0,0,0,1,0,0,0,0,0,0,0,0,0,0,0,0,0,0,0,0,0,0,0,0,0,0,0,0,0,0,0,0,0,0,0,0,0,0,0,0,0,0,0,0,0,0
100511,B,2018,0,0,13.0,0,1.0,,16.0,6,1,1,11.0,11.0,28.0,37.0,0.0,0.0,1.0,1.0,1.0,1.0,8,1.0,1.0,1.0,1.0,1.0,1.0,6.0,0.0,0.0,0.0,0.0,B_2018,3.0,2021.0,12.0,21.0,0,0,0,0,0,0,0,0,0,0,0,0,0,0,0,0,1,0,0,0,0,0,0,0,0,0,0,0,0,0,0,0,0,0,0,0,0,0,0,0,0,0,0,0,0,0
100512,A,2020,1,0,13.0,1,2.0,17.0,15.0,4,0,0,5.0,9.0,33.0,43.0,0.0,0.0,1.0,0.0,0.0,1.0,5,0.0,0.0,0.0,1.0,1.0,1.0,3.0,0.0,0.0,0.0,0.0,A_2020,2.0,2022.0,18.0,28.0,0,0,0,0,0,0,0,0,0,0,0,0,0,0,0,0,0,0,0,0,0,0,0,0,0,0,0,0,0,0,0,0,0,0,0,0,0,0,0,0,0,0,0,0,0,0
100513,A,2020,0,1,13.0,1,,17.0,,8,1,0,,,,,,,,,,,5,,,,,,,,,,,,A_2020,,,,,1,0,0,0,0,0,0,0,0,0,0,0,0,0,0,0,0,0,0,0,0,0,0,0,0,0,0,0,0,0,0,0,0,0,0,0,0,0,0,0,0,0,0,0,0,0
100514,A,2020,1,0,12.0,1,,19.0,14.0,3,0,0,5.0,2.0,47.0,47.0,0.0,1.0,1.0,1.0,1.0,1.0,8,1.0,1.0,1.0,0.0,0.0,0.0,4.0,0.0,0.0,0.0,0.0,A_2020,2.0,2022.0,33.0,33.0,0,0,0,0,0,0,0,0,0,0,0,0,0,0,0,0,0,0,0,0,0,0,0,0,0,0,0,0,0,0,0,0,0,0,0,0,0,0,0,0,0,0,0,0,0,0
100515,A,2020,1,1,12.0,1,2.0,,14.0,4,0,0,8.0,8.0,35.0,35.0,0.0,1.0,1.0,1.0,1.0,1.0,8,1.0,1.0,1.0,0.0,0.0,0.0,4.0,0.0,0.0,0.0,0.0,A_2020,2.0,2022.0,21.0,21.0,0,0,0,0,0,0,0,0,0,0,0,0,0,0,0,0,0,0,0,0,0,0,0,0,0,0,0,0,0,0,0,0,0,0,0,0,0,0,0,0,0,0,0,0,0,0
100516,A,2020,0,1,13.0,1,2.0,5.0,16.0,7,1,0,6.0,2.0,40.0,49.0,0.0,0.0,1.0,1.0,1.0,1.0,8,1.0,1.0,1.0,0.0,0.0,0.0,4.0,0.0,0.0,0.0,0.0,A_2020,3.0,2023.0,24.0,33.0,0,0,0,0,0,0,0,0,0,0,0,0,0,0,0,0,0,0,0,0,0,0,0,0,0,0,0,0,0,0,0,0,0,0,0,0,0,0,0,0,0,0,0,0,0,0
100517,A,2020,0,1,12.0,1,2.0,17.0,14.0,4,0,0,5.0,,53.0,,,0.0,1.0,1.0,1.0,1.0,8,1.0,1.0,1.0,0.0,0.0,0.0,4.0,0.0,0.0,0.0,0.0,A_2020,2.0,2022.0,39.0,,0,0,0,0,0,0,0,0,0,0,0,0,0,0,0,0,0,0,0,0,0,0,0,0,0,0,0,0,0,0,0,0,0,0,0,0,0,0,0,0,0,0,0,0,0,0
100518,B,2018,1,1,11.0,1,2.0,,15.0,7,1,1,8.0,11.0,47.0,50.0,0.0,0.0,0.0,0.0,0.0,0.0,7,1.0,1.0,0.0,0.0,0.0,0.0,3.0,0.0,0.0,1.0,0.0,B_2018,4.0,2022.0,32.0,35.0,0,0,0,0,0,0,0,0,0,0,0,0,0,0,0,1,0,0,0,0,0,0,0,0,0,0,0,0,0,0,0,0,0,0,0,0,0,0,0,0,0,0,0,0,0,0
100519,A,2020,1,0,12.0,1,2.0,6.0,14.0,4,0,0,8.0,,35.0,37.0,1.0,1.0,1.0,1.0,1.0,1.0,8,1.0,1.0,1.0,0.0,0.0,0.0,4.0,0.0,0.0,0.0,0.0,A_2020,2.0,2022.0,21.0,23.0,0,0,0,0,0,0,0,0,0,0,0,0,0,0,0,0,0,0,0,0,0,0,0,0,0,0,0,0,0,0,0,0,0,0,0,0,0,0,0,0,0,0,0,0,0,0
100520,A,2020,1,1,12.0,1,2.0,4.0,14.0,7,1,0,0.0,2.0,55.0,54.0,1.0,0.0,1.0,1.0,0.0,1.0,7,1.0,1.0,0.0,0.0,1.0,1.0,4.0,0.0,0.0,0.0,0.0,A_2020,2.0,2022.0,41.0,40.0,0,0,0,0,0,0,0,0,0,0,0,0,0,0,0,0,0,0,0,0,0,0,0,0,0,0,0,0,0,0,0,0,0,0,0,0,0,0,0,0,0,0,0,0,0,0
100521,A,2022,1,1,12.0,1,3.0,,12.0,7,1,0,,,,,,0.0,0.0,0.0,0.0,1.0,6,1.0,0.0,0.0,0.0,0.0,0.0,2.0,0.0,0.0,0.0,0.0,A_2022,0.0,2022.0,,,0,0,1,1,0,0,0,0,0,0,0,0,0,0,0,0,0,0,0,0,0,0,0,0,0,0,0,0,0,0,0,0,0,0,0,0,0,0,0,0,0,0,0,0,0,0
100522,A,2022,0,1,13.0,1,,,14.0,4,1,0,5.0,5.0,38.0,41.0,1.0,0.0,1.0,0.0,0.0,1.0,7,1.0,1.0,0.0,0.0,0.0,0.0,2.0,0.0,0.0,0.0,0.0,A_2022,1.0,2023.0,24.0,27.0,0,0,0,1,0,0,0,0,0,0,0,0,0,0,0,0,0,0,0,0,0,0,0,0,0,0,0,0,0,0,0,0,0,0,0,0,0,0,0,0,0,0,0,0,0,0
100523,A,2020,0,0,12.0,1,,11.0,14.0,3,0,0,,,,,0.0,0.0,1.0,1.0,1.0,1.0,8,1.0,1.0,1.0,0.0,0.0,0.0,4.0,0.0,0.0,0.0,0.0,A_2020,2.0,2022.0,,,0,0,0,0,0,0,0,0,0,0,0,0,0,0,0,0,0,0,0,0,0,0,0,0,0,0,0,0,0,0,0,0,0,0,0,0,0,0,0,0,0,0,0,0,0,0
100524,A,2022,1,1,13.0,1,2.0,,13.0,7,1,0,5.0,1.0,40.0,49.0,0.0,0.0,0.0,0.0,0.0,1.0,5,0.0,0.0,0.0,1.0,1.0,1.0,2.0,0.0,0.0,1.0,20.0,A_2022,0.0,2022.0,27.0,36.0,0,0,1,1,0,0,0,0,0,0,0,0,0,0,0,0,0,0,0,0,0,0,0,0,0,0,0,0,0,0,0,0,0,0,0,0,0,0,0,0,0,0,0,0,0,0
100525,A,2020,0,1,11.0,1,2.0,8.0,14.0,3,0,0,6.0,1.0,40.0,65.0,0.0,0.0,1.0,0.0,0.0,1.0,7,1.0,1.0,0.0,1.0,1.0,1.0,4.0,0.0,0.0,0.0,0.0,A_2020,3.0,2023.0,26.0,51.0,0,0,0,0,0,0,0,0,0,0,0,0,0,0,0,0,0,0,0,0,0,0,0,0,0,0,0,0,0,0,0,0,0,0,0,0,0,0,0,0,0,0,0,0,0,0
100526,A,2020,0,1,12.0,1,2.0,11.0,15.0,3,0,0,11.0,11.0,32.0,39.0,0.0,0.0,1.0,1.0,1.0,1.0,8,1.0,1.0,1.0,0.0,0.0,0.0,4.0,0.0,0.0,0.0,0.0,A_2020,3.0,2023.0,17.0,24.0,0,0,0,0,0,0,0,0,0,0,0,0,0,0,0,0,0,0,0,0,0,0,0,0,0,0,0,0,0,0,0,0,0,0,0,0,0,0,0,0,0,0,0,0,0,0
100527,A,2020,0,0,12.0,1,2.0,5.0,14.0,4,0,0,5.0,5.0,37.0,40.0,0.0,0.0,1.0,1.0,0.0,0.0,7,1.0,1.0,0.0,0.0,0.0,0.0,3.0,0.0,0.0,0.0,0.0,A_2020,2.0,2022.0,23.0,26.0,0,0,0,0,0,0,0,0,0,0,0,0,0,0,0,0,0,0,0,0,0,0,0,0,0,0,0,0,0,0,0,0,0,0,0,0,0,0,0,0,0,0,0,0,0,0
100528,A,2020,0,0,13.0,1,2.0,,16.0,8,1,0,5.0,2.0,48.0,58.0,0.0,0.0,1.0,1.0,1.0,1.0,8,1.0,1.0,1.0,0.0,0.0,0.0,4.0,0.0,0.0,0.0,0.0,A_2020,3.0,2023.0,32.0,42.0,0,0,0,0,0,0,0,0,0,0,0,0,0,0,0,0,0,0,0,0,0,0,0,0,0,0,0,0,0,0,0,0,0,0,0,0,0,0,0,0,0,0,0,0,0,0
100529,A,2020,0,1,12.0,1,1.0,19.0,15.0,7,1,0,5.0,5.0,40.0,32.0,0.0,0.0,1.0,0.0,0.0,0.0,5,0.0,0.0,0.0,2.0,1.0,2.0,3.0,0.0,0.0,0.0,0.0,A_2020,3.0,2023.0,25.0,17.0,0,0,0,0,0,0,0,0,0,0,0,0,0,0,0,0,0,0,0,0,0,0,0,0,0,0,0,0,0,0,0,0,0,0,0,0,0,0,0,0,0,0,0,0,0,0
100530,A,2020,0,1,12.0,1,1.0,10.0,15.0,6,0,0,9.0,11.0,30.0,55.0,0.0,0.0,1.0,0.0,0.0,0.0,6,1.0,0.0,0.0,0.0,0.0,0.0,1.0,0.0,0.0,0.0,0.0,A_2020,3.0,2023.0,15.0,40.0,0,0,0,0,0,0,0,0,0,0,0,0,0,0,0,0,0,0,0,0,0,0,0,0,0,0,0,0,0,0,0,0,0,0,0,0,0,0,0,0,0,0,0,0,0,0
100531,A,2020,1,1,12.0,1,3.0,16.0,14.0,4,0,0,5.0,11.0,37.0,36.0,0.0,1.0,1.0,1.0,1.0,1.0,8,1.0,1.0,1.0,0.0,0.0,0.0,4.0,0.0,0.0,0.0,0.0,A_2020,2.0,2022.0,23.0,22.0,0,0,0,0,0,0,0,0,0,0,0,0,0,0,0,0,0,0,0,0,0,0,0,0,0,0,0,0,0,0,0,0,0,0,0,0,0,0,0,0,0,0,0,0,0,0
100532,B,2018,1,1,11.0,1,2.0,,16.0,7,1,1,5.0,,62.0,,,0.0,1.0,0.0,0.0,1.0,8,1.0,1.0,1.0,1.0,1.0,1.0,6.0,0.0,0.0,0.0,0.0,B_2018,5.0,2023.0,46.0,,0,0,0,1,0,0,0,0,0,0,0,0,0,0,0,0,1,0,0,0,0,0,0,0,0,0,0,0,0,0,0,0,0,0,0,0,0,0,0,0,0,0,0,0,0,0
100533,A,2020,0,0,12.0,1,2.0,5.0,14.0,4,0,0,5.0,5.0,39.0,,,0.0,1.0,1.0,0.0,1.0,7,1.0,1.0,0.0,0.0,1.0,1.0,4.0,0.0,0.0,1.0,40.0,A_2020,2.0,2022.0,25.0,,0,0,0,0,0,0,0,0,0,0,0,0,0,0,0,0,0,0,0,0,0,0,0,0,0,0,0,0,0,0,0,0,0,0,0,0,0,0,0,0,0,0,0,0,0,0
100534,A,2022,0,1,11.0,1,,,12.0,7,1,0,11.0,,36.0,,,0.0,1.0,1.0,1.0,1.0,6,1.0,0.0,0.0,0.0,0.0,0.0,2.0,0.0,0.0,0.0,0.0,A_2022,1.0,2023.0,24.0,,0,0,0,1,0,0,0,0,0,0,0,0,0,0,0,0,0,0,0,0,0,0,0,0,0,0,0,0,0,0,0,0,0,0,0,0,0,0,0,0,0,0,0,0,0,0
100535,A,2020,1,1,13.0,1,2.0,,15.0,3,0,0,10.0,5.0,45.0,56.0,0.0,1.0,1.0,1.0,1.0,1.0,8,1.0,1.0,1.0,0.0,0.0,0.0,4.0,0.0,0.0,0.0,0.0,A_2020,2.0,2022.0,30.0,41.0,0,0,0,0,0,0,0,0,0,0,0,0,0,0,0,0,0,0,0,0,0,0,0,0,0,0,0,0,0,0,0,0,0,0,0,0,0,0,0,0,0,0,0,0,0,0
100536,A,2020,1,1,13.0,1,,17.0,15.0,7,1,0,11.0,,35.0,,,0.0,1.0,1.0,1.0,1.0,8,1.0,1.0,1.0,0.0,0.0,0.0,4.0,0.0,0.0,1.0,40.0,A_2020,2.0,2022.0,20.0,,0,0,0,0,0,0,0,0,0,0,0,0,0,0,0,0,0,0,0,0,0,0,0,0,0,0,0,0,0,0,0,0,0,0,0,0,0,0,0,0,0,0,0,0,0,0
100537,A,2020,1,1,11.0,1,1.0,19.0,14.0,4,1,0,7.0,4.0,31.0,31.0,0.0,0.0,1.0,1.0,0.0,0.0,9,1.0,1.0,1.0,0.0,0.0,0.0,4.0,0.0,0.0,0.0,0.0,A_2020,3.0,2023.0,17.0,17.0,0,0,0,0,0,0,0,0,0,0,0,0,0,0,0,0,0,0,0,0,0,0,0,0,0,0,0,0,0,0,0,0,0,0,0,0,0,0,0,0,0,0,0,0,0,0
100538,A,2022,0,0,12.0,1,2.0,,13.0,7,1,0,11.0,,39.0,,,0.0,1.0,0.0,1.0,1.0,4,0.0,0.0,0.0,0.0,0.0,0.0,2.0,0.0,0.0,0.0,0.0,A_2022,1.0,2023.0,26.0,,0,0,0,1,0,0,0,0,0,0,0,0,0,0,0,0,0,0,0,0,0,0,0,0,0,0,0,0,0,0,0,0,0,0,0,0,0,0,0,0,0,0,0,0,0,0
100539,A,2020,0,1,12.0,1,3.0,15.0,14.0,3,0,0,10.0,,45.0,44.0,,0.0,1.0,0.0,1.0,1.0,7,1.0,1.0,0.0,1.0,1.0,1.0,3.0,0.0,0.0,0.0,0.0,A_2020,2.0,2022.0,31.0,30.0,0,0,0,0,0,0,0,0,0,0,0,0,0,0,0,0,0,0,0,0,0,0,0,0,0,0,0,0,0,0,0,0,0,0,0,0,0,0,0,0,0,0,0,0,0,0
100540,A,2022,0,1,12.0,1,2.0,,13.0,8,1,0,3.0,3.0,34.0,43.0,0.0,0.0,1.0,1.0,1.0,1.0,6,1.0,0.0,0.0,0.0,0.0,0.0,2.0,0.0,0.0,0.0,0.0,A_2022,1.0,2023.0,21.0,30.0,0,0,0,1,0,0,0,0,0,0,0,0,0,0,0,0,0,0,0,0,0,0,0,0,0,0,0,0,0,0,0,0,0,0,0,0,0,0,0,0,0,0,0,0,0,0
100541,A,2020,0,0,13.0,1,,,15.0,4,0,0,11.0,,38.0,38.0,,0.0,1.0,1.0,1.0,1.0,6,1.0,0.0,0.0,0.0,1.0,1.0,4.0,0.0,0.0,0.0,0.0,A_2020,2.0,2022.0,23.0,23.0,0,0,0,0,0,0,0,0,0,0,0,0,0,0,0,0,0,0,0,0,0,0,0,0,0,0,0,0,0,0,0,0,0,0,0,0,0,0,0,0,0,0,0,0,0,0
100542,A,2022,0,0,11.0,1,1.0,,12.0,7,1,0,7.0,3.0,28.0,39.0,,0.0,1.0,1.0,1.0,1.0,6,1.0,0.0,0.0,0.0,0.0,0.0,2.0,0.0,0.0,0.0,0.0,A_2022,1.0,2023.0,16.0,27.0,0,0,0,1,0,0,0,0,0,0,0,0,0,0,0,0,0,0,0,0,0,0,0,0,0,0,0,0,0,0,0,0,0,0,0,0,0,0,0,0,0,0,0,0,0,0
100543,A,2020,0,1,14.0,1,2.0,5.0,16.0,7,1,0,,,,,,0.0,1.0,0.0,0.0,1.0,7,1.0,1.0,0.0,0.0,1.0,1.0,4.0,0.0,0.0,0.0,0.0,A_2020,2.0,2022.0,,,0,0,0,0,0,0,0,0,0,0,0,0,0,0,0,0,0,0,0,0,0,0,0,0,0,0,0,0,0,0,0,0,0,0,0,0,0,0,0,0,0,0,0,0,0,0
100544,A,2020,0,1,13.0,1,1.0,5.0,15.0,7,1,0,3.0,2.0,34.0,39.0,1.0,0.0,1.0,1.0,1.0,1.0,9,1.0,1.0,1.0,0.0,0.0,0.0,5.0,0.0,0.0,0.0,0.0,A_2020,2.0,2022.0,19.0,24.0,0,0,0,0,0,0,0,0,0,0,0,0,0,0,0,0,1,0,0,0,0,0,0,0,0,0,0,0,0,0,0,0,0,0,0,0,0,0,0,0,0,0,0,0,0,0
100545,A,2020,1,0,10.0,1,,4.0,13.0,3,0,0,10.0,5.0,40.0,37.0,0.0,0.0,1.0,1.0,1.0,1.0,8,1.0,1.0,1.0,0.0,0.0,0.0,4.0,0.0,0.0,0.0,0.0,A_2020,3.0,2023.0,27.0,24.0,0,0,0,0,0,0,0,0,0,0,0,0,0,0,0,0,0,0,0,0,0,0,0,0,0,0,0,0,0,0,0,0,0,0,0,0,0,0,0,0,0,0,0,0,0,0
100546,A,2020,0,1,15.0,1,1.0,,18.0,8,1,0,5.0,5.0,42.0,38.0,0.0,0.0,1.0,1.0,0.0,0.0,8,1.0,1.0,1.0,0.0,0.0,0.0,4.0,0.0,0.0,1.0,40.0,A_2020,3.0,2023.0,24.0,20.0,0,0,0,0,0,0,0,0,0,0,0,0,0,0,0,0,0,0,0,0,0,0,0,0,0,0,0,0,0,0,0,0,0,0,0,0,0,0,0,0,0,0,0,0,0,0
100547,A,2020,0,1,12.0,1,2.0,17.0,14.0,3,0,0,11.0,11.0,35.0,36.0,0.0,0.0,1.0,1.0,1.0,1.0,7,1.0,1.0,0.0,0.0,1.0,1.0,4.0,0.0,0.0,0.0,0.0,A_2020,2.0,2022.0,21.0,22.0,0,0,0,0,0,0,0,0,0,0,0,0,0,0,0,0,0,0,0,0,0,0,0,0,0,0,0,0,0,0,0,0,0,0,0,0,0,0,0,0,0,0,0,0,0,0
100548,A,2020,1,1,13.0,1,,,15.0,3,0,0,2.0,,35.0,,,0.0,0.0,0.0,0.0,1.0,7,1.0,1.0,0.0,0.0,1.0,1.0,4.0,0.0,0.0,0.0,0.0,A_2020,2.0,2022.0,20.0,,0,0,0,0,0,0,0,0,0,0,0,0,0,0,0,0,0,0,0,0,0,0,0,0,0,0,0,0,0,0,0,0,0,0,0,0,0,0,0,0,0,0,0,0,0,0
100549,A,2022,0,1,11.0,1,2.0,,12.0,8,1,0,9.0,11.0,35.0,39.0,1.0,0.0,1.0,1.0,1.0,1.0,6,1.0,0.0,0.0,0.0,0.0,0.0,2.0,0.0,0.0,0.0,0.0,A_2022,1.0,2023.0,23.0,27.0,0,0,0,1,0,0,0,0,0,0,0,0,0,0,0,0,0,0,0,0,0,0,0,0,0,0,0,0,0,0,0,0,0,0,0,0,0,0,0,0,0,0,0,0,0,0
100550,A,2020,1,0,11.0,1,,12.0,13.0,2,0,1,10.0,5.0,33.0,40.0,,1.0,1.0,1.0,1.0,1.0,8,1.0,1.0,1.0,0.0,0.0,0.0,4.0,0.0,0.0,0.0,0.0,A_2020,2.0,2022.0,20.0,27.0,0,0,0,0,0,0,0,0,0,0,0,0,0,0,0,0,0,0,0,0,0,0,0,0,0,0,0,0,0,0,0,0,0,0,0,0,0,0,0,0,0,0,0,0,0,0
100551,A,2020,1,0,12.0,1,2.0,19.0,14.0,3,0,0,3.0,2.0,36.0,46.0,0.0,1.0,1.0,1.0,1.0,1.0,8,1.0,1.0,1.0,0.0,0.0,0.0,4.0,0.0,0.0,0.0,0.0,A_2020,2.0,2022.0,22.0,32.0,0,0,0,0,0,0,0,0,0,0,0,0,0,0,0,0,0,0,0,0,0,0,0,0,0,0,0,0,0,0,0,0,0,0,0,0,0,0,0,0,0,0,0,0,0,0
100552,A,2020,1,0,11.0,1,2.0,19.0,13.0,3,0,0,5.0,6.0,37.0,54.0,0.0,1.0,1.0,1.0,1.0,1.0,8,1.0,1.0,1.0,0.0,0.0,0.0,4.0,0.0,0.0,0.0,0.0,A_2020,2.0,2022.0,24.0,41.0,0,0,0,0,0,0,0,0,0,0,0,0,0,0,0,0,0,0,0,0,0,0,0,0,0,0,0,0,0,0,0,0,0,0,0,0,0,0,0,0,0,0,0,0,0,0
100553,A,2020,0,0,12.0,1,2.0,17.0,15.0,7,1,0,5.0,5.0,40.0,50.0,0.0,0.0,1.0,1.0,1.0,1.0,8,1.0,1.0,1.0,0.0,0.0,0.0,4.0,0.0,0.0,0.0,0.0,A_2020,3.0,2023.0,25.0,35.0,0,0,0,0,0,0,0,0,0,0,0,0,0,0,0,0,0,0,0,0,0,0,0,0,0,0,0,0,0,0,0,0,0,0,0,0,0,0,0,0,0,0,0,0,0,0
100554,A,2020,0,1,11.0,1,2.0,6.0,13.0,6,0,0,,,,,,0.0,1.0,1.0,1.0,1.0,8,1.0,1.0,1.0,0.0,0.0,0.0,4.0,0.0,0.0,0.0,0.0,A_2020,2.0,2022.0,,,0,0,0,0,0,0,0,0,0,0,0,0,0,0,0,0,0,0,0,0,0,0,0,0,0,0,0,0,0,0,0,0,0,0,0,0,0,0,0,0,0,0,0,0,0,0
100555,A,2022,1,1,11.0,1,,,12.0,8,1,0,11.0,9.0,38.0,42.0,0.0,0.0,0.0,0.0,0.0,0.0,6,1.0,0.0,0.0,0.0,0.0,0.0,1.0,0.0,0.0,1.0,40.0,A_2022,1.0,2023.0,26.0,30.0,0,0,0,1,0,0,0,0,0,0,0,0,0,0,0,0,0,0,0,0,0,0,0,0,0,0,0,0,0,0,0,0,0,0,0,0,0,0,0,0,0,0,0,0,0,0
100556,A,2020,0,0,12.0,1,3.0,11.0,14.0,5,0,0,5.0,1.0,45.0,45.0,0.0,0.0,1.0,1.0,1.0,1.0,8,1.0,1.0,1.0,0.0,0.0,0.0,4.0,0.0,0.0,0.0,0.0,A_2020,2.0,2022.0,31.0,31.0,0,0,0,0,0,0,0,0,0,0,0,0,0,0,0,0,0,0,0,0,0,0,0,0,0,0,0,0,0,0,0,0,0,0,0,0,0,0,0,0,0,0,0,0,0,0
100557,A,2022,1,0,15.0,1,2.0,,16.0,7,1,0,8.0,2.0,40.0,49.0,0.0,1.0,1.0,1.0,1.0,1.0,6,1.0,0.0,0.0,0.0,0.0,0.0,2.0,0.0,0.0,0.0,0.0,A_2022,1.0,2023.0,24.0,33.0,0,0,0,1,0,0,0,0,0,0,0,0,0,0,0,0,0,0,0,0,0,0,0,0,0,0,0,0,0,0,0,0,0,0,0,0,0,0,0,0,0,0,0,0,0,0
100558,A,2020,0,0,14.0,1,2.0,19.0,16.0,3,0,0,0.0,1.0,47.0,50.0,0.0,0.0,,,0.0,0.0,5,0.0,0.0,0.0,,0.0,0.0,0.0,1.0,1.0,0.0,0.0,A_2020,2.0,2022.0,31.0,34.0,0,0,0,0,0,0,0,0,0,0,0,0,0,0,0,0,0,0,0,0,0,0,0,0,0,0,0,0,0,0,0,0,0,0,0,0,0,0,0,0,0,0,0,0,0,0
100559,A,2020,1,1,12.0,1,3.0,,14.0,3,0,0,5.0,,40.0,,,1.0,1.0,1.0,1.0,1.0,8,1.0,1.0,1.0,0.0,0.0,0.0,4.0,0.0,0.0,1.0,28.0,A_2020,2.0,2022.0,26.0,,0,0,0,0,0,0,0,0,0,0,0,0,0,0,0,0,0,0,0,0,0,0,0,0,0,0,0,0,0,0,0,0,0,0,0,0,0,0,0,0,0,0,0,0,0,0
100560,A,2020,1,1,13.0,1,,6.0,16.0,4,0,0,11.0,7.0,38.0,38.0,0.0,0.0,1.0,1.0,0.0,0.0,7,1.0,1.0,0.0,0.0,0.0,0.0,2.0,0.0,0.0,0.0,0.0,A_2020,3.0,2023.0,22.0,22.0,0,0,0,0,0,0,0,0,0,0,0,0,0,0,0,0,0,0,0,0,0,0,0,0,0,0,0,0,0,0,0,0,0,0,0,0,0,0,0,0,0,0,0,0,0,0
100561,A,2022,1,1,11.0,1,2.0,,11.0,7,1,0,5.0,11.0,35.0,35.0,0.0,1.0,1.0,1.0,1.0,1.0,6,1.0,0.0,0.0,0.0,0.0,0.0,2.0,0.0,0.0,0.0,0.0,A_2022,0.0,2022.0,24.0,24.0,0,0,1,1,0,0,0,0,0,0,0,0,0,0,0,0,0,0,0,0,0,0,0,0,0,0,0,0,0,0,0,0,0,0,0,0,0,0,0,0,0,0,0,0,0,0
100562,A,2022,1,1,12.0,1,2.0,,13.0,3,1,0,8.0,7.0,52.0,44.0,0.0,1.0,1.0,1.0,1.0,1.0,7,1.0,1.0,0.0,0.0,0.0,0.0,2.0,0.0,0.0,0.0,0.0,A_2022,1.0,2023.0,39.0,31.0,0,0,0,1,0,0,0,0,0,0,0,0,0,0,0,0,0,0,0,0,0,0,0,0,0,0,0,0,0,0,0,0,0,0,0,0,0,0,0,0,0,0,0,0,0,0
100563,A,2022,0,0,11.0,1,,,,7,1,0,,,,,,,,,,,5,,,,,,,,,,,,A_2022,,,,,1,0,0,0,0,0,0,0,0,0,0,0,0,0,0,0,0,0,0,0,0,0,0,0,0,0,0,0,0,0,0,0,0,0,0,0,0,0,0,0,0,0,0,0,0,0
100564,B,2018,1,1,12.0,1,2.0,,16.0,5,1,0,9.0,11.0,43.0,43.0,0.0,1.0,1.0,1.0,1.0,1.0,9,1.0,1.0,1.0,0.0,0.0,0.0,6.0,0.0,0.0,1.0,40.0,B_2018,4.0,2022.0,27.0,27.0,0,0,0,0,0,0,0,0,0,0,0,0,0,0,0,0,1,0,0,0,0,0,0,0,0,0,0,0,0,0,0,0,0,0,0,0,0,0,0,0,0,0,0,0,0,0
100565,A,2022,0,1,15.0,1,3.0,,16.0,8,1,0,,,45.0,64.0,0.0,0.0,0.0,0.0,0.0,1.0,6,1.0,0.0,0.0,0.0,0.0,0.0,2.0,0.0,0.0,0.0,0.0,A_2022,1.0,2023.0,29.0,48.0,0,0,0,1,0,0,0,0,0,0,0,0,0,0,0,0,0,0,0,0,0,0,0,0,0,0,0,0,0,0,0,0,0,0,0,0,0,0,0,0,0,0,0,0,0,0
100566,A,2020,0,1,12.0,1,2.0,19.0,15.0,3,0,0,11.0,8.0,35.0,49.0,0.0,0.0,1.0,1.0,0.0,1.0,8,1.0,1.0,1.0,0.0,0.0,0.0,4.0,0.0,0.0,0.0,0.0,A_2020,3.0,2023.0,20.0,34.0,0,0,0,0,0,0,0,0,0,0,0,0,0,0,0,0,0,0,0,0,0,0,0,0,0,0,0,0,0,0,0,0,0,0,0,0,0,0,0,0,0,0,0,0,0,0
100567,B,2018,1,0,13.0,1,,,18.0,6,1,1,,,58.0,60.0,0.0,0.0,1.0,1.0,1.0,1.0,9,1.0,1.0,1.0,0.0,0.0,0.0,6.0,0.0,0.0,0.0,0.0,B_2018,5.0,2023.0,40.0,42.0,0,0,0,1,0,0,0,0,0,0,0,0,0,0,0,0,1,0,0,0,0,0,0,0,0,0,0,0,0,0,0,0,0,0,0,0,0,0,0,0,0,0,0,0,0,0
100568,A,2022,0,1,,1,,,15.0,9,1,0,,7.0,,36.0,0.0,0.0,1.0,0.0,0.0,0.0,6,1.0,0.0,0.0,0.0,0.0,0.0,1.0,0.0,0.0,0.0,0.0,A_2022,,,,21.0,1,0,0,0,0,0,0,0,0,0,0,0,0,0,0,0,0,0,0,0,0,0,0,0,0,0,0,0,0,0,0,0,0,0,0,0,0,0,0,0,0,0,0,0,0,0
100569,A,2022,1,0,12.0,1,3.0,,13.0,8,1,0,9.0,8.0,35.0,38.0,,0.0,1.0,0.0,0.0,1.0,6,1.0,0.0,0.0,0.0,0.0,0.0,2.0,0.0,0.0,0.0,0.0,A_2022,1.0,2023.0,22.0,25.0,0,0,0,1,0,0,0,0,0,0,0,0,0,0,0,0,0,0,0,0,0,0,0,0,0,0,0,0,0,0,0,0,0,0,0,0,0,0,0,0,0,0,0,0,0,0
100570,A,2020,1,0,16.0,1,,6.0,20.0,5,1,0,5.0,5.0,44.0,45.0,0.0,0.0,1.0,1.0,0.0,0.0,7,1.0,1.0,0.0,0.0,0.0,0.0,2.0,1.0,1.0,0.0,0.0,A_2020,4.0,2024.0,24.0,25.0,0,0,0,0,0,0,0,0,0,0,0,0,0,0,0,0,0,0,0,0,0,0,0,0,0,0,0,0,0,0,0,0,0,0,0,0,0,0,0,0,0,0,0,0,0,0
100571,A,2020,0,1,12.0,1,2.0,,14.0,4,0,0,7.0,9.0,43.0,48.0,0.0,0.0,1.0,1.0,1.0,1.0,8,1.0,1.0,1.0,0.0,0.0,0.0,4.0,0.0,0.0,0.0,0.0,A_2020,2.0,2022.0,29.0,34.0,0,0,0,0,0,0,0,0,0,0,0,0,0,0,0,0,0,0,0,0,0,0,0,0,0,0,0,0,0,0,0,0,0,0,0,0,0,0,0,0,0,0,0,0,0,0
100572,A,2020,1,1,14.0,1,2.0,17.0,16.0,4,0,0,2.0,0.0,35.0,42.0,0.0,0.0,1.0,1.0,0.0,0.0,7,1.0,1.0,0.0,0.0,0.0,0.0,3.0,0.0,0.0,1.0,40.0,A_2020,2.0,2022.0,19.0,26.0,0,0,0,0,0,0,0,0,0,0,0,0,0,0,0,0,0,0,0,0,0,0,0,0,0,0,0,0,0,0,0,0,0,0,0,0,0,0,0,0,0,0,0,0,0,0
100573,A,2020,0,1,13.0,1,,19.0,16.0,3,0,0,5.0,,37.0,,,0.0,1.0,1.0,0.0,1.0,7,1.0,1.0,0.0,0.0,0.0,0.0,3.0,0.0,0.0,1.0,40.0,A_2020,3.0,2023.0,21.0,,0,0,0,0,0,0,0,0,0,0,0,0,0,0,0,0,0,0,0,0,0,0,0,0,0,0,0,0,0,0,0,0,0,0,0,0,0,0,0,0,0,0,0,0,0,0
100574,A,2022,1,0,13.0,1,3.0,,14.0,7,1,0,11.0,11.0,53.0,47.0,1.0,1.0,1.0,1.0,1.0,1.0,6,1.0,0.0,0.0,0.0,0.0,0.0,2.0,0.0,0.0,0.0,0.0,A_2022,1.0,2023.0,39.0,33.0,0,0,0,1,0,0,0,0,0,0,0,0,0,0,0,0,0,0,0,0,0,0,0,0,0,0,0,0,0,0,0,0,0,0,0,0,0,0,0,0,0,0,0,0,0,0
100575,A,2020,1,0,12.0,1,,5.0,14.0,3,0,0,5.0,5.0,42.0,42.0,0.0,1.0,1.0,1.0,1.0,1.0,8,1.0,1.0,1.0,0.0,0.0,0.0,4.0,0.0,0.0,0.0,0.0,A_2020,2.0,2022.0,28.0,28.0,0,0,0,0,0,0,0,0,0,0,0,0,0,0,0,0,0,0,0,0,0,0,0,0,0,0,0,0,0,0,0,0,0,0,0,0,0,0,0,0,0,0,0,0,0,0
100576,A,2022,0,0,12.0,1,2.0,,13.0,7,1,0,5.0,5.0,31.0,45.0,0.0,0.0,0.0,0.0,0.0,1.0,6,1.0,0.0,0.0,0.0,0.0,0.0,2.0,0.0,0.0,0.0,0.0,A_2022,1.0,2023.0,18.0,32.0,0,0,0,1,0,0,0,0,0,0,0,0,0,0,0,0,0,0,0,0,0,0,0,0,0,0,0,0,0,0,0,0,0,0,0,0,0,0,0,0,0,0,0,0,0,0
100577,B,2018,0,0,14.0,1,,,18.0,6,1,0,2.0,4.0,46.0,55.0,0.0,0.0,1.0,1.0,0.0,1.0,9,1.0,1.0,1.0,0.0,0.0,0.0,6.0,0.0,0.0,1.0,8.0,B_2018,4.0,2022.0,28.0,37.0,0,0,0,0,0,0,0,0,0,0,0,0,0,0,0,0,1,0,0,0,0,0,0,0,0,0,0,0,0,0,0,0,0,0,0,0,0,0,0,0,0,0,0,0,0,0
100578,A,2020,1,1,13.0,1,2.0,19.0,15.0,8,1,0,5.0,6.0,35.0,39.0,0.0,1.0,1.0,1.0,1.0,1.0,8,1.0,1.0,1.0,0.0,0.0,0.0,4.0,0.0,0.0,0.0,0.0,A_2020,2.0,2022.0,20.0,24.0,0,0,0,0,0,0,0,0,0,0,0,0,0,0,0,0,0,0,0,0,0,0,0,0,0,0,0,0,0,0,0,0,0,0,0,0,0,0,0,0,0,0,0,0,0,0
100579,A,2020,1,0,13.0,1,2.0,4.0,15.0,4,0,0,3.0,,33.0,,,0.0,1.0,1.0,0.0,1.0,8,1.0,1.0,1.0,0.0,0.0,0.0,4.0,0.0,0.0,0.0,0.0,A_2020,2.0,2022.0,18.0,,0,0,0,0,0,0,0,0,0,0,0,0,0,0,0,0,0,0,0,0,0,0,0,0,0,0,0,0,0,0,0,0,0,0,0,0,0,0,0,0,0,0,0,0,0,0
100580,A,2020,0,0,11.0,1,2.0,,14.0,3,0,0,,,49.0,,,0.0,1.0,1.0,1.0,1.0,8,1.0,1.0,1.0,0.0,0.0,0.0,4.0,0.0,0.0,0.0,0.0,A_2020,3.0,2023.0,35.0,,0,0,0,0,0,0,0,0,0,0,0,0,0,0,0,0,0,0,0,0,0,0,0,0,0,0,0,0,0,0,0,0,0,0,0,0,0,0,0,0,0,0,0,0,0,0
100581,A,2020,0,1,14.0,1,,19.0,17.0,4,1,0,5.0,7.0,42.0,49.0,0.0,0.0,1.0,1.0,1.0,1.0,9,1.0,1.0,1.0,0.0,0.0,0.0,4.0,0.0,0.0,1.0,40.0,A_2020,3.0,2023.0,25.0,32.0,0,0,0,0,0,0,0,0,0,0,0,0,0,0,0,0,0,0,0,0,0,0,0,0,0,0,0,0,0,0,0,0,0,0,0,0,0,0,0,0,0,0,0,0,0,0
100582,A,2022,0,0,11.0,1,2.0,,12.0,7,1,0,9.0,,42.0,,,0.0,1.0,0.0,0.0,0.0,6,1.0,0.0,0.0,0.0,0.0,0.0,2.0,0.0,0.0,0.0,0.0,A_2022,1.0,2023.0,30.0,,0,0,0,1,0,0,0,0,0,0,0,0,0,0,0,0,0,0,0,0,0,0,0,0,0,0,0,0,0,0,0,0,0,0,0,0,0,0,0,0,0,0,0,0,0,0
100583,A,2020,1,1,12.0,1,,8.0,14.0,4,0,0,4.0,5.0,45.0,45.0,,1.0,1.0,1.0,1.0,1.0,8,1.0,1.0,1.0,0.0,0.0,0.0,4.0,0.0,0.0,0.0,0.0,A_2020,2.0,2022.0,31.0,31.0,0,0,0,0,0,0,0,0,0,0,0,0,0,0,0,0,0,0,0,0,0,0,0,0,0,0,0,0,0,0,0,0,0,0,0,0,0,0,0,0,0,0,0,0,0,0
100584,A,2022,1,1,13.0,1,,,14.0,8,1,0,5.0,,40.0,,,1.0,1.0,1.0,1.0,1.0,6,1.0,0.0,0.0,0.0,0.0,0.0,2.0,0.0,0.0,0.0,0.0,A_2022,1.0,2023.0,26.0,,0,0,0,1,0,0,0,0,0,0,0,0,0,0,0,0,0,0,0,0,0,0,0,0,0,0,0,0,0,0,0,0,0,0,0,0,0,0,0,0,0,0,0,0,0,0
100585,A,2020,1,1,13.0,1,2.0,,15.0,4,0,0,,,35.0,44.0,,0.0,0.0,0.0,0.0,1.0,10,1.0,1.0,1.0,0.0,0.0,0.0,6.0,0.0,0.0,0.0,0.0,A_2020,2.0,2022.0,20.0,29.0,0,0,0,0,0,0,0,0,0,0,0,0,0,0,0,0,1,0,0,0,0,0,0,0,0,0,0,0,0,0,0,0,0,0,0,0,0,0,0,0,0,0,0,0,0,0
100586,A,2020,1,1,12.0,1,1.0,19.0,14.0,4,0,0,7.0,6.0,42.0,42.0,0.0,1.0,1.0,1.0,1.0,1.0,8,1.0,1.0,1.0,0.0,0.0,0.0,4.0,0.0,0.0,0.0,0.0,A_2020,2.0,2022.0,28.0,28.0,0,0,0,0,0,0,0,0,0,0,0,0,0,0,0,0,0,0,0,0,0,0,0,0,0,0,0,0,0,0,0,0,0,0,0,0,0,0,0,0,0,0,0,0,0,0
100587,A,2020,1,1,11.0,1,2.0,,14.0,4,1,0,5.0,5.0,48.0,40.0,0.0,0.0,1.0,1.0,1.0,1.0,6,1.0,0.0,0.0,0.0,1.0,1.0,3.0,0.0,0.0,0.0,0.0,A_2020,3.0,2023.0,34.0,26.0,0,0,0,0,0,0,0,0,0,0,0,0,0,0,0,0,0,0,0,0,0,0,0,0,0,0,0,0,0,0,0,0,0,0,0,0,0,0,0,0,0,0,0,0,0,0
100588,B,2018,1,1,12.0,0,,,17.0,5,1,1,,,41.0,,,0.0,1.0,1.0,1.0,1.0,9,1.0,1.0,1.0,0.0,0.0,0.0,6.0,0.0,0.0,1.0,16.0,B_2018,5.0,2023.0,24.0,,0,0,0,1,0,0,0,0,0,0,0,0,0,0,0,0,1,0,0,0,0,0,0,0,0,0,0,0,0,0,0,0,0,0,0,0,0,0,0,0,0,0,0,0,0,0
100589,A,2020,0,1,13.0,1,2.0,,15.0,3,0,1,9.0,8.0,37.0,36.0,0.0,1.0,1.0,1.0,1.0,1.0,8,1.0,1.0,1.0,0.0,0.0,0.0,4.0,0.0,0.0,0.0,0.0,A_2020,2.0,2022.0,22.0,21.0,0,0,0,0,0,0,0,0,0,0,0,0,0,0,0,0,0,0,0,0,0,0,0,0,0,0,0,0,0,0,0,0,0,0,0,0,0,0,0,0,0,0,0,0,0,0
100590,A,2020,1,0,11.0,1,2.0,,13.0,3,0,0,7.0,2.0,31.0,36.0,0.0,1.0,1.0,1.0,1.0,1.0,8,1.0,1.0,1.0,0.0,0.0,0.0,4.0,0.0,0.0,0.0,0.0,A_2020,2.0,2022.0,18.0,23.0,0,0,0,0,0,0,0,0,0,0,0,0,0,0,0,0,0,0,0,0,0,0,0,0,0,0,0,0,0,0,0,0,0,0,0,0,0,0,0,0,0,0,0,0,0,0
100591,A,2020,0,1,11.0,1,3.0,,14.0,4,0,0,5.0,5.0,32.0,45.0,0.0,0.0,0.0,0.0,0.0,0.0,5,0.0,0.0,0.0,3.0,1.0,3.0,4.0,0.0,0.0,1.0,40.0,A_2020,3.0,2023.0,18.0,31.0,0,0,0,0,0,0,0,0,0,0,0,0,0,0,0,0,0,0,0,0,0,0,0,0,0,0,0,0,0,0,0,0,0,0,0,0,0,0,0,0,0,0,0,0,0,0
100592,A,2020,1,0,13.0,1,2.0,19.0,15.0,3,0,0,11.0,9.0,48.0,39.0,0.0,0.0,1.0,0.0,0.0,1.0,7,1.0,1.0,0.0,1.0,1.0,1.0,4.0,0.0,0.0,0.0,0.0,A_2020,2.0,2022.0,33.0,24.0,0,0,0,0,0,0,0,0,0,0,0,0,0,0,0,0,0,0,0,0,0,0,0,0,0,0,0,0,0,0,0,0,0,0,0,0,0,0,0,0,0,0,0,0,0,0
100593,A,2020,1,0,14.0,1,,5.0,16.0,7,1,0,7.0,3.0,40.0,49.0,0.0,1.0,1.0,1.0,1.0,1.0,8,1.0,1.0,1.0,0.0,0.0,0.0,4.0,0.0,0.0,0.0,0.0,A_2020,2.0,2022.0,24.0,33.0,0,0,0,0,0,0,0,0,0,0,0,0,0,0,0,0,0,0,0,0,0,0,0,0,0,0,0,0,0,0,0,0,0,0,0,0,0,0,0,0,0,0,0,0,0,0
100594,A,2020,0,0,11.0,1,3.0,,13.0,2,0,1,9.0,11.0,35.0,35.0,0.0,0.0,1.0,1.0,1.0,1.0,8,1.0,1.0,1.0,0.0,0.0,0.0,4.0,0.0,0.0,0.0,0.0,A_2020,2.0,2022.0,22.0,22.0,0,0,0,0,0,0,0,0,0,0,0,0,0,0,0,0,0,0,0,0,0,0,0,0,0,0,0,0,0,0,0,0,0,0,0,0,0,0,0,0,0,0,0,0,0,0
100595,A,2020,1,1,14.0,1,2.0,,17.0,4,0,0,11.0,6.0,39.0,37.0,0.0,0.0,1.0,1.0,1.0,1.0,8,1.0,1.0,1.0,0.0,0.0,0.0,4.0,0.0,0.0,0.0,0.0,A_2020,3.0,2023.0,22.0,20.0,0,0,0,0,0,0,0,0,0,0,0,0,0,0,0,0,0,0,0,0,0,0,0,0,0,0,0,0,0,0,0,0,0,0,0,0,0,0,0,0,0,0,0,0,0,0
100596,B,2018,1,0,14.0,0,,,17.0,6,1,1,,,,44.0,0.0,0.0,1.0,1.0,1.0,1.0,9,1.0,1.0,1.0,0.0,0.0,0.0,6.0,0.0,0.0,0.0,0.0,B_2018,3.0,2021.0,,27.0,0,0,0,0,0,0,0,0,0,0,0,0,0,0,0,0,1,0,0,0,0,0,0,0,0,0,0,0,0,0,0,0,0,0,0,0,0,0,0,0,0,0,0,0,0,0
100597,A,2020,1,1,10.0,1,1.0,7.0,13.0,3,0,0,11.0,7.0,33.0,38.0,1.0,1.0,1.0,1.0,1.0,1.0,8,1.0,1.0,1.0,0.0,0.0,0.0,4.0,0.0,0.0,0.0,0.0,A_2020,3.0,2023.0,20.0,25.0,0,0,0,0,0,0,0,0,0,0,0,0,0,0,0,0,0,0,0,0,0,0,0,0,0,0,0,0,0,0,0,0,0,0,0,0,0,0,0,0,0,0,0,0,0,0
100598,A,2020,0,0,13.0,1,2.0,,15.0,3,0,0,5.0,9.0,40.0,49.0,0.0,0.0,0.0,0.0,0.0,1.0,8,1.0,1.0,1.0,0.0,0.0,0.0,4.0,0.0,0.0,0.0,0.0,A_2020,2.0,2022.0,25.0,34.0,0,0,0,0,0,0,0,0,0,0,0,0,0,0,0,0,0,0,0,0,0,0,0,0,0,0,0,0,0,0,0,0,0,0,0,0,0,0,0,0,0,0,0,0,0,0
100599,A,2020,0,1,14.0,1,3.0,17.0,16.0,5,0,0,6.0,6.0,34.0,38.0,0.0,0.0,1.0,1.0,1.0,1.0,8,1.0,1.0,1.0,0.0,0.0,0.0,4.0,0.0,0.0,0.0,0.0,A_2020,2.0,2022.0,18.0,22.0,0,0,0,0,0,0,0,0,0,0,0,0,0,0,0,0,0,0,0,0,0,0,0,0,0,0,0,0,0,0,0,0,0,0,0,0,0,0,0,0,0,0,0,0,0,0
100600,A,2020,1,0,,1,2.0,5.0,14.0,3,0,0,7.0,5.0,33.0,48.0,0.0,1.0,1.0,1.0,1.0,1.0,8,1.0,1.0,1.0,0.0,0.0,0.0,4.0,0.0,0.0,0.0,0.0,A_2020,,,19.0,34.0,1,0,0,0,0,0,0,0,0,0,0,0,0,0,0,0,0,0,0,0,0,0,0,0,0,0,0,0,0,0,0,0,0,0,0,0,0,0,0,0,0,0,0,0,0,0
100601,A,2022,1,1,11.0,1,2.0,,12.0,7,1,0,11.0,10.0,35.0,37.0,0.0,1.0,1.0,1.0,1.0,1.0,6,1.0,0.0,0.0,0.0,0.0,0.0,2.0,0.0,0.0,0.0,0.0,A_2022,1.0,2023.0,23.0,25.0,0,0,0,1,0,0,0,0,0,0,0,0,0,0,0,0,0,0,0,0,0,0,0,0,0,0,0,0,0,0,0,0,0,0,0,0,0,0,0,0,0,0,0,0,0,0
100602,A,2020,0,1,12.0,1,1.0,17.0,14.0,3,0,0,4.0,4.0,35.0,37.0,0.0,0.0,1.0,1.0,1.0,1.0,8,1.0,1.0,1.0,0.0,0.0,0.0,4.0,0.0,0.0,0.0,0.0,A_2020,2.0,2022.0,21.0,23.0,0,0,0,0,0,0,0,0,0,0,0,0,0,0,0,0,0,0,0,0,0,0,0,0,0,0,0,0,0,0,0,0,0,0,0,0,0,0,0,0,0,0,0,0,0,0
100603,A,2022,1,0,11.0,1,,,12.0,7,1,0,5.0,5.0,37.0,38.0,0.0,1.0,0.0,0.0,0.0,1.0,6,1.0,0.0,0.0,0.0,0.0,0.0,2.0,0.0,0.0,0.0,0.0,A_2022,1.0,2023.0,25.0,26.0,0,0,0,1,0,0,0,0,0,0,0,0,0,0,0,0,0,0,0,0,0,0,0,0,0,0,0,0,0,0,0,0,0,0,0,0,0,0,0,0,0,0,0,0,0,0
100604,A,2022,0,1,11.0,1,3.0,,13.0,7,1,0,7.0,6.0,35.0,38.0,1.0,0.0,1.0,1.0,1.0,1.0,6,1.0,0.0,0.0,0.0,0.0,0.0,2.0,0.0,0.0,0.0,0.0,A_2022,2.0,2024.0,22.0,25.0,0,0,0,0,0,0,0,0,0,0,0,0,0,0,0,0,0,0,0,0,0,0,0,0,0,0,0,0,0,0,0,0,0,0,0,0,0,0,0,0,0,0,0,0,0,0
100605,A,2020,0,0,11.0,1,3.0,18.0,13.0,4,0,0,9.0,11.0,45.0,48.0,0.0,0.0,1.0,0.0,0.0,1.0,8,1.0,1.0,1.0,0.0,0.0,0.0,4.0,0.0,0.0,0.0,0.0,A_2020,2.0,2022.0,32.0,35.0,0,0,0,0,0,0,0,0,0,0,0,0,0,0,0,0,0,0,0,0,0,0,0,0,0,0,0,0,0,0,0,0,0,0,0,0,0,0,0,0,0,0,0,0,0,0
100606,B,2018,1,1,11.0,0,,,15.0,7,1,1,8.0,,30.0,50.0,,0.0,0.0,0.0,,,11,0.0,0.0,0.0,0.0,0.0,0.0,6.0,0.0,0.0,0.0,0.0,B_2018,4.0,2022.0,15.0,35.0,0,0,0,0,1,1,1,1,0,0,0,0,0,0,0,0,1,0,0,0,0,0,0,0,0,0,0,0,0,0,0,0,0,0,0,0,0,0,0,0,0,0,0,0,0,0
100607,A,2020,0,1,13.0,1,2.0,7.0,15.0,6,0,0,6.0,8.0,45.0,52.0,0.0,0.0,1.0,1.0,0.0,1.0,7,1.0,1.0,0.0,2.0,1.0,2.0,5.0,0.0,0.0,0.0,0.0,A_2020,2.0,2022.0,30.0,37.0,0,0,0,0,0,0,0,0,0,0,0,0,0,0,0,0,1,0,0,0,0,0,0,0,0,0,0,0,0,0,0,0,0,0,0,0,0,0,0,0,0,0,0,0,0,0
100608,A,2020,0,1,12.0,1,2.0,7.0,15.0,4,0,0,11.0,9.0,33.0,39.0,0.0,0.0,1.0,1.0,1.0,1.0,8,1.0,1.0,1.0,0.0,0.0,0.0,4.0,0.0,0.0,0.0,0.0,A_2020,3.0,2023.0,18.0,24.0,0,0,0,0,0,0,0,0,0,0,0,0,0,0,0,0,0,0,0,0,0,0,0,0,0,0,0,0,0,0,0,0,0,0,0,0,0,0,0,0,0,0,0,0,0,0
100609,A,2020,0,1,13.0,1,,,16.0,5,0,0,11.0,11.0,35.0,42.0,1.0,0.0,1.0,1.0,0.0,1.0,8,1.0,1.0,1.0,0.0,0.0,0.0,4.0,0.0,0.0,0.0,0.0,A_2020,3.0,2023.0,19.0,26.0,0,0,0,0,0,0,0,0,0,0,0,0,0,0,0,0,0,0,0,0,0,0,0,0,0,0,0,0,0,0,0,0,0,0,0,0,0,0,0,0,0,0,0,0,0,0
100610,A,2020,1,1,14.0,1,3.0,,16.0,3,0,1,,,,,,0.0,1.0,0.0,0.0,0.0,6,1.0,0.0,0.0,0.0,0.0,0.0,1.0,0.0,0.0,1.0,8.0,A_2020,2.0,2022.0,,,0,0,0,0,0,0,0,0,0,0,0,0,0,0,0,0,0,0,0,0,0,0,0,0,0,0,0,0,0,0,0,0,0,0,0,0,0,0,0,0,0,0,0,0,0,0
100611,A,2022,1,0,12.0,1,,,13.0,7,1,0,5.0,,38.0,,,1.0,1.0,1.0,1.0,1.0,6,1.0,0.0,0.0,0.0,0.0,0.0,2.0,0.0,0.0,0.0,0.0,A_2022,1.0,2023.0,25.0,,0,0,0,1,0,0,0,0,0,0,0,0,0,0,0,0,0,0,0,0,0,0,0,0,0,0,0,0,0,0,0,0,0,0,0,0,0,0,0,0,0,0,0,0,0,0
100612,A,2020,1,0,13.0,1,2.0,,15.0,4,0,0,2.0,5.0,42.0,43.0,0.0,1.0,1.0,1.0,1.0,1.0,8,1.0,1.0,1.0,0.0,0.0,0.0,4.0,0.0,0.0,0.0,0.0,A_2020,2.0,2022.0,27.0,28.0,0,0,0,0,0,0,0,0,0,0,0,0,0,0,0,0,0,0,0,0,0,0,0,0,0,0,0,0,0,0,0,0,0,0,0,0,0,0,0,0,0,0,0,0,0,0
100613,A,2022,1,0,12.0,1,,,13.0,8,1,0,11.0,11.0,31.0,32.0,0.0,1.0,1.0,1.0,1.0,1.0,6,1.0,0.0,0.0,0.0,0.0,0.0,2.0,0.0,0.0,0.0,0.0,A_2022,1.0,2023.0,18.0,19.0,0,0,0,1,0,0,0,0,0,0,0,0,0,0,0,0,0,0,0,0,0,0,0,0,0,0,0,0,0,0,0,0,0,0,0,0,0,0,0,0,0,0,0,0,0,0
100614,A,2022,0,1,14.0,1,2.0,,15.0,8,1,0,2.0,5.0,26.0,36.0,0.0,0.0,1.0,0.0,0.0,1.0,6,1.0,0.0,0.0,1.0,1.0,1.0,3.0,0.0,0.0,1.0,40.0,A_2022,1.0,2023.0,11.0,21.0,0,0,0,1,0,0,0,0,0,1,0,0,0,0,0,0,0,0,0,0,0,0,0,0,0,0,0,0,0,0,0,0,0,0,0,0,0,0,0,0,0,0,0,0,0,0
100615,A,2022,0,0,12.0,1,,,14.0,4,1,0,5.0,5.0,50.0,60.0,0.0,0.0,1.0,1.0,0.0,1.0,7,1.0,1.0,0.0,0.0,0.0,0.0,2.0,0.0,0.0,0.0,0.0,A_2022,2.0,2024.0,36.0,46.0,0,0,0,0,0,0,0,0,0,0,0,0,0,0,0,0,0,0,0,0,0,0,0,0,0,0,0,0,0,0,0,0,0,0,0,0,0,0,0,0,0,0,0,0,0,0
100616,A,2020,1,1,14.0,1,2.0,,16.0,3,0,0,4.0,5.0,39.0,40.0,1.0,1.0,1.0,1.0,1.0,1.0,8,1.0,1.0,1.0,0.0,0.0,0.0,4.0,0.0,0.0,0.0,0.0,A_2020,2.0,2022.0,23.0,24.0,0,0,0,0,0,0,0,0,0,0,0,0,0,0,0,0,0,0,0,0,0,0,0,0,0,0,0,0,0,0,0,0,0,0,0,0,0,0,0,0,0,0,0,0,0,0
100617,A,2020,0,0,12.0,1,1.0,19.0,14.0,8,1,0,6.0,5.0,34.0,35.0,1.0,1.0,1.0,1.0,1.0,1.0,8,1.0,1.0,1.0,0.0,0.0,0.0,4.0,0.0,0.0,0.0,0.0,A_2020,2.0,2022.0,20.0,21.0,0,0,0,0,0,0,0,0,0,0,0,0,0,0,0,0,0,0,0,0,0,0,0,0,0,0,0,0,0,0,0,0,0,0,0,0,0,0,0,0,0,0,0,0,0,0
100618,A,2020,0,1,12.0,1,2.0,19.0,14.0,3,0,0,5.0,9.0,34.0,43.0,1.0,0.0,1.0,1.0,1.0,1.0,8,1.0,1.0,1.0,0.0,0.0,0.0,4.0,0.0,0.0,0.0,0.0,A_2020,2.0,2022.0,20.0,29.0,0,0,0,0,0,0,0,0,0,0,0,0,0,0,0,0,0,0,0,0,0,0,0,0,0,0,0,0,0,0,0,0,0,0,0,0,0,0,0,0,0,0,0,0,0,0
100619,A,2020,0,0,12.0,1,2.0,10.0,14.0,7,1,0,5.0,7.0,46.0,45.0,0.0,0.0,1.0,0.0,0.0,1.0,7,1.0,1.0,0.0,0.0,1.0,1.0,4.0,0.0,0.0,0.0,0.0,A_2020,2.0,2022.0,32.0,31.0,0,0,0,0,0,0,0,0,0,0,0,0,0,0,0,0,0,0,0,0,0,0,0,0,0,0,0,0,0,0,0,0,0,0,0,0,0,0,0,0,0,0,0,0,0,0
100620,A,2020,0,1,13.0,1,,17.0,16.0,11,1,0,5.0,,58.0,70.0,,0.0,1.0,1.0,0.0,1.0,8,1.0,1.0,1.0,0.0,0.0,0.0,4.0,0.0,0.0,1.0,16.0,A_2020,3.0,2023.0,42.0,54.0,0,0,0,0,0,0,0,0,0,0,0,0,0,0,0,0,0,0,0,0,0,0,0,0,0,0,0,0,0,0,0,0,0,0,0,0,0,0,0,0,0,0,0,0,0,0
100621,A,2020,1,1,13.0,1,,12.0,16.0,3,0,0,5.0,5.0,40.0,45.0,,0.0,1.0,1.0,0.0,0.0,7,1.0,1.0,0.0,0.0,0.0,0.0,2.0,0.0,0.0,1.0,40.0,A_2020,3.0,2023.0,24.0,29.0,0,0,0,0,0,0,0,0,0,0,0,0,0,0,0,0,0,0,0,0,0,0,0,0,0,0,0,0,0,0,0,0,0,0,0,0,0,0,0,0,0,0,0,0,0,0
100622,A,2020,1,1,14.0,1,1.0,5.0,17.0,3,0,0,8.0,5.0,45.0,47.0,0.0,0.0,1.0,0.0,0.0,1.0,8,1.0,1.0,1.0,1.0,1.0,1.0,4.0,0.0,0.0,1.0,18.0,A_2020,3.0,2023.0,28.0,30.0,0,0,0,0,0,0,0,0,0,0,0,0,0,0,0,0,0,0,0,0,0,0,0,0,0,0,0,0,0,0,0,0,0,0,0,0,0,0,0,0,0,0,0,0,0,0
100623,A,2020,1,1,12.0,1,2.0,6.0,15.0,3,0,0,6.0,5.0,33.0,40.0,0.0,0.0,1.0,1.0,0.0,0.0,7,1.0,1.0,0.0,0.0,0.0,0.0,3.0,0.0,0.0,0.0,0.0,A_2020,3.0,2023.0,18.0,25.0,0,0,0,0,0,0,0,0,0,0,0,0,0,0,0,0,0,0,0,0,0,0,0,0,0,0,0,0,0,0,0,0,0,0,0,0,0,0,0,0,0,0,0,0,0,0
100624,A,2020,1,0,12.0,1,2.0,,14.0,8,1,0,3.0,4.0,53.0,55.0,0.0,1.0,1.0,1.0,1.0,1.0,8,1.0,1.0,1.0,0.0,0.0,0.0,4.0,0.0,0.0,0.0,0.0,A_2020,2.0,2022.0,39.0,41.0,0,0,0,0,0,0,0,0,0,0,0,0,0,0,0,0,0,0,0,0,0,0,0,0,0,0,0,0,0,0,0,0,0,0,0,0,0,0,0,0,0,0,0,0,0,0
100625,A,2022,0,1,11.0,1,2.0,,13.0,5,1,0,4.0,5.0,37.0,40.0,0.0,0.0,1.0,1.0,0.0,1.0,7,1.0,1.0,0.0,0.0,0.0,0.0,2.0,0.0,0.0,0.0,0.0,A_2022,2.0,2024.0,24.0,27.0,0,0,0,0,0,0,0,0,0,0,0,0,0,0,0,0,0,0,0,0,0,0,0,0,0,0,0,0,0,0,0,0,0,0,0,0,0,0,0,0,0,0,0,0,0,0
100626,A,2022,1,1,14.0,1,2.0,,14.0,10,1,0,2.0,,30.0,,,1.0,1.0,1.0,1.0,1.0,6,1.0,0.0,0.0,0.0,0.0,0.0,3.0,0.0,0.0,0.0,0.0,A_2022,0.0,2022.0,16.0,,0,0,1,1,0,0,0,0,0,0,0,0,0,0,0,0,0,0,0,0,0,0,0,0,0,0,0,0,0,0,0,0,0,0,0,0,0,0,0,0,0,0,0,0,0,0
100627,A,2020,0,0,12.0,1,3.0,,14.0,3,0,0,11.0,11.0,34.0,37.0,1.0,1.0,1.0,1.0,1.0,1.0,8,1.0,1.0,1.0,0.0,0.0,0.0,4.0,0.0,0.0,0.0,0.0,A_2020,2.0,2022.0,20.0,23.0,0,0,0,0,0,0,0,0,0,0,0,0,0,0,0,0,0,0,0,0,0,0,0,0,0,0,0,0,0,0,0,0,0,0,0,0,0,0,0,0,0,0,0,0,0,0
100628,A,2022,1,1,14.0,1,3.0,,11.0,7,1,0,11.0,11.0,40.0,52.0,1.0,1.0,1.0,1.0,1.0,1.0,6,1.0,0.0,0.0,0.0,0.0,0.0,2.0,0.0,0.0,0.0,0.0,A_2022,-3.0,2019.0,29.0,41.0,0,1,0,1,0,0,0,0,0,0,0,0,0,0,0,0,0,0,0,0,0,0,0,0,0,0,0,0,0,0,0,0,0,0,0,0,0,0,0,0,0,0,0,0,0,0
100629,A,2020,0,1,14.0,1,2.0,,17.0,12,1,0,5.0,,60.0,,,0.0,1.0,1.0,1.0,1.0,9,1.0,1.0,1.0,0.0,0.0,0.0,4.0,0.0,0.0,1.0,0.0,A_2020,3.0,2023.0,43.0,,0,0,0,0,0,0,0,0,0,0,0,0,0,0,0,1,0,0,0,0,0,0,0,0,0,0,0,0,0,0,0,0,0,0,0,0,0,0,0,0,0,0,0,0,0,0
100630,A,2020,0,1,,1,2.0,6.0,17.0,4,0,0,5.0,2.0,50.0,60.0,1.0,0.0,1.0,0.0,0.0,0.0,6,1.0,0.0,0.0,1.0,1.0,1.0,2.0,0.0,0.0,1.0,0.0,A_2020,,,33.0,43.0,1,0,0,0,0,0,0,0,0,0,0,0,0,0,0,1,0,0,0,0,0,0,0,0,0,0,0,0,0,0,0,0,0,0,0,0,0,0,0,0,0,0,0,0,0,0
100631,A,2020,0,1,11.0,1,2.0,,14.0,12,1,0,9.0,6.0,38.0,39.0,0.0,0.0,1.0,1.0,1.0,1.0,8,1.0,1.0,1.0,0.0,0.0,0.0,4.0,0.0,0.0,0.0,0.0,A_2020,3.0,2023.0,24.0,25.0,0,0,0,0,0,0,0,0,0,0,0,0,0,0,0,0,0,0,0,0,0,0,0,0,0,0,0,0,0,0,0,0,0,0,0,0,0,0,0,0,0,0,0,0,0,0
100632,A,2020,1,0,13.0,1,2.0,19.0,15.0,4,0,0,2.0,5.0,40.0,57.0,0.0,0.0,1.0,1.0,1.0,1.0,8,1.0,1.0,1.0,0.0,0.0,0.0,4.0,0.0,0.0,0.0,0.0,A_2020,2.0,2022.0,25.0,42.0,0,0,0,0,0,0,0,0,0,0,0,0,0,0,0,0,0,0,0,0,0,0,0,0,0,0,0,0,0,0,0,0,0,0,0,0,0,0,0,0,0,0,0,0,0,0
100633,A,2020,0,0,12.0,1,2.0,,14.0,3,0,1,,,,,,0.0,1.0,1.0,1.0,1.0,8,1.0,1.0,1.0,0.0,0.0,0.0,4.0,0.0,0.0,0.0,0.0,A_2020,2.0,2022.0,,,0,0,0,0,0,0,0,0,0,0,0,0,0,0,0,0,0,0,0,0,0,0,0,0,0,0,0,0,0,0,0,0,0,0,0,0,0,0,0,0,0,0,0,0,0,0
100634,A,2020,0,0,12.0,1,2.0,19.0,14.0,3,0,0,5.0,5.0,33.0,38.0,0.0,0.0,1.0,0.0,0.0,1.0,6,1.0,0.0,0.0,2.0,1.0,2.0,4.0,0.0,0.0,1.0,25.0,A_2020,2.0,2022.0,19.0,24.0,0,0,0,0,0,0,0,0,0,0,0,0,0,0,0,0,0,0,0,0,0,0,0,0,0,0,0,0,0,0,0,0,0,0,0,0,0,0,0,0,0,0,0,0,0,0
100635,A,2020,1,1,12.0,1,2.0,8.0,16.0,3,1,0,1.0,5.0,45.0,50.0,0.0,1.0,1.0,1.0,1.0,1.0,9,1.0,1.0,1.0,0.0,0.0,0.0,4.0,0.0,0.0,0.0,0.0,A_2020,4.0,2024.0,29.0,34.0,0,0,0,0,0,0,0,0,0,0,0,0,0,0,0,0,0,0,0,0,0,0,0,0,0,0,0,0,0,0,0,0,0,0,0,0,0,0,0,0,0,0,0,0,0,0
100636,A,2020,0,1,12.0,1,2.0,4.0,15.0,5,0,0,5.0,5.0,35.0,40.0,0.0,0.0,1.0,1.0,0.0,1.0,8,1.0,1.0,1.0,0.0,0.0,0.0,4.0,0.0,0.0,0.0,0.0,A_2020,3.0,2023.0,20.0,25.0,0,0,0,0,0,0,0,0,0,0,0,0,0,0,0,0,0,0,0,0,0,0,0,0,0,0,0,0,0,0,0,0,0,0,0,0,0,0,0,0,0,0,0,0,0,0
100637,A,2020,1,1,13.0,1,1.0,19.0,16.0,6,0,0,,,48.0,51.0,0.0,0.0,1.0,0.0,0.0,0.0,6,1.0,0.0,0.0,0.0,0.0,0.0,1.0,0.0,0.0,0.0,0.0,A_2020,3.0,2023.0,32.0,35.0,0,0,0,0,0,0,0,0,0,0,0,0,0,0,0,0,0,0,0,0,0,0,0,0,0,0,0,0,0,0,0,0,0,0,0,0,0,0,0,0,0,0,0,0,0,0
100638,A,2020,0,1,14.0,1,3.0,16.0,16.0,3,0,0,4.0,,37.0,,,0.0,0.0,0.0,0.0,1.0,9,1.0,1.0,1.0,1.0,1.0,1.0,6.0,0.0,0.0,0.0,0.0,A_2020,2.0,2022.0,21.0,,0,0,0,0,0,0,0,0,0,0,0,0,0,0,0,0,1,0,0,0,0,0,0,0,0,0,0,0,0,0,0,0,0,0,0,0,0,0,0,0,0,0,0,0,0,0
100639,B,2018,1,1,,1,,,19.0,6,1,1,4.0,,49.0,,,0.0,0.0,0.0,0.0,1.0,9,1.0,1.0,1.0,0.0,0.0,0.0,6.0,0.0,1.0,1.0,40.0,B_2018,,,30.0,,1,0,0,0,0,0,0,0,0,0,0,0,0,0,0,0,1,0,0,0,0,0,0,0,0,0,0,0,0,0,0,0,0,0,0,0,0,0,0,0,0,0,0,0,0,0
100640,A,2020,0,1,11.0,1,,,14.0,8,1,0,5.0,2.0,35.0,45.0,0.0,0.0,1.0,1.0,1.0,1.0,7,1.0,1.0,0.0,0.0,0.0,0.0,3.0,0.0,0.0,0.0,0.0,A_2020,3.0,2023.0,21.0,31.0,0,0,0,0,0,0,0,0,0,0,0,0,0,0,0,0,0,0,0,0,0,0,0,0,0,0,0,0,0,0,0,0,0,0,0,0,0,0,0,0,0,0,0,0,0,0
100641,A,2020,1,1,,1,2.0,7.0,13.0,3,0,0,5.0,5.0,32.0,42.0,0.0,1.0,1.0,1.0,1.0,1.0,8,1.0,1.0,1.0,0.0,0.0,0.0,4.0,0.0,0.0,0.0,0.0,A_2020,,,19.0,29.0,1,0,0,0,0,0,0,0,0,0,0,0,0,0,0,0,0,0,0,0,0,0,0,0,0,0,0,0,0,0,0,0,0,0,0,0,0,0,0,0,0,0,0,0,0,0
100642,A,2020,1,1,14.0,1,2.0,19.0,16.0,3,0,0,2.0,2.0,45.0,70.0,0.0,1.0,1.0,1.0,1.0,1.0,8,1.0,1.0,1.0,0.0,0.0,0.0,4.0,0.0,0.0,0.0,0.0,A_2020,2.0,2022.0,29.0,54.0,0,0,0,0,0,0,0,0,0,0,0,0,0,0,0,0,0,0,0,0,0,0,0,0,0,0,0,0,0,0,0,0,0,0,0,0,0,0,0,0,0,0,0,0,0,0
100643,A,2020,0,0,12.0,1,3.0,,15.0,4,0,0,11.0,5.0,36.0,39.0,,0.0,1.0,1.0,1.0,1.0,8,1.0,1.0,1.0,0.0,0.0,0.0,4.0,0.0,0.0,0.0,0.0,A_2020,3.0,2023.0,21.0,24.0,0,0,0,0,0,0,0,0,0,0,0,0,0,0,0,0,0,0,0,0,0,0,0,0,0,0,0,0,0,0,0,0,0,0,0,0,0,0,0,0,0,0,0,0,0,0
100644,A,2020,0,0,,1,1.0,,16.0,4,0,0,5.0,3.0,41.0,52.0,,1.0,1.0,0.0,0.0,1.0,6,1.0,0.0,0.0,1.0,1.0,1.0,3.0,0.0,0.0,0.0,0.0,A_2020,,,25.0,36.0,1,0,0,0,0,0,0,0,0,0,0,0,0,0,0,0,0,0,0,0,0,0,0,0,0,0,0,0,0,0,0,0,0,0,0,0,0,0,0,0,0,0,0,0,0,0
100645,A,2020,0,1,13.0,1,2.0,19.0,15.0,5,0,0,5.0,7.0,34.0,37.0,0.0,1.0,1.0,1.0,1.0,1.0,8,1.0,1.0,1.0,0.0,0.0,0.0,4.0,0.0,0.0,0.0,0.0,A_2020,2.0,2022.0,19.0,22.0,0,0,0,0,0,0,0,0,0,0,0,0,0,0,0,0,0,0,0,0,0,0,0,0,0,0,0,0,0,0,0,0,0,0,0,0,0,0,0,0,0,0,0,0,0,0
100646,A,2020,1,1,12.0,1,3.0,11.0,15.0,4,1,0,3.0,,49.0,,,1.0,1.0,1.0,1.0,1.0,9,1.0,1.0,1.0,0.0,0.0,0.0,4.0,0.0,0.0,0.0,0.0,A_2020,3.0,2023.0,34.0,,0,0,0,0,0,0,0,0,0,0,0,0,0,0,0,0,0,0,0,0,0,0,0,0,0,0,0,0,0,0,0,0,0,0,0,0,0,0,0,0,0,0,0,0,0,0
100647,A,2020,0,0,13.0,1,2.0,,15.0,3,0,0,2.0,5.0,47.0,48.0,0.0,0.0,0.0,0.0,1.0,1.0,6,1.0,0.0,0.0,0.0,0.0,0.0,3.0,0.0,1.0,0.0,0.0,A_2020,2.0,2022.0,32.0,33.0,0,0,0,0,0,0,0,0,0,0,0,0,0,0,0,0,0,0,0,0,0,0,0,0,0,0,0,0,0,0,0,0,0,0,0,0,0,0,0,0,0,0,0,0,0,0
100648,A,2020,0,0,11.0,1,1.0,19.0,14.0,3,0,0,1.0,5.0,42.0,42.0,0.0,0.0,1.0,1.0,1.0,1.0,8,1.0,1.0,1.0,0.0,0.0,0.0,4.0,0.0,0.0,0.0,0.0,A_2020,3.0,2023.0,28.0,28.0,0,0,0,0,0,0,0,0,0,0,0,0,0,0,0,0,0,0,0,0,0,0,0,0,0,0,0,0,0,0,0,0,0,0,0,0,0,0,0,0,0,0,0,0,0,0
100649,B,2018,1,0,11.0,1,2.0,,15.0,7,1,0,5.0,,42.0,,,1.0,1.0,1.0,1.0,1.0,9,1.0,1.0,1.0,0.0,0.0,0.0,6.0,0.0,0.0,0.0,0.0,B_2018,4.0,2022.0,27.0,,0,0,0,0,0,0,0,0,0,0,0,0,0,0,0,0,1,0,0,0,0,0,0,0,0,0,0,0,0,0,0,0,0,0,0,0,0,0,0,0,0,0,0,0,0,0
100650,A,2020,0,1,14.0,1,2.0,,16.0,3,0,0,5.0,,39.0,36.0,,0.0,1.0,1.0,0.0,1.0,8,1.0,1.0,1.0,0.0,0.0,0.0,4.0,0.0,0.0,0.0,0.0,A_2020,2.0,2022.0,23.0,20.0,0,0,0,0,0,0,0,0,0,0,0,0,0,0,0,0,0,0,0,0,0,0,0,0,0,0,0,0,0,0,0,0,0,0,0,0,0,0,0,0,0,0,0,0,0,0
100651,A,2022,0,1,12.0,1,1.0,,12.0,7,1,0,,,42.0,50.0,,0.0,1.0,1.0,1.0,1.0,6,1.0,0.0,0.0,0.0,0.0,0.0,2.0,0.0,0.0,0.0,0.0,A_2022,0.0,2022.0,30.0,38.0,0,0,1,1,0,0,0,0,0,0,0,0,0,0,0,0,0,0,0,0,0,0,0,0,0,0,0,0,0,0,0,0,0,0,0,0,0,0,0,0,0,0,0,0,0,0
100652,A,2020,1,0,12.0,1,,4.0,15.0,7,1,0,,8.0,,45.0,0.0,1.0,1.0,1.0,1.0,1.0,8,1.0,1.0,1.0,0.0,0.0,0.0,4.0,0.0,0.0,0.0,0.0,A_2020,3.0,2023.0,,30.0,0,0,0,0,0,0,0,0,0,0,0,0,0,0,0,0,0,0,0,0,0,0,0,0,0,0,0,0,0,0,0,0,0,0,0,0,0,0,0,0,0,0,0,0,0,0
100653,A,2020,0,1,12.0,1,,5.0,15.0,3,0,0,5.0,,37.0,42.0,0.0,0.0,1.0,0.0,0.0,0.0,6,1.0,0.0,0.0,2.0,1.0,2.0,3.0,0.0,0.0,1.0,40.0,A_2020,3.0,2023.0,22.0,27.0,0,0,0,0,0,0,0,0,0,0,0,0,0,0,0,0,0,0,0,0,0,0,0,0,0,0,0,0,0,0,0,0,0,0,0,0,0,0,0,0,0,0,0,0,0,0
100654,A,2022,1,1,11.0,1,3.0,,11.0,7,1,0,8.0,9.0,37.0,35.0,0.0,0.0,1.0,1.0,1.0,1.0,6,1.0,0.0,0.0,0.0,0.0,0.0,2.0,0.0,0.0,0.0,0.0,A_2022,0.0,2022.0,26.0,24.0,0,0,1,1,0,0,0,0,0,0,0,0,0,0,0,0,0,0,0,0,0,0,0,0,0,0,0,0,0,0,0,0,0,0,0,0,0,0,0,0,0,0,0,0,0,0
100655,B,2018,1,1,13.0,0,1.0,,18.0,6,1,1,3.0,3.0,55.0,69.0,0.0,0.0,1.0,1.0,0.0,1.0,9,1.0,1.0,1.0,0.0,0.0,0.0,6.0,0.0,0.0,0.0,0.0,B_2018,5.0,2023.0,37.0,51.0,0,0,0,1,0,0,0,0,0,0,0,0,0,0,0,0,1,0,0,0,0,0,0,0,0,0,0,0,0,0,0,0,0,0,0,0,0,0,0,0,0,0,0,0,0,0
100656,A,2020,1,0,13.0,1,,19.0,15.0,1,1,0,3.0,5.0,45.0,39.0,0.0,0.0,1.0,0.0,0.0,0.0,6,1.0,0.0,0.0,1.0,1.0,1.0,3.0,0.0,0.0,0.0,0.0,A_2020,2.0,2022.0,30.0,24.0,0,0,0,0,0,0,0,0,0,0,0,0,0,0,0,0,0,0,0,0,0,0,0,0,0,0,0,0,0,0,0,0,0,0,0,0,0,0,0,0,0,0,0,0,0,0
100657,A,2022,1,0,12.0,1,1.0,,13.0,7,1,0,5.0,7.0,34.0,45.0,0.0,1.0,1.0,1.0,1.0,1.0,6,1.0,0.0,0.0,0.0,0.0,0.0,2.0,0.0,0.0,0.0,0.0,A_2022,1.0,2023.0,21.0,32.0,0,0,0,1,0,0,0,0,0,0,0,0,0,0,0,0,0,0,0,0,0,0,0,0,0,0,0,0,0,0,0,0,0,0,0,0,0,0,0,0,0,0,0,0,0,0
100658,A,2020,1,1,14.0,1,1.0,16.0,17.0,11,1,0,3.0,3.0,51.0,61.0,0.0,1.0,1.0,1.0,1.0,1.0,8,1.0,1.0,1.0,0.0,0.0,0.0,4.0,0.0,0.0,0.0,0.0,A_2020,3.0,2023.0,34.0,44.0,0,0,0,0,0,0,0,0,0,0,0,0,0,0,0,0,0,0,0,0,0,0,0,0,0,0,0,0,0,0,0,0,0,0,0,0,0,0,0,0,0,0,0,0,0,0
100659,A,2020,1,0,13.0,1,,19.0,16.0,4,0,0,6.0,,32.0,1.0,,1.0,1.0,1.0,1.0,1.0,8,1.0,1.0,1.0,0.0,0.0,0.0,4.0,0.0,0.0,0.0,0.0,A_2020,3.0,2023.0,16.0,-15.0,0,0,0,0,0,0,0,0,0,0,0,1,0,0,0,0,0,0,0,0,0,0,0,0,0,0,0,0,0,0,0,0,0,0,0,0,0,0,0,0,0,0,0,0,0,0
100660,A,2020,0,0,12.0,1,2.0,19.0,14.0,4,0,0,5.0,5.0,42.0,34.0,0.0,0.0,1.0,1.0,0.0,1.0,7,1.0,1.0,0.0,0.0,0.0,0.0,4.0,0.0,0.0,0.0,0.0,A_2020,2.0,2022.0,28.0,20.0,0,0,0,0,0,0,0,0,0,0,0,0,0,0,0,0,0,0,0,0,0,0,0,0,0,0,0,0,0,0,0,0,0,0,0,0,0,0,0,0,0,0,0,0,0,0
100661,A,2020,1,1,12.0,1,2.0,7.0,14.0,3,0,0,7.0,4.0,34.0,51.0,0.0,1.0,1.0,1.0,1.0,1.0,8,1.0,1.0,1.0,0.0,0.0,0.0,4.0,0.0,0.0,0.0,0.0,A_2020,2.0,2022.0,20.0,37.0,0,0,0,0,0,0,0,0,0,0,0,0,0,0,0,0,0,0,0,0,0,0,0,0,0,0,0,0,0,0,0,0,0,0,0,0,0,0,0,0,0,0,0,0,0,0
100662,A,2020,1,1,12.0,1,2.0,17.0,14.0,3,0,0,5.0,5.0,42.0,40.0,0.0,1.0,1.0,1.0,1.0,1.0,8,1.0,1.0,1.0,0.0,0.0,0.0,4.0,0.0,0.0,1.0,8.0,A_2020,2.0,2022.0,28.0,26.0,0,0,0,0,0,0,0,0,0,0,0,0,0,0,0,0,0,0,0,0,0,0,0,0,0,0,0,0,0,0,0,0,0,0,0,0,0,0,0,0,0,0,0,0,0,0
100663,A,2020,1,1,12.0,1,2.0,7.0,15.0,8,1,0,5.0,7.0,44.0,43.0,0.0,1.0,1.0,1.0,1.0,1.0,8,1.0,1.0,1.0,0.0,0.0,0.0,4.0,0.0,0.0,0.0,0.0,A_2020,3.0,2023.0,29.0,28.0,0,0,0,0,0,0,0,0,0,0,0,0,0,0,0,0,0,0,0,0,0,0,0,0,0,0,0,0,0,0,0,0,0,0,0,0,0,0,0,0,0,0,0,0,0,0
100664,A,2022,1,0,13.0,1,,,14.0,8,1,0,5.0,7.0,40.0,46.0,0.0,1.0,1.0,1.0,1.0,1.0,6,1.0,0.0,0.0,0.0,0.0,0.0,2.0,0.0,0.0,0.0,0.0,A_2022,1.0,2023.0,26.0,32.0,0,0,0,1,0,0,0,0,0,0,0,0,0,0,0,0,0,0,0,0,0,0,0,0,0,0,0,0,0,0,0,0,0,0,0,0,0,0,0,0,0,0,0,0,0,0
100665,A,2020,1,1,12.0,1,2.0,6.0,14.0,4,0,0,11.0,5.0,37.0,45.0,0.0,1.0,1.0,1.0,1.0,1.0,8,1.0,1.0,1.0,0.0,0.0,0.0,4.0,0.0,0.0,0.0,0.0,A_2020,2.0,2022.0,23.0,31.0,0,0,0,0,0,0,0,0,0,0,0,0,0,0,0,0,0,0,0,0,0,0,0,0,0,0,0,0,0,0,0,0,0,0,0,0,0,0,0,0,0,0,0,0,0,0
100666,B,2018,0,0,14.0,0,1.0,,18.0,7,1,1,2.0,3.0,38.0,37.0,,0.0,1.0,1.0,0.0,0.0,8,1.0,1.0,1.0,0.0,0.0,0.0,3.0,0.0,0.0,0.0,0.0,B_2018,4.0,2022.0,20.0,19.0,0,0,0,0,0,0,0,0,0,0,0,0,0,0,0,0,0,0,0,0,0,0,0,0,0,0,0,0,0,0,0,0,0,0,0,0,0,0,0,0,0,0,0,0,0,0
100667,A,2020,1,1,11.0,1,,19.0,14.0,8,1,0,5.0,5.0,46.0,39.0,0.0,0.0,1.0,1.0,1.0,1.0,8,1.0,1.0,1.0,0.0,0.0,0.0,4.0,0.0,0.0,0.0,0.0,A_2020,3.0,2023.0,32.0,25.0,0,0,0,0,0,0,0,0,0,0,0,0,0,0,0,0,0,0,0,0,0,0,0,0,0,0,0,0,0,0,0,0,0,0,0,0,0,0,0,0,0,0,0,0,0,0
100668,A,2020,0,1,15.0,1,2.0,17.0,17.0,3,0,0,2.0,,37.0,,,0.0,1.0,1.0,1.0,1.0,6,1.0,0.0,0.0,0.0,0.0,0.0,3.0,0.0,0.0,1.0,40.0,A_2020,2.0,2022.0,20.0,,0,0,0,0,0,0,0,0,0,0,0,0,0,0,0,0,0,0,0,0,0,0,0,0,0,0,0,0,0,0,0,0,0,0,0,0,0,0,0,0,0,0,0,0,0,0
100669,B,2018,1,0,11.0,1,2.0,,16.0,7,1,1,1.0,0.0,46.0,41.0,0.0,0.0,1.0,1.0,0.0,0.0,9,1.0,1.0,1.0,0.0,0.0,0.0,5.0,0.0,0.0,0.0,0.0,B_2018,5.0,2023.0,30.0,25.0,0,0,0,1,0,0,0,0,0,0,0,0,0,0,0,0,1,0,0,0,0,0,0,0,0,0,0,0,0,0,0,0,0,0,0,0,0,0,0,0,0,0,0,0,0,0
100670,A,2020,1,0,11.0,1,3.0,17.0,14.0,6,0,0,4.0,,31.0,,,1.0,1.0,1.0,1.0,1.0,8,1.0,1.0,1.0,0.0,0.0,0.0,4.0,0.0,0.0,0.0,0.0,A_2020,3.0,2023.0,17.0,,0,0,0,0,0,0,0,0,0,0,0,0,0,0,0,0,0,0,0,0,0,0,0,0,0,0,0,0,0,0,0,0,0,0,0,0,0,0,0,0,0,0,0,0,0,0
100671,A,2020,1,1,13.0,1,2.0,5.0,15.0,4,0,0,5.0,5.0,50.0,51.0,0.0,1.0,1.0,1.0,1.0,1.0,8,1.0,1.0,1.0,0.0,0.0,0.0,4.0,0.0,0.0,0.0,0.0,A_2020,2.0,2022.0,35.0,36.0,0,0,0,0,0,0,0,0,0,0,0,0,0,0,0,0,0,0,0,0,0,0,0,0,0,0,0,0,0,0,0,0,0,0,0,0,0,0,0,0,0,0,0,0,0,0
100672,A,2020,1,0,14.0,1,2.0,6.0,16.0,3,0,0,5.0,5.0,38.0,53.0,0.0,1.0,1.0,1.0,1.0,1.0,8,1.0,1.0,1.0,0.0,0.0,0.0,4.0,0.0,0.0,0.0,0.0,A_2020,2.0,2022.0,22.0,37.0,0,0,0,0,0,0,0,0,0,0,0,0,0,0,0,0,0,0,0,0,0,0,0,0,0,0,0,0,0,0,0,0,0,0,0,0,0,0,0,0,0,0,0,0,0,0
100673,A,2022,1,1,10.0,1,,,11.0,8,1,0,11.0,8.0,33.0,34.0,0.0,1.0,1.0,1.0,1.0,1.0,6,1.0,0.0,0.0,0.0,0.0,0.0,2.0,0.0,0.0,0.0,0.0,A_2022,1.0,2023.0,22.0,23.0,0,0,0,1,0,0,0,0,0,0,0,0,0,0,0,0,0,0,0,0,0,0,0,0,0,0,0,0,0,0,0,0,0,0,0,0,0,0,0,0,0,0,0,0,0,0
100674,A,2020,0,1,12.0,1,1.0,5.0,14.0,3,0,0,5.0,5.0,45.0,45.0,0.0,0.0,1.0,1.0,0.0,1.0,8,1.0,1.0,1.0,0.0,0.0,0.0,4.0,0.0,0.0,0.0,0.0,A_2020,2.0,2022.0,31.0,31.0,0,0,0,0,0,0,0,0,0,0,0,0,0,0,0,0,0,0,0,0,0,0,0,0,0,0,0,0,0,0,0,0,0,0,0,0,0,0,0,0,0,0,0,0,0,0
100675,B,2018,0,0,11.0,0,2.0,,16.0,7,1,1,,11.0,,34.0,0.0,0.0,1.0,1.0,0.0,1.0,9,1.0,1.0,1.0,0.0,0.0,0.0,6.0,0.0,0.0,0.0,0.0,B_2018,5.0,2023.0,,18.0,0,0,0,1,0,0,0,0,0,0,0,0,0,0,0,0,1,0,0,0,0,0,0,0,0,0,0,0,0,0,0,0,0,0,0,0,0,0,0,0,0,0,0,0,0,0
100676,A,2020,0,1,14.0,1,2.0,5.0,17.0,3,0,0,5.0,11.0,48.0,38.0,0.0,0.0,,,0.0,0.0,5,0.0,0.0,0.0,,0.0,0.0,0.0,0.0,0.0,1.0,40.0,A_2020,3.0,2023.0,31.0,21.0,0,0,0,0,0,0,0,0,0,0,0,0,0,0,0,0,0,0,0,0,0,0,0,0,0,0,0,0,0,0,0,0,0,0,0,0,0,0,0,0,0,0,0,0,0,0
100677,A,2022,1,1,13.0,1,,,14.0,7,1,0,5.0,5.0,32.0,36.0,,0.0,1.0,0.0,0.0,0.0,5,0.0,0.0,0.0,0.0,0.0,0.0,1.0,0.0,0.0,1.0,35.0,A_2022,1.0,2023.0,18.0,22.0,0,0,0,1,0,0,0,0,0,0,0,0,0,0,0,0,0,0,0,0,0,0,0,0,0,0,0,0,0,0,0,0,0,0,0,0,0,0,0,0,0,0,0,0,0,0
100678,A,2020,0,1,14.0,1,2.0,17.0,17.0,7,1,0,7.0,4.0,56.0,51.0,0.0,0.0,0.0,0.0,0.0,0.0,6,1.0,0.0,0.0,1.0,1.0,1.0,2.0,0.0,0.0,1.0,6.0,A_2020,3.0,2023.0,39.0,34.0,0,0,0,0,0,0,0,0,0,0,0,0,0,0,0,0,0,0,0,0,0,0,0,0,0,0,0,0,0,0,0,0,0,0,0,0,0,0,0,0,0,0,0,0,0,0
100679,A,2020,1,1,11.0,1,2.0,5.0,13.0,6,0,0,6.0,,51.0,,,1.0,1.0,1.0,1.0,1.0,8,1.0,1.0,1.0,0.0,0.0,0.0,4.0,0.0,0.0,0.0,0.0,A_2020,2.0,2022.0,38.0,,0,0,0,0,0,0,0,0,0,0,0,0,0,0,0,0,0,0,0,0,0,0,0,0,0,0,0,0,0,0,0,0,0,0,0,0,0,0,0,0,0,0,0,0,0,0
100680,A,2020,0,0,11.0,1,3.0,12.0,14.0,1,1,0,5.0,11.0,53.0,48.0,0.0,0.0,1.0,1.0,1.0,1.0,8,1.0,1.0,1.0,0.0,0.0,0.0,4.0,0.0,0.0,0.0,0.0,A_2020,3.0,2023.0,39.0,34.0,0,0,0,0,0,0,0,0,0,0,0,0,0,0,0,0,0,0,0,0,0,0,0,0,0,0,0,0,0,0,0,0,0,0,0,0,0,0,0,0,0,0,0,0,0,0
100681,A,2020,1,1,12.0,1,1.0,19.0,15.0,4,0,0,8.0,5.0,40.0,38.0,0.0,0.0,0.0,0.0,0.0,1.0,7,1.0,1.0,0.0,0.0,0.0,0.0,3.0,0.0,0.0,0.0,0.0,A_2020,3.0,2023.0,25.0,23.0,0,0,0,0,0,0,0,0,0,0,0,0,0,0,0,0,0,0,0,0,0,0,0,0,0,0,0,0,0,0,0,0,0,0,0,0,0,0,0,0,0,0,0,0,0,0
100682,A,2022,1,0,14.0,1,2.0,,15.0,7,1,0,5.0,9.0,39.0,38.0,0.0,0.0,1.0,0.0,0.0,0.0,6,1.0,0.0,0.0,0.0,0.0,0.0,1.0,0.0,0.0,1.0,35.0,A_2022,1.0,2023.0,24.0,23.0,0,0,0,1,0,0,0,0,0,0,0,0,0,0,0,0,0,0,0,0,0,0,0,0,0,0,0,0,0,0,0,0,0,0,0,0,0,0,0,0,0,0,0,0,0,0
100683,A,2020,1,1,12.0,1,1.0,19.0,14.0,3,0,0,5.0,11.0,38.0,40.0,0.0,1.0,1.0,1.0,1.0,1.0,8,1.0,1.0,1.0,0.0,0.0,0.0,4.0,0.0,0.0,0.0,0.0,A_2020,2.0,2022.0,24.0,26.0,0,0,0,0,0,0,0,0,0,0,0,0,0,0,0,0,0,0,0,0,0,0,0,0,0,0,0,0,0,0,0,0,0,0,0,0,0,0,0,0,0,0,0,0,0,0
100684,B,2018,0,0,12.0,0,2.0,,16.0,6,1,0,5.0,5.0,42.0,52.0,0.0,0.0,1.0,1.0,1.0,1.0,9,1.0,1.0,1.0,0.0,0.0,0.0,6.0,0.0,0.0,0.0,0.0,B_2018,4.0,2022.0,26.0,36.0,0,0,0,0,0,0,0,0,0,0,0,0,0,0,0,0,1,0,0,0,0,0,0,0,0,0,0,0,0,0,0,0,0,0,0,0,0,0,0,0,0,0,0,0,0,0
100685,A,2020,1,1,12.0,1,2.0,18.0,14.0,4,0,0,3.0,5.0,43.0,41.0,0.0,1.0,1.0,1.0,1.0,1.0,8,1.0,1.0,1.0,0.0,0.0,0.0,4.0,0.0,0.0,0.0,0.0,A_2020,2.0,2022.0,29.0,27.0,0,0,0,0,0,0,0,0,0,0,0,0,0,0,0,0,0,0,0,0,0,0,0,0,0,0,0,0,0,0,0,0,0,0,0,0,0,0,0,0,0,0,0,0,0,0
100686,A,2020,1,0,12.0,1,3.0,,14.0,3,0,0,5.0,6.0,37.0,48.0,0.0,0.0,1.0,1.0,0.0,1.0,7,1.0,1.0,0.0,0.0,0.0,0.0,4.0,0.0,0.0,0.0,0.0,A_2020,2.0,2022.0,23.0,34.0,0,0,0,0,0,0,0,0,0,0,0,0,0,0,0,0,0,0,0,0,0,0,0,0,0,0,0,0,0,0,0,0,0,0,0,0,0,0,0,0,0,0,0,0,0,0
100687,A,2022,1,0,11.0,1,1.0,,12.0,4,1,0,11.0,9.0,34.0,43.0,0.0,1.0,1.0,1.0,1.0,1.0,7,1.0,1.0,0.0,0.0,0.0,0.0,2.0,0.0,0.0,0.0,0.0,A_2022,1.0,2023.0,22.0,31.0,0,0,0,1,0,0,0,0,0,0,0,0,0,0,0,0,0,0,0,0,0,0,0,0,0,0,0,0,0,0,0,0,0,0,0,0,0,0,0,0,0,0,0,0,0,0
100688,A,2020,0,1,12.0,1,,5.0,15.0,5,0,0,5.0,,42.0,,,0.0,1.0,0.0,0.0,1.0,8,1.0,1.0,1.0,0.0,0.0,0.0,4.0,0.0,0.0,1.0,8.0,A_2020,3.0,2023.0,27.0,,0,0,0,0,0,0,0,0,0,0,0,0,0,0,0,0,0,0,0,0,0,0,0,0,0,0,0,0,0,0,0,0,0,0,0,0,0,0,0,0,0,0,0,0,0,0
100689,A,2022,1,0,12.0,1,2.0,,12.0,8,1,0,8.0,11.0,27.0,30.0,0.0,1.0,1.0,1.0,1.0,1.0,6,1.0,0.0,0.0,0.0,0.0,0.0,2.0,0.0,0.0,0.0,0.0,A_2022,0.0,2022.0,15.0,18.0,0,0,1,1,0,0,0,0,0,0,0,0,0,0,0,0,0,0,0,0,0,0,0,0,0,0,0,0,0,0,0,0,0,0,0,0,0,0,0,0,0,0,0,0,0,0
100690,B,2018,0,0,12.0,1,,,16.0,6,1,1,6.0,,39.0,,,0.0,0.0,0.0,0.0,1.0,9,1.0,1.0,1.0,0.0,0.0,0.0,6.0,1.0,1.0,1.0,8.0,B_2018,4.0,2022.0,23.0,,0,0,0,0,0,0,0,0,0,0,0,0,0,0,0,0,1,0,0,0,0,0,0,0,0,0,0,0,0,0,0,0,0,0,0,0,0,0,0,0,0,0,0,0,0,0
100691,A,2020,1,1,14.0,1,2.0,16.0,17.0,3,0,1,,0.0,,42.0,0.0,0.0,1.0,1.0,0.0,0.0,8,1.0,1.0,1.0,0.0,0.0,0.0,3.0,0.0,0.0,0.0,0.0,A_2020,3.0,2023.0,,25.0,0,0,0,0,0,0,0,0,0,0,0,0,0,0,0,0,0,0,0,0,0,0,0,0,0,0,0,0,0,0,0,0,0,0,0,0,0,0,0,0,0,0,0,0,0,0
100692,A,2020,1,1,15.0,1,2.0,19.0,18.0,6,0,0,2.0,2.0,58.0,54.0,0.0,0.0,1.0,1.0,0.0,1.0,8,1.0,1.0,1.0,0.0,0.0,0.0,4.0,0.0,0.0,0.0,0.0,A_2020,3.0,2023.0,40.0,36.0,0,0,0,0,0,0,0,0,0,0,0,0,0,0,0,0,0,0,0,0,0,0,0,0,0,0,0,0,0,0,0,0,0,0,0,0,0,0,0,0,0,0,0,0,0,0
100693,A,2020,0,0,13.0,1,2.0,17.0,16.0,3,0,0,3.0,,54.0,,,0.0,1.0,0.0,0.0,0.0,6,1.0,0.0,0.0,0.0,0.0,0.0,1.0,0.0,0.0,1.0,40.0,A_2020,3.0,2023.0,38.0,,0,0,0,0,0,0,0,0,0,0,0,0,0,0,0,0,0,0,0,0,0,0,0,0,0,0,0,0,0,0,0,0,0,0,0,0,0,0,0,0,0,0,0,0,0,0
100694,A,2020,0,1,12.0,1,2.0,7.0,15.0,5,0,0,5.0,5.0,53.0,49.0,0.0,0.0,1.0,1.0,1.0,1.0,8,1.0,1.0,1.0,0.0,0.0,0.0,4.0,0.0,0.0,0.0,0.0,A_2020,3.0,2023.0,38.0,34.0,0,0,0,0,0,0,0,0,0,0,0,0,0,0,0,0,0,0,0,0,0,0,0,0,0,0,0,0,0,0,0,0,0,0,0,0,0,0,0,0,0,0,0,0,0,0
100695,A,2020,1,1,15.0,1,2.0,5.0,17.0,7,1,0,5.0,3.0,37.0,48.0,0.0,0.0,1.0,0.0,0.0,0.0,6,1.0,0.0,0.0,1.0,1.0,1.0,2.0,0.0,0.0,0.0,0.0,A_2020,2.0,2022.0,20.0,31.0,0,0,0,0,0,0,0,0,0,0,0,0,0,0,0,0,0,0,0,0,0,0,0,0,0,0,0,0,0,0,0,0,0,0,0,0,0,0,0,0,0,0,0,0,0,0
100696,A,2020,1,1,12.0,1,2.0,11.0,15.0,9,1,1,5.0,,35.0,,,0.0,1.0,1.0,0.0,1.0,7,1.0,1.0,0.0,0.0,1.0,1.0,4.0,0.0,0.0,1.0,36.0,A_2020,3.0,2023.0,20.0,,0,0,0,0,0,0,0,0,0,0,0,0,0,0,0,0,0,0,0,0,0,0,0,0,0,0,0,0,0,0,0,0,0,0,0,0,0,0,0,0,0,0,0,0,0,0
100697,A,2020,1,1,12.0,1,,19.0,14.0,3,0,0,7.0,5.0,33.0,45.0,0.0,1.0,1.0,1.0,1.0,1.0,8,1.0,1.0,1.0,0.0,0.0,0.0,4.0,0.0,0.0,1.0,0.0,A_2020,2.0,2022.0,19.0,31.0,0,0,0,0,0,0,0,0,0,0,0,0,0,0,0,1,0,0,0,0,0,0,0,0,0,0,0,0,0,0,0,0,0,0,0,0,0,0,0,0,0,0,0,0,0,0
100698,A,2020,0,0,,1,2.0,5.0,16.0,4,0,0,5.0,5.0,32.0,42.0,0.0,0.0,1.0,1.0,1.0,1.0,5,0.0,0.0,0.0,1.0,1.0,1.0,4.0,0.0,0.0,0.0,0.0,A_2020,,,16.0,26.0,1,0,0,0,0,0,0,0,0,0,0,0,0,0,0,0,0,0,0,0,0,0,0,0,0,0,0,0,0,0,0,0,0,0,0,0,0,0,0,0,0,0,0,0,0,0
100699,A,2020,0,0,12.0,1,,5.0,14.0,3,0,0,,,37.0,,0.0,0.0,1.0,1.0,1.0,1.0,8,1.0,1.0,1.0,0.0,0.0,0.0,4.0,0.0,0.0,0.0,0.0,A_2020,2.0,2022.0,23.0,,0,0,0,0,0,0,0,0,0,0,0,0,0,0,0,0,0,0,0,0,0,0,0,0,0,0,0,0,0,0,0,0,0,0,0,0,0,0,0,0,0,0,0,0,0,0
100700,A,2020,1,0,13.0,1,2.0,17.0,15.0,4,0,0,,,45.0,45.0,0.0,1.0,1.0,1.0,1.0,1.0,8,1.0,1.0,1.0,0.0,0.0,0.0,4.0,0.0,0.0,0.0,0.0,A_2020,2.0,2022.0,30.0,30.0,0,0,0,0,0,0,0,0,0,0,0,0,0,0,0,0,0,0,0,0,0,0,0,0,0,0,0,0,0,0,0,0,0,0,0,0,0,0,0,0,0,0,0,0,0,0
100701,A,2020,0,0,14.0,1,3.0,6.0,16.0,4,0,0,,,40.0,45.0,,0.0,1.0,1.0,0.0,0.0,8,1.0,1.0,1.0,0.0,0.0,0.0,3.0,0.0,1.0,1.0,16.0,A_2020,2.0,2022.0,24.0,29.0,0,0,0,0,0,0,0,0,0,0,0,0,0,0,0,0,0,0,0,0,0,0,0,0,0,0,0,0,0,0,0,0,0,0,0,0,0,0,0,0,0,0,0,0,0,0
100702,A,2022,1,1,12.0,1,,,13.0,7,1,0,11.0,,36.0,40.0,0.0,1.0,1.0,1.0,1.0,1.0,7,1.0,1.0,0.0,0.0,0.0,0.0,3.0,0.0,0.0,0.0,0.0,A_2022,1.0,2023.0,23.0,27.0,0,0,0,1,0,0,0,0,0,0,0,0,0,0,0,0,0,0,0,0,0,0,0,0,0,0,0,0,0,0,0,0,0,0,0,0,0,0,0,0,0,0,0,0,0,0
100703,A,2020,1,1,13.0,1,2.0,19.0,15.0,4,0,0,3.0,7.0,42.0,,0.0,1.0,1.0,1.0,1.0,1.0,8,1.0,1.0,1.0,0.0,0.0,0.0,4.0,0.0,0.0,0.0,0.0,A_2020,2.0,2022.0,27.0,,0,0,0,0,0,0,0,0,0,0,0,0,0,0,0,0,0,0,0,0,0,0,0,0,0,0,0,0,0,0,0,0,0,0,0,0,0,0,0,0,0,0,0,0,0,0
100704,A,2020,1,0,13.0,1,2.0,,15.0,3,0,1,5.0,6.0,45.0,48.0,1.0,0.0,1.0,1.0,0.0,0.0,11,0.0,0.0,0.0,2.0,1.0,2.0,3.0,0.0,0.0,0.0,0.0,A_2020,2.0,2022.0,30.0,33.0,0,0,0,0,1,1,1,1,0,0,0,0,0,0,0,0,0,0,0,0,0,0,0,0,0,0,0,0,0,0,0,0,0,0,0,0,0,0,0,0,0,0,0,0,0,0
100705,A,2020,1,0,12.0,1,2.0,11.0,15.0,3,0,1,4.0,3.0,45.0,52.0,0.0,0.0,1.0,1.0,1.0,1.0,7,1.0,1.0,0.0,0.0,1.0,1.0,4.0,0.0,0.0,0.0,0.0,A_2020,3.0,2023.0,30.0,37.0,0,0,0,0,0,0,0,0,0,0,0,0,0,0,0,0,0,0,0,0,0,0,0,0,0,0,0,0,0,0,0,0,0,0,0,0,0,0,0,0,0,0,0,0,0,0
100706,A,2020,1,1,14.0,1,2.0,11.0,17.0,1,0,0,9.0,3.0,40.0,42.0,0.0,0.0,1.0,1.0,0.0,1.0,10,1.0,1.0,1.0,0.0,0.0,0.0,6.0,0.0,0.0,1.0,40.0,A_2020,3.0,2023.0,23.0,25.0,0,0,0,0,0,0,0,0,0,0,0,0,0,0,0,0,1,0,0,0,0,0,0,0,0,0,0,0,0,0,0,0,0,0,0,0,0,0,0,0,0,0,0,0,0,0
100707,A,2020,1,0,,1,2.0,19.0,14.0,3,0,0,0.0,0.0,35.0,49.0,0.0,1.0,1.0,1.0,1.0,1.0,8,1.0,1.0,1.0,0.0,0.0,0.0,4.0,0.0,0.0,0.0,0.0,A_2020,,,21.0,35.0,1,0,0,0,0,0,0,0,0,0,0,0,0,0,0,0,0,0,0,0,0,0,0,0,0,0,0,0,0,0,0,0,0,0,0,0,0,0,0,0,0,0,0,0,0,0
100708,A,2020,1,0,13.0,1,2.0,18.0,16.0,8,1,0,5.0,5.0,55.0,47.0,0.0,1.0,1.0,1.0,1.0,1.0,8,1.0,1.0,1.0,0.0,0.0,0.0,4.0,0.0,0.0,0.0,0.0,A_2020,3.0,2023.0,39.0,31.0,0,0,0,0,0,0,0,0,0,0,0,0,0,0,0,0,0,0,0,0,0,0,0,0,0,0,0,0,0,0,0,0,0,0,0,0,0,0,0,0,0,0,0,0,0,0
100709,B,2018,0,1,14.0,0,,,19.0,7,1,1,5.0,,40.0,37.0,0.0,0.0,0.0,0.0,0.0,0.0,11,0.0,0.0,0.0,0.0,0.0,0.0,6.0,0.0,0.0,0.0,0.0,B_2018,5.0,2023.0,21.0,18.0,0,0,0,1,1,1,1,1,0,0,0,0,0,0,0,0,1,0,0,0,0,0,0,0,0,0,0,0,0,0,0,0,0,0,0,0,0,0,0,0,0,0,0,0,0,0
100710,A,2020,0,0,12.0,1,3.0,12.0,14.0,7,1,0,9.0,,38.0,40.0,,0.0,1.0,0.0,0.0,1.0,8,1.0,1.0,1.0,0.0,0.0,0.0,4.0,0.0,0.0,0.0,0.0,A_2020,2.0,2022.0,24.0,26.0,0,0,0,0,0,0,0,0,0,0,0,0,0,0,0,0,0,0,0,0,0,0,0,0,0,0,0,0,0,0,0,0,0,0,0,0,0,0,0,0,0,0,0,0,0,0
100711,A,2020,1,0,14.0,1,2.0,5.0,15.0,8,1,0,5.0,5.0,38.0,42.0,0.0,1.0,1.0,1.0,1.0,1.0,8,1.0,1.0,1.0,0.0,0.0,0.0,4.0,0.0,0.0,0.0,0.0,A_2020,1.0,2021.0,23.0,27.0,0,0,0,1,0,0,0,0,0,0,0,0,0,0,0,0,0,0,0,0,0,0,0,0,0,0,0,0,0,0,0,0,0,0,0,0,0,0,0,0,0,0,0,0,0,0
100712,A,2020,1,0,13.0,1,1.0,,15.0,3,0,0,11.0,5.0,42.0,52.0,0.0,1.0,0.0,1.0,1.0,1.0,8,1.0,1.0,1.0,1.0,1.0,1.0,5.0,0.0,0.0,0.0,0.0,A_2020,2.0,2022.0,27.0,37.0,0,0,0,0,0,0,0,0,0,0,0,0,0,0,0,0,1,0,0,0,0,0,0,0,0,0,0,0,0,0,0,0,0,0,0,0,0,0,0,0,0,0,0,0,0,0
100713,A,2022,0,1,,1,3.0,,12.0,8,1,0,8.0,8.0,39.0,39.0,1.0,0.0,1.0,1.0,1.0,1.0,6,1.0,0.0,0.0,0.0,0.0,0.0,2.0,0.0,0.0,0.0,0.0,A_2022,,,27.0,27.0,1,0,0,0,0,0,0,0,0,0,0,0,0,0,0,0,0,0,0,0,0,0,0,0,0,0,0,0,0,0,0,0,0,0,0,0,0,0,0,0,0,0,0,0,0,0
100714,A,2020,0,1,14.0,1,3.0,,16.0,3,0,0,6.0,,,,0.0,0.0,1.0,1.0,1.0,1.0,8,1.0,1.0,1.0,0.0,0.0,0.0,4.0,0.0,0.0,0.0,0.0,A_2020,2.0,2022.0,,,0,0,0,0,0,0,0,0,0,0,0,0,0,0,0,0,0,0,0,0,0,0,0,0,0,0,0,0,0,0,0,0,0,0,0,0,0,0,0,0,0,0,0,0,0,0
100715,A,2020,1,0,11.0,1,2.0,6.0,13.0,3,0,0,6.0,8.0,42.0,36.0,0.0,0.0,1.0,1.0,0.0,1.0,7,1.0,1.0,0.0,0.0,0.0,0.0,4.0,0.0,0.0,0.0,0.0,A_2020,2.0,2022.0,29.0,23.0,0,0,0,0,0,0,0,0,0,0,0,0,0,0,0,0,0,0,0,0,0,0,0,0,0,0,0,0,0,0,0,0,0,0,0,0,0,0,0,0,0,0,0,0,0,0
100716,A,2020,0,1,12.0,1,3.0,,14.0,3,0,0,8.0,5.0,37.0,40.0,1.0,0.0,1.0,1.0,0.0,1.0,8,1.0,1.0,1.0,0.0,0.0,0.0,4.0,0.0,0.0,1.0,5.0,A_2020,2.0,2022.0,23.0,26.0,0,0,0,0,0,0,0,0,0,0,0,0,0,0,0,0,0,0,0,0,0,0,0,0,0,0,0,0,0,0,0,0,0,0,0,0,0,0,0,0,0,0,0,0,0,0
100717,B,2018,1,0,12.0,1,2.0,,16.0,6,1,0,6.0,,36.0,,,1.0,1.0,1.0,1.0,1.0,9,1.0,1.0,1.0,0.0,0.0,0.0,6.0,0.0,0.0,0.0,0.0,B_2018,4.0,2022.0,20.0,,0,0,0,0,0,0,0,0,0,0,0,0,0,0,0,0,1,0,0,0,0,0,0,0,0,0,0,0,0,0,0,0,0,0,0,0,0,0,0,0,0,0,0,0,0,0
100718,A,2020,0,1,11.0,1,3.0,10.0,14.0,8,1,0,11.0,11.0,42.0,42.0,0.0,0.0,1.0,1.0,1.0,1.0,8,1.0,1.0,1.0,0.0,0.0,0.0,4.0,0.0,0.0,0.0,0.0,A_2020,3.0,2023.0,28.0,28.0,0,0,0,0,0,0,0,0,0,0,0,0,0,0,0,0,0,0,0,0,0,0,0,0,0,0,0,0,0,0,0,0,0,0,0,0,0,0,0,0,0,0,0,0,0,0
100719,A,2020,0,1,12.0,1,2.0,17.0,14.0,4,0,0,6.0,1.0,38.0,40.0,0.0,0.0,1.0,1.0,1.0,1.0,6,1.0,0.0,0.0,1.0,1.0,1.0,4.0,0.0,0.0,0.0,0.0,A_2020,2.0,2022.0,24.0,26.0,0,0,0,0,0,0,0,0,0,0,0,0,0,0,0,0,0,0,0,0,0,0,0,0,0,0,0,0,0,0,0,0,0,0,0,0,0,0,0,0,0,0,0,0,0,0
100720,B,2018,0,1,11.0,1,1.0,,15.0,6,1,1,2.0,5.0,34.0,38.0,0.0,0.0,1.0,1.0,1.0,1.0,9,1.0,1.0,1.0,0.0,0.0,0.0,6.0,0.0,0.0,0.0,0.0,B_2018,4.0,2022.0,19.0,23.0,0,0,0,0,0,0,0,0,0,0,0,0,0,0,0,0,1,0,0,0,0,0,0,0,0,0,0,0,0,0,0,0,0,0,0,0,0,0,0,0,0,0,0,0,0,0
100721,A,2020,0,1,15.0,1,3.0,19.0,17.0,8,1,0,8.0,5.0,36.0,34.0,0.0,0.0,1.0,1.0,1.0,1.0,8,1.0,1.0,1.0,0.0,0.0,0.0,4.0,0.0,0.0,0.0,0.0,A_2020,2.0,2022.0,19.0,17.0,0,0,0,0,0,0,0,0,0,0,0,0,0,0,0,0,0,0,0,0,0,0,0,0,0,0,0,0,0,0,0,0,0,0,0,0,0,0,0,0,0,0,0,0,0,0
100722,A,2020,1,0,12.0,1,3.0,17.0,14.0,4,0,0,,5.0,48.0,39.0,0.0,1.0,1.0,1.0,1.0,1.0,8,1.0,1.0,1.0,0.0,0.0,0.0,4.0,0.0,0.0,0.0,0.0,A_2020,2.0,2022.0,34.0,25.0,0,0,0,0,0,0,0,0,0,0,0,0,0,0,0,0,0,0,0,0,0,0,0,0,0,0,0,0,0,0,0,0,0,0,0,0,0,0,0,0,0,0,0,0,0,0
100723,A,2020,1,1,14.0,1,,19.0,16.0,3,0,0,3.0,5.0,48.0,36.0,0.0,0.0,1.0,1.0,0.0,0.0,7,1.0,1.0,0.0,0.0,0.0,0.0,3.0,0.0,0.0,0.0,0.0,A_2020,2.0,2022.0,32.0,20.0,0,0,0,0,0,0,0,0,0,0,0,0,0,0,0,0,0,0,0,0,0,0,0,0,0,0,0,0,0,0,0,0,0,0,0,0,0,0,0,0,0,0,0,0,0,0
100724,A,2020,0,1,12.0,1,2.0,19.0,14.0,4,0,0,11.0,11.0,41.0,41.0,0.0,1.0,1.0,1.0,1.0,1.0,8,1.0,1.0,1.0,0.0,0.0,0.0,4.0,0.0,0.0,0.0,0.0,A_2020,2.0,2022.0,27.0,27.0,0,0,0,0,0,0,0,0,0,0,0,0,0,0,0,0,0,0,0,0,0,0,0,0,0,0,0,0,0,0,0,0,0,0,0,0,0,0,0,0,0,0,0,0,0,0
100725,A,2020,0,1,12.0,1,2.0,,14.0,3,0,0,11.0,6.0,33.0,37.0,0.0,0.0,1.0,1.0,1.0,1.0,8,1.0,1.0,1.0,0.0,0.0,0.0,4.0,0.0,0.0,0.0,0.0,A_2020,2.0,2022.0,19.0,23.0,0,0,0,0,0,0,0,0,0,0,0,0,0,0,0,0,0,0,0,0,0,0,0,0,0,0,0,0,0,0,0,0,0,0,0,0,0,0,0,0,0,0,0,0,0,0
100726,A,2020,1,1,10.0,1,2.0,19.0,12.0,3,0,0,5.0,5.0,42.0,40.0,0.0,1.0,1.0,1.0,1.0,1.0,8,1.0,1.0,1.0,0.0,0.0,0.0,4.0,0.0,0.0,0.0,0.0,A_2020,2.0,2022.0,30.0,28.0,0,0,0,0,0,0,0,0,0,0,0,0,0,0,0,0,0,0,0,0,0,0,0,0,0,0,0,0,0,0,0,0,0,0,0,0,0,0,0,0,0,0,0,0,0,0
100727,A,2020,0,1,10.0,1,2.0,19.0,13.0,3,0,0,11.0,5.0,36.0,45.0,0.0,0.0,0.0,0.0,0.0,1.0,8,1.0,1.0,1.0,0.0,0.0,0.0,4.0,0.0,0.0,0.0,0.0,A_2020,3.0,2023.0,23.0,32.0,0,0,0,0,0,0,0,0,0,0,0,0,0,0,0,0,0,0,0,0,0,0,0,0,0,0,0,0,0,0,0,0,0,0,0,0,0,0,0,0,0,0,0,0,0,0
100728,A,2020,0,0,12.0,1,,17.0,15.0,4,0,0,,,60.0,70.0,0.0,0.0,1.0,1.0,1.0,1.0,8,1.0,1.0,1.0,0.0,0.0,0.0,4.0,0.0,0.0,0.0,0.0,A_2020,3.0,2023.0,45.0,55.0,0,0,0,0,0,0,0,0,0,0,0,0,0,0,0,0,0,0,0,0,0,0,0,0,0,0,0,0,0,0,0,0,0,0,0,0,0,0,0,0,0,0,0,0,0,0
100729,A,2020,0,0,11.0,1,,12.0,14.0,7,1,0,10.0,11.0,32.0,38.0,0.0,0.0,1.0,1.0,1.0,1.0,8,1.0,1.0,1.0,0.0,0.0,0.0,4.0,0.0,0.0,0.0,0.0,A_2020,3.0,2023.0,18.0,24.0,0,0,0,0,0,0,0,0,0,0,0,0,0,0,0,0,0,0,0,0,0,0,0,0,0,0,0,0,0,0,0,0,0,0,0,0,0,0,0,0,0,0,0,0,0,0
100730,A,2020,0,1,,1,3.0,18.0,14.0,4,1,0,9.0,2.0,42.0,46.0,,0.0,0.0,0.0,1.0,1.0,7,1.0,1.0,0.0,0.0,1.0,1.0,4.0,0.0,0.0,0.0,0.0,A_2020,,,28.0,32.0,1,0,0,0,0,0,0,0,0,0,0,0,0,0,0,0,0,0,0,0,0,0,0,0,0,0,0,0,0,0,0,0,0,0,0,0,0,0,0,0,0,0,0,0,0,0
100731,A,2020,1,0,12.0,1,,18.0,15.0,8,1,0,5.0,5.0,48.0,46.0,0.0,0.0,1.0,1.0,0.0,0.0,6,1.0,0.0,0.0,0.0,1.0,1.0,3.0,0.0,0.0,0.0,0.0,A_2020,3.0,2023.0,33.0,31.0,0,0,0,0,0,0,0,0,0,0,0,0,0,0,0,0,0,0,0,0,0,0,0,0,0,0,0,0,0,0,0,0,0,0,0,0,0,0,0,0,0,0,0,0,0,0
100732,B,2018,1,0,16.0,0,1.0,,20.0,7,1,1,2.0,,58.0,,,0.0,1.0,1.0,0.0,0.0,7,1.0,1.0,0.0,0.0,0.0,0.0,2.0,0.0,0.0,1.0,0.0,B_2018,4.0,2022.0,38.0,,0,0,0,0,0,0,0,0,0,0,0,0,0,0,0,1,0,0,0,0,0,0,0,0,0,0,0,0,0,0,0,0,0,0,0,0,0,0,0,0,0,0,0,0,0,0
100733,A,2020,1,0,14.0,1,,,16.0,8,1,0,5.0,,36.0,,,0.0,1.0,0.0,0.0,1.0,6,1.0,0.0,0.0,0.0,0.0,0.0,3.0,0.0,0.0,0.0,0.0,A_2020,2.0,2022.0,20.0,,0,0,0,0,0,0,0,0,0,0,0,0,0,0,0,0,0,0,0,0,0,0,0,0,0,0,0,0,0,0,0,0,0,0,0,0,0,0,0,0,0,0,0,0,0,0
100734,A,2022,1,0,15.0,1,2.0,,16.0,7,1,0,5.0,,37.0,,,1.0,1.0,1.0,,1.0,6,0.0,0.0,0.0,0.0,0.0,0.0,2.0,0.0,0.0,0.0,0.0,A_2022,1.0,2023.0,21.0,,0,0,0,1,1,0,0,1,0,0,0,0,0,0,0,0,0,0,0,0,0,0,0,0,0,0,0,0,0,0,0,0,0,0,0,0,0,0,0,0,0,0,0,0,0,0
100735,A,2020,0,0,,1,2.0,19.0,17.0,6,0,0,3.0,5.0,37.0,42.0,0.0,0.0,1.0,1.0,0.0,0.0,6,1.0,0.0,0.0,0.0,0.0,0.0,2.0,0.0,0.0,0.0,0.0,A_2020,,,20.0,25.0,1,0,0,0,0,0,0,0,0,0,0,0,0,0,0,0,0,0,0,0,0,0,0,0,0,0,0,0,0,0,0,0,0,0,0,0,0,0,0,0,0,0,0,0,0,0
100736,A,2020,1,0,15.0,1,,19.0,18.0,8,1,0,7.0,,38.0,,,0.0,1.0,1.0,0.0,0.0,11,0.0,0.0,0.0,0.0,0.0,0.0,3.0,0.0,0.0,0.0,0.0,A_2020,3.0,2023.0,20.0,,0,0,0,0,1,1,1,1,0,0,0,0,0,0,0,0,0,0,0,0,0,0,0,0,0,0,0,0,0,0,0,0,0,0,0,0,0,0,0,0,0,0,0,0,0,0
100737,A,2020,1,0,13.0,1,2.0,12.0,16.0,7,1,0,11.0,,44.0,,,1.0,1.0,1.0,1.0,1.0,8,1.0,1.0,1.0,0.0,0.0,0.0,4.0,0.0,0.0,0.0,0.0,A_2020,3.0,2023.0,28.0,,0,0,0,0,0,0,0,0,0,0,0,0,0,0,0,0,0,0,0,0,0,0,0,0,0,0,0,0,0,0,0,0,0,0,0,0,0,0,0,0,0,0,0,0,0,0
100738,A,2022,0,0,11.0,1,1.0,,12.0,8,1,0,8.0,8.0,49.0,42.0,0.0,0.0,1.0,1.0,1.0,1.0,6,1.0,0.0,0.0,0.0,0.0,0.0,2.0,0.0,0.0,0.0,0.0,A_2022,1.0,2023.0,37.0,30.0,0,0,0,1,0,0,0,0,0,0,0,0,0,0,0,0,0,0,0,0,0,0,0,0,0,0,0,0,0,0,0,0,0,0,0,0,0,0,0,0,0,0,0,0,0,0
100739,A,2020,0,1,,1,1.0,19.0,14.0,3,0,0,5.0,3.0,42.0,43.0,0.0,0.0,1.0,0.0,0.0,1.0,7,1.0,1.0,0.0,1.0,1.0,1.0,4.0,0.0,0.0,1.0,0.0,A_2020,,,28.0,29.0,1,0,0,0,0,0,0,0,0,0,0,0,0,0,0,1,0,0,0,0,0,0,0,0,0,0,0,0,0,0,0,0,0,0,0,0,0,0,0,0,0,0,0,0,0,0
100740,A,2020,1,0,12.0,1,2.0,19.0,14.0,3,0,0,8.0,6.0,41.0,43.0,1.0,1.0,1.0,1.0,1.0,1.0,8,1.0,1.0,1.0,0.0,0.0,0.0,4.0,0.0,0.0,0.0,0.0,A_2020,2.0,2022.0,27.0,29.0,0,0,0,0,0,0,0,0,0,0,0,0,0,0,0,0,0,0,0,0,0,0,0,0,0,0,0,0,0,0,0,0,0,0,0,0,0,0,0,0,0,0,0,0,0,0
100741,A,2020,0,0,14.0,1,2.0,19.0,17.0,3,0,0,3.0,2.0,54.0,48.0,0.0,0.0,1.0,0.0,0.0,1.0,8,1.0,1.0,1.0,0.0,0.0,0.0,4.0,0.0,0.0,0.0,0.0,A_2020,3.0,2023.0,37.0,31.0,0,0,0,0,0,0,0,0,0,0,0,0,0,0,0,0,0,0,0,0,0,0,0,0,0,0,0,0,0,0,0,0,0,0,0,0,0,0,0,0,0,0,0,0,0,0
100742,A,2020,0,0,14.0,1,,,17.0,5,1,0,1.0,5.0,40.0,45.0,0.0,0.0,1.0,1.0,1.0,1.0,9,1.0,1.0,1.0,0.0,0.0,0.0,4.0,0.0,1.0,0.0,0.0,A_2020,3.0,2023.0,23.0,28.0,0,0,0,0,0,0,0,0,0,0,0,0,0,0,0,0,0,0,0,0,0,0,0,0,0,0,0,0,0,0,0,0,0,0,0,0,0,0,0,0,0,0,0,0,0,0
100743,A,2020,1,0,11.0,1,2.0,4.0,14.0,7,1,0,3.0,3.0,52.0,58.0,0.0,0.0,1.0,1.0,1.0,1.0,7,1.0,1.0,0.0,1.0,1.0,1.0,4.0,0.0,0.0,0.0,0.0,A_2020,3.0,2023.0,38.0,44.0,0,0,0,0,0,0,0,0,0,0,0,0,0,0,0,0,0,0,0,0,0,0,0,0,0,0,0,0,0,0,0,0,0,0,0,0,0,0,0,0,0,0,0,0,0,0
100744,A,2020,1,1,11.0,1,2.0,12.0,14.0,7,1,0,3.0,2.0,45.0,48.0,0.0,1.0,1.0,1.0,1.0,1.0,8,1.0,1.0,1.0,0.0,0.0,0.0,4.0,0.0,0.0,0.0,0.0,A_2020,3.0,2023.0,31.0,34.0,0,0,0,0,0,0,0,0,0,0,0,0,0,0,0,0,0,0,0,0,0,0,0,0,0,0,0,0,0,0,0,0,0,0,0,0,0,0,0,0,0,0,0,0,0,0
100745,A,2020,0,1,12.0,1,2.0,19.0,14.0,4,0,0,5.0,5.0,44.0,46.0,0.0,0.0,1.0,1.0,1.0,1.0,8,1.0,1.0,1.0,0.0,0.0,0.0,4.0,0.0,0.0,0.0,0.0,A_2020,2.0,2022.0,30.0,32.0,0,0,0,0,0,0,0,0,0,0,0,0,0,0,0,0,0,0,0,0,0,0,0,0,0,0,0,0,0,0,0,0,0,0,0,0,0,0,0,0,0,0,0,0,0,0
100746,A,2020,1,0,11.0,1,2.0,15.0,14.0,3,0,0,8.0,11.0,42.0,40.0,1.0,1.0,1.0,0.0,1.0,1.0,8,1.0,1.0,1.0,0.0,0.0,0.0,2.0,0.0,0.0,0.0,0.0,A_2020,3.0,2023.0,28.0,26.0,0,0,0,0,0,0,0,0,0,0,0,0,0,0,0,0,0,0,0,0,0,0,0,0,0,0,0,0,0,0,0,0,0,0,0,0,0,0,0,0,0,0,0,0,0,0
100747,A,2020,1,0,14.0,1,2.0,5.0,17.0,4,0,0,5.0,,48.0,,,1.0,1.0,1.0,1.0,1.0,8,1.0,1.0,1.0,0.0,0.0,0.0,4.0,0.0,0.0,0.0,0.0,A_2020,3.0,2023.0,31.0,,0,0,0,0,0,0,0,0,0,0,0,0,0,0,0,0,0,0,0,0,0,0,0,0,0,0,0,0,0,0,0,0,0,0,0,0,0,0,0,0,0,0,0,0,0,0
100748,A,2020,0,0,16.0,1,2.0,5.0,18.0,7,1,0,5.0,11.0,42.0,58.0,0.0,0.0,1.0,1.0,1.0,1.0,8,1.0,1.0,1.0,0.0,1.0,1.0,4.0,0.0,0.0,0.0,0.0,A_2020,2.0,2022.0,24.0,40.0,0,0,0,0,0,0,0,0,0,0,0,0,0,0,0,0,0,0,0,0,0,0,0,0,0,0,0,0,0,0,0,0,0,0,0,0,0,0,0,0,0,0,0,0,0,0
100749,A,2020,1,1,11.0,1,2.0,5.0,13.0,4,0,0,8.0,5.0,31.0,38.0,0.0,1.0,1.0,1.0,1.0,1.0,8,1.0,1.0,1.0,0.0,0.0,0.0,4.0,0.0,0.0,1.0,15.0,A_2020,2.0,2022.0,18.0,25.0,0,0,0,0,0,0,0,0,0,0,0,0,0,0,0,0,0,0,0,0,0,0,0,0,0,0,0,0,0,0,0,0,0,0,0,0,0,0,0,0,0,0,0,0,0,0
100750,A,2020,1,0,12.0,1,2.0,5.0,14.0,2,0,0,5.0,3.0,42.0,38.0,0.0,0.0,1.0,0.0,0.0,1.0,7,1.0,1.0,0.0,1.0,1.0,1.0,4.0,0.0,0.0,0.0,0.0,A_2020,2.0,2022.0,28.0,24.0,0,0,0,0,0,0,0,0,0,0,0,0,0,0,0,0,0,0,0,0,0,0,0,0,0,0,0,0,0,0,0,0,0,0,0,0,0,0,0,0,0,0,0,0,0,0
100751,A,2020,0,1,11.0,1,2.0,6.0,13.0,2,0,0,11.0,11.0,39.0,40.0,0.0,0.0,1.0,1.0,1.0,1.0,8,1.0,1.0,1.0,0.0,0.0,0.0,4.0,0.0,0.0,0.0,0.0,A_2020,2.0,2022.0,26.0,27.0,0,0,0,0,0,0,0,0,0,0,0,0,0,0,0,0,0,0,0,0,0,0,0,0,0,0,0,0,0,0,0,0,0,0,0,0,0,0,0,0,0,0,0,0,0,0
100752,A,2020,1,0,11.0,1,,18.0,13.0,8,1,0,5.0,7.0,45.0,43.0,0.0,0.0,1.0,1.0,0.0,0.0,8,1.0,1.0,1.0,0.0,0.0,0.0,3.0,0.0,0.0,1.0,30.0,A_2020,2.0,2022.0,32.0,30.0,0,0,0,0,0,0,0,0,0,0,0,0,0,0,0,0,0,0,0,0,0,0,0,0,0,0,0,0,0,0,0,0,0,0,0,0,0,0,0,0,0,0,0,0,0,0
100753,A,2020,1,1,13.0,1,,11.0,15.0,3,0,1,6.0,2.0,40.0,48.0,0.0,1.0,1.0,1.0,1.0,1.0,8,1.0,1.0,1.0,0.0,0.0,0.0,4.0,0.0,0.0,0.0,0.0,A_2020,2.0,2022.0,25.0,33.0,0,0,0,0,0,0,0,0,0,0,0,0,0,0,0,0,0,0,0,0,0,0,0,0,0,0,0,0,0,0,0,0,0,0,0,0,0,0,0,0,0,0,0,0,0,0
100754,A,2020,1,0,11.0,1,2.0,,13.0,4,0,0,7.0,5.0,33.0,36.0,0.0,0.0,1.0,1.0,1.0,1.0,7,1.0,1.0,0.0,1.0,1.0,1.0,4.0,0.0,0.0,0.0,0.0,A_2020,2.0,2022.0,20.0,23.0,0,0,0,0,0,0,0,0,0,0,0,0,0,0,0,0,0,0,0,0,0,0,0,0,0,0,0,0,0,0,0,0,0,0,0,0,0,0,0,0,0,0,0,0,0,0
100755,A,2020,1,1,13.0,1,3.0,,15.0,3,0,0,6.0,5.0,43.0,48.0,0.0,1.0,1.0,1.0,1.0,1.0,8,1.0,1.0,1.0,0.0,0.0,0.0,4.0,0.0,0.0,0.0,0.0,A_2020,2.0,2022.0,28.0,33.0,0,0,0,0,0,0,0,0,0,0,0,0,0,0,0,0,0,0,0,0,0,0,0,0,0,0,0,0,0,0,0,0,0,0,0,0,0,0,0,0,0,0,0,0,0,0
100756,A,2020,1,1,10.0,1,2.0,19.0,13.0,3,0,0,10.0,,38.0,,,0.0,1.0,1.0,1.0,1.0,7,1.0,1.0,0.0,1.0,1.0,1.0,4.0,0.0,0.0,0.0,0.0,A_2020,3.0,2023.0,25.0,,0,0,0,0,0,0,0,0,0,0,0,0,0,0,0,0,0,0,0,0,0,0,0,0,0,0,0,0,0,0,0,0,0,0,0,0,0,0,0,0,0,0,0,0,0,0
100757,A,2020,1,1,12.0,1,2.0,,15.0,4,0,0,11.0,7.0,34.0,39.0,1.0,1.0,1.0,1.0,1.0,1.0,8,1.0,1.0,1.0,0.0,0.0,0.0,4.0,0.0,0.0,0.0,0.0,A_2020,3.0,2023.0,19.0,24.0,0,0,0,0,0,0,0,0,0,0,0,0,0,0,0,0,0,0,0,0,0,0,0,0,0,0,0,0,0,0,0,0,0,0,0,0,0,0,0,0,0,0,0,0,0,0
100758,B,2018,0,1,12.0,0,2.0,,16.0,6,1,0,5.0,5.0,52.0,46.0,0.0,0.0,1.0,1.0,1.0,1.0,9,1.0,1.0,1.0,0.0,0.0,0.0,6.0,0.0,0.0,1.0,16.0,B_2018,4.0,2022.0,36.0,30.0,0,0,0,0,0,0,0,0,0,0,0,0,0,0,0,0,1,0,0,0,0,0,0,0,0,0,0,0,0,0,0,0,0,0,0,0,0,0,0,0,0,0,0,0,0,0
100759,A,2020,0,1,12.0,1,2.0,,15.0,5,0,0,6.0,5.0,35.0,39.0,0.0,0.0,,,,1.0,8,1.0,1.0,1.0,,0.0,0.0,1.0,0.0,0.0,0.0,0.0,A_2020,3.0,2023.0,20.0,24.0,0,0,0,0,0,0,0,0,0,0,0,0,0,0,0,0,0,0,0,0,0,0,0,0,0,0,0,0,0,0,0,0,0,0,0,0,0,0,0,0,0,0,0,0,0,0
100760,A,2020,0,0,,1,3.0,,17.0,3,0,1,,,,,,0.0,1.0,0.0,0.0,1.0,7,1.0,1.0,0.0,0.0,0.0,0.0,3.0,0.0,0.0,0.0,0.0,A_2020,,,,,1,0,0,0,0,0,0,0,0,0,0,0,0,0,0,0,0,0,0,0,0,0,0,0,0,0,0,0,0,0,0,0,0,0,0,0,0,0,0,0,0,0,0,0,0,0
100761,B,2018,1,1,12.0,1,2.0,,17.0,7,1,1,6.0,8.0,37.0,50.0,0.0,0.0,1.0,1.0,1.0,1.0,7,1.0,1.0,0.0,1.0,1.0,2.0,6.0,0.0,0.0,0.0,0.0,B_2018,5.0,2023.0,20.0,33.0,0,0,0,1,0,0,0,0,0,0,0,0,0,0,0,0,1,0,0,0,0,0,0,0,0,0,0,0,0,0,0,0,0,0,0,0,0,0,0,0,0,0,0,0,0,0
100762,A,2020,1,0,,1,2.0,15.0,14.0,4,0,0,5.0,5.0,49.0,58.0,,0.0,1.0,0.0,1.0,1.0,7,1.0,1.0,0.0,0.0,0.0,0.0,3.0,0.0,0.0,0.0,0.0,A_2020,,,35.0,44.0,1,0,0,0,0,0,0,0,0,0,0,0,0,0,0,0,0,0,0,0,0,0,0,0,0,0,0,0,0,0,0,0,0,0,0,0,0,0,0,0,0,0,0,0,0,0
100763,B,2018,0,1,13.0,1,,,17.0,6,1,1,3.0,,45.0,,,0.0,0.0,0.0,0.0,1.0,9,1.0,1.0,1.0,0.0,0.0,0.0,6.0,0.0,0.0,0.0,0.0,B_2018,4.0,2022.0,28.0,,0,0,0,0,0,0,0,0,0,0,0,0,0,0,0,0,1,0,0,0,0,0,0,0,0,0,0,0,0,0,0,0,0,0,0,0,0,0,0,0,0,0,0,0,0,0
100764,A,2020,1,0,11.0,1,3.0,,13.0,3,0,0,9.0,11.0,34.0,38.0,0.0,1.0,1.0,1.0,1.0,1.0,8,1.0,1.0,1.0,0.0,0.0,0.0,4.0,0.0,0.0,0.0,0.0,A_2020,2.0,2022.0,21.0,25.0,0,0,0,0,0,0,0,0,0,0,0,0,0,0,0,0,0,0,0,0,0,0,0,0,0,0,0,0,0,0,0,0,0,0,0,0,0,0,0,0,0,0,0,0,0,0
100765,A,2022,0,1,11.0,1,2.0,,11.0,7,1,0,11.0,5.0,30.0,34.0,0.0,0.0,1.0,0.0,0.0,1.0,6,1.0,0.0,0.0,0.0,0.0,0.0,2.0,0.0,0.0,0.0,0.0,A_2022,0.0,2022.0,19.0,23.0,0,0,1,1,0,0,0,0,0,0,0,0,0,0,0,0,0,0,0,0,0,0,0,0,0,0,0,0,0,0,0,0,0,0,0,0,0,0,0,0,0,0,0,0,0,0
100766,A,2020,0,1,12.0,1,2.0,5.0,14.0,3,0,0,3.0,5.0,40.0,51.0,0.0,0.0,1.0,1.0,1.0,1.0,8,1.0,1.0,1.0,0.0,0.0,0.0,4.0,0.0,0.0,1.0,0.0,A_2020,2.0,2022.0,26.0,37.0,0,0,0,0,0,0,0,0,0,0,0,0,0,0,0,1,0,0,0,0,0,0,0,0,0,0,0,0,0,0,0,0,0,0,0,0,0,0,0,0,0,0,0,0,0,0
100767,A,2020,0,1,12.0,1,1.0,5.0,15.0,4,0,0,11.0,5.0,34.0,40.0,,0.0,1.0,1.0,1.0,1.0,8,1.0,1.0,1.0,0.0,0.0,0.0,4.0,0.0,0.0,0.0,4.0,A_2020,3.0,2023.0,19.0,25.0,0,0,0,0,0,0,0,0,0,0,0,0,0,0,1,0,0,0,0,0,0,0,0,0,0,0,0,0,0,0,0,0,0,0,0,0,0,0,0,0,0,0,0,0,0,0
100768,A,2020,0,0,12.0,1,3.0,17.0,16.0,5,1,0,8.0,,40.0,,,0.0,0.0,0.0,1.0,1.0,8,1.0,1.0,1.0,0.0,1.0,1.0,4.0,0.0,0.0,0.0,0.0,A_2020,4.0,2024.0,24.0,,0,0,0,0,0,0,0,0,0,0,0,0,0,0,0,0,0,0,0,0,0,0,0,0,0,0,0,0,0,0,0,0,0,0,0,0,0,0,0,0,0,0,0,0,0,0
100769,A,2020,0,1,14.0,1,2.0,19.0,17.0,4,0,0,5.0,9.0,34.0,34.0,0.0,0.0,1.0,1.0,0.0,0.0,11,0.0,0.0,0.0,0.0,0.0,0.0,3.0,0.0,0.0,1.0,40.0,A_2020,3.0,2023.0,17.0,17.0,0,0,0,0,1,1,1,1,0,0,0,0,0,0,0,0,0,0,0,0,0,0,0,0,0,0,0,0,0,0,0,0,0,0,0,0,0,0,0,0,0,0,0,0,0,0
100770,A,2020,1,1,14.0,1,2.0,19.0,16.0,3,0,0,5.0,5.0,53.0,65.0,0.0,1.0,1.0,1.0,1.0,1.0,8,1.0,1.0,1.0,0.0,0.0,0.0,4.0,0.0,0.0,1.0,10.0,A_2020,2.0,2022.0,37.0,49.0,0,0,0,0,0,0,0,0,0,0,0,0,0,0,0,0,0,0,0,0,0,0,0,0,0,0,0,0,0,0,0,0,0,0,0,0,0,0,0,0,0,0,0,0,0,0
100771,A,2020,1,0,15.0,1,,19.0,18.0,3,0,0,,,38.0,,,0.0,1.0,1.0,0.0,0.0,8,1.0,1.0,1.0,0.0,0.0,0.0,3.0,0.0,0.0,0.0,0.0,A_2020,3.0,2023.0,20.0,,0,0,0,0,0,0,0,0,0,0,0,0,0,0,0,0,0,0,0,0,0,0,0,0,0,0,0,0,0,0,0,0,0,0,0,0,0,0,0,0,0,0,0,0,0,0
100772,A,2022,0,1,11.0,1,2.0,,13.0,7,1,0,0.0,3.0,52.0,51.0,0.0,0.0,1.0,0.0,0.0,1.0,6,1.0,0.0,0.0,0.0,0.0,0.0,2.0,0.0,0.0,0.0,0.0,A_2022,2.0,2024.0,39.0,38.0,0,0,0,0,0,0,0,0,0,0,0,0,0,0,0,0,0,0,0,0,0,0,0,0,0,0,0,0,0,0,0,0,0,0,0,0,0,0,0,0,0,0,0,0,0,0
100773,B,2018,0,1,12.0,0,2.0,,17.0,7,1,1,,,,,,0.0,0.0,1.0,1.0,1.0,9,1.0,1.0,1.0,1.0,1.0,1.0,6.0,0.0,0.0,0.0,0.0,B_2018,5.0,2023.0,,,0,0,0,1,0,0,0,0,0,0,0,0,0,0,0,0,1,0,0,0,0,0,0,0,0,0,0,0,0,0,0,0,0,0,0,0,0,0,0,0,0,0,0,0,0,0
100774,A,2020,1,0,12.0,1,1.0,19.0,14.0,8,1,0,2.0,2.0,32.0,41.0,,1.0,1.0,1.0,1.0,1.0,8,1.0,1.0,1.0,0.0,0.0,0.0,4.0,0.0,0.0,0.0,0.0,A_2020,2.0,2022.0,18.0,27.0,0,0,0,0,0,0,0,0,0,0,0,0,0,0,0,0,0,0,0,0,0,0,0,0,0,0,0,0,0,0,0,0,0,0,0,0,0,0,0,0,0,0,0,0,0,0
100775,A,2020,0,0,12.0,1,2.0,11.0,14.0,3,0,1,11.0,2.0,36.0,36.0,0.0,0.0,1.0,1.0,1.0,1.0,8,1.0,1.0,1.0,0.0,0.0,0.0,4.0,0.0,0.0,0.0,0.0,A_2020,2.0,2022.0,22.0,22.0,0,0,0,0,0,0,0,0,0,0,0,0,0,0,0,0,0,0,0,0,0,0,0,0,0,0,0,0,0,0,0,0,0,0,0,0,0,0,0,0,0,0,0,0,0,0
100776,A,2022,1,1,11.0,1,1.0,,12.0,7,1,0,3.0,11.0,52.0,46.0,0.0,1.0,1.0,1.0,1.0,1.0,6,1.0,0.0,0.0,0.0,0.0,0.0,2.0,0.0,0.0,0.0,0.0,A_2022,1.0,2023.0,40.0,34.0,0,0,0,1,0,0,0,0,0,0,0,0,0,0,0,0,0,0,0,0,0,0,0,0,0,0,0,0,0,0,0,0,0,0,0,0,0,0,0,0,0,0,0,0,0,0
100777,A,2020,1,0,13.0,1,2.0,,15.0,3,0,0,3.0,2.0,43.0,52.0,0.0,1.0,1.0,1.0,1.0,1.0,8,1.0,1.0,1.0,0.0,0.0,0.0,4.0,0.0,0.0,0.0,0.0,A_2020,2.0,2022.0,28.0,37.0,0,0,0,0,0,0,0,0,0,0,0,0,0,0,0,0,0,0,0,0,0,0,0,0,0,0,0,0,0,0,0,0,0,0,0,0,0,0,0,0,0,0,0,0,0,0
100778,A,2020,0,1,11.0,1,2.0,,14.0,3,0,0,5.0,3.0,43.0,45.0,0.0,0.0,1.0,1.0,0.0,1.0,8,1.0,1.0,1.0,0.0,0.0,0.0,4.0,0.0,0.0,0.0,0.0,A_2020,3.0,2023.0,29.0,31.0,0,0,0,0,0,0,0,0,0,0,0,0,0,0,0,0,0,0,0,0,0,0,0,0,0,0,0,0,0,0,0,0,0,0,0,0,0,0,0,0,0,0,0,0,0,0
100779,A,2022,0,0,13.0,1,,,13.0,7,1,0,5.0,7.0,35.0,47.0,0.0,0.0,1.0,1.0,1.0,1.0,6,1.0,0.0,0.0,0.0,0.0,0.0,2.0,0.0,0.0,0.0,0.0,A_2022,0.0,2022.0,22.0,34.0,0,0,1,1,0,0,0,0,0,0,0,0,0,0,0,0,0,0,0,0,0,0,0,0,0,0,0,0,0,0,0,0,0,0,0,0,0,0,0,0,0,0,0,0,0,0
100780,A,2020,0,1,12.0,1,,19.0,14.0,3,0,0,9.0,11.0,42.0,56.0,0.0,1.0,1.0,1.0,1.0,1.0,8,1.0,1.0,1.0,0.0,0.0,0.0,4.0,0.0,0.0,1.0,40.0,A_2020,2.0,2022.0,28.0,42.0,0,0,0,0,0,0,0,0,0,0,0,0,0,0,0,0,0,0,0,0,0,0,0,0,0,0,0,0,0,0,0,0,0,0,0,0,0,0,0,0,0,0,0,0,0,0
100781,A,2020,1,0,12.0,1,2.0,8.0,15.0,8,1,0,5.0,5.0,40.0,50.0,0.0,1.0,1.0,1.0,1.0,1.0,8,1.0,1.0,1.0,0.0,0.0,0.0,4.0,0.0,0.0,0.0,0.0,A_2020,3.0,2023.0,25.0,35.0,0,0,0,0,0,0,0,0,0,0,0,0,0,0,0,0,0,0,0,0,0,0,0,0,0,0,0,0,0,0,0,0,0,0,0,0,0,0,0,0,0,0,0,0,0,0
100782,A,2020,1,0,12.0,1,2.0,7.0,14.0,2,0,0,1.0,,42.0,,,1.0,1.0,1.0,1.0,1.0,8,1.0,1.0,1.0,0.0,0.0,0.0,4.0,0.0,0.0,1.0,6.0,A_2020,2.0,2022.0,28.0,,0,0,0,0,0,0,0,0,0,0,0,0,0,0,0,0,0,0,0,0,0,0,0,0,0,0,0,0,0,0,0,0,0,0,0,0,0,0,0,0,0,0,0,0,0,0
100783,A,2022,1,1,11.0,1,2.0,,12.0,7,1,0,5.0,5.0,40.0,48.0,1.0,1.0,1.0,1.0,1.0,1.0,6,1.0,0.0,0.0,0.0,0.0,0.0,2.0,0.0,0.0,0.0,0.0,A_2022,1.0,2023.0,28.0,36.0,0,0,0,1,0,0,0,0,0,0,0,0,0,0,0,0,0,0,0,0,0,0,0,0,0,0,0,0,0,0,0,0,0,0,0,0,0,0,0,0,0,0,0,0,0,0
100784,A,2022,1,0,12.0,1,2.0,,12.0,7,1,0,7.0,11.0,42.0,56.0,0.0,1.0,1.0,1.0,1.0,1.0,6,1.0,0.0,0.0,0.0,0.0,0.0,2.0,0.0,0.0,0.0,0.0,A_2022,0.0,2022.0,30.0,44.0,0,0,1,1,0,0,0,0,0,0,0,0,0,0,0,0,0,0,0,0,0,0,0,0,0,0,0,0,0,0,0,0,0,0,0,0,0,0,0,0,0,0,0,0,0,0
100785,A,2020,0,0,13.0,1,1.0,17.0,15.0,4,0,0,5.0,2.0,38.0,49.0,0.0,0.0,1.0,0.0,0.0,1.0,8,1.0,1.0,1.0,0.0,0.0,0.0,4.0,0.0,0.0,0.0,0.0,A_2020,2.0,2022.0,23.0,34.0,0,0,0,0,0,0,0,0,0,0,0,0,0,0,0,0,0,0,0,0,0,0,0,0,0,0,0,0,0,0,0,0,0,0,0,0,0,0,0,0,0,0,0,0,0,0
100786,A,2020,1,0,12.0,1,3.0,16.0,14.0,3,0,0,11.0,,42.0,,,0.0,1.0,1.0,1.0,1.0,8,1.0,1.0,1.0,0.0,0.0,0.0,4.0,0.0,0.0,0.0,0.0,A_2020,2.0,2022.0,28.0,,0,0,0,0,0,0,0,0,0,0,0,0,0,0,0,0,0,0,0,0,0,0,0,0,0,0,0,0,0,0,0,0,0,0,0,0,0,0,0,0,0,0,0,0,0,0
100787,A,2020,1,1,13.0,1,2.0,12.0,15.0,3,0,0,9.0,7.0,37.0,47.0,0.0,0.0,1.0,1.0,1.0,1.0,8,1.0,1.0,1.0,0.0,0.0,0.0,4.0,0.0,0.0,0.0,0.0,A_2020,2.0,2022.0,22.0,32.0,0,0,0,0,0,0,0,0,0,0,0,0,0,0,0,0,0,0,0,0,0,0,0,0,0,0,0,0,0,0,0,0,0,0,0,0,0,0,0,0,0,0,0,0,0,0
100788,A,2020,0,0,11.0,1,2.0,19.0,13.0,5,0,0,8.0,11.0,37.0,38.0,0.0,0.0,1.0,1.0,0.0,1.0,8,1.0,1.0,1.0,0.0,0.0,0.0,4.0,0.0,0.0,0.0,0.0,A_2020,2.0,2022.0,24.0,25.0,0,0,0,0,0,0,0,0,0,0,0,0,0,0,0,0,0,0,0,0,0,0,0,0,0,0,0,0,0,0,0,0,0,0,0,0,0,0,0,0,0,0,0,0,0,0
100789,B,2018,0,1,14.0,1,1.0,,19.0,7,1,1,5.0,3.0,43.0,41.0,0.0,0.0,0.0,0.0,0.0,0.0,5,0.0,0.0,0.0,1.0,1.0,1.0,2.0,0.0,0.0,1.0,40.0,B_2018,5.0,2023.0,24.0,22.0,0,0,0,1,0,0,0,0,0,0,0,0,0,0,0,0,0,0,0,0,0,0,0,0,0,0,0,0,0,0,0,0,0,0,0,0,0,0,0,0,0,0,0,0,0,0
100790,A,2020,0,1,12.0,1,2.0,19.0,14.0,8,1,0,5.0,9.0,39.0,39.0,0.0,0.0,1.0,0.0,1.0,1.0,6,1.0,0.0,0.0,0.0,1.0,1.0,3.0,0.0,0.0,0.0,0.0,A_2020,2.0,2022.0,25.0,25.0,0,0,0,0,0,0,0,0,0,0,0,0,0,0,0,0,0,0,0,0,0,0,0,0,0,0,0,0,0,0,0,0,0,0,0,0,0,0,0,0,0,0,0,0,0,0
100791,A,2020,0,0,11.0,1,1.0,,14.0,8,1,0,9.0,9.0,38.0,39.0,0.0,0.0,1.0,1.0,1.0,1.0,8,1.0,1.0,1.0,0.0,0.0,0.0,4.0,0.0,0.0,0.0,0.0,A_2020,3.0,2023.0,24.0,25.0,0,0,0,0,0,0,0,0,0,0,0,0,0,0,0,0,0,0,0,0,0,0,0,0,0,0,0,0,0,0,0,0,0,0,0,0,0,0,0,0,0,0,0,0,0,0
100792,A,2020,1,1,15.0,1,1.0,,18.0,3,0,0,0.0,5.0,58.0,54.0,0.0,0.0,1.0,1.0,0.0,0.0,6,1.0,0.0,0.0,0.0,0.0,0.0,2.0,0.0,0.0,1.0,40.0,A_2020,3.0,2023.0,40.0,36.0,0,0,0,0,0,0,0,0,0,0,0,0,0,0,0,0,0,0,0,0,0,0,0,0,0,0,0,0,0,0,0,0,0,0,0,0,0,0,0,0,0,0,0,0,0,0
100793,A,2020,1,0,12.0,1,3.0,,14.0,4,0,0,,3.0,38.0,,0.0,0.0,1.0,1.0,1.0,1.0,8,1.0,1.0,1.0,0.0,0.0,0.0,4.0,0.0,0.0,0.0,0.0,A_2020,2.0,2022.0,24.0,,0,0,0,0,0,0,0,0,0,0,0,0,0,0,0,0,0,0,0,0,0,0,0,0,0,0,0,0,0,0,0,0,0,0,0,0,0,0,0,0,0,0,0,0,0,0
100794,A,2020,1,1,14.0,1,2.0,15.0,16.0,3,0,0,8.0,,47.0,,,0.0,1.0,0.0,0.0,0.0,6,1.0,0.0,0.0,0.0,0.0,0.0,1.0,0.0,0.0,0.0,0.0,A_2020,2.0,2022.0,31.0,,0,0,0,0,0,0,0,0,0,0,0,0,0,0,0,0,0,0,0,0,0,0,0,0,0,0,0,0,0,0,0,0,0,0,0,0,0,0,0,0,0,0,0,0,0,0
100795,A,2020,1,0,11.0,1,,,13.0,3,0,0,2.0,2.0,35.0,36.0,0.0,1.0,1.0,1.0,1.0,1.0,8,1.0,1.0,1.0,0.0,0.0,0.0,4.0,0.0,0.0,0.0,0.0,A_2020,2.0,2022.0,22.0,23.0,0,0,0,0,0,0,0,0,0,0,0,0,0,0,0,0,0,0,0,0,0,0,0,0,0,0,0,0,0,0,0,0,0,0,0,0,0,0,0,0,0,0,0,0,0,0
100796,A,2022,0,1,13.0,1,3.0,,13.0,7,1,0,5.0,3.0,35.0,38.0,0.0,0.0,1.0,1.0,1.0,1.0,6,1.0,0.0,0.0,0.0,0.0,0.0,2.0,0.0,0.0,0.0,0.0,A_2022,0.0,2022.0,22.0,25.0,0,0,1,1,0,0,0,0,0,0,0,0,0,0,0,0,0,0,0,0,0,0,0,0,0,0,0,0,0,0,0,0,0,0,0,0,0,0,0,0,0,0,0,0,0,0
100797,A,2020,0,0,12.0,1,2.0,19.0,15.0,3,0,0,2.0,,51.0,,,0.0,1.0,1.0,1.0,1.0,8,1.0,1.0,1.0,0.0,0.0,0.0,4.0,0.0,0.0,1.0,10.0,A_2020,3.0,2023.0,36.0,,0,0,0,0,0,0,0,0,0,0,0,0,0,0,0,0,0,0,0,0,0,0,0,0,0,0,0,0,0,0,0,0,0,0,0,0,0,0,0,0,0,0,0,0,0,0
100798,A,2020,0,1,12.0,1,,17.0,14.0,4,0,0,3.0,,44.0,43.0,,0.0,1.0,1.0,1.0,1.0,8,1.0,1.0,1.0,0.0,0.0,0.0,4.0,0.0,0.0,0.0,0.0,A_2020,2.0,2022.0,30.0,29.0,0,0,0,0,0,0,0,0,0,0,0,0,0,0,0,0,0,0,0,0,0,0,0,0,0,0,0,0,0,0,0,0,0,0,0,0,0,0,0,0,0,0,0,0,0,0
100799,B,2018,1,0,12.0,0,3.0,,17.0,6,1,1,5.0,5.0,35.0,43.0,0.0,0.0,1.0,1.0,0.0,0.0,8,1.0,1.0,1.0,0.0,0.0,0.0,3.0,1.0,1.0,0.0,0.0,B_2018,5.0,2023.0,18.0,26.0,0,0,0,1,0,0,0,0,0,0,0,0,0,0,0,0,0,0,0,0,0,0,0,0,0,0,0,0,0,0,0,0,0,0,0,0,0,0,0,0,0,0,0,0,0,0
100800,A,2020,0,0,12.0,1,1.0,19.0,14.0,4,0,0,4.0,,39.0,,,0.0,1.0,1.0,1.0,1.0,8,1.0,1.0,1.0,0.0,0.0,0.0,4.0,0.0,0.0,0.0,0.0,A_2020,2.0,2022.0,25.0,,0,0,0,0,0,0,0,0,0,0,0,0,0,0,0,0,0,0,0,0,0,0,0,0,0,0,0,0,0,0,0,0,0,0,0,0,0,0,0,0,0,0,0,0,0,0
100801,B,2018,0,0,15.0,1,,,19.0,6,1,1,2.0,3.0,50.0,56.0,0.0,0.0,0.0,0.0,0.0,1.0,9,1.0,1.0,1.0,0.0,0.0,0.0,6.0,0.0,0.0,0.0,0.0,B_2018,4.0,2022.0,31.0,37.0,0,0,0,0,0,0,0,0,0,0,0,0,0,0,0,0,1,0,0,0,0,0,0,0,0,0,0,0,0,0,0,0,0,0,0,0,0,0,0,0,0,0,0,0,0,0
100802,A,2022,1,0,12.0,1,3.0,,12.0,7,1,0,11.0,9.0,43.0,42.0,0.0,0.0,1.0,1.0,1.0,1.0,6,1.0,0.0,0.0,1.0,1.0,1.0,2.0,0.0,0.0,0.0,0.0,A_2022,0.0,2022.0,31.0,30.0,0,0,1,1,0,0,0,0,0,0,0,0,0,0,0,0,0,0,0,0,0,0,0,0,0,0,0,0,0,0,0,0,0,0,0,0,0,0,0,0,0,0,0,0,0,0
100803,B,2018,0,0,12.0,0,2.0,,16.0,7,1,1,5.0,6.0,34.0,46.0,0.0,0.0,0.0,0.0,0.0,1.0,9,1.0,1.0,1.0,0.0,0.0,0.0,6.0,0.0,0.0,0.0,0.0,B_2018,4.0,2022.0,18.0,30.0,0,0,0,0,0,0,0,0,0,0,0,0,0,0,0,0,1,0,0,0,0,0,0,0,0,0,0,0,0,0,0,0,0,0,0,0,0,0,0,0,0,0,0,0,0,0
100804,A,2020,1,0,12.0,1,3.0,7.0,14.0,2,0,0,5.0,5.0,38.0,38.0,0.0,0.0,0.0,0.0,0.0,1.0,8,1.0,1.0,1.0,0.0,0.0,0.0,4.0,0.0,0.0,1.0,28.0,A_2020,2.0,2022.0,24.0,24.0,0,0,0,0,0,0,0,0,0,0,0,0,0,0,0,0,0,0,0,0,0,0,0,0,0,0,0,0,0,0,0,0,0,0,0,0,0,0,0,0,0,0,0,0,0,0
100805,A,2020,1,0,13.0,1,2.0,15.0,16.0,6,0,0,6.0,11.0,39.0,44.0,,1.0,1.0,1.0,1.0,1.0,8,1.0,1.0,1.0,0.0,0.0,0.0,4.0,0.0,0.0,0.0,0.0,A_2020,3.0,2023.0,23.0,28.0,0,0,0,0,0,0,0,0,0,0,0,0,0,0,0,0,0,0,0,0,0,0,0,0,0,0,0,0,0,0,0,0,0,0,0,0,0,0,0,0,0,0,0,0,0,0
100806,A,2020,0,1,12.0,1,1.0,5.0,14.0,3,0,0,5.0,5.0,,46.0,0.0,0.0,1.0,1.0,1.0,1.0,8,1.0,1.0,1.0,0.0,0.0,0.0,4.0,0.0,0.0,0.0,0.0,A_2020,2.0,2022.0,,32.0,0,0,0,0,0,0,0,0,0,0,0,0,0,0,0,0,0,0,0,0,0,0,0,0,0,0,0,0,0,0,0,0,0,0,0,0,0,0,0,0,0,0,0,0,0,0
100807,A,2020,0,1,15.0,1,,17.0,17.0,3,0,0,,,,,,0.0,,,,,5,0.0,0.0,0.0,,0.0,0.0,0.0,,,0.0,0.0,A_2020,2.0,2022.0,,,0,0,0,0,0,0,0,0,0,0,0,0,0,0,0,0,0,0,0,0,0,0,0,0,0,0,0,0,0,0,0,0,0,0,0,0,0,0,0,0,0,0,0,0,0,0
100808,A,2020,0,0,15.0,1,2.0,19.0,17.0,5,0,0,8.0,2.0,36.0,41.0,0.0,0.0,1.0,1.0,1.0,1.0,6,1.0,0.0,0.0,0.0,0.0,0.0,2.0,0.0,0.0,0.0,0.0,A_2020,2.0,2022.0,19.0,24.0,0,0,0,0,0,0,0,0,0,0,0,0,0,0,0,0,0,0,0,0,0,0,0,0,0,0,0,0,0,0,0,0,0,0,0,0,0,0,0,0,0,0,0,0,0,0
100809,A,2020,1,0,11.0,1,2.0,18.0,14.0,4,1,0,3.0,8.0,39.0,39.0,0.0,0.0,1.0,1.0,1.0,1.0,9,1.0,1.0,1.0,0.0,0.0,0.0,4.0,0.0,0.0,0.0,0.0,A_2020,3.0,2023.0,25.0,25.0,0,0,0,0,0,0,0,0,0,0,0,0,0,0,0,0,0,0,0,0,0,0,0,0,0,0,0,0,0,0,0,0,0,0,0,0,0,0,0,0,0,0,0,0,0,0
100810,A,2020,0,0,15.0,1,,19.0,18.0,5,1,0,,3.0,,43.0,0.0,0.0,1.0,0.0,0.0,0.0,9,1.0,1.0,1.0,0.0,0.0,0.0,3.0,0.0,0.0,0.0,0.0,A_2020,3.0,2023.0,,25.0,0,0,0,0,0,0,0,0,0,0,0,0,0,0,0,0,0,0,0,0,0,0,0,0,0,0,0,0,0,0,0,0,0,0,0,0,0,0,0,0,0,0,0,0,0,0
100811,A,2020,0,0,10.0,1,2.0,19.0,12.0,2,0,0,9.0,8.0,30.0,36.0,0.0,0.0,1.0,1.0,0.0,1.0,7,1.0,1.0,0.0,0.0,1.0,1.0,4.0,0.0,0.0,0.0,0.0,A_2020,2.0,2022.0,18.0,24.0,0,0,0,0,0,0,0,0,0,0,0,0,0,0,0,0,0,0,0,0,0,0,0,0,0,0,0,0,0,0,0,0,0,0,0,0,0,0,0,0,0,0,0,0,0,0
100812,A,2020,1,1,12.0,1,,8.0,14.0,8,1,0,11.0,,50.0,49.0,,0.0,1.0,1.0,1.0,1.0,7,1.0,1.0,0.0,1.0,1.0,1.0,4.0,0.0,0.0,0.0,0.0,A_2020,2.0,2022.0,36.0,35.0,0,0,0,0,0,0,0,0,0,0,0,0,0,0,0,0,0,0,0,0,0,0,0,0,0,0,0,0,0,0,0,0,0,0,0,0,0,0,0,0,0,0,0,0,0,0
100813,A,2022,1,0,11.0,1,3.0,,12.0,7,1,0,,,,,,0.0,1.0,0.0,0.0,1.0,6,1.0,0.0,0.0,0.0,0.0,0.0,2.0,0.0,0.0,0.0,0.0,A_2022,1.0,2023.0,,,0,0,0,1,0,0,0,0,0,0,0,0,0,0,0,0,0,0,0,0,0,0,0,0,0,0,0,0,0,0,0,0,0,0,0,0,0,0,0,0,0,0,0,0,0,0
100814,A,2020,0,0,13.0,1,2.0,,15.0,4,0,0,2.0,2.0,52.0,53.0,0.0,0.0,1.0,1.0,1.0,1.0,8,1.0,1.0,1.0,1.0,1.0,1.0,5.0,0.0,0.0,0.0,0.0,A_2020,2.0,2022.0,37.0,38.0,0,0,0,0,0,0,0,0,0,0,0,0,0,0,0,0,1,0,0,0,0,0,0,0,0,0,0,0,0,0,0,0,0,0,0,0,0,0,0,0,0,0,0,0,0,0
100815,A,2020,1,0,12.0,1,2.0,5.0,14.0,4,0,0,9.0,5.0,37.0,42.0,,1.0,1.0,1.0,1.0,1.0,8,1.0,1.0,1.0,0.0,0.0,0.0,4.0,0.0,0.0,0.0,0.0,A_2020,2.0,2022.0,23.0,28.0,0,0,0,0,0,0,0,0,0,0,0,0,0,0,0,0,0,0,0,0,0,0,0,0,0,0,0,0,0,0,0,0,0,0,0,0,0,0,0,0,0,0,0,0,0,0
100816,A,2022,1,1,12.0,1,2.0,,12.0,7,1,0,5.0,7.0,38.0,38.0,1.0,1.0,1.0,1.0,1.0,1.0,6,1.0,0.0,0.0,0.0,0.0,0.0,2.0,0.0,0.0,0.0,0.0,A_2022,0.0,2022.0,26.0,26.0,0,0,1,1,0,0,0,0,0,0,0,0,0,0,0,0,0,0,0,0,0,0,0,0,0,0,0,0,0,0,0,0,0,0,0,0,0,0,0,0,0,0,0,0,0,0
100817,A,2020,0,0,12.0,1,1.0,17.0,14.0,3,0,0,0.0,0.0,56.0,56.0,0.0,0.0,1.0,1.0,1.0,1.0,8,1.0,1.0,1.0,0.0,0.0,0.0,4.0,0.0,0.0,0.0,0.0,A_2020,2.0,2022.0,42.0,42.0,0,0,0,0,0,0,0,0,0,0,0,0,0,0,0,0,0,0,0,0,0,0,0,0,0,0,0,0,0,0,0,0,0,0,0,0,0,0,0,0,0,0,0,0,0,0
100818,A,2020,1,0,12.0,1,3.0,11.0,14.0,3,0,1,5.0,,37.0,,,1.0,1.0,1.0,1.0,1.0,8,1.0,1.0,1.0,0.0,0.0,0.0,4.0,0.0,0.0,1.0,8.0,A_2020,2.0,2022.0,23.0,,0,0,0,0,0,0,0,0,0,0,0,0,0,0,0,0,0,0,0,0,0,0,0,0,0,0,0,0,0,0,0,0,0,0,0,0,0,0,0,0,0,0,0,0,0,0
100819,A,2020,1,0,12.0,1,1.0,16.0,14.0,4,0,0,5.0,8.0,47.0,47.0,0.0,1.0,1.0,1.0,1.0,1.0,8,1.0,1.0,1.0,0.0,0.0,0.0,4.0,0.0,0.0,0.0,0.0,A_2020,2.0,2022.0,33.0,33.0,0,0,0,0,0,0,0,0,0,0,0,0,0,0,0,0,0,0,0,0,0,0,0,0,0,0,0,0,0,0,0,0,0,0,0,0,0,0,0,0,0,0,0,0,0,0
100820,A,2020,1,1,12.0,1,1.0,5.0,14.0,3,0,0,4.0,5.0,42.0,46.0,0.0,1.0,1.0,1.0,1.0,1.0,8,1.0,1.0,1.0,0.0,0.0,0.0,4.0,0.0,0.0,0.0,0.0,A_2020,2.0,2022.0,28.0,32.0,0,0,0,0,0,0,0,0,0,0,0,0,0,0,0,0,0,0,0,0,0,0,0,0,0,0,0,0,0,0,0,0,0,0,0,0,0,0,0,0,0,0,0,0,0,0
100821,A,2022,0,1,12.0,1,3.0,,12.0,7,1,0,10.0,5.0,37.0,39.0,1.0,0.0,1.0,0.0,0.0,1.0,6,1.0,0.0,0.0,0.0,0.0,0.0,2.0,0.0,0.0,0.0,0.0,A_2022,0.0,2022.0,25.0,27.0,0,0,1,1,0,0,0,0,0,0,0,0,0,0,0,0,0,0,0,0,0,0,0,0,0,0,0,0,0,0,0,0,0,0,0,0,0,0,0,0,0,0,0,0,0,0
100822,A,2020,0,1,15.0,1,2.0,,17.0,3,0,0,5.0,6.0,42.0,41.0,0.0,0.0,1.0,0.0,0.0,0.0,7,1.0,1.0,0.0,0.0,0.0,0.0,2.0,1.0,1.0,1.0,40.0,A_2020,2.0,2022.0,25.0,24.0,0,0,0,0,0,0,0,0,0,0,0,0,0,0,0,0,0,0,0,0,0,0,0,0,0,0,0,0,0,0,0,0,0,0,0,0,0,0,0,0,0,0,0,0,0,0
100823,B,2018,1,0,11.0,0,2.0,,18.0,6,1,0,,,,47.0,,0.0,0.0,0.0,0.0,0.0,8,0.0,0.0,0.0,0.0,0.0,0.0,3.0,0.0,0.0,1.0,40.0,B_2018,7.0,2025.0,,29.0,0,0,0,1,1,1,1,1,0,0,0,0,0,0,0,0,0,0,0,0,0,0,0,0,0,0,0,0,0,0,0,0,0,0,0,0,0,0,0,0,0,0,0,0,0,0
100824,A,2020,0,1,12.0,1,3.0,,15.0,4,0,0,9.0,11.0,45.0,42.0,0.0,0.0,1.0,1.0,0.0,1.0,8,1.0,1.0,1.0,0.0,0.0,0.0,4.0,0.0,0.0,0.0,0.0,A_2020,3.0,2023.0,30.0,27.0,0,0,0,0,0,0,0,0,0,0,0,0,0,0,0,0,0,0,0,0,0,0,0,0,0,0,0,0,0,0,0,0,0,0,0,0,0,0,0,0,0,0,0,0,0,0
100825,B,2018,1,1,13.0,1,2.0,,17.0,6,1,1,4.0,,46.0,,,0.0,0.0,0.0,0.0,0.0,7,1.0,1.0,0.0,0.0,0.0,0.0,2.0,0.0,0.0,1.0,40.0,B_2018,4.0,2022.0,29.0,,0,0,0,0,0,0,0,0,0,0,0,0,0,0,0,0,0,0,0,0,0,0,0,0,0,0,0,0,0,0,0,0,0,0,0,0,0,0,0,0,0,0,0,0,0,0
100826,A,2020,0,1,13.0,1,,5.0,15.0,4,0,0,,,33.0,,,0.0,1.0,1.0,0.0,1.0,7,1.0,1.0,0.0,0.0,0.0,0.0,3.0,0.0,0.0,0.0,0.0,A_2020,2.0,2022.0,18.0,,0,0,0,0,0,0,0,0,0,0,0,0,0,0,0,0,0,0,0,0,0,0,0,0,0,0,0,0,0,0,0,0,0,0,0,0,0,0,0,0,0,0,0,0,0,0
100827,B,2018,1,0,12.0,1,2.0,,17.0,6,1,1,0.0,2.0,50.0,50.0,0.0,0.0,1.0,1.0,1.0,1.0,8,1.0,1.0,1.0,0.0,1.0,1.0,6.0,0.0,0.0,0.0,0.0,B_2018,5.0,2023.0,33.0,33.0,0,0,0,1,0,0,0,0,0,0,0,0,0,0,0,0,1,0,0,0,0,0,0,0,0,0,0,0,0,0,0,0,0,0,0,0,0,0,0,0,0,0,0,0,0,0
100828,A,2020,0,0,14.0,1,2.0,5.0,16.0,6,0,0,2.0,4.0,48.0,46.0,0.0,0.0,1.0,1.0,1.0,1.0,8,1.0,1.0,1.0,0.0,0.0,0.0,4.0,0.0,0.0,0.0,0.0,A_2020,2.0,2022.0,32.0,30.0,0,0,0,0,0,0,0,0,0,0,0,0,0,0,0,0,0,0,0,0,0,0,0,0,0,0,0,0,0,0,0,0,0,0,0,0,0,0,0,0,0,0,0,0,0,0
100829,A,2022,0,0,11.0,1,2.0,,12.0,4,1,0,9.0,5.0,40.0,53.0,0.0,0.0,1.0,1.0,1.0,1.0,7,1.0,1.0,0.0,0.0,0.0,0.0,2.0,0.0,0.0,0.0,0.0,A_2022,1.0,2023.0,28.0,41.0,0,0,0,1,0,0,0,0,0,0,0,0,0,0,0,0,0,0,0,0,0,0,0,0,0,0,0,0,0,0,0,0,0,0,0,0,0,0,0,0,0,0,0,0,0,0
100830,A,2022,1,0,11.0,1,,,11.0,7,1,0,5.0,5.0,43.0,45.0,0.0,1.0,1.0,1.0,1.0,1.0,6,1.0,0.0,0.0,0.0,0.0,0.0,2.0,0.0,0.0,0.0,0.0,A_2022,0.0,2022.0,32.0,34.0,0,0,1,1,0,0,0,0,0,0,0,0,0,0,0,0,0,0,0,0,0,0,0,0,0,0,0,0,0,0,0,0,0,0,0,0,0,0,0,0,0,0,0,0,0,0
100831,A,2020,1,1,11.0,1,,10.0,14.0,5,0,0,5.0,,38.0,,,1.0,0.0,0.0,1.0,1.0,8,0.0,0.0,0.0,0.0,0.0,0.0,4.0,0.0,0.0,0.0,0.0,A_2020,3.0,2023.0,24.0,,0,0,0,0,1,1,1,1,0,0,0,0,0,0,0,0,0,0,0,0,0,0,0,0,0,0,0,0,0,0,0,0,0,0,0,0,0,0,0,0,0,0,0,0,0,0
100832,A,2020,0,0,11.0,1,1.0,10.0,13.0,5,0,1,5.0,,54.0,44.0,,1.0,1.0,1.0,1.0,1.0,8,1.0,1.0,1.0,0.0,0.0,0.0,4.0,0.0,0.0,0.0,0.0,A_2020,2.0,2022.0,41.0,31.0,0,0,0,0,0,0,0,0,0,0,0,0,0,0,0,0,0,0,0,0,0,0,0,0,0,0,0,0,0,0,0,0,0,0,0,0,0,0,0,0,0,0,0,0,0,0
100833,A,2022,1,1,12.0,1,2.0,,12.0,7,1,0,5.0,5.0,37.0,37.0,1.0,0.0,1.0,1.0,1.0,1.0,6,1.0,0.0,0.0,0.0,0.0,0.0,2.0,0.0,0.0,0.0,0.0,A_2022,0.0,2022.0,25.0,25.0,0,0,1,1,0,0,0,0,0,0,0,0,0,0,0,0,0,0,0,0,0,0,0,0,0,0,0,0,0,0,0,0,0,0,0,0,0,0,0,0,0,0,0,0,0,0
100834,A,2020,0,0,12.0,1,2.0,,14.0,2,0,0,5.0,8.0,47.0,40.0,0.0,0.0,1.0,1.0,0.0,0.0,7,1.0,1.0,0.0,0.0,0.0,0.0,3.0,1.0,0.0,0.0,0.0,A_2020,2.0,2022.0,33.0,26.0,0,0,0,0,0,0,0,0,0,0,0,0,0,0,0,0,0,0,0,0,0,0,0,0,0,0,0,0,0,0,0,0,0,0,0,0,0,0,0,0,0,0,0,0,0,0
100835,A,2020,1,1,13.0,1,2.0,,16.0,7,1,0,7.0,5.0,41.0,44.0,0.0,1.0,1.0,1.0,1.0,1.0,8,1.0,1.0,1.0,0.0,0.0,0.0,4.0,0.0,0.0,0.0,0.0,A_2020,3.0,2023.0,25.0,28.0,0,0,0,0,0,0,0,0,0,0,0,0,0,0,0,0,0,0,0,0,0,0,0,0,0,0,0,0,0,0,0,0,0,0,0,0,0,0,0,0,0,0,0,0,0,0
100836,A,2022,1,1,15.0,1,2.0,,16.0,9,1,0,2.0,9.0,46.0,43.0,0.0,0.0,1.0,1.0,1.0,1.0,6,1.0,0.0,0.0,0.0,0.0,0.0,3.0,0.0,0.0,0.0,0.0,A_2022,1.0,2023.0,30.0,27.0,0,0,0,1,0,0,0,0,0,0,0,0,0,0,0,0,0,0,0,0,0,0,0,0,0,0,0,0,0,0,0,0,0,0,0,0,0,0,0,0,0,0,0,0,0,0
100837,A,2022,0,1,13.0,1,1.0,,14.0,10,1,0,5.0,,47.0,,,0.0,0.0,0.0,0.0,1.0,6,1.0,0.0,0.0,0.0,0.0,0.0,2.0,0.0,0.0,0.0,0.0,A_2022,1.0,2023.0,33.0,,0,0,0,1,0,0,0,0,0,0,0,0,0,0,0,0,0,0,0,0,0,0,0,0,0,0,0,0,0,0,0,0,0,0,0,0,0,0,0,0,0,0,0,0,0,0
100838,A,2022,0,1,15.0,1,2.0,,15.0,11,1,0,5.0,,64.0,,,0.0,1.0,1.0,1.0,1.0,6,1.0,0.0,0.0,0.0,0.0,0.0,2.0,0.0,0.0,1.0,0.0,A_2022,0.0,2022.0,49.0,,0,0,1,1,0,0,0,0,0,0,0,0,0,0,0,1,0,0,0,0,0,0,0,0,0,0,0,0,0,0,0,0,0,0,0,0,0,0,0,0,0,0,0,0,0,0
100839,A,2020,0,1,13.0,1,3.0,9.0,16.0,3,0,0,5.0,7.0,45.0,47.0,0.0,0.0,1.0,1.0,1.0,1.0,8,1.0,1.0,1.0,0.0,0.0,0.0,4.0,0.0,0.0,0.0,0.0,A_2020,3.0,2023.0,29.0,31.0,0,0,0,0,0,0,0,0,0,0,0,0,0,0,0,0,0,0,0,0,0,0,0,0,0,0,0,0,0,0,0,0,0,0,0,0,0,0,0,0,0,0,0,0,0,0
100840,A,2020,1,0,,1,2.0,,15.0,3,0,1,8.0,5.0,15.0,37.0,0.0,0.0,1.0,1.0,1.0,1.0,8,1.0,1.0,1.0,0.0,0.0,0.0,4.0,0.0,0.0,0.0,0.0,A_2020,,,0.0,22.0,1,0,0,0,0,0,0,0,1,0,0,0,0,0,0,0,0,0,0,0,0,0,0,0,0,0,0,0,0,0,0,0,0,0,0,0,0,0,0,0,0,0,0,0,0,0
100841,B,2018,0,1,11.0,1,2.0,,16.0,6,1,0,0.0,5.0,32.0,34.0,,0.0,1.0,0.0,1.0,1.0,7,1.0,1.0,0.0,0.0,1.0,1.0,5.0,0.0,0.0,0.0,0.0,B_2018,5.0,2023.0,16.0,18.0,0,0,0,1,0,0,0,0,0,0,0,0,0,0,0,0,1,0,0,0,0,0,0,0,0,0,0,0,0,0,0,0,0,0,0,0,0,0,0,0,0,0,0,0,0,0
100842,A,2020,1,0,14.0,1,2.0,17.0,16.0,3,0,0,2.0,3.0,43.0,43.0,0.0,1.0,1.0,1.0,1.0,1.0,8,1.0,1.0,1.0,0.0,0.0,0.0,4.0,0.0,0.0,1.0,15.0,A_2020,2.0,2022.0,27.0,27.0,0,0,0,0,0,0,0,0,0,0,0,0,0,0,0,0,0,0,0,0,0,0,0,0,0,0,0,0,0,0,0,0,0,0,0,0,0,0,0,0,0,0,0,0,0,0
100843,A,2020,0,0,13.0,1,2.0,11.0,16.0,2,0,1,5.0,5.0,47.0,47.0,0.0,0.0,1.0,1.0,1.0,1.0,8,1.0,1.0,1.0,0.0,0.0,0.0,4.0,0.0,0.0,0.0,0.0,A_2020,3.0,2023.0,31.0,31.0,0,0,0,0,0,0,0,0,0,0,0,0,0,0,0,0,0,0,0,0,0,0,0,0,0,0,0,0,0,0,0,0,0,0,0,0,0,0,0,0,0,0,0,0,0,0
100844,A,2020,1,1,11.0,1,2.0,5.0,14.0,4,0,0,3.0,5.0,37.0,52.0,0.0,1.0,1.0,1.0,1.0,1.0,8,1.0,1.0,1.0,0.0,0.0,0.0,4.0,0.0,0.0,0.0,0.0,A_2020,3.0,2023.0,23.0,38.0,0,0,0,0,0,0,0,0,0,0,0,0,0,0,0,0,0,0,0,0,0,0,0,0,0,0,0,0,0,0,0,0,0,0,0,0,0,0,0,0,0,0,0,0,0,0
100845,A,2020,1,1,11.0,1,2.0,7.0,14.0,3,0,0,6.0,,40.0,,,1.0,1.0,1.0,1.0,1.0,8,1.0,1.0,1.0,0.0,0.0,0.0,4.0,0.0,0.0,0.0,0.0,A_2020,3.0,2023.0,26.0,,0,0,0,0,0,0,0,0,0,0,0,0,0,0,0,0,0,0,0,0,0,0,0,0,0,0,0,0,0,0,0,0,0,0,0,0,0,0,0,0,0,0,0,0,0,0
100846,A,2022,1,0,13.0,1,2.0,,14.0,7,1,0,9.0,5.0,42.0,42.0,0.0,0.0,1.0,1.0,1.0,1.0,6,1.0,0.0,0.0,0.0,0.0,0.0,2.0,0.0,0.0,0.0,0.0,A_2022,1.0,2023.0,28.0,28.0,0,0,0,1,0,0,0,0,0,0,0,0,0,0,0,0,0,0,0,0,0,0,0,0,0,0,0,0,0,0,0,0,0,0,0,0,0,0,0,0,0,0,0,0,0,0
100847,B,2018,1,1,13.0,0,,,17.0,6,1,1,,,,,,0.0,1.0,0.0,0.0,1.0,7,1.0,1.0,0.0,0.0,0.0,0.0,4.0,0.0,0.0,0.0,0.0,B_2018,4.0,2022.0,,,0,0,0,0,0,0,0,0,0,0,0,0,0,0,0,0,0,0,0,0,0,0,0,0,0,0,0,0,0,0,0,0,0,0,0,0,0,0,0,0,0,0,0,0,0,0
100848,A,2020,0,1,12.0,1,2.0,17.0,14.0,6,0,0,7.0,7.0,40.0,44.0,0.0,0.0,1.0,1.0,1.0,1.0,8,1.0,1.0,1.0,0.0,0.0,0.0,4.0,0.0,0.0,0.0,0.0,A_2020,2.0,2022.0,26.0,30.0,0,0,0,0,0,0,0,0,0,0,0,0,0,0,0,0,0,0,0,0,0,0,0,0,0,0,0,0,0,0,0,0,0,0,0,0,0,0,0,0,0,0,0,0,0,0
100849,A,2022,0,0,12.0,1,3.0,,10.0,7,1,0,8.0,3.0,30.0,31.0,0.0,0.0,0.0,0.0,0.0,1.0,6,1.0,0.0,0.0,0.0,0.0,0.0,2.0,0.0,0.0,0.0,0.0,A_2022,-2.0,2020.0,20.0,21.0,0,1,0,1,0,0,0,0,0,0,0,0,0,0,0,0,0,0,0,0,0,0,0,0,0,0,0,0,0,0,0,0,0,0,0,0,0,0,0,0,0,0,0,0,0,0
100850,B,2018,1,0,11.0,1,2.0,,16.0,7,1,1,5.0,,34.0,37.0,0.0,1.0,1.0,1.0,1.0,1.0,9,1.0,1.0,1.0,0.0,0.0,0.0,6.0,0.0,0.0,0.0,0.0,B_2018,5.0,2023.0,18.0,21.0,0,0,0,1,0,0,0,0,0,0,0,0,0,0,0,0,1,0,0,0,0,0,0,0,0,0,0,0,0,0,0,0,0,0,0,0,0,0,0,0,0,0,0,0,0,0
100851,A,2020,1,1,13.0,1,1.0,17.0,15.0,4,0,0,6.0,5.0,38.0,39.0,0.0,0.0,1.0,1.0,0.0,0.0,8,1.0,1.0,1.0,0.0,0.0,0.0,3.0,0.0,0.0,1.0,3.0,A_2020,2.0,2022.0,23.0,24.0,0,0,0,0,0,0,0,0,0,0,0,0,0,0,0,0,0,0,0,0,0,0,0,0,0,0,0,0,0,0,0,0,0,0,0,0,0,0,0,0,0,0,0,0,0,0
100852,A,2020,1,0,13.0,1,1.0,17.0,15.0,3,0,0,9.0,,53.0,55.0,,1.0,1.0,1.0,1.0,1.0,8,1.0,1.0,1.0,0.0,0.0,0.0,3.0,0.0,0.0,0.0,0.0,A_2020,2.0,2022.0,38.0,40.0,0,0,0,0,0,0,0,0,0,0,0,0,0,0,0,0,0,0,0,0,0,0,0,0,0,0,0,0,0,0,0,0,0,0,0,0,0,0,0,0,0,0,0,0,0,0
100853,A,2020,1,1,14.0,1,,5.0,16.0,3,0,0,0.0,,48.0,53.0,,1.0,1.0,1.0,1.0,1.0,8,1.0,1.0,1.0,0.0,0.0,0.0,4.0,0.0,0.0,1.0,40.0,A_2020,2.0,2022.0,32.0,37.0,0,0,0,0,0,0,0,0,0,0,0,0,0,0,0,0,0,0,0,0,0,0,0,0,0,0,0,0,0,0,0,0,0,0,0,0,0,0,0,0,0,0,0,0,0,0
100854,A,2020,1,0,11.0,1,1.0,19.0,14.0,4,1,0,8.0,5.0,41.0,44.0,0.0,0.0,1.0,1.0,1.0,1.0,9,1.0,1.0,1.0,0.0,0.0,0.0,4.0,0.0,0.0,0.0,0.0,A_2020,3.0,2023.0,27.0,30.0,0,0,0,0,0,0,0,0,0,0,0,0,0,0,0,0,0,0,0,0,0,0,0,0,0,0,0,0,0,0,0,0,0,0,0,0,0,0,0,0,0,0,0,0,0,0
100855,A,2020,0,1,14.0,1,2.0,5.0,16.0,3,0,0,5.0,3.0,35.0,37.0,0.0,0.0,1.0,1.0,1.0,1.0,6,1.0,0.0,0.0,0.0,1.0,1.0,4.0,0.0,0.0,0.0,0.0,A_2020,2.0,2022.0,19.0,21.0,0,0,0,0,0,0,0,0,0,0,0,0,0,0,0,0,0,0,0,0,0,0,0,0,0,0,0,0,0,0,0,0,0,0,0,0,0,0,0,0,0,0,0,0,0,0
100856,A,2020,0,0,12.0,1,2.0,19.0,14.0,3,0,0,8.0,11.0,44.0,44.0,0.0,0.0,0.0,0.0,0.0,1.0,8,1.0,1.0,1.0,0.0,0.0,0.0,4.0,0.0,0.0,0.0,0.0,A_2020,2.0,2022.0,30.0,30.0,0,0,0,0,0,0,0,0,0,0,0,0,0,0,0,0,0,0,0,0,0,0,0,0,0,0,0,0,0,0,0,0,0,0,0,0,0,0,0,0,0,0,0,0,0,0
100857,A,2020,0,0,12.0,1,1.0,,15.0,4,0,0,6.0,1.0,39.0,50.0,0.0,0.0,1.0,1.0,1.0,1.0,8,1.0,1.0,1.0,0.0,0.0,0.0,4.0,0.0,0.0,0.0,0.0,A_2020,3.0,2023.0,24.0,35.0,0,0,0,0,0,0,0,0,0,0,0,0,0,0,0,0,0,0,0,0,0,0,0,0,0,0,0,0,0,0,0,0,0,0,0,0,0,0,0,0,0,0,0,0,0,0
100858,A,2020,1,1,14.0,1,2.0,17.0,16.0,8,1,0,,,,,,1.0,1.0,1.0,1.0,1.0,8,1.0,1.0,1.0,0.0,0.0,0.0,4.0,0.0,0.0,0.0,0.0,A_2020,2.0,2022.0,,,0,0,0,0,0,0,0,0,0,0,0,0,0,0,0,0,0,0,0,0,0,0,0,0,0,0,0,0,0,0,0,0,0,0,0,0,0,0,0,0,0,0,0,0,0,0
100859,A,2020,0,1,11.0,1,2.0,7.0,14.0,8,1,0,3.0,5.0,40.0,40.0,0.0,0.0,0.0,0.0,0.0,1.0,8,1.0,1.0,1.0,0.0,0.0,0.0,4.0,0.0,0.0,0.0,0.0,A_2020,3.0,2023.0,26.0,26.0,0,0,0,0,0,0,0,0,0,0,0,0,0,0,0,0,0,0,0,0,0,0,0,0,0,0,0,0,0,0,0,0,0,0,0,0,0,0,0,0,0,0,0,0,0,0
100860,B,2018,0,0,14.0,1,,,18.0,6,1,1,,,38.0,,,0.0,0.0,0.0,0.0,0.0,7,1.0,1.0,0.0,0.0,0.0,0.0,3.0,1.0,1.0,0.0,0.0,B_2018,4.0,2022.0,20.0,,0,0,0,0,0,0,0,0,0,0,0,0,0,0,0,0,0,0,0,0,0,0,0,0,0,0,0,0,0,0,0,0,0,0,0,0,0,0,0,0,0,0,0,0,0,0
100861,A,2020,0,0,11.0,1,2.0,,13.0,3,0,0,10.0,8.0,37.0,41.0,0.0,0.0,1.0,1.0,1.0,1.0,8,1.0,1.0,1.0,0.0,0.0,0.0,4.0,0.0,0.0,0.0,0.0,A_2020,2.0,2022.0,24.0,28.0,0,0,0,0,0,0,0,0,0,0,0,0,0,0,0,0,0,0,0,0,0,0,0,0,0,0,0,0,0,0,0,0,0,0,0,0,0,0,0,0,0,0,0,0,0,0
100862,A,2020,0,1,14.0,1,2.0,7.0,17.0,7,1,0,5.0,7.0,35.0,36.0,0.0,0.0,0.0,0.0,0.0,1.0,8,1.0,1.0,1.0,0.0,0.0,0.0,4.0,0.0,0.0,0.0,0.0,A_2020,3.0,2023.0,18.0,19.0,0,0,0,0,0,0,0,0,0,0,0,0,0,0,0,0,0,0,0,0,0,0,0,0,0,0,0,0,0,0,0,0,0,0,0,0,0,0,0,0,0,0,0,0,0,0
100863,A,2022,0,1,13.0,1,1.0,,13.0,7,1,0,6.0,,29.0,,,0.0,1.0,0.0,0.0,1.0,5,0.0,0.0,0.0,1.0,1.0,1.0,2.0,0.0,0.0,0.0,0.0,A_2022,0.0,2022.0,16.0,,0,0,1,1,0,0,0,0,0,0,0,0,0,0,0,0,0,0,0,0,0,0,0,0,0,0,0,0,0,0,0,0,0,0,0,0,0,0,0,0,0,0,0,0,0,0
100864,A,2020,1,1,12.0,1,2.0,17.0,14.0,8,1,0,7.0,9.0,48.0,57.0,0.0,0.0,1.0,1.0,0.0,1.0,8,1.0,1.0,1.0,0.0,0.0,0.0,4.0,0.0,0.0,0.0,0.0,A_2020,2.0,2022.0,34.0,43.0,0,0,0,0,0,0,0,0,0,0,0,0,0,0,0,0,0,0,0,0,0,0,0,0,0,0,0,0,0,0,0,0,0,0,0,0,0,0,0,0,0,0,0,0,0,0
100865,A,2020,1,0,10.0,1,2.0,4.0,13.0,3,0,0,5.0,9.0,39.0,41.0,0.0,1.0,1.0,1.0,1.0,1.0,8,1.0,1.0,1.0,0.0,0.0,0.0,4.0,0.0,0.0,0.0,0.0,A_2020,3.0,2023.0,26.0,28.0,0,0,0,0,0,0,0,0,0,0,0,0,0,0,0,0,0,0,0,0,0,0,0,0,0,0,0,0,0,0,0,0,0,0,0,0,0,0,0,0,0,0,0,0,0,0
100866,A,2020,0,1,12.0,1,2.0,10.0,15.0,12,1,0,7.0,7.0,42.0,42.0,,0.0,0.0,0.0,0.0,0.0,6,1.0,0.0,0.0,1.0,1.0,1.0,2.0,0.0,0.0,0.0,0.0,A_2020,3.0,2023.0,27.0,27.0,0,0,0,0,0,0,0,0,0,0,0,0,0,0,0,0,0,0,0,0,0,0,0,0,0,0,0,0,0,0,0,0,0,0,0,0,0,0,0,0,0,0,0,0,0,0
100867,A,2022,0,0,13.0,1,2.0,,13.0,8,1,0,5.0,5.0,34.0,34.0,0.0,0.0,1.0,1.0,1.0,1.0,7,1.0,1.0,0.0,0.0,0.0,0.0,3.0,0.0,0.0,0.0,0.0,A_2022,0.0,2022.0,21.0,21.0,0,0,1,1,0,0,0,0,0,0,0,0,0,0,0,0,0,0,0,0,0,0,0,0,0,0,0,0,0,0,0,0,0,0,0,0,0,0,0,0,0,0,0,0,0,0
100868,A,2020,1,0,16.0,1,1.0,,18.0,3,0,0,3.0,6.0,43.0,47.0,0.0,0.0,1.0,1.0,0.0,0.0,8,1.0,1.0,1.0,0.0,0.0,0.0,3.0,0.0,0.0,0.0,0.0,A_2020,2.0,2022.0,25.0,29.0,0,0,0,0,0,0,0,0,0,0,0,0,0,0,0,0,0,0,0,0,0,0,0,0,0,0,0,0,0,0,0,0,0,0,0,0,0,0,0,0,0,0,0,0,0,0
100869,A,2020,1,1,11.0,1,2.0,19.0,13.0,3,0,0,3.0,2.0,36.0,46.0,0.0,1.0,1.0,1.0,1.0,1.0,8,1.0,1.0,1.0,0.0,0.0,0.0,4.0,0.0,0.0,0.0,0.0,A_2020,2.0,2022.0,23.0,33.0,0,0,0,0,0,0,0,0,0,0,0,0,0,0,0,0,0,0,0,0,0,0,0,0,0,0,0,0,0,0,0,0,0,0,0,0,0,0,0,0,0,0,0,0,0,0
100870,A,2022,1,0,12.0,1,1.0,,12.0,7,1,0,5.0,5.0,60.0,37.0,0.0,0.0,1.0,1.0,1.0,1.0,6,1.0,0.0,0.0,0.0,0.0,0.0,2.0,0.0,0.0,0.0,0.0,A_2022,0.0,2022.0,48.0,25.0,0,0,1,1,0,0,0,0,0,0,0,0,0,0,0,0,0,0,0,0,0,0,0,0,0,0,0,0,0,0,0,0,0,0,0,0,0,0,0,0,0,0,0,0,0,0
100871,A,2020,0,1,12.0,1,2.0,7.0,15.0,8,1,0,9.0,,35.0,,,0.0,1.0,1.0,1.0,1.0,8,1.0,1.0,1.0,0.0,0.0,0.0,4.0,0.0,0.0,0.0,0.0,A_2020,3.0,2023.0,20.0,,0,0,0,0,0,0,0,0,0,0,0,0,0,0,0,0,0,0,0,0,0,0,0,0,0,0,0,0,0,0,0,0,0,0,0,0,0,0,0,0,0,0,0,0,0,0
100872,B,2018,0,0,12.0,1,1.0,,17.0,6,1,1,5.0,2.0,48.0,52.0,0.0,0.0,1.0,1.0,1.0,1.0,9,1.0,1.0,1.0,0.0,0.0,0.0,6.0,0.0,0.0,0.0,0.0,B_2018,5.0,2023.0,31.0,35.0,0,0,0,1,0,0,0,0,0,0,0,0,0,0,0,0,1,0,0,0,0,0,0,0,0,0,0,0,0,0,0,0,0,0,0,0,0,0,0,0,0,0,0,0,0,0
100873,A,2020,1,1,12.0,1,2.0,11.0,14.0,3,0,0,8.0,11.0,34.0,39.0,0.0,0.0,1.0,1.0,1.0,1.0,7,1.0,1.0,0.0,0.0,1.0,1.0,4.0,0.0,0.0,0.0,0.0,A_2020,2.0,2022.0,20.0,25.0,0,0,0,0,0,0,0,0,0,0,0,0,0,0,0,0,0,0,0,0,0,0,0,0,0,0,0,0,0,0,0,0,0,0,0,0,0,0,0,0,0,0,0,0,0,0
100874,A,2020,1,0,12.0,1,1.0,17.0,14.0,4,0,0,5.0,5.0,37.0,38.0,0.0,0.0,1.0,1.0,0.0,1.0,9,1.0,1.0,1.0,0.0,0.0,0.0,4.0,0.0,0.0,0.0,0.0,A_2020,2.0,2022.0,23.0,24.0,0,0,0,0,0,0,0,0,0,0,0,0,0,0,0,0,0,0,0,0,0,0,0,0,0,0,0,0,0,0,0,0,0,0,0,0,0,0,0,0,0,0,0,0,0,0
100875,A,2020,1,0,,1,,5.0,18.0,4,1,0,3.0,3.0,40.0,62.0,0.0,0.0,1.0,1.0,0.0,0.0,7,1.0,1.0,0.0,0.0,0.0,0.0,2.0,1.0,1.0,0.0,0.0,A_2020,,,22.0,44.0,1,0,0,0,0,0,0,0,0,0,0,0,0,0,0,0,0,0,0,0,0,0,0,0,0,0,0,0,0,0,0,0,0,0,0,0,0,0,0,0,0,0,0,0,0,0
100876,A,2020,0,1,13.0,1,,19.0,16.0,3,0,0,5.0,5.0,40.0,41.0,0.0,0.0,1.0,1.0,0.0,0.0,8,1.0,1.0,1.0,0.0,0.0,0.0,3.0,0.0,0.0,0.0,0.0,A_2020,3.0,2023.0,24.0,25.0,0,0,0,0,0,0,0,0,0,0,0,0,0,0,0,0,0,0,0,0,0,0,0,0,0,0,0,0,0,0,0,0,0,0,0,0,0,0,0,0,0,0,0,0,0,0
100877,A,2020,0,0,12.0,1,,17.0,15.0,9,1,1,6.0,,38.0,,,0.0,1.0,1.0,1.0,1.0,8,1.0,1.0,1.0,0.0,0.0,0.0,4.0,0.0,0.0,0.0,0.0,A_2020,3.0,2023.0,23.0,,0,0,0,0,0,0,0,0,0,0,0,0,0,0,0,0,0,0,0,0,0,0,0,0,0,0,0,0,0,0,0,0,0,0,0,0,0,0,0,0,0,0,0,0,0,0
100878,A,2020,1,1,15.0,1,3.0,17.0,18.0,5,1,0,11.0,7.0,39.0,38.0,0.0,0.0,1.0,1.0,1.0,1.0,9,1.0,1.0,1.0,1.0,1.0,1.0,5.0,0.0,0.0,0.0,0.0,A_2020,3.0,2023.0,21.0,20.0,0,0,0,0,0,0,0,0,0,0,0,0,0,0,0,0,1,0,0,0,0,0,0,0,0,0,0,0,0,0,0,0,0,0,0,0,0,0,0,0,0,0,0,0,0,0
100879,A,2020,1,0,14.0,1,,11.0,16.0,1,0,1,5.0,5.0,38.0,39.0,0.0,1.0,1.0,1.0,1.0,1.0,8,1.0,1.0,1.0,0.0,0.0,0.0,4.0,0.0,0.0,1.0,16.0,A_2020,2.0,2022.0,22.0,23.0,0,0,0,0,0,0,0,0,0,0,0,0,0,0,0,0,0,0,0,0,0,0,0,0,0,0,0,0,0,0,0,0,0,0,0,0,0,0,0,0,0,0,0,0,0,0
100880,A,2020,0,0,15.0,1,2.0,,17.0,3,0,0,5.0,5.0,45.0,50.0,0.0,0.0,1.0,1.0,1.0,1.0,8,1.0,1.0,1.0,0.0,0.0,0.0,4.0,0.0,0.0,0.0,0.0,A_2020,2.0,2022.0,28.0,33.0,0,0,0,0,0,0,0,0,0,0,0,0,0,0,0,0,0,0,0,0,0,0,0,0,0,0,0,0,0,0,0,0,0,0,0,0,0,0,0,0,0,0,0,0,0,0
100881,B,2018,1,0,11.0,1,2.0,,15.0,5,1,0,6.0,3.0,41.0,47.0,1.0,1.0,1.0,1.0,1.0,1.0,9,1.0,1.0,1.0,0.0,0.0,0.0,6.0,0.0,0.0,0.0,0.0,B_2018,4.0,2022.0,26.0,32.0,0,0,0,0,0,0,0,0,0,0,0,0,0,0,0,0,1,0,0,0,0,0,0,0,0,0,0,0,0,0,0,0,0,0,0,0,0,0,0,0,0,0,0,0,0,0
100882,A,2020,0,1,14.0,1,1.0,19.0,17.0,3,0,0,3.0,7.0,38.0,45.0,0.0,0.0,1.0,1.0,0.0,1.0,8,1.0,1.0,1.0,0.0,0.0,0.0,4.0,0.0,0.0,1.0,28.0,A_2020,3.0,2023.0,21.0,28.0,0,0,0,0,0,0,0,0,0,0,0,0,0,0,0,0,0,0,0,0,0,0,0,0,0,0,0,0,0,0,0,0,0,0,0,0,0,0,0,0,0,0,0,0,0,0
100883,A,2020,1,1,13.0,1,,19.0,15.0,4,0,0,5.0,,43.0,44.0,,1.0,1.0,1.0,1.0,1.0,8,1.0,1.0,1.0,0.0,0.0,0.0,4.0,0.0,0.0,0.0,0.0,A_2020,2.0,2022.0,28.0,29.0,0,0,0,0,0,0,0,0,0,0,0,0,0,0,0,0,0,0,0,0,0,0,0,0,0,0,0,0,0,0,0,0,0,0,0,0,0,0,0,0,0,0,0,0,0,0
100884,A,2020,1,0,13.0,1,1.0,19.0,16.0,8,1,0,5.0,5.0,39.0,47.0,0.0,0.0,1.0,1.0,0.0,0.0,7,1.0,1.0,0.0,0.0,1.0,1.0,3.0,0.0,0.0,0.0,0.0,A_2020,3.0,2023.0,23.0,31.0,0,0,0,0,0,0,0,0,0,0,0,0,0,0,0,0,0,0,0,0,0,0,0,0,0,0,0,0,0,0,0,0,0,0,0,0,0,0,0,0,0,0,0,0,0,0
100885,A,2020,1,0,13.0,1,2.0,19.0,15.0,4,0,0,,,36.0,38.0,0.0,0.0,1.0,1.0,0.0,1.0,7,1.0,1.0,0.0,0.0,1.0,1.0,4.0,0.0,0.0,0.0,0.0,A_2020,2.0,2022.0,21.0,23.0,0,0,0,0,0,0,0,0,0,0,0,0,0,0,0,0,0,0,0,0,0,0,0,0,0,0,0,0,0,0,0,0,0,0,0,0,0,0,0,0,0,0,0,0,0,0
100886,A,2020,1,1,13.0,1,2.0,19.0,15.0,6,0,0,2.0,,49.0,,,1.0,1.0,1.0,1.0,1.0,8,1.0,1.0,1.0,0.0,0.0,0.0,4.0,0.0,0.0,0.0,0.0,A_2020,2.0,2022.0,34.0,,0,0,0,0,0,0,0,0,0,0,0,0,0,0,0,0,0,0,0,0,0,0,0,0,0,0,0,0,0,0,0,0,0,0,0,0,0,0,0,0,0,0,0,0,0,0
100887,A,2020,1,0,12.0,1,1.0,,14.0,8,1,0,5.0,3.0,35.0,39.0,0.0,1.0,0.0,0.0,0.0,1.0,8,1.0,1.0,1.0,0.0,0.0,0.0,4.0,0.0,0.0,0.0,0.0,A_2020,2.0,2022.0,21.0,25.0,0,0,0,0,0,0,0,0,0,0,0,0,0,0,0,0,0,0,0,0,0,0,0,0,0,0,0,0,0,0,0,0,0,0,0,0,0,0,0,0,0,0,0,0,0,0
100888,A,2020,0,0,14.0,1,1.0,5.0,16.0,8,0,0,1.0,3.0,41.0,50.0,0.0,0.0,1.0,1.0,1.0,1.0,8,1.0,1.0,1.0,1.0,1.0,1.0,5.0,0.0,0.0,1.0,25.0,A_2020,2.0,2022.0,25.0,34.0,0,0,0,0,0,0,0,0,0,0,0,0,0,0,0,0,1,0,0,0,0,0,0,0,0,0,0,0,0,0,0,0,0,0,0,0,0,0,0,0,0,0,0,0,0,0
100889,A,2022,1,1,12.0,1,2.0,,16.0,8,1,0,7.0,7.0,33.0,35.0,0.0,1.0,1.0,1.0,1.0,1.0,6,1.0,0.0,0.0,0.0,0.0,0.0,2.0,0.0,0.0,0.0,0.0,A_2022,4.0,2026.0,17.0,19.0,0,0,0,0,0,0,0,0,0,0,0,0,0,0,0,0,0,0,0,0,0,0,0,0,0,0,0,0,0,0,0,0,0,0,0,0,0,0,0,0,0,0,0,0,0,0
100890,A,2020,0,0,15.0,1,3.0,17.0,17.0,3,0,0,5.0,,,,,0.0,1.0,1.0,1.0,1.0,8,1.0,1.0,1.0,0.0,0.0,0.0,4.0,0.0,0.0,0.0,0.0,A_2020,2.0,2022.0,,,0,0,0,0,0,0,0,0,0,0,0,0,0,0,0,0,0,0,0,0,0,0,0,0,0,0,0,0,0,0,0,0,0,0,0,0,0,0,0,0,0,0,0,0,0,0
100891,A,2022,0,1,12.0,1,2.0,,13.0,3,1,0,8.0,5.0,36.0,38.0,0.0,0.0,1.0,1.0,0.0,1.0,7,1.0,1.0,0.0,0.0,0.0,0.0,2.0,0.0,0.0,0.0,0.0,A_2022,1.0,2023.0,23.0,25.0,0,0,0,1,0,0,0,0,0,0,0,0,0,0,0,0,0,0,0,0,0,0,0,0,0,0,0,0,0,0,0,0,0,0,0,0,0,0,0,0,0,0,0,0,0,0
100892,A,2022,1,0,11.0,1,,,11.0,8,1,0,8.0,11.0,36.0,37.0,0.0,1.0,1.0,1.0,1.0,1.0,6,1.0,0.0,0.0,0.0,0.0,0.0,2.0,0.0,0.0,0.0,0.0,A_2022,0.0,2022.0,25.0,26.0,0,0,1,1,0,0,0,0,0,0,0,0,0,0,0,0,0,0,0,0,0,0,0,0,0,0,0,0,0,0,0,0,0,0,0,0,0,0,0,0,0,0,0,0,0,0
100893,A,2020,0,1,11.0,1,2.0,,14.0,7,1,0,11.0,5.0,33.0,39.0,0.0,0.0,1.0,0.0,0.0,1.0,7,1.0,1.0,0.0,1.0,1.0,1.0,4.0,0.0,0.0,1.0,4.0,A_2020,3.0,2023.0,19.0,25.0,0,0,0,0,0,0,0,0,0,0,0,0,0,0,0,0,0,0,0,0,0,0,0,0,0,0,0,0,0,0,0,0,0,0,0,0,0,0,0,0,0,0,0,0,0,0
100894,A,2020,1,0,12.0,1,,11.0,14.0,1,0,1,3.0,,39.0,,,1.0,1.0,1.0,1.0,1.0,8,1.0,1.0,1.0,0.0,0.0,0.0,4.0,0.0,0.0,0.0,0.0,A_2020,2.0,2022.0,25.0,,0,0,0,0,0,0,0,0,0,0,0,0,0,0,0,0,0,0,0,0,0,0,0,0,0,0,0,0,0,0,0,0,0,0,0,0,0,0,0,0,0,0,0,0,0,0
100895,A,2020,1,1,12.0,1,2.0,4.0,14.0,3,0,1,1.0,,42.0,44.0,0.0,1.0,1.0,1.0,1.0,1.0,8,1.0,1.0,1.0,0.0,0.0,0.0,4.0,0.0,0.0,0.0,0.0,A_2020,2.0,2022.0,28.0,30.0,0,0,0,0,0,0,0,0,0,0,0,0,0,0,0,0,0,0,0,0,0,0,0,0,0,0,0,0,0,0,0,0,0,0,0,0,0,0,0,0,0,0,0,0,0,0
100896,A,2020,0,0,13.0,1,2.0,19.0,15.0,7,1,0,7.0,7.0,35.0,41.0,0.0,0.0,1.0,1.0,1.0,1.0,9,1.0,1.0,1.0,0.0,1.0,1.0,6.0,0.0,0.0,0.0,0.0,A_2020,2.0,2022.0,20.0,26.0,0,0,0,0,0,0,0,0,0,0,0,0,0,0,0,0,1,0,0,0,0,0,0,0,0,0,0,0,0,0,0,0,0,0,0,0,0,0,0,0,0,0,0,0,0,0
100897,A,2020,1,0,12.0,1,2.0,4.0,14.0,3,0,0,2.0,1.0,45.0,50.0,0.0,1.0,1.0,1.0,1.0,1.0,8,1.0,1.0,1.0,0.0,0.0,0.0,4.0,0.0,0.0,0.0,0.0,A_2020,2.0,2022.0,31.0,36.0,0,0,0,0,0,0,0,0,0,0,0,0,0,0,0,0,0,0,0,0,0,0,0,0,0,0,0,0,0,0,0,0,0,0,0,0,0,0,0,0,0,0,0,0,0,0
100898,A,2020,1,1,12.0,1,2.0,19.0,14.0,3,0,0,1.0,,60.0,68.0,,1.0,1.0,1.0,1.0,1.0,8,1.0,1.0,1.0,0.0,0.0,0.0,4.0,0.0,0.0,0.0,0.0,A_2020,2.0,2022.0,46.0,54.0,0,0,0,0,0,0,0,0,0,0,0,0,0,0,0,0,0,0,0,0,0,0,0,0,0,0,0,0,0,0,0,0,0,0,0,0,0,0,0,0,0,0,0,0,0,0
100899,B,2018,1,0,11.0,1,2.0,,14.0,6,1,1,,11.0,,40.0,0.0,0.0,1.0,1.0,0.0,1.0,9,1.0,1.0,1.0,0.0,0.0,0.0,5.0,0.0,0.0,0.0,0.0,B_2018,3.0,2021.0,,26.0,0,0,0,0,0,0,0,0,0,0,0,0,0,0,0,0,1,0,0,0,0,0,0,0,0,0,0,0,0,0,0,0,0,0,0,0,0,0,0,0,0,0,0,0,0,0
100900,A,2022,0,0,14.0,1,2.0,,14.0,7,1,0,6.0,5.0,38.0,39.0,0.0,0.0,0.0,1.0,1.0,1.0,6,1.0,0.0,0.0,1.0,1.0,1.0,3.0,0.0,0.0,0.0,0.0,A_2022,0.0,2022.0,24.0,25.0,0,0,1,1,0,0,0,0,0,0,0,0,0,0,0,0,0,0,0,0,0,0,0,0,0,0,0,0,0,0,0,0,0,0,0,0,0,0,0,0,0,0,0,0,0,0
100901,A,2020,1,0,12.0,1,2.0,19.0,15.0,4,0,0,5.0,,40.0,,,1.0,1.0,1.0,1.0,1.0,8,1.0,1.0,1.0,0.0,0.0,0.0,4.0,0.0,0.0,0.0,0.0,A_2020,3.0,2023.0,25.0,,0,0,0,0,0,0,0,0,0,0,0,0,0,0,0,0,0,0,0,0,0,0,0,0,0,0,0,0,0,0,0,0,0,0,0,0,0,0,0,0,0,0,0,0,0,0
100902,A,2020,0,0,11.0,1,2.0,6.0,14.0,3,0,0,8.0,9.0,40.0,38.0,1.0,0.0,1.0,1.0,1.0,1.0,8,1.0,1.0,1.0,0.0,0.0,0.0,4.0,0.0,0.0,0.0,0.0,A_2020,3.0,2023.0,26.0,24.0,0,0,0,0,0,0,0,0,0,0,0,0,0,0,0,0,0,0,0,0,0,0,0,0,0,0,0,0,0,0,0,0,0,0,0,0,0,0,0,0,0,0,0,0,0,0
100903,A,2020,0,0,12.0,1,1.0,5.0,14.0,4,0,0,5.0,,34.0,,,0.0,1.0,1.0,0.0,0.0,8,1.0,1.0,1.0,0.0,0.0,0.0,3.0,0.0,1.0,0.0,0.0,A_2020,2.0,2022.0,20.0,,0,0,0,0,0,0,0,0,0,0,0,0,0,0,0,0,0,0,0,0,0,0,0,0,0,0,0,0,0,0,0,0,0,0,0,0,0,0,0,0,0,0,0,0,0,0
100904,B,2018,1,0,11.0,0,2.0,,16.0,7,1,1,7.0,11.0,42.0,42.0,0.0,1.0,1.0,1.0,1.0,1.0,9,1.0,1.0,1.0,0.0,0.0,0.0,6.0,0.0,0.0,0.0,0.0,B_2018,5.0,2023.0,26.0,26.0,0,0,0,1,0,0,0,0,0,0,0,0,0,0,0,0,1,0,0,0,0,0,0,0,0,0,0,0,0,0,0,0,0,0,0,0,0,0,0,0,0,0,0,0,0,0
100905,A,2020,0,0,13.0,1,2.0,4.0,15.0,3,0,0,11.0,,34.0,,,0.0,1.0,1.0,1.0,1.0,8,1.0,1.0,1.0,0.0,0.0,0.0,4.0,0.0,0.0,0.0,0.0,A_2020,2.0,2022.0,19.0,,0,0,0,0,0,0,0,0,0,0,0,0,0,0,0,0,0,0,0,0,0,0,0,0,0,0,0,0,0,0,0,0,0,0,0,0,0,0,0,0,0,0,0,0,0,0
100906,A,2020,1,0,14.0,1,2.0,19.0,16.0,3,0,0,5.0,6.0,42.0,48.0,0.0,1.0,1.0,1.0,1.0,1.0,8,1.0,1.0,1.0,1.0,1.0,1.0,5.0,0.0,0.0,0.0,0.0,A_2020,2.0,2022.0,26.0,32.0,0,0,0,0,0,0,0,0,0,0,0,0,0,0,0,0,1,0,0,0,0,0,0,0,0,0,0,0,0,0,0,0,0,0,0,0,0,0,0,0,0,0,0,0,0,0
100907,A,2020,0,0,11.0,1,2.0,19.0,13.0,3,0,0,5.0,9.0,40.0,44.0,0.0,0.0,1.0,1.0,1.0,1.0,8,1.0,1.0,1.0,0.0,0.0,0.0,4.0,0.0,0.0,0.0,0.0,A_2020,2.0,2022.0,27.0,31.0,0,0,0,0,0,0,0,0,0,0,0,0,0,0,0,0,0,0,0,0,0,0,0,0,0,0,0,0,0,0,0,0,0,0,0,0,0,0,0,0,0,0,0,0,0,0
100908,A,2022,0,1,13.0,1,2.0,,14.0,7,1,0,1.0,3.0,59.0,56.0,0.0,0.0,1.0,1.0,1.0,1.0,6,1.0,0.0,0.0,0.0,0.0,0.0,2.0,0.0,0.0,1.0,5.0,A_2022,1.0,2023.0,45.0,42.0,0,0,0,1,0,0,0,0,0,0,0,0,0,0,0,0,0,0,0,0,0,0,0,0,0,0,0,0,0,0,0,0,0,0,0,0,0,0,0,0,0,0,0,0,0,0
100909,A,2022,0,0,11.0,1,2.0,,12.0,7,1,0,5.0,5.0,37.0,47.0,0.0,0.0,0.0,0.0,0.0,1.0,6,1.0,0.0,0.0,0.0,0.0,0.0,2.0,0.0,0.0,0.0,0.0,A_2022,1.0,2023.0,25.0,35.0,0,0,0,1,0,0,0,0,0,0,0,0,0,0,0,0,0,0,0,0,0,0,0,0,0,0,0,0,0,0,0,0,0,0,0,0,0,0,0,0,0,0,0,0,0,0
100910,A,2022,1,1,17.0,1,3.0,,13.0,7,1,0,10.0,,36.0,,,0.0,0.0,1.0,1.0,1.0,6,1.0,0.0,0.0,1.0,1.0,1.0,3.0,0.0,0.0,0.0,0.0,A_2022,-4.0,2018.0,23.0,,0,1,0,1,0,0,0,0,0,0,0,0,0,0,0,0,0,0,0,0,0,0,0,0,0,0,0,0,0,0,0,0,0,0,0,0,0,0,0,0,0,0,0,0,0,0
100911,A,2022,0,1,14.0,1,,,15.0,7,1,0,3.0,3.0,37.0,36.0,0.0,0.0,1.0,1.0,1.0,1.0,7,1.0,1.0,0.0,0.0,0.0,0.0,3.0,0.0,0.0,0.0,0.0,A_2022,1.0,2023.0,22.0,21.0,0,0,0,1,0,0,0,0,0,0,0,0,0,0,0,0,0,0,0,0,0,0,0,0,0,0,0,0,0,0,0,0,0,0,0,0,0,0,0,0,0,0,0,0,0,0
100912,A,2022,1,1,11.0,1,3.0,,12.0,7,1,0,11.0,11.0,43.0,44.0,0.0,1.0,1.0,1.0,1.0,1.0,6,1.0,0.0,0.0,0.0,0.0,0.0,2.0,0.0,0.0,0.0,0.0,A_2022,1.0,2023.0,31.0,32.0,0,0,0,1,0,0,0,0,0,0,0,0,0,0,0,0,0,0,0,0,0,0,0,0,0,0,0,0,0,0,0,0,0,0,0,0,0,0,0,0,0,0,0,0,0,0
100913,A,2020,1,1,11.0,1,2.0,8.0,14.0,4,0,0,7.0,5.0,42.0,38.0,0.0,1.0,1.0,1.0,1.0,1.0,8,1.0,1.0,1.0,0.0,0.0,0.0,4.0,0.0,0.0,0.0,0.0,A_2020,3.0,2023.0,28.0,24.0,0,0,0,0,0,0,0,0,0,0,0,0,0,0,0,0,0,0,0,0,0,0,0,0,0,0,0,0,0,0,0,0,0,0,0,0,0,0,0,0,0,0,0,0,0,0
100914,B,2018,1,0,11.0,0,2.0,,16.0,7,1,1,5.0,5.0,49.0,56.0,0.0,1.0,1.0,1.0,1.0,1.0,9,1.0,1.0,1.0,0.0,0.0,0.0,6.0,0.0,0.0,0.0,0.0,B_2018,5.0,2023.0,33.0,40.0,0,0,0,1,0,0,0,0,0,0,0,0,0,0,0,0,1,0,0,0,0,0,0,0,0,0,0,0,0,0,0,0,0,0,0,0,0,0,0,0,0,0,0,0,0,0
100915,A,2022,1,1,13.0,1,2.0,,14.0,7,1,0,8.0,7.0,50.0,50.0,0.0,1.0,1.0,1.0,1.0,1.0,6,1.0,0.0,0.0,0.0,0.0,0.0,2.0,0.0,0.0,0.0,0.0,A_2022,1.0,2023.0,36.0,36.0,0,0,0,1,0,0,0,0,0,0,0,0,0,0,0,0,0,0,0,0,0,0,0,0,0,0,0,0,0,0,0,0,0,0,0,0,0,0,0,0,0,0,0,0,0,0
100916,A,2020,1,1,11.0,1,3.0,17.0,14.0,4,0,0,7.0,5.0,40.0,56.0,1.0,1.0,1.0,1.0,1.0,1.0,8,1.0,1.0,1.0,0.0,0.0,0.0,4.0,0.0,0.0,0.0,0.0,A_2020,3.0,2023.0,26.0,42.0,0,0,0,0,0,0,0,0,0,0,0,0,0,0,0,0,0,0,0,0,0,0,0,0,0,0,0,0,0,0,0,0,0,0,0,0,0,0,0,0,0,0,0,0,0,0
100917,A,2020,1,1,14.0,1,3.0,17.0,16.0,4,0,0,5.0,5.0,39.0,39.0,0.0,0.0,1.0,1.0,0.0,1.0,7,1.0,1.0,0.0,0.0,0.0,0.0,4.0,0.0,0.0,0.0,0.0,A_2020,2.0,2022.0,23.0,23.0,0,0,0,0,0,0,0,0,0,0,0,0,0,0,0,0,0,0,0,0,0,0,0,0,0,0,0,0,0,0,0,0,0,0,0,0,0,0,0,0,0,0,0,0,0,0
100918,A,2020,0,0,12.0,1,2.0,17.0,14.0,4,0,0,8.0,,37.0,,,0.0,1.0,1.0,1.0,1.0,8,1.0,1.0,1.0,1.0,1.0,1.0,5.0,0.0,0.0,0.0,0.0,A_2020,2.0,2022.0,23.0,,0,0,0,0,0,0,0,0,0,0,0,0,0,0,0,0,1,0,0,0,0,0,0,0,0,0,0,0,0,0,0,0,0,0,0,0,0,0,0,0,0,0,0,0,0,0
100919,A,2020,0,0,,1,3.0,12.0,14.0,3,0,0,5.0,10.0,40.0,47.0,0.0,0.0,1.0,1.0,1.0,1.0,8,1.0,1.0,1.0,0.0,0.0,0.0,4.0,0.0,0.0,0.0,0.0,A_2020,,,26.0,33.0,1,0,0,0,0,0,0,0,0,0,0,0,0,0,0,0,0,0,0,0,0,0,0,0,0,0,0,0,0,0,0,0,0,0,0,0,0,0,0,0,0,0,0,0,0,0
100920,A,2020,1,1,15.0,1,1.0,12.0,17.0,6,0,0,10.0,6.0,39.0,39.0,0.0,0.0,1.0,1.0,0.0,0.0,6,1.0,0.0,0.0,0.0,0.0,0.0,2.0,0.0,0.0,0.0,0.0,A_2020,2.0,2022.0,22.0,22.0,0,0,0,0,0,0,0,0,0,0,0,0,0,0,0,0,0,0,0,0,0,0,0,0,0,0,0,0,0,0,0,0,0,0,0,0,0,0,0,0,0,0,0,0,0,0
100921,A,2020,1,0,12.0,1,2.0,11.0,14.0,7,1,0,5.0,,37.0,,,1.0,1.0,1.0,1.0,1.0,8,1.0,1.0,1.0,0.0,0.0,0.0,4.0,0.0,0.0,0.0,0.0,A_2020,2.0,2022.0,23.0,,0,0,0,0,0,0,0,0,0,0,0,0,0,0,0,0,0,0,0,0,0,0,0,0,0,0,0,0,0,0,0,0,0,0,0,0,0,0,0,0,0,0,0,0,0,0
100922,A,2020,0,1,15.0,1,2.0,19.0,18.0,4,0,0,5.0,5.0,49.0,53.0,0.0,0.0,1.0,1.0,1.0,1.0,8,1.0,1.0,1.0,0.0,0.0,0.0,4.0,0.0,0.0,0.0,0.0,A_2020,3.0,2023.0,31.0,35.0,0,0,0,0,0,0,0,0,0,0,0,0,0,0,0,0,0,0,0,0,0,0,0,0,0,0,0,0,0,0,0,0,0,0,0,0,0,0,0,0,0,0,0,0,0,0
100923,A,2022,1,0,11.0,1,2.0,,12.0,7,1,0,6.0,,31.0,,,1.0,1.0,1.0,1.0,1.0,6,1.0,0.0,0.0,0.0,0.0,0.0,2.0,0.0,0.0,0.0,0.0,A_2022,1.0,2023.0,19.0,,0,0,0,1,0,0,0,0,0,0,0,0,0,0,0,0,0,0,0,0,0,0,0,0,0,0,0,0,0,0,0,0,0,0,0,0,0,0,0,0,0,0,0,0,0,0
100924,A,2020,1,1,11.0,1,2.0,19.0,14.0,3,0,0,7.0,,50.0,50.0,,0.0,1.0,0.0,0.0,1.0,8,1.0,1.0,1.0,0.0,0.0,0.0,4.0,0.0,0.0,0.0,0.0,A_2020,3.0,2023.0,36.0,36.0,0,0,0,0,0,0,0,0,0,0,0,0,0,0,0,0,0,0,0,0,0,0,0,0,0,0,0,0,0,0,0,0,0,0,0,0,0,0,0,0,0,0,0,0,0,0
100925,A,2020,1,0,12.0,1,3.0,8.0,14.0,4,0,0,,,49.0,46.0,,0.0,1.0,0.0,0.0,1.0,8,1.0,1.0,1.0,0.0,0.0,0.0,4.0,0.0,0.0,0.0,0.0,A_2020,2.0,2022.0,35.0,32.0,0,0,0,0,0,0,0,0,0,0,0,0,0,0,0,0,0,0,0,0,0,0,0,0,0,0,0,0,0,0,0,0,0,0,0,0,0,0,0,0,0,0,0,0,0,0
100926,A,2020,1,0,13.0,1,2.0,11.0,15.0,3,0,1,3.0,1.0,39.0,41.0,0.0,1.0,1.0,1.0,1.0,1.0,8,1.0,1.0,1.0,0.0,0.0,0.0,4.0,0.0,0.0,0.0,0.0,A_2020,2.0,2022.0,24.0,26.0,0,0,0,0,0,0,0,0,0,0,0,0,0,0,0,0,0,0,0,0,0,0,0,0,0,0,0,0,0,0,0,0,0,0,0,0,0,0,0,0,0,0,0,0,0,0
100927,A,2022,1,1,11.0,1,2.0,,12.0,8,1,0,9.0,11.0,34.0,39.0,0.0,1.0,1.0,1.0,1.0,1.0,6,1.0,0.0,0.0,0.0,0.0,0.0,2.0,0.0,0.0,0.0,0.0,A_2022,1.0,2023.0,22.0,27.0,0,0,0,1,0,0,0,0,0,0,0,0,0,0,0,0,0,0,0,0,0,0,0,0,0,0,0,0,0,0,0,0,0,0,0,0,0,0,0,0,0,0,0,0,0,0
100928,A,2020,0,0,13.0,1,4.0,19.0,15.0,3,0,0,,,40.0,,,0.0,1.0,1.0,0.0,1.0,8,1.0,1.0,1.0,0.0,0.0,0.0,4.0,0.0,0.0,0.0,0.0,A_2020,2.0,2022.0,25.0,,0,0,0,0,0,0,0,0,0,0,0,0,0,0,0,0,0,0,0,0,0,0,0,0,0,0,0,0,0,0,0,0,0,0,0,0,0,0,0,0,0,0,0,0,0,0
100929,A,2020,0,1,13.0,1,,5.0,15.0,3,0,0,,,,,,0.0,1.0,1.0,1.0,1.0,8,1.0,1.0,1.0,0.0,0.0,0.0,4.0,0.0,0.0,0.0,0.0,A_2020,2.0,2022.0,,,0,0,0,0,0,0,0,0,0,0,0,0,0,0,0,0,0,0,0,0,0,0,0,0,0,0,0,0,0,0,0,0,0,0,0,0,0,0,0,0,0,0,0,0,0,0
100930,A,2020,0,0,12.0,1,2.0,12.0,14.0,3,0,0,5.0,5.0,33.0,42.0,0.0,0.0,1.0,1.0,1.0,1.0,8,1.0,1.0,1.0,0.0,0.0,0.0,4.0,0.0,0.0,0.0,0.0,A_2020,2.0,2022.0,19.0,28.0,0,0,0,0,0,0,0,0,0,0,0,0,0,0,0,0,0,0,0,0,0,0,0,0,0,0,0,0,0,0,0,0,0,0,0,0,0,0,0,0,0,0,0,0,0,0
100931,A,2020,1,0,13.0,1,,17.0,16.0,2,0,0,5.0,6.0,39.0,42.0,0.0,0.0,1.0,0.0,0.0,0.0,6,1.0,0.0,0.0,0.0,0.0,0.0,1.0,0.0,0.0,1.0,0.0,A_2020,3.0,2023.0,23.0,26.0,0,0,0,0,0,0,0,0,0,0,0,0,0,0,0,1,0,0,0,0,0,0,0,0,0,0,0,0,0,0,0,0,0,0,0,0,0,0,0,0,0,0,0,0,0,0
100932,A,2020,0,1,13.0,1,2.0,17.0,15.0,3,0,0,5.0,2.0,30.0,39.0,0.0,0.0,1.0,1.0,1.0,1.0,8,1.0,1.0,1.0,0.0,0.0,0.0,4.0,0.0,0.0,0.0,0.0,A_2020,2.0,2022.0,15.0,24.0,0,0,0,0,0,0,0,0,0,0,0,0,0,0,0,0,0,0,0,0,0,0,0,0,0,0,0,0,0,0,0,0,0,0,0,0,0,0,0,0,0,0,0,0,0,0
100933,A,2020,1,1,11.0,1,3.0,12.0,13.0,2,0,0,11.0,10.0,31.0,34.0,1.0,1.0,1.0,1.0,1.0,1.0,8,1.0,1.0,1.0,0.0,0.0,0.0,4.0,0.0,0.0,0.0,0.0,A_2020,2.0,2022.0,18.0,21.0,0,0,0,0,0,0,0,0,0,0,0,0,0,0,0,0,0,0,0,0,0,0,0,0,0,0,0,0,0,0,0,0,0,0,0,0,0,0,0,0,0,0,0,0,0,0
100934,B,2018,1,0,11.0,0,2.0,,16.0,7,1,1,5.0,5.0,,,0.0,1.0,1.0,1.0,1.0,1.0,9,1.0,1.0,1.0,0.0,0.0,0.0,6.0,0.0,0.0,0.0,0.0,B_2018,5.0,2023.0,,,0,0,0,1,0,0,0,0,0,0,0,0,0,0,0,0,1,0,0,0,0,0,0,0,0,0,0,0,0,0,0,0,0,0,0,0,0,0,0,0,0,0,0,0,0,0
100935,A,2020,1,1,11.0,1,2.0,19.0,14.0,3,0,0,3.0,5.0,39.0,37.0,0.0,1.0,1.0,1.0,1.0,1.0,7,1.0,1.0,0.0,1.0,1.0,1.0,4.0,0.0,0.0,0.0,0.0,A_2020,3.0,2023.0,25.0,23.0,0,0,0,0,0,0,0,0,0,0,0,0,0,0,0,0,0,0,0,0,0,0,0,0,0,0,0,0,0,0,0,0,0,0,0,0,0,0,0,0,0,0,0,0,0,0
100936,A,2020,1,0,13.0,1,,19.0,15.0,3,0,0,,,38.0,,,0.0,1.0,1.0,0.0,0.0,8,1.0,1.0,1.0,0.0,0.0,0.0,3.0,0.0,0.0,0.0,0.0,A_2020,2.0,2022.0,23.0,,0,0,0,0,0,0,0,0,0,0,0,0,0,0,0,0,0,0,0,0,0,0,0,0,0,0,0,0,0,0,0,0,0,0,0,0,0,0,0,0,0,0,0,0,0,0
100937,A,2020,0,0,14.0,1,2.0,,16.0,7,1,0,3.0,4.0,45.0,61.0,0.0,0.0,1.0,0.0,0.0,0.0,5,0.0,0.0,0.0,0.0,0.0,0.0,1.0,0.0,1.0,0.0,0.0,A_2020,2.0,2022.0,29.0,45.0,0,0,0,0,0,0,0,0,0,0,0,0,0,0,0,0,0,0,0,0,0,0,0,0,0,0,0,0,0,0,0,0,0,0,0,0,0,0,0,0,0,0,0,0,0,0
100938,A,2020,0,1,12.0,1,3.0,11.0,15.0,8,1,0,,,,,,0.0,,,0.0,0.0,8,1.0,1.0,1.0,,0.0,0.0,0.0,0.0,0.0,0.0,0.0,A_2020,3.0,2023.0,,,0,0,0,0,0,0,0,0,0,0,0,0,0,0,0,0,0,0,0,0,0,0,0,0,0,0,0,0,0,0,0,0,0,0,0,0,0,0,0,0,0,0,0,0,0,0
100939,A,2020,0,1,11.0,1,2.0,,14.0,4,0,0,,,46.0,56.0,0.0,0.0,1.0,1.0,1.0,1.0,8,1.0,1.0,1.0,0.0,0.0,0.0,4.0,0.0,0.0,0.0,0.0,A_2020,3.0,2023.0,32.0,42.0,0,0,0,0,0,0,0,0,0,0,0,0,0,0,0,0,0,0,0,0,0,0,0,0,0,0,0,0,0,0,0,0,0,0,0,0,0,0,0,0,0,0,0,0,0,0
100940,A,2020,1,0,12.0,1,2.0,11.0,14.0,3,0,0,0.0,2.0,47.0,49.0,0.0,1.0,1.0,1.0,1.0,1.0,8,1.0,1.0,1.0,0.0,0.0,0.0,4.0,0.0,0.0,0.0,0.0,A_2020,2.0,2022.0,33.0,35.0,0,0,0,0,0,0,0,0,0,0,0,0,0,0,0,0,0,0,0,0,0,0,0,0,0,0,0,0,0,0,0,0,0,0,0,0,0,0,0,0,0,0,0,0,0,0
100941,A,2022,1,0,11.0,1,2.0,,12.0,11,1,0,8.0,8.0,37.0,43.0,0.0,1.0,1.0,1.0,1.0,1.0,6,1.0,0.0,0.0,0.0,0.0,0.0,3.0,0.0,0.0,0.0,0.0,A_2022,1.0,2023.0,25.0,31.0,0,0,0,1,0,0,0,0,0,0,0,0,0,0,0,0,0,0,0,0,0,0,0,0,0,0,0,0,0,0,0,0,0,0,0,0,0,0,0,0,0,0,0,0,0,0
100942,A,2020,0,0,12.0,1,2.0,7.0,14.0,5,0,0,6.0,9.0,31.0,40.0,1.0,0.0,0.0,0.0,1.0,1.0,8,1.0,1.0,1.0,0.0,0.0,0.0,4.0,0.0,0.0,0.0,0.0,A_2020,2.0,2022.0,17.0,26.0,0,0,0,0,0,0,0,0,0,0,0,0,0,0,0,0,0,0,0,0,0,0,0,0,0,0,0,0,0,0,0,0,0,0,0,0,0,0,0,0,0,0,0,0,0,0
100943,B,2018,1,1,12.0,1,,,17.0,6,1,1,,,,,,0.0,1.0,1.0,1.0,1.0,9,1.0,1.0,1.0,0.0,0.0,0.0,6.0,0.0,0.0,0.0,0.0,B_2018,5.0,2023.0,,,0,0,0,1,0,0,0,0,0,0,0,0,0,0,0,0,1,0,0,0,0,0,0,0,0,0,0,0,0,0,0,0,0,0,0,0,0,0,0,0,0,0,0,0,0,0
100944,B,2018,1,0,15.0,0,1.0,,20.0,7,1,1,5.0,5.0,48.0,49.0,0.0,1.0,1.0,1.0,1.0,1.0,9,1.0,1.0,1.0,0.0,0.0,0.0,6.0,0.0,0.0,0.0,0.0,B_2018,5.0,2023.0,28.0,29.0,0,0,0,1,0,0,0,0,0,0,0,0,0,0,0,0,1,0,0,0,0,0,0,0,0,0,0,0,0,0,0,0,0,0,0,0,0,0,0,0,0,0,0,0,0,0
100945,A,2022,0,1,16.0,1,1.0,,16.0,7,1,0,5.0,5.0,46.0,54.0,0.0,0.0,1.0,0.0,0.0,1.0,6,1.0,0.0,0.0,1.0,1.0,1.0,3.0,0.0,0.0,0.0,0.0,A_2022,0.0,2022.0,30.0,38.0,0,0,1,1,0,0,0,0,0,0,0,0,0,0,0,0,0,0,0,0,0,0,0,0,0,0,0,0,0,0,0,0,0,0,0,0,0,0,0,0,0,0,0,0,0,0
100946,A,2020,1,0,14.0,1,2.0,10.0,17.0,5,1,0,5.0,1.0,46.0,52.0,0.0,0.0,1.0,1.0,0.0,0.0,7,1.0,1.0,0.0,0.0,0.0,0.0,3.0,0.0,1.0,0.0,0.0,A_2020,3.0,2023.0,29.0,35.0,0,0,0,0,0,0,0,0,0,0,0,0,0,0,0,0,0,0,0,0,0,0,0,0,0,0,0,0,0,0,0,0,0,0,0,0,0,0,0,0,0,0,0,0,0,0
100947,A,2020,1,0,12.0,1,2.0,,15.0,3,0,0,3.0,0.0,43.0,41.0,0.0,1.0,1.0,1.0,1.0,1.0,6,1.0,0.0,0.0,1.0,1.0,1.0,3.0,0.0,0.0,0.0,0.0,A_2020,3.0,2023.0,28.0,26.0,0,0,0,0,0,0,0,0,0,0,0,0,0,0,0,0,0,0,0,0,0,0,0,0,0,0,0,0,0,0,0,0,0,0,0,0,0,0,0,0,0,0,0,0,0,0
100948,A,2020,0,1,,1,2.0,17.0,14.0,6,0,0,6.0,3.0,35.0,49.0,1.0,0.0,1.0,0.0,0.0,0.0,5,0.0,0.0,0.0,0.0,0.0,0.0,1.0,0.0,0.0,0.0,0.0,A_2020,,,21.0,35.0,1,0,0,0,0,0,0,0,0,0,0,0,0,0,0,0,0,0,0,0,0,0,0,0,0,0,0,0,0,0,0,0,0,0,0,0,0,0,0,0,0,0,0,0,0,0
100949,A,2020,1,0,12.0,1,2.0,5.0,15.0,8,1,0,,,,,,1.0,1.0,1.0,1.0,1.0,8,1.0,1.0,1.0,0.0,0.0,0.0,4.0,0.0,0.0,0.0,0.0,A_2020,3.0,2023.0,,,0,0,0,0,0,0,0,0,0,0,0,0,0,0,0,0,0,0,0,0,0,0,0,0,0,0,0,0,0,0,0,0,0,0,0,0,0,0,0,0,0,0,0,0,0,0
100950,B,2018,1,1,12.0,1,2.0,,16.0,6,1,1,7.0,10.0,46.0,45.0,0.0,1.0,1.0,1.0,1.0,1.0,9,1.0,1.0,1.0,0.0,0.0,0.0,6.0,0.0,0.0,0.0,0.0,B_2018,4.0,2022.0,30.0,29.0,0,0,0,0,0,0,0,0,0,0,0,0,0,0,0,0,1,0,0,0,0,0,0,0,0,0,0,0,0,0,0,0,0,0,0,0,0,0,0,0,0,0,0,0,0,0
100951,A,2022,0,0,11.0,1,,,11.0,8,1,0,,,,,,0.0,,,0.0,1.0,6,1.0,0.0,0.0,,0.0,0.0,1.0,,,0.0,0.0,A_2022,0.0,2022.0,,,0,0,1,1,0,0,0,0,0,0,0,0,0,0,0,0,0,0,0,0,0,0,0,0,0,0,0,0,0,0,0,0,0,0,0,0,0,0,0,0,0,0,0,0,0,0
100952,A,2020,1,1,12.0,1,1.0,6.0,14.0,3,0,0,,6.0,,40.0,0.0,0.0,0.0,0.0,0.0,1.0,8,1.0,1.0,1.0,0.0,0.0,0.0,4.0,0.0,0.0,0.0,0.0,A_2020,2.0,2022.0,,26.0,0,0,0,0,0,0,0,0,0,0,0,0,0,0,0,0,0,0,0,0,0,0,0,0,0,0,0,0,0,0,0,0,0,0,0,0,0,0,0,0,0,0,0,0,0,0
100953,A,2020,0,0,13.0,1,2.0,12.0,15.0,5,0,0,8.0,9.0,41.0,40.0,0.0,0.0,1.0,1.0,1.0,1.0,7,1.0,1.0,0.0,1.0,1.0,1.0,4.0,0.0,0.0,0.0,0.0,A_2020,2.0,2022.0,26.0,25.0,0,0,0,0,0,0,0,0,0,0,0,0,0,0,0,0,0,0,0,0,0,0,0,0,0,0,0,0,0,0,0,0,0,0,0,0,0,0,0,0,0,0,0,0,0,0
100954,A,2022,1,0,11.0,1,2.0,,11.0,7,1,0,7.0,9.0,39.0,40.0,0.0,1.0,1.0,1.0,1.0,1.0,6,1.0,0.0,0.0,0.0,0.0,0.0,2.0,0.0,0.0,0.0,0.0,A_2022,0.0,2022.0,28.0,29.0,0,0,1,1,0,0,0,0,0,0,0,0,0,0,0,0,0,0,0,0,0,0,0,0,0,0,0,0,0,0,0,0,0,0,0,0,0,0,0,0,0,0,0,0,0,0
100955,A,2020,0,0,13.0,1,2.0,,16.0,8,1,0,7.0,,42.0,,,0.0,1.0,1.0,0.0,0.0,8,1.0,1.0,1.0,0.0,0.0,0.0,3.0,0.0,0.0,0.0,0.0,A_2020,3.0,2023.0,26.0,,0,0,0,0,0,0,0,0,0,0,0,0,0,0,0,0,0,0,0,0,0,0,0,0,0,0,0,0,0,0,0,0,0,0,0,0,0,0,0,0,0,0,0,0,0,0
100956,A,2022,1,0,11.0,1,,,12.0,7,1,0,5.0,5.0,39.0,40.0,,1.0,1.0,1.0,1.0,1.0,6,1.0,0.0,0.0,0.0,0.0,0.0,2.0,0.0,0.0,0.0,0.0,A_2022,1.0,2023.0,27.0,28.0,0,0,0,1,0,0,0,0,0,0,0,0,0,0,0,0,0,0,0,0,0,0,0,0,0,0,0,0,0,0,0,0,0,0,0,0,0,0,0,0,0,0,0,0,0,0
100957,A,2020,1,0,12.0,1,2.0,,14.0,3,0,0,8.0,4.0,42.0,45.0,0.0,1.0,1.0,1.0,1.0,1.0,8,1.0,1.0,1.0,0.0,0.0,0.0,4.0,0.0,0.0,1.0,3.0,A_2020,2.0,2022.0,28.0,31.0,0,0,0,0,0,0,0,0,0,0,0,0,0,0,0,0,0,0,0,0,0,0,0,0,0,0,0,0,0,0,0,0,0,0,0,0,0,0,0,0,0,0,0,0,0,0
100958,A,2020,0,1,12.0,1,2.0,17.0,14.0,3,0,0,,11.0,,37.0,0.0,0.0,1.0,1.0,1.0,1.0,7,1.0,1.0,0.0,1.0,1.0,1.0,4.0,0.0,0.0,0.0,0.0,A_2020,2.0,2022.0,,23.0,0,0,0,0,0,0,0,0,0,0,0,0,0,0,0,0,0,0,0,0,0,0,0,0,0,0,0,0,0,0,0,0,0,0,0,0,0,0,0,0,0,0,0,0,0,0
100959,A,2020,0,1,12.0,1,2.0,,15.0,7,1,0,3.0,11.0,45.0,47.0,0.0,0.0,1.0,1.0,1.0,1.0,8,1.0,1.0,1.0,0.0,0.0,0.0,4.0,0.0,0.0,0.0,0.0,A_2020,3.0,2023.0,30.0,32.0,0,0,0,0,0,0,0,0,0,0,0,0,0,0,0,0,0,0,0,0,0,0,0,0,0,0,0,0,0,0,0,0,0,0,0,0,0,0,0,0,0,0,0,0,0,0
100960,A,2020,1,0,11.0,1,2.0,19.0,13.0,4,0,0,7.0,6.0,39.0,39.0,1.0,1.0,1.0,1.0,1.0,1.0,8,1.0,1.0,1.0,0.0,0.0,0.0,4.0,0.0,0.0,0.0,0.0,A_2020,2.0,2022.0,26.0,26.0,0,0,0,0,0,0,0,0,0,0,0,0,0,0,0,0,0,0,0,0,0,0,0,0,0,0,0,0,0,0,0,0,0,0,0,0,0,0,0,0,0,0,0,0,0,0
100961,A,2020,0,1,13.0,1,2.0,11.0,16.0,9,1,0,2.0,,37.0,,,0.0,1.0,0.0,0.0,0.0,6,1.0,0.0,0.0,0.0,0.0,0.0,1.0,0.0,0.0,1.0,40.0,A_2020,3.0,2023.0,21.0,,0,0,0,0,0,0,0,0,0,0,0,0,0,0,0,0,0,0,0,0,0,0,0,0,0,0,0,0,0,0,0,0,0,0,0,0,0,0,0,0,0,0,0,0,0,0
100962,A,2022,1,0,10.0,1,3.0,,11.0,7,1,0,8.0,11.0,32.0,41.0,0.0,1.0,1.0,1.0,1.0,1.0,6,1.0,0.0,0.0,0.0,0.0,0.0,2.0,0.0,0.0,0.0,0.0,A_2022,1.0,2023.0,21.0,30.0,0,0,0,1,0,0,0,0,0,0,0,0,0,0,0,0,0,0,0,0,0,0,0,0,0,0,0,0,0,0,0,0,0,0,0,0,0,0,0,0,0,0,0,0,0,0
100963,A,2020,0,1,13.0,1,2.0,11.0,15.0,4,0,0,10.0,6.0,37.0,45.0,0.0,0.0,1.0,1.0,1.0,1.0,8,1.0,1.0,1.0,0.0,0.0,0.0,4.0,0.0,0.0,0.0,0.0,A_2020,2.0,2022.0,22.0,30.0,0,0,0,0,0,0,0,0,0,0,0,0,0,0,0,0,0,0,0,0,0,0,0,0,0,0,0,0,0,0,0,0,0,0,0,0,0,0,0,0,0,0,0,0,0,0
100964,A,2020,1,1,11.0,1,1.0,19.0,14.0,3,0,0,5.0,5.0,52.0,54.0,0.0,1.0,1.0,1.0,1.0,1.0,8,1.0,1.0,1.0,0.0,0.0,0.0,4.0,0.0,0.0,1.0,30.0,A_2020,3.0,2023.0,38.0,40.0,0,0,0,0,0,0,0,0,0,0,0,0,0,0,0,0,0,0,0,0,0,0,0,0,0,0,0,0,0,0,0,0,0,0,0,0,0,0,0,0,0,0,0,0,0,0
100965,B,2018,1,1,12.0,0,,,16.0,6,1,0,,,,,,1.0,1.0,1.0,1.0,1.0,9,1.0,1.0,1.0,0.0,0.0,0.0,6.0,0.0,0.0,0.0,0.0,B_2018,4.0,2022.0,,,0,0,0,0,0,0,0,0,0,0,0,0,0,0,0,0,1,0,0,0,0,0,0,0,0,0,0,0,0,0,0,0,0,0,0,0,0,0,0,0,0,0,0,0,0,0
100966,A,2020,0,1,13.0,1,2.0,5.0,16.0,3,0,0,,,50.0,72.0,,0.0,1.0,1.0,1.0,1.0,8,1.0,1.0,1.0,1.0,1.0,1.0,4.0,0.0,0.0,1.0,4.0,A_2020,3.0,2023.0,34.0,56.0,0,0,0,0,0,0,0,0,0,0,0,0,0,0,0,0,0,0,0,0,0,0,0,0,0,0,0,0,0,0,0,0,0,0,0,0,0,0,0,0,0,0,0,0,0,0
100967,B,2018,1,1,13.0,1,2.0,,17.0,6,1,1,5.0,5.0,57.0,66.0,0.0,0.0,1.0,1.0,1.0,1.0,9,1.0,1.0,1.0,0.0,0.0,0.0,6.0,0.0,0.0,0.0,0.0,B_2018,4.0,2022.0,40.0,49.0,0,0,0,0,0,0,0,0,0,0,0,0,0,0,0,0,1,0,0,0,0,0,0,0,0,0,0,0,0,0,0,0,0,0,0,0,0,0,0,0,0,0,0,0,0,0
100968,A,2020,1,1,14.0,1,3.0,8.0,17.0,1,1,0,,5.0,,46.0,0.0,0.0,1.0,1.0,0.0,0.0,9,1.0,1.0,1.0,0.0,0.0,0.0,4.0,0.0,0.0,0.0,0.0,A_2020,3.0,2023.0,,29.0,0,0,0,0,0,0,0,0,0,0,0,0,0,0,0,0,0,0,0,0,0,0,0,0,0,0,0,0,0,0,0,0,0,0,0,0,0,0,0,0,0,0,0,0,0,0
100969,B,2018,1,0,14.0,1,,,18.0,6,1,1,3.0,,38.0,,,0.0,0.0,0.0,0.0,0.0,7,1.0,1.0,0.0,0.0,0.0,0.0,3.0,0.0,1.0,0.0,0.0,B_2018,4.0,2022.0,20.0,,0,0,0,0,0,0,0,0,0,0,0,0,0,0,0,0,0,0,0,0,0,0,0,0,0,0,0,0,0,0,0,0,0,0,0,0,0,0,0,0,0,0,0,0,0,0
100970,A,2020,0,0,13.0,1,,11.0,15.0,1,0,1,2.0,3.0,42.0,56.0,0.0,0.0,1.0,0.0,0.0,1.0,8,1.0,1.0,1.0,0.0,0.0,0.0,4.0,0.0,0.0,1.0,30.0,A_2020,2.0,2022.0,27.0,41.0,0,0,0,0,0,0,0,0,0,0,0,0,0,0,0,0,0,0,0,0,0,0,0,0,0,0,0,0,0,0,0,0,0,0,0,0,0,0,0,0,0,0,0,0,0,0
100971,A,2020,1,1,14.0,1,3.0,8.0,16.0,3,0,0,9.0,5.0,36.0,45.0,0.0,1.0,1.0,1.0,1.0,1.0,8,1.0,1.0,1.0,0.0,0.0,0.0,4.0,0.0,0.0,0.0,0.0,A_2020,2.0,2022.0,20.0,29.0,0,0,0,0,0,0,0,0,0,0,0,0,0,0,0,0,0,0,0,0,0,0,0,0,0,0,0,0,0,0,0,0,0,0,0,0,0,0,0,0,0,0,0,0,0,0
100972,A,2020,1,0,13.0,1,2.0,8.0,15.0,3,0,0,4.0,1.0,40.0,66.0,1.0,0.0,1.0,0.0,1.0,1.0,6,1.0,0.0,0.0,1.0,1.0,1.0,4.0,0.0,0.0,0.0,0.0,A_2020,2.0,2022.0,25.0,51.0,0,0,0,0,0,0,0,0,0,0,0,0,0,0,0,0,0,0,0,0,0,0,0,0,0,0,0,0,0,0,0,0,0,0,0,0,0,0,0,0,0,0,0,0,0,0
100973,A,2020,0,1,12.0,1,2.0,8.0,14.0,7,1,0,5.0,6.0,35.0,35.0,0.0,0.0,1.0,1.0,1.0,1.0,7,1.0,1.0,0.0,0.0,1.0,1.0,4.0,0.0,0.0,0.0,0.0,A_2020,2.0,2022.0,21.0,21.0,0,0,0,0,0,0,0,0,0,0,0,0,0,0,0,0,0,0,0,0,0,0,0,0,0,0,0,0,0,0,0,0,0,0,0,0,0,0,0,0,0,0,0,0,0,0
100974,A,2020,1,0,13.0,1,2.0,5.0,15.0,3,0,0,5.0,3.0,36.0,56.0,0.0,1.0,0.0,1.0,1.0,1.0,8,1.0,1.0,1.0,1.0,1.0,1.0,5.0,0.0,0.0,0.0,0.0,A_2020,2.0,2022.0,21.0,41.0,0,0,0,0,0,0,0,0,0,0,0,0,0,0,0,0,1,0,0,0,0,0,0,0,0,0,0,0,0,0,0,0,0,0,0,0,0,0,0,0,0,0,0,0,0,0
100975,A,2020,1,1,,1,1.0,5.0,16.0,3,0,0,,2.0,37.0,40.0,0.0,1.0,1.0,1.0,1.0,1.0,8,1.0,1.0,1.0,0.0,0.0,0.0,4.0,0.0,0.0,0.0,0.0,A_2020,,,21.0,24.0,1,0,0,0,0,0,0,0,0,0,0,0,0,0,0,0,0,0,0,0,0,0,0,0,0,0,0,0,0,0,0,0,0,0,0,0,0,0,0,0,0,0,0,0,0,0
100976,B,2018,0,0,12.0,0,,,16.0,6,1,1,11.0,11.0,,,0.0,0.0,0.0,0.0,0.0,1.0,9,1.0,1.0,1.0,0.0,0.0,0.0,6.0,0.0,0.0,0.0,0.0,B_2018,4.0,2022.0,,,0,0,0,0,0,0,0,0,0,0,0,0,0,0,0,0,1,0,0,0,0,0,0,0,0,0,0,0,0,0,0,0,0,0,0,0,0,0,0,0,0,0,0,0,0,0
100977,A,2020,0,1,12.0,1,1.0,4.0,14.0,3,0,0,5.0,,31.0,,,0.0,0.0,0.0,0.0,1.0,7,1.0,1.0,0.0,1.0,1.0,1.0,4.0,0.0,0.0,0.0,0.0,A_2020,2.0,2022.0,17.0,,0,0,0,0,0,0,0,0,0,0,0,0,0,0,0,0,0,0,0,0,0,0,0,0,0,0,0,0,0,0,0,0,0,0,0,0,0,0,0,0,0,0,0,0,0,0
100978,A,2020,0,1,12.0,1,,,14.0,5,0,0,8.0,5.0,35.0,48.0,0.0,0.0,1.0,1.0,1.0,1.0,8,1.0,1.0,1.0,0.0,0.0,0.0,4.0,0.0,0.0,0.0,0.0,A_2020,2.0,2022.0,21.0,34.0,0,0,0,0,0,0,0,0,0,0,0,0,0,0,0,0,0,0,0,0,0,0,0,0,0,0,0,0,0,0,0,0,0,0,0,0,0,0,0,0,0,0,0,0,0,0
100979,A,2020,0,1,11.0,1,2.0,5.0,14.0,5,0,0,7.0,11.0,52.0,46.0,1.0,0.0,1.0,1.0,1.0,1.0,8,1.0,1.0,1.0,0.0,0.0,0.0,4.0,0.0,0.0,0.0,0.0,A_2020,3.0,2023.0,38.0,32.0,0,0,0,0,0,0,0,0,0,0,0,0,0,0,0,0,0,0,0,0,0,0,0,0,0,0,0,0,0,0,0,0,0,0,0,0,0,0,0,0,0,0,0,0,0,0
100980,A,2022,0,1,15.0,1,2.0,,15.0,7,1,0,8.0,,38.0,,,0.0,1.0,0.0,1.0,1.0,5,0.0,0.0,0.0,1.0,1.0,1.0,2.0,0.0,0.0,1.0,12.0,A_2022,0.0,2022.0,23.0,,0,0,1,1,0,0,0,0,0,0,0,0,0,0,0,0,0,0,0,0,0,0,0,0,0,0,0,0,0,0,0,0,0,0,0,0,0,0,0,0,0,0,0,0,0,0
100981,A,2020,1,0,12.0,1,3.0,6.0,14.0,3,0,0,3.0,5.0,38.0,48.0,0.0,0.0,1.0,1.0,0.0,0.0,8,1.0,1.0,1.0,0.0,0.0,0.0,3.0,0.0,0.0,0.0,0.0,A_2020,2.0,2022.0,24.0,34.0,0,0,0,0,0,0,0,0,0,0,0,0,0,0,0,0,0,0,0,0,0,0,0,0,0,0,0,0,0,0,0,0,0,0,0,0,0,0,0,0,0,0,0,0,0,0
100982,B,2018,0,1,,0,2.0,,18.0,6,1,1,2.0,,45.0,,,0.0,0.0,0.0,0.0,0.0,7,1.0,1.0,0.0,0.0,0.0,0.0,1.0,0.0,0.0,1.0,28.0,B_2018,,,27.0,,1,0,0,0,0,0,0,0,0,0,0,0,0,0,0,0,0,0,0,0,0,0,0,0,0,0,0,0,0,0,0,0,0,0,0,0,0,0,0,0,0,0,0,0,0,0
100983,B,2018,0,0,11.0,0,2.0,,16.0,6,1,0,9.0,8.0,38.0,42.0,0.0,0.0,1.0,1.0,0.0,1.0,9,1.0,1.0,1.0,0.0,0.0,0.0,6.0,0.0,0.0,0.0,0.0,B_2018,5.0,2023.0,22.0,26.0,0,0,0,1,0,0,0,0,0,0,0,0,0,0,0,0,1,0,0,0,0,0,0,0,0,0,0,0,0,0,0,0,0,0,0,0,0,0,0,0,0,0,0,0,0,0
100984,A,2020,1,1,16.0,1,1.0,17.0,18.0,3,0,0,2.0,,39.0,40.0,,1.0,1.0,1.0,1.0,1.0,8,1.0,1.0,1.0,0.0,0.0,0.0,4.0,0.0,0.0,0.0,0.0,A_2020,2.0,2022.0,21.0,22.0,0,0,0,0,0,0,0,0,0,0,0,0,0,0,0,0,0,0,0,0,0,0,0,0,0,0,0,0,0,0,0,0,0,0,0,0,0,0,0,0,0,0,0,0,0,0
100985,A,2020,1,1,12.0,1,2.0,5.0,14.0,3,0,0,4.0,3.0,39.0,54.0,0.0,0.0,1.0,0.0,0.0,1.0,8,1.0,1.0,1.0,0.0,0.0,0.0,4.0,0.0,0.0,0.0,0.0,A_2020,2.0,2022.0,25.0,40.0,0,0,0,0,0,0,0,0,0,0,0,0,0,0,0,0,0,0,0,0,0,0,0,0,0,0,0,0,0,0,0,0,0,0,0,0,0,0,0,0,0,0,0,0,0,0
100986,A,2022,1,1,14.0,1,,,15.0,7,1,0,10.0,11.0,49.0,51.0,0.0,1.0,1.0,1.0,1.0,1.0,6,1.0,0.0,0.0,0.0,0.0,0.0,2.0,0.0,0.0,0.0,0.0,A_2022,1.0,2023.0,34.0,36.0,0,0,0,1,0,0,0,0,0,0,0,0,0,0,0,0,0,0,0,0,0,0,0,0,0,0,0,0,0,0,0,0,0,0,0,0,0,0,0,0,0,0,0,0,0,0
100987,A,2020,1,1,13.0,1,2.0,19.0,16.0,8,1,0,3.0,6.0,32.0,32.0,0.0,1.0,1.0,1.0,1.0,1.0,8,1.0,1.0,1.0,0.0,0.0,0.0,4.0,0.0,0.0,1.0,0.0,A_2020,3.0,2023.0,16.0,16.0,0,0,0,0,0,0,0,0,0,0,0,0,0,0,0,1,0,0,0,0,0,0,0,0,0,0,0,0,0,0,0,0,0,0,0,0,0,0,0,0,0,0,0,0,0,0
100988,A,2020,1,0,11.0,1,2.0,18.0,13.0,2,0,0,5.0,5.0,37.0,38.0,0.0,1.0,1.0,1.0,1.0,1.0,8,1.0,1.0,1.0,0.0,0.0,0.0,4.0,0.0,0.0,0.0,0.0,A_2020,2.0,2022.0,24.0,25.0,0,0,0,0,0,0,0,0,0,0,0,0,0,0,0,0,0,0,0,0,0,0,0,0,0,0,0,0,0,0,0,0,0,0,0,0,0,0,0,0,0,0,0,0,0,0
100989,A,2020,0,1,,1,2.0,19.0,15.0,8,1,0,7.0,,45.0,44.0,,1.0,1.0,1.0,1.0,1.0,8,1.0,1.0,1.0,0.0,0.0,0.0,4.0,0.0,0.0,0.0,0.0,A_2020,,,30.0,29.0,1,0,0,0,0,0,0,0,0,0,0,0,0,0,0,0,0,0,0,0,0,0,0,0,0,0,0,0,0,0,0,0,0,0,0,0,0,0,0,0,0,0,0,0,0,0
100990,A,2020,0,1,12.0,1,2.0,18.0,15.0,2,0,1,5.0,7.0,36.0,36.0,1.0,0.0,1.0,0.0,0.0,1.0,6,1.0,0.0,0.0,2.0,1.0,2.0,4.0,0.0,0.0,0.0,0.0,A_2020,3.0,2023.0,21.0,21.0,0,0,0,0,0,0,0,0,0,0,0,0,0,0,0,0,0,0,0,0,0,0,0,0,0,0,0,0,0,0,0,0,0,0,0,0,0,0,0,0,0,0,0,0,0,0
100991,A,2020,0,0,14.0,1,2.0,,17.0,6,0,0,3.0,,35.0,,,0.0,1.0,0.0,0.0,0.0,6,1.0,0.0,0.0,0.0,0.0,0.0,1.0,0.0,1.0,0.0,0.0,A_2020,3.0,2023.0,18.0,,0,0,0,0,0,0,0,0,0,0,0,0,0,0,0,0,0,0,0,0,0,0,0,0,0,0,0,0,0,0,0,0,0,0,0,0,0,0,0,0,0,0,0,0,0,0
100992,A,2022,0,0,14.0,1,2.0,,14.0,8,1,0,9.0,,41.0,,,0.0,1.0,1.0,1.0,1.0,6,1.0,0.0,0.0,0.0,0.0,0.0,2.0,0.0,0.0,0.0,0.0,A_2022,0.0,2022.0,27.0,,0,0,1,1,0,0,0,0,0,0,0,0,0,0,0,0,0,0,0,0,0,0,0,0,0,0,0,0,0,0,0,0,0,0,0,0,0,0,0,0,0,0,0,0,0,0
100993,A,2022,1,1,12.0,1,3.0,,14.0,5,1,0,7.0,7.0,48.0,49.0,1.0,0.0,1.0,1.0,1.0,1.0,8,1.0,1.0,1.0,0.0,0.0,0.0,3.0,0.0,0.0,0.0,0.0,A_2022,2.0,2024.0,34.0,35.0,0,0,0,0,0,0,0,0,0,0,0,0,0,0,0,0,0,0,0,0,0,0,0,0,0,0,0,0,0,0,0,0,0,0,0,0,0,0,0,0,0,0,0,0,0,0
100994,A,2020,0,1,14.0,1,1.0,17.0,16.0,3,0,0,8.0,,33.0,,,0.0,1.0,1.0,1.0,1.0,8,1.0,1.0,1.0,0.0,0.0,0.0,4.0,0.0,0.0,1.0,0.0,A_2020,2.0,2022.0,17.0,,0,0,0,0,0,0,0,0,0,0,0,0,0,0,0,1,0,0,0,0,0,0,0,0,0,0,0,0,0,0,0,0,0,0,0,0,0,0,0,0,0,0,0,0,0,0
100995,A,2022,1,1,14.0,1,,,14.0,7,1,0,0.0,,33.0,,,0.0,0.0,1.0,1.0,1.0,6,1.0,0.0,0.0,2.0,1.0,2.0,4.0,0.0,0.0,1.0,40.0,A_2022,0.0,2022.0,19.0,,0,0,1,1,0,0,0,0,0,0,0,0,0,0,0,0,0,0,0,0,0,0,0,0,0,0,0,0,0,0,0,0,0,0,0,0,0,0,0,0,0,0,0,0,0,0
100996,A,2022,0,1,15.0,1,,,15.0,7,1,0,5.0,2.0,32.0,47.0,0.0,0.0,1.0,1.0,1.0,1.0,6,1.0,0.0,0.0,0.0,0.0,0.0,2.0,0.0,0.0,0.0,0.0,A_2022,0.0,2022.0,17.0,32.0,0,0,1,1,0,0,0,0,0,0,0,0,0,0,0,0,0,0,0,0,0,0,0,0,0,0,0,0,0,0,0,0,0,0,0,0,0,0,0,0,0,0,0,0,0,0
100997,A,2020,0,1,15.0,1,,,17.0,3,0,0,2.0,3.0,36.0,40.0,0.0,0.0,1.0,0.0,0.0,1.0,7,1.0,1.0,0.0,1.0,1.0,1.0,4.0,0.0,0.0,1.0,9.0,A_2020,2.0,2022.0,19.0,23.0,0,0,0,0,0,0,0,0,0,0,0,0,0,0,0,0,0,0,0,0,0,0,0,0,0,0,0,0,0,0,0,0,0,0,0,0,0,0,0,0,0,0,0,0,0,0
100998,B,2018,0,0,14.0,0,2.0,,18.0,7,1,1,5.0,5.0,43.0,47.0,0.0,0.0,1.0,0.0,1.0,1.0,10,1.0,1.0,1.0,1.0,1.0,1.0,6.0,0.0,0.0,0.0,0.0,B_2018,4.0,2022.0,25.0,29.0,0,0,0,0,0,0,0,0,0,0,0,0,0,0,0,0,1,0,0,0,0,0,0,0,0,0,0,0,0,0,0,0,0,0,0,0,0,0,0,0,0,0,0,0,0,0
100999,A,2020,1,1,11.0,1,2.0,19.0,14.0,3,0,0,11.0,,34.0,,,1.0,1.0,1.0,1.0,1.0,8,1.0,1.0,1.0,0.0,0.0,0.0,4.0,0.0,0.0,0.0,0.0,A_2020,3.0,2023.0,20.0,,0,0,0,0,0,0,0,0,0,0,0,0,0,0,0,0,0,0,0,0,0,0,0,0,0,0,0,0,0,0,0,0,0,0,0,0,0,0,0,0,0,0,0,0,0,0
101000,A,2020,0,1,15.0,1,2.0,5.0,18.0,4,0,0,7.0,11.0,46.0,52.0,0.0,0.0,0.0,1.0,0.0,0.0,7,1.0,1.0,0.0,0.0,0.0,0.0,3.0,0.0,0.0,1.0,40.0,A_2020,3.0,2023.0,28.0,34.0,0,0,0,0,0,0,0,0,0,0,0,0,0,0,0,0,0,0,0,0,0,0,0,0,0,0,0,0,0,0,0,0,0,0,0,0,0,0,0,0,0,0,0,0,0,0
101001,A,2020,1,1,11.0,1,2.0,17.0,14.0,3,0,0,,,,,1.0,0.0,1.0,1.0,1.0,1.0,8,1.0,1.0,1.0,0.0,0.0,0.0,4.0,0.0,0.0,0.0,0.0,A_2020,3.0,2023.0,,,0,0,0,0,0,0,0,0,0,0,0,0,0,0,0,0,0,0,0,0,0,0,0,0,0,0,0,0,0,0,0,0,0,0,0,0,0,0,0,0,0,0,0,0,0,0
101002,A,2022,0,1,13.0,1,2.0,,14.0,11,1,0,3.0,,41.0,,,0.0,1.0,0.0,0.0,0.0,6,1.0,0.0,0.0,0.0,0.0,0.0,1.0,0.0,0.0,0.0,0.0,A_2022,1.0,2023.0,27.0,,0,0,0,1,0,0,0,0,0,0,0,0,0,0,0,0,0,0,0,0,0,0,0,0,0,0,0,0,0,0,0,0,0,0,0,0,0,0,0,0,0,0,0,0,0,0
101003,A,2022,0,1,14.0,1,2.0,,13.0,8,1,0,6.0,6.0,33.0,30.0,0.0,0.0,1.0,1.0,1.0,1.0,6,1.0,0.0,0.0,0.0,0.0,0.0,2.0,0.0,0.0,0.0,0.0,A_2022,-1.0,2021.0,20.0,17.0,0,1,0,1,0,0,0,0,0,0,0,0,0,0,0,0,0,0,0,0,0,0,0,0,0,0,0,0,0,0,0,0,0,0,0,0,0,0,0,0,0,0,0,0,0,0
101004,A,2020,0,1,11.0,1,3.0,11.0,13.0,2,0,1,5.0,1.0,40.0,50.0,0.0,0.0,1.0,1.0,1.0,1.0,8,1.0,1.0,1.0,0.0,0.0,0.0,4.0,0.0,0.0,0.0,0.0,A_2020,2.0,2022.0,27.0,37.0,0,0,0,0,0,0,0,0,0,0,0,0,0,0,0,0,0,0,0,0,0,0,0,0,0,0,0,0,0,0,0,0,0,0,0,0,0,0,0,0,0,0,0,0,0,0
101005,A,2020,0,0,11.0,1,3.0,11.0,13.0,3,0,1,11.0,,37.0,32.0,0.0,0.0,1.0,1.0,1.0,1.0,8,1.0,1.0,1.0,0.0,0.0,0.0,4.0,0.0,0.0,0.0,0.0,A_2020,2.0,2022.0,24.0,19.0,0,0,0,0,0,0,0,0,0,0,0,0,0,0,0,0,0,0,0,0,0,0,0,0,0,0,0,0,0,0,0,0,0,0,0,0,0,0,0,0,0,0,0,0,0,0
101006,A,2020,0,0,15.0,1,2.0,,17.0,6,0,0,4.0,0.0,44.0,52.0,0.0,0.0,1.0,1.0,1.0,1.0,8,1.0,1.0,1.0,0.0,0.0,0.0,4.0,0.0,0.0,0.0,0.0,A_2020,2.0,2022.0,27.0,35.0,0,0,0,0,0,0,0,0,0,0,0,0,0,0,0,0,0,0,0,0,0,0,0,0,0,0,0,0,0,0,0,0,0,0,0,0,0,0,0,0,0,0,0,0,0,0
101007,A,2022,1,0,11.0,1,2.0,,11.0,8,1,0,7.0,11.0,37.0,40.0,0.0,1.0,0.0,0.0,0.0,1.0,6,1.0,0.0,0.0,0.0,0.0,0.0,2.0,0.0,0.0,0.0,0.0,A_2022,0.0,2022.0,26.0,29.0,0,0,1,1,0,0,0,0,0,0,0,0,0,0,0,0,0,0,0,0,0,0,0,0,0,0,0,0,0,0,0,0,0,0,0,0,0,0,0,0,0,0,0,0,0,0
101008,B,2018,0,1,12.0,1,2.0,,17.0,7,1,1,5.0,4.0,38.0,42.0,0.0,0.0,1.0,1.0,1.0,1.0,9,1.0,1.0,1.0,1.0,1.0,1.0,5.0,0.0,0.0,0.0,0.0,B_2018,5.0,2023.0,21.0,25.0,0,0,0,1,0,0,0,0,0,0,0,0,0,0,0,0,1,0,0,0,0,0,0,0,0,0,0,0,0,0,0,0,0,0,0,0,0,0,0,0,0,0,0,0,0,0
101009,A,2020,0,0,14.0,1,2.0,,17.0,11,1,0,9.0,,33.0,,,0.0,0.0,0.0,0.0,0.0,7,1.0,1.0,0.0,1.0,1.0,1.0,2.0,0.0,0.0,0.0,0.0,A_2020,3.0,2023.0,16.0,,0,0,0,0,0,0,0,0,0,0,0,0,0,0,0,0,0,0,0,0,0,0,0,0,0,0,0,0,0,0,0,0,0,0,0,0,0,0,0,0,0,0,0,0,0,0
101010,B,2018,1,1,11.0,0,2.0,,15.0,6,1,0,10.0,10.0,39.0,45.0,0.0,0.0,1.0,1.0,1.0,1.0,9,1.0,1.0,1.0,0.0,0.0,0.0,6.0,0.0,0.0,1.0,40.0,B_2018,4.0,2022.0,24.0,30.0,0,0,0,0,0,0,0,0,0,0,0,0,0,0,0,0,1,0,0,0,0,0,0,0,0,0,0,0,0,0,0,0,0,0,0,0,0,0,0,0,0,0,0,0,0,0
101011,A,2022,1,1,11.0,1,2.0,,11.0,7,1,0,3.0,2.0,31.0,36.0,0.0,0.0,1.0,1.0,1.0,1.0,5,0.0,0.0,0.0,0.0,1.0,1.0,2.0,0.0,0.0,0.0,0.0,A_2022,0.0,2022.0,20.0,25.0,0,0,1,1,0,0,0,0,0,0,0,0,0,0,0,0,0,0,0,0,0,0,0,0,0,0,0,0,0,0,0,0,0,0,0,0,0,0,0,0,0,0,0,0,0,0
101012,A,2020,1,0,12.0,1,2.0,19.0,14.0,4,0,0,5.0,3.0,33.0,44.0,0.0,1.0,1.0,1.0,1.0,1.0,8,1.0,1.0,1.0,0.0,0.0,0.0,4.0,0.0,0.0,0.0,0.0,A_2020,2.0,2022.0,19.0,30.0,0,0,0,0,0,0,0,0,0,0,0,0,0,0,0,0,0,0,0,0,0,0,0,0,0,0,0,0,0,0,0,0,0,0,0,0,0,0,0,0,0,0,0,0,0,0
101013,A,2020,0,0,12.0,1,2.0,,15.0,4,0,0,,5.0,,42.0,0.0,0.0,1.0,1.0,1.0,1.0,8,1.0,1.0,1.0,0.0,0.0,0.0,4.0,0.0,0.0,0.0,0.0,A_2020,3.0,2023.0,,27.0,0,0,0,0,0,0,0,0,0,0,0,0,0,0,0,0,0,0,0,0,0,0,0,0,0,0,0,0,0,0,0,0,0,0,0,0,0,0,0,0,0,0,0,0,0,0
101014,A,2020,1,1,15.0,1,2.0,15.0,18.0,4,0,0,11.0,11.0,58.0,69.0,0.0,1.0,1.0,1.0,1.0,1.0,8,1.0,1.0,1.0,0.0,0.0,0.0,4.0,0.0,0.0,0.0,0.0,A_2020,3.0,2023.0,40.0,51.0,0,0,0,0,0,0,0,0,0,0,0,0,0,0,0,0,0,0,0,0,0,0,0,0,0,0,0,0,0,0,0,0,0,0,0,0,0,0,0,0,0,0,0,0,0,0
101015,A,2020,0,1,12.0,1,2.0,19.0,14.0,3,0,0,5.0,5.0,46.0,45.0,0.0,0.0,1.0,1.0,0.0,0.0,7,1.0,1.0,0.0,0.0,0.0,0.0,2.0,0.0,0.0,1.0,0.0,A_2020,2.0,2022.0,32.0,31.0,0,0,0,0,0,0,0,0,0,0,0,0,0,0,0,1,0,0,0,0,0,0,0,0,0,0,0,0,0,0,0,0,0,0,0,0,0,0,0,0,0,0,0,0,0,0
101016,A,2020,0,0,14.0,1,,,16.0,3,0,0,7.0,,44.0,,,0.0,1.0,0.0,0.0,0.0,5,0.0,0.0,0.0,0.0,0.0,0.0,1.0,0.0,0.0,0.0,0.0,A_2020,2.0,2022.0,28.0,,0,0,0,0,0,0,0,0,0,0,0,0,0,0,0,0,0,0,0,0,0,0,0,0,0,0,0,0,0,0,0,0,0,0,0,0,0,0,0,0,0,0,0,0,0,0
101017,A,2020,0,0,12.0,1,2.0,19.0,15.0,1,1,0,8.0,5.0,39.0,40.0,0.0,0.0,0.0,0.0,0.0,1.0,7,1.0,1.0,0.0,0.0,0.0,0.0,4.0,0.0,0.0,0.0,0.0,A_2020,3.0,2023.0,24.0,25.0,0,0,0,0,0,0,0,0,0,0,0,0,0,0,0,0,0,0,0,0,0,0,0,0,0,0,0,0,0,0,0,0,0,0,0,0,0,0,0,0,0,0,0,0,0,0
101018,A,2020,0,1,15.0,1,,11.0,,1,0,0,,,,,,,,,,,5,,,,,,,,,,,,A_2020,,,,,1,0,0,0,0,0,0,0,0,0,0,0,0,0,0,0,0,0,0,0,0,0,0,0,0,0,0,0,0,0,0,0,0,0,0,0,0,0,0,0,0,0,0,0,0,0
101019,A,2020,1,0,15.0,1,1.0,19.0,17.0,3,0,0,5.0,3.0,38.0,39.0,0.0,1.0,1.0,1.0,1.0,1.0,8,1.0,1.0,1.0,0.0,0.0,0.0,4.0,0.0,0.0,0.0,0.0,A_2020,2.0,2022.0,21.0,22.0,0,0,0,0,0,0,0,0,0,0,0,0,0,0,0,0,0,0,0,0,0,0,0,0,0,0,0,0,0,0,0,0,0,0,0,0,0,0,0,0,0,0,0,0,0,0
101020,A,2020,0,0,,1,1.0,6.0,14.0,7,1,0,5.0,5.0,30.0,38.0,0.0,0.0,1.0,1.0,0.0,1.0,8,1.0,1.0,1.0,0.0,0.0,0.0,4.0,0.0,0.0,0.0,0.0,A_2020,,,16.0,24.0,1,0,0,0,0,0,0,0,0,0,0,0,0,0,0,0,0,0,0,0,0,0,0,0,0,0,0,0,0,0,0,0,0,0,0,0,0,0,0,0,0,0,0,0,0,0
101021,A,2020,0,1,12.0,1,2.0,,15.0,8,1,0,5.0,6.0,38.0,46.0,,0.0,1.0,1.0,1.0,1.0,7,1.0,1.0,0.0,0.0,1.0,1.0,4.0,0.0,0.0,0.0,0.0,A_2020,3.0,2023.0,23.0,31.0,0,0,0,0,0,0,0,0,0,0,0,0,0,0,0,0,0,0,0,0,0,0,0,0,0,0,0,0,0,0,0,0,0,0,0,0,0,0,0,0,0,0,0,0,0,0
101022,A,2022,0,0,13.0,1,,,14.0,8,1,0,,,,,,0.0,1.0,1.0,1.0,1.0,6,1.0,0.0,0.0,0.0,0.0,0.0,2.0,0.0,0.0,0.0,0.0,A_2022,1.0,2023.0,,,0,0,0,1,0,0,0,0,0,0,0,0,0,0,0,0,0,0,0,0,0,0,0,0,0,0,0,0,0,0,0,0,0,0,0,0,0,0,0,0,0,0,0,0,0,0
101023,A,2020,1,0,12.0,1,2.0,,14.0,3,0,0,6.0,5.0,46.0,46.0,0.0,0.0,1.0,1.0,0.0,0.0,7,1.0,1.0,0.0,0.0,0.0,0.0,2.0,0.0,0.0,0.0,0.0,A_2020,2.0,2022.0,32.0,32.0,0,0,0,0,0,0,0,0,0,0,0,0,0,0,0,0,0,0,0,0,0,0,0,0,0,0,0,0,0,0,0,0,0,0,0,0,0,0,0,0,0,0,0,0,0,0
101024,A,2020,0,1,13.0,1,2.0,,15.0,6,0,0,5.0,7.0,54.0,58.0,0.0,0.0,1.0,0.0,0.0,0.0,5,0.0,0.0,0.0,0.0,0.0,0.0,1.0,0.0,0.0,1.0,40.0,A_2020,2.0,2022.0,39.0,43.0,0,0,0,0,0,0,0,0,0,0,0,0,0,0,0,0,0,0,0,0,0,0,0,0,0,0,0,0,0,0,0,0,0,0,0,0,0,0,0,0,0,0,0,0,0,0
101025,A,2020,0,1,12.0,1,2.0,,14.0,3,0,0,9.0,,38.0,35.0,,0.0,1.0,1.0,1.0,1.0,8,1.0,1.0,1.0,0.0,0.0,0.0,4.0,0.0,0.0,0.0,0.0,A_2020,2.0,2022.0,24.0,21.0,0,0,0,0,0,0,0,0,0,0,0,0,0,0,0,0,0,0,0,0,0,0,0,0,0,0,0,0,0,0,0,0,0,0,0,0,0,0,0,0,0,0,0,0,0,0
101026,A,2022,1,0,14.0,1,2.0,,13.0,7,1,0,5.0,5.0,30.0,32.0,0.0,1.0,1.0,1.0,1.0,1.0,6,1.0,0.0,0.0,0.0,0.0,0.0,2.0,0.0,0.0,0.0,0.0,A_2022,-1.0,2021.0,17.0,19.0,0,1,0,1,0,0,0,0,0,0,0,0,0,0,0,0,0,0,0,0,0,0,0,0,0,0,0,0,0,0,0,0,0,0,0,0,0,0,0,0,0,0,0,0,0,0
101027,A,2020,1,0,11.0,1,,,14.0,4,0,0,8.0,9.0,36.0,40.0,0.0,0.0,1.0,1.0,1.0,1.0,7,1.0,1.0,0.0,1.0,1.0,1.0,4.0,0.0,0.0,0.0,0.0,A_2020,3.0,2023.0,22.0,26.0,0,0,0,0,0,0,0,0,0,0,0,0,0,0,0,0,0,0,0,0,0,0,0,0,0,0,0,0,0,0,0,0,0,0,0,0,0,0,0,0,0,0,0,0,0,0
101028,A,2020,0,1,13.0,1,3.0,8.0,15.0,3,0,0,3.0,,37.0,,,0.0,1.0,1.0,0.0,1.0,8,1.0,1.0,1.0,0.0,0.0,0.0,4.0,0.0,0.0,0.0,0.0,A_2020,2.0,2022.0,22.0,,0,0,0,0,0,0,0,0,0,0,0,0,0,0,0,0,0,0,0,0,0,0,0,0,0,0,0,0,0,0,0,0,0,0,0,0,0,0,0,0,0,0,0,0,0,0
101029,A,2020,1,0,12.0,1,2.0,17.0,14.0,3,0,0,9.0,5.0,37.0,39.0,0.0,1.0,1.0,1.0,1.0,1.0,8,1.0,1.0,1.0,0.0,0.0,0.0,4.0,0.0,0.0,0.0,0.0,A_2020,2.0,2022.0,23.0,25.0,0,0,0,0,0,0,0,0,0,0,0,0,0,0,0,0,0,0,0,0,0,0,0,0,0,0,0,0,0,0,0,0,0,0,0,0,0,0,0,0,0,0,0,0,0,0
101030,B,2018,1,0,13.0,1,,,18.0,6,1,1,4.0,4.0,53.0,62.0,0.0,0.0,0.0,0.0,0.0,1.0,9,1.0,1.0,1.0,0.0,0.0,0.0,6.0,0.0,0.0,0.0,0.0,B_2018,5.0,2023.0,35.0,44.0,0,0,0,1,0,0,0,0,0,0,0,0,0,0,0,0,1,0,0,0,0,0,0,0,0,0,0,0,0,0,0,0,0,0,0,0,0,0,0,0,0,0,0,0,0,0
101031,A,2022,0,0,14.0,1,2.0,,15.0,7,1,0,0.0,,45.0,,,0.0,0.0,0.0,0.0,1.0,6,1.0,0.0,0.0,0.0,0.0,0.0,2.0,0.0,0.0,0.0,0.0,A_2022,1.0,2023.0,30.0,,0,0,0,1,0,0,0,0,0,0,0,0,0,0,0,0,0,0,0,0,0,0,0,0,0,0,0,0,0,0,0,0,0,0,0,0,0,0,0,0,0,0,0,0,0,0
101032,A,2020,0,0,12.0,1,2.0,6.0,15.0,8,1,0,6.0,,30.0,,,0.0,1.0,0.0,0.0,1.0,8,1.0,1.0,1.0,0.0,0.0,0.0,4.0,0.0,0.0,0.0,0.0,A_2020,3.0,2023.0,15.0,,0,0,0,0,0,0,0,0,0,0,0,0,0,0,0,0,0,0,0,0,0,0,0,0,0,0,0,0,0,0,0,0,0,0,0,0,0,0,0,0,0,0,0,0,0,0
101033,A,2020,1,1,11.0,1,2.0,6.0,13.0,3,0,0,7.0,8.0,43.0,45.0,0.0,1.0,1.0,1.0,1.0,1.0,8,1.0,1.0,1.0,0.0,0.0,0.0,4.0,0.0,0.0,0.0,0.0,A_2020,2.0,2022.0,30.0,32.0,0,0,0,0,0,0,0,0,0,0,0,0,0,0,0,0,0,0,0,0,0,0,0,0,0,0,0,0,0,0,0,0,0,0,0,0,0,0,0,0,0,0,0,0,0,0
101034,A,2020,0,0,12.0,1,2.0,11.0,15.0,3,0,0,7.0,4.0,36.0,43.0,0.0,0.0,1.0,1.0,0.0,1.0,7,1.0,1.0,0.0,0.0,0.0,0.0,4.0,0.0,0.0,0.0,0.0,A_2020,3.0,2023.0,21.0,28.0,0,0,0,0,0,0,0,0,0,0,0,0,0,0,0,0,0,0,0,0,0,0,0,0,0,0,0,0,0,0,0,0,0,0,0,0,0,0,0,0,0,0,0,0,0,0
101035,A,2020,0,1,,1,,17.0,14.0,5,0,0,11.0,8.0,37.0,36.0,0.0,0.0,0.0,0.0,0.0,1.0,7,1.0,1.0,0.0,1.0,1.0,1.0,4.0,0.0,0.0,1.0,40.0,A_2020,,,23.0,22.0,1,0,0,0,0,0,0,0,0,0,0,0,0,0,0,0,0,0,0,0,0,0,0,0,0,0,0,0,0,0,0,0,0,0,0,0,0,0,0,0,0,0,0,0,0,0
101036,A,2020,1,0,12.0,1,2.0,17.0,15.0,6,0,0,6.0,0.0,52.0,58.0,0.0,1.0,1.0,1.0,1.0,1.0,8,1.0,1.0,1.0,0.0,0.0,0.0,4.0,0.0,0.0,0.0,0.0,A_2020,3.0,2023.0,37.0,43.0,0,0,0,0,0,0,0,0,0,0,0,0,0,0,0,0,0,0,0,0,0,0,0,0,0,0,0,0,0,0,0,0,0,0,0,0,0,0,0,0,0,0,0,0,0,0
101037,A,2020,1,1,12.0,1,2.0,,14.0,3,0,0,6.0,,38.0,,,0.0,1.0,0.0,0.0,0.0,7,1.0,1.0,0.0,0.0,0.0,0.0,2.0,0.0,0.0,1.0,40.0,A_2020,2.0,2022.0,24.0,,0,0,0,0,0,0,0,0,0,0,0,0,0,0,0,0,0,0,0,0,0,0,0,0,0,0,0,0,0,0,0,0,0,0,0,0,0,0,0,0,0,0,0,0,0,0
101038,A,2020,0,0,10.0,1,2.0,17.0,13.0,3,0,0,5.0,9.0,31.0,35.0,0.0,0.0,1.0,1.0,0.0,1.0,8,1.0,1.0,1.0,0.0,0.0,0.0,4.0,0.0,0.0,0.0,0.0,A_2020,3.0,2023.0,18.0,22.0,0,0,0,0,0,0,0,0,0,0,0,0,0,0,0,0,0,0,0,0,0,0,0,0,0,0,0,0,0,0,0,0,0,0,0,0,0,0,0,0,0,0,0,0,0,0
101039,A,2020,0,1,13.0,1,3.0,16.0,15.0,2,0,1,3.0,5.0,44.0,55.0,0.0,0.0,1.0,0.0,0.0,1.0,8,1.0,1.0,1.0,0.0,0.0,0.0,4.0,0.0,0.0,1.0,0.0,A_2020,2.0,2022.0,29.0,40.0,0,0,0,0,0,0,0,0,0,0,0,0,0,0,0,1,0,0,0,0,0,0,0,0,0,0,0,0,0,0,0,0,0,0,0,0,0,0,0,0,0,0,0,0,0,0
101040,A,2020,1,1,11.0,1,3.0,10.0,13.0,8,1,0,11.0,11.0,38.0,42.0,0.0,1.0,1.0,1.0,1.0,1.0,8,1.0,1.0,1.0,0.0,0.0,0.0,4.0,0.0,0.0,0.0,0.0,A_2020,2.0,2022.0,25.0,29.0,0,0,0,0,0,0,0,0,0,0,0,0,0,0,0,0,0,0,0,0,0,0,0,0,0,0,0,0,0,0,0,0,0,0,0,0,0,0,0,0,0,0,0,0,0,0
101041,A,2020,1,0,12.0,1,,7.0,14.0,4,0,0,5.0,,47.0,,0.0,1.0,1.0,1.0,1.0,1.0,8,1.0,1.0,1.0,0.0,0.0,0.0,4.0,0.0,0.0,0.0,0.0,A_2020,2.0,2022.0,33.0,,0,0,0,0,0,0,0,0,0,0,0,0,0,0,0,0,0,0,0,0,0,0,0,0,0,0,0,0,0,0,0,0,0,0,0,0,0,0,0,0,0,0,0,0,0,0
101042,A,2020,1,1,13.0,1,,,16.0,4,0,0,5.0,3.0,33.0,35.0,0.0,0.0,1.0,1.0,0.0,1.0,8,1.0,1.0,1.0,0.0,0.0,0.0,4.0,0.0,0.0,0.0,0.0,A_2020,3.0,2023.0,17.0,19.0,0,0,0,0,0,0,0,0,0,0,0,0,0,0,0,0,0,0,0,0,0,0,0,0,0,0,0,0,0,0,0,0,0,0,0,0,0,0,0,0,0,0,0,0,0,0
101043,A,2020,1,1,14.0,1,2.0,17.0,16.0,3,0,0,5.0,,32.0,33.0,,0.0,1.0,1.0,1.0,1.0,8,1.0,1.0,1.0,0.0,0.0,0.0,4.0,0.0,0.0,0.0,0.0,A_2020,2.0,2022.0,16.0,17.0,0,0,0,0,0,0,0,0,0,0,0,0,0,0,0,0,0,0,0,0,0,0,0,0,0,0,0,0,0,0,0,0,0,0,0,0,0,0,0,0,0,0,0,0,0,0
101044,A,2020,0,1,12.0,1,2.0,4.0,14.0,8,1,0,3.0,5.0,40.0,52.0,0.0,0.0,1.0,1.0,1.0,1.0,8,1.0,1.0,1.0,0.0,0.0,0.0,4.0,0.0,0.0,0.0,0.0,A_2020,2.0,2022.0,26.0,38.0,0,0,0,0,0,0,0,0,0,0,0,0,0,0,0,0,0,0,0,0,0,0,0,0,0,0,0,0,0,0,0,0,0,0,0,0,0,0,0,0,0,0,0,0,0,0
101045,A,2020,1,1,11.0,1,2.0,4.0,13.0,4,0,0,11.0,10.0,48.0,34.0,0.0,1.0,1.0,1.0,1.0,1.0,8,1.0,1.0,1.0,0.0,0.0,0.0,4.0,0.0,0.0,0.0,0.0,A_2020,2.0,2022.0,35.0,21.0,0,0,0,0,0,0,0,0,0,0,0,0,0,0,0,0,0,0,0,0,0,0,0,0,0,0,0,0,0,0,0,0,0,0,0,0,0,0,0,0,0,0,0,0,0,0
101046,B,2018,1,1,12.0,0,,,16.0,7,1,0,,,,,,0.0,1.0,1.0,0.0,0.0,8,1.0,1.0,1.0,0.0,0.0,0.0,4.0,0.0,0.0,0.0,0.0,B_2018,4.0,2022.0,,,0,0,0,0,0,0,0,0,0,0,0,0,0,0,0,0,0,0,0,0,0,0,0,0,0,0,0,0,0,0,0,0,0,0,0,0,0,0,0,0,0,0,0,0,0,0
101047,A,2020,0,1,12.0,1,2.0,,15.0,5,0,0,9.0,11.0,35.0,19.0,0.0,0.0,1.0,1.0,1.0,1.0,8,1.0,1.0,1.0,0.0,0.0,0.0,4.0,0.0,0.0,0.0,0.0,A_2020,3.0,2023.0,20.0,4.0,0,0,0,0,0,0,0,0,0,0,0,0,1,0,0,0,0,0,0,0,0,0,0,0,0,0,0,0,0,0,0,0,0,0,0,0,0,0,0,0,0,0,0,0,0,0
101048,A,2022,1,0,11.0,1,2.0,,11.0,8,1,0,11.0,11.0,33.0,34.0,,1.0,1.0,1.0,1.0,1.0,6,1.0,0.0,0.0,0.0,0.0,0.0,2.0,0.0,0.0,0.0,0.0,A_2022,0.0,2022.0,22.0,23.0,0,0,1,1,0,0,0,0,0,0,0,0,0,0,0,0,0,0,0,0,0,0,0,0,0,0,0,0,0,0,0,0,0,0,0,0,0,0,0,0,0,0,0,0,0,0
101049,A,2020,0,0,15.0,1,,7.0,17.0,3,0,0,,,42.0,50.0,0.0,0.0,1.0,1.0,0.0,0.0,7,1.0,1.0,0.0,0.0,0.0,0.0,3.0,0.0,1.0,1.0,40.0,A_2020,2.0,2022.0,25.0,33.0,0,0,0,0,0,0,0,0,0,0,0,0,0,0,0,0,0,0,0,0,0,0,0,0,0,0,0,0,0,0,0,0,0,0,0,0,0,0,0,0,0,0,0,0,0,0
101050,A,2020,0,0,12.0,1,2.0,11.0,15.0,5,0,0,8.0,,36.0,40.0,,0.0,1.0,1.0,1.0,1.0,8,1.0,1.0,1.0,0.0,0.0,0.0,4.0,0.0,0.0,0.0,0.0,A_2020,3.0,2023.0,21.0,25.0,0,0,0,0,0,0,0,0,0,0,0,0,0,0,0,0,0,0,0,0,0,0,0,0,0,0,0,0,0,0,0,0,0,0,0,0,0,0,0,0,0,0,0,0,0,0
101051,A,2020,1,1,11.0,1,,11.0,13.0,1,0,1,8.0,5.0,41.0,51.0,1.0,0.0,1.0,1.0,1.0,1.0,7,1.0,1.0,0.0,1.0,1.0,1.0,4.0,0.0,0.0,0.0,0.0,A_2020,2.0,2022.0,28.0,38.0,0,0,0,0,0,0,0,0,0,0,0,0,0,0,0,0,0,0,0,0,0,0,0,0,0,0,0,0,0,0,0,0,0,0,0,0,0,0,0,0,0,0,0,0,0,0
101052,A,2022,0,1,12.0,1,1.0,,12.0,7,1,1,11.0,11.0,30.0,36.0,0.0,0.0,1.0,0.0,0.0,1.0,6,1.0,0.0,0.0,0.0,0.0,0.0,2.0,0.0,0.0,0.0,0.0,A_2022,0.0,2022.0,18.0,24.0,0,0,1,1,0,0,0,0,0,0,0,0,0,0,0,0,0,0,0,0,0,0,0,0,0,0,0,0,0,0,0,0,0,0,0,0,0,0,0,0,0,0,0,0,0,0
101053,A,2020,0,0,14.0,1,,,16.0,1,0,1,7.0,3.0,33.0,40.0,0.0,0.0,1.0,0.0,0.0,0.0,6,1.0,0.0,0.0,0.0,0.0,0.0,1.0,1.0,1.0,1.0,24.0,A_2020,2.0,2022.0,17.0,24.0,0,0,0,0,0,0,0,0,0,0,0,0,0,0,0,0,0,0,0,0,0,0,0,0,0,0,0,0,0,0,0,0,0,0,0,0,0,0,0,0,0,0,0,0,0,0
101054,A,2020,1,0,12.0,1,2.0,,14.0,4,0,0,8.0,,46.0,,,1.0,1.0,1.0,1.0,1.0,8,1.0,1.0,1.0,0.0,0.0,0.0,4.0,0.0,0.0,0.0,0.0,A_2020,2.0,2022.0,32.0,,0,0,0,0,0,0,0,0,0,0,0,0,0,0,0,0,0,0,0,0,0,0,0,0,0,0,0,0,0,0,0,0,0,0,0,0,0,0,0,0,0,0,0,0,0,0
101055,A,2020,0,1,15.0,1,2.0,5.0,17.0,3,0,0,3.0,6.0,40.0,43.0,0.0,0.0,0.0,0.0,1.0,1.0,9,1.0,1.0,1.0,0.0,1.0,1.0,6.0,0.0,0.0,1.0,8.0,A_2020,2.0,2022.0,23.0,26.0,0,0,0,0,0,0,0,0,0,0,0,0,0,0,0,0,1,0,0,0,0,0,0,0,0,0,0,0,0,0,0,0,0,0,0,0,0,0,0,0,0,0,0,0,0,0
101056,A,2020,1,1,14.0,1,2.0,11.0,17.0,3,0,1,5.0,11.0,45.0,49.0,1.0,0.0,1.0,1.0,1.0,1.0,8,1.0,1.0,1.0,1.0,1.0,1.0,4.0,0.0,0.0,0.0,0.0,A_2020,3.0,2023.0,28.0,32.0,0,0,0,0,0,0,0,0,0,0,0,0,0,0,0,0,0,0,0,0,0,0,0,0,0,0,0,0,0,0,0,0,0,0,0,0,0,0,0,0,0,0,0,0,0,0
101057,A,2020,1,0,15.0,1,2.0,8.0,17.0,3,0,0,11.0,,43.0,,,0.0,1.0,1.0,0.0,0.0,8,1.0,1.0,1.0,0.0,0.0,0.0,3.0,0.0,0.0,0.0,0.0,A_2020,2.0,2022.0,26.0,,0,0,0,0,0,0,0,0,0,0,0,0,0,0,0,0,0,0,0,0,0,0,0,0,0,0,0,0,0,0,0,0,0,0,0,0,0,0,0,0,0,0,0,0,0,0
101058,A,2020,0,1,14.0,1,2.0,19.0,18.0,4,1,0,5.0,5.0,37.0,41.0,0.0,0.0,0.0,0.0,1.0,1.0,10,1.0,1.0,1.0,1.0,1.0,2.0,6.0,0.0,0.0,0.0,0.0,A_2020,4.0,2024.0,19.0,23.0,0,0,0,0,0,0,0,0,0,0,0,0,0,0,0,0,1,0,0,0,0,0,0,0,0,0,0,0,0,0,0,0,0,0,0,0,0,0,0,0,0,0,0,0,0,0
101059,A,2020,1,1,11.0,1,2.0,5.0,14.0,6,1,0,11.0,11.0,38.0,40.0,1.0,1.0,1.0,1.0,1.0,1.0,9,1.0,1.0,1.0,0.0,0.0,0.0,4.0,0.0,0.0,0.0,0.0,A_2020,3.0,2023.0,24.0,26.0,0,0,0,0,0,0,0,0,0,0,0,0,0,0,0,0,0,0,0,0,0,0,0,0,0,0,0,0,0,0,0,0,0,0,0,0,0,0,0,0,0,0,0,0,0,0
101060,A,2020,1,1,14.0,1,2.0,5.0,17.0,12,1,0,5.0,5.0,54.0,60.0,0.0,0.0,1.0,0.0,0.0,0.0,6,1.0,0.0,0.0,0.0,0.0,0.0,1.0,0.0,0.0,1.0,40.0,A_2020,3.0,2023.0,37.0,43.0,0,0,0,0,0,0,0,0,0,0,0,0,0,0,0,0,0,0,0,0,0,0,0,0,0,0,0,0,0,0,0,0,0,0,0,0,0,0,0,0,0,0,0,0,0,0
101061,A,2022,1,0,11.0,1,2.0,,12.0,7,1,0,11.0,9.0,42.0,39.0,,0.0,1.0,1.0,1.0,1.0,6,1.0,0.0,0.0,0.0,0.0,0.0,2.0,0.0,0.0,0.0,0.0,A_2022,1.0,2023.0,30.0,27.0,0,0,0,1,0,0,0,0,0,0,0,0,0,0,0,0,0,0,0,0,0,0,0,0,0,0,0,0,0,0,0,0,0,0,0,0,0,0,0,0,0,0,0,0,0,0
101062,A,2020,0,1,13.0,1,2.0,,16.0,4,0,0,0.0,,49.0,,,0.0,0.0,0.0,0.0,1.0,8,1.0,1.0,1.0,0.0,0.0,0.0,4.0,0.0,0.0,0.0,0.0,A_2020,3.0,2023.0,33.0,,0,0,0,0,0,0,0,0,0,0,0,0,0,0,0,0,0,0,0,0,0,0,0,0,0,0,0,0,0,0,0,0,0,0,0,0,0,0,0,0,0,0,0,0,0,0
101063,A,2020,1,1,11.0,1,1.0,5.0,13.0,4,0,0,5.0,7.0,47.0,56.0,0.0,1.0,1.0,1.0,1.0,1.0,8,1.0,1.0,1.0,0.0,0.0,0.0,4.0,0.0,0.0,0.0,0.0,A_2020,2.0,2022.0,34.0,43.0,0,0,0,0,0,0,0,0,0,0,0,0,0,0,0,0,0,0,0,0,0,0,0,0,0,0,0,0,0,0,0,0,0,0,0,0,0,0,0,0,0,0,0,0,0,0
101064,A,2020,1,1,13.0,1,2.0,19.0,15.0,3,0,0,,,32.0,42.0,0.0,0.0,0.0,0.0,0.0,1.0,5,0.0,0.0,0.0,2.0,1.0,2.0,4.0,0.0,0.0,0.0,0.0,A_2020,2.0,2022.0,17.0,27.0,0,0,0,0,0,0,0,0,0,0,0,0,0,0,0,0,0,0,0,0,0,0,0,0,0,0,0,0,0,0,0,0,0,0,0,0,0,0,0,0,0,0,0,0,0,0
101065,A,2022,1,1,11.0,1,2.0,,12.0,7,1,0,11.0,5.0,45.0,59.0,0.0,1.0,1.0,1.0,1.0,1.0,6,1.0,0.0,0.0,0.0,0.0,0.0,2.0,0.0,0.0,0.0,0.0,A_2022,1.0,2023.0,33.0,47.0,0,0,0,1,0,0,0,0,0,0,0,0,0,0,0,0,0,0,0,0,0,0,0,0,0,0,0,0,0,0,0,0,0,0,0,0,0,0,0,0,0,0,0,0,0,0
101066,A,2020,0,0,11.0,1,2.0,,14.0,4,0,0,6.0,8.0,30.0,43.0,1.0,0.0,1.0,1.0,1.0,1.0,8,1.0,1.0,1.0,0.0,0.0,0.0,4.0,0.0,0.0,0.0,0.0,A_2020,3.0,2023.0,16.0,29.0,0,0,0,0,0,0,0,0,0,0,0,0,0,0,0,0,0,0,0,0,0,0,0,0,0,0,0,0,0,0,0,0,0,0,0,0,0,0,0,0,0,0,0,0,0,0
101067,A,2020,1,1,12.0,1,2.0,,14.0,3,0,0,6.0,,39.0,,,1.0,1.0,1.0,1.0,1.0,8,1.0,1.0,1.0,0.0,0.0,0.0,4.0,0.0,0.0,0.0,0.0,A_2020,2.0,2022.0,25.0,,0,0,0,0,0,0,0,0,0,0,0,0,0,0,0,0,0,0,0,0,0,0,0,0,0,0,0,0,0,0,0,0,0,0,0,0,0,0,0,0,0,0,0,0,0,0
101068,A,2020,0,1,12.0,1,,5.0,15.0,1,1,0,4.0,5.0,32.0,39.0,0.0,0.0,1.0,1.0,1.0,1.0,9,1.0,1.0,1.0,0.0,0.0,0.0,4.0,0.0,0.0,0.0,0.0,A_2020,3.0,2023.0,17.0,24.0,0,0,0,0,0,0,0,0,0,0,0,0,0,0,0,0,0,0,0,0,0,0,0,0,0,0,0,0,0,0,0,0,0,0,0,0,0,0,0,0,0,0,0,0,0,0
101069,A,2020,0,1,11.0,1,3.0,10.0,14.0,4,0,0,11.0,8.0,36.0,36.0,0.0,0.0,1.0,0.0,1.0,1.0,7,1.0,1.0,0.0,1.0,1.0,1.0,4.0,0.0,0.0,0.0,0.0,A_2020,3.0,2023.0,22.0,22.0,0,0,0,0,0,0,0,0,0,0,0,0,0,0,0,0,0,0,0,0,0,0,0,0,0,0,0,0,0,0,0,0,0,0,0,0,0,0,0,0,0,0,0,0,0,0
101070,A,2020,0,1,14.0,1,2.0,6.0,17.0,4,0,0,,,47.0,58.0,0.0,0.0,1.0,0.0,0.0,0.0,6,1.0,0.0,0.0,0.0,0.0,0.0,1.0,0.0,0.0,1.0,40.0,A_2020,3.0,2023.0,30.0,41.0,0,0,0,0,0,0,0,0,0,0,0,0,0,0,0,0,0,0,0,0,0,0,0,0,0,0,0,0,0,0,0,0,0,0,0,0,0,0,0,0,0,0,0,0,0,0
101071,A,2020,1,0,11.0,1,2.0,18.0,13.0,3,0,0,9.0,5.0,35.0,39.0,0.0,1.0,1.0,1.0,1.0,1.0,8,1.0,1.0,1.0,0.0,0.0,0.0,4.0,0.0,0.0,0.0,0.0,A_2020,2.0,2022.0,22.0,26.0,0,0,0,0,0,0,0,0,0,0,0,0,0,0,0,0,0,0,0,0,0,0,0,0,0,0,0,0,0,0,0,0,0,0,0,0,0,0,0,0,0,0,0,0,0,0
101072,A,2020,1,1,12.0,1,,19.0,15.0,7,1,0,1.0,3.0,37.0,37.0,0.0,0.0,1.0,1.0,0.0,1.0,7,1.0,1.0,0.0,0.0,0.0,0.0,3.0,0.0,0.0,0.0,0.0,A_2020,3.0,2023.0,22.0,22.0,0,0,0,0,0,0,0,0,0,0,0,0,0,0,0,0,0,0,0,0,0,0,0,0,0,0,0,0,0,0,0,0,0,0,0,0,0,0,0,0,0,0,0,0,0,0
101073,A,2020,1,1,,1,,7.0,14.0,3,0,0,5.0,8.0,37.0,37.0,0.0,1.0,1.0,1.0,1.0,1.0,8,1.0,1.0,1.0,0.0,0.0,0.0,4.0,0.0,0.0,0.0,0.0,A_2020,,,23.0,23.0,1,0,0,0,0,0,0,0,0,0,0,0,0,0,0,0,0,0,0,0,0,0,0,0,0,0,0,0,0,0,0,0,0,0,0,0,0,0,0,0,0,0,0,0,0,0
101074,A,2022,1,0,12.0,1,2.0,,13.0,7,1,0,8.0,6.0,38.0,48.0,0.0,1.0,1.0,1.0,1.0,1.0,6,1.0,0.0,0.0,0.0,0.0,0.0,2.0,0.0,0.0,0.0,0.0,A_2022,1.0,2023.0,25.0,35.0,0,0,0,1,0,0,0,0,0,0,0,0,0,0,0,0,0,0,0,0,0,0,0,0,0,0,0,0,0,0,0,0,0,0,0,0,0,0,0,0,0,0,0,0,0,0
101075,A,2020,0,1,11.0,1,2.0,11.0,13.0,2,0,1,11.0,11.0,33.0,37.0,1.0,0.0,1.0,1.0,1.0,1.0,7,1.0,1.0,0.0,1.0,1.0,1.0,4.0,0.0,0.0,0.0,0.0,A_2020,2.0,2022.0,20.0,24.0,0,0,0,0,0,0,0,0,0,0,0,0,0,0,0,0,0,0,0,0,0,0,0,0,0,0,0,0,0,0,0,0,0,0,0,0,0,0,0,0,0,0,0,0,0,0
101076,A,2020,0,1,10.0,1,3.0,4.0,13.0,3,0,0,7.0,11.0,36.0,31.0,0.0,0.0,1.0,1.0,0.0,1.0,8,1.0,1.0,1.0,0.0,0.0,0.0,4.0,0.0,0.0,0.0,0.0,A_2020,3.0,2023.0,23.0,18.0,0,0,0,0,0,0,0,0,0,0,0,0,0,0,0,0,0,0,0,0,0,0,0,0,0,0,0,0,0,0,0,0,0,0,0,0,0,0,0,0,0,0,0,0,0,0
101077,A,2020,0,1,15.0,1,,,18.0,6,0,0,5.0,11.0,38.0,34.0,0.0,0.0,1.0,1.0,1.0,1.0,8,1.0,1.0,1.0,2.0,1.0,2.0,6.0,0.0,0.0,0.0,0.0,A_2020,3.0,2023.0,20.0,16.0,0,0,0,0,0,0,0,0,0,0,0,0,0,0,0,0,1,0,0,0,0,0,0,0,0,0,0,0,0,0,0,0,0,0,0,0,0,0,0,0,0,0,0,0,0,0
101078,A,2020,0,0,,1,,12.0,14.0,8,1,0,5.0,8.0,40.0,38.0,0.0,0.0,1.0,1.0,1.0,1.0,8,1.0,1.0,1.0,0.0,0.0,0.0,4.0,0.0,0.0,0.0,0.0,A_2020,,,26.0,24.0,1,0,0,0,0,0,0,0,0,0,0,0,0,0,0,0,0,0,0,0,0,0,0,0,0,0,0,0,0,0,0,0,0,0,0,0,0,0,0,0,0,0,0,0,0,0
101079,A,2020,0,0,11.0,1,3.0,,14.0,6,0,0,11.0,5.0,50.0,60.0,0.0,0.0,1.0,1.0,1.0,1.0,8,1.0,1.0,1.0,0.0,0.0,0.0,4.0,0.0,0.0,0.0,0.0,A_2020,3.0,2023.0,36.0,46.0,0,0,0,0,0,0,0,0,0,0,0,0,0,0,0,0,0,0,0,0,0,0,0,0,0,0,0,0,0,0,0,0,0,0,0,0,0,0,0,0,0,0,0,0,0,0
101080,B,2018,0,0,10.0,0,1.0,,15.0,6,1,1,,3.0,,41.0,0.0,0.0,1.0,1.0,1.0,1.0,9,1.0,1.0,1.0,0.0,0.0,0.0,6.0,0.0,0.0,0.0,0.0,B_2018,5.0,2023.0,,26.0,0,0,0,1,0,0,0,0,0,0,0,0,0,0,0,0,1,0,0,0,0,0,0,0,0,0,0,0,0,0,0,0,0,0,0,0,0,0,0,0,0,0,0,0,0,0
101081,A,2020,0,0,12.0,1,2.0,18.0,14.0,8,1,0,5.0,5.0,37.0,44.0,0.0,0.0,1.0,1.0,1.0,1.0,8,1.0,1.0,1.0,0.0,0.0,0.0,4.0,0.0,0.0,0.0,0.0,A_2020,2.0,2022.0,23.0,30.0,0,0,0,0,0,0,0,0,0,0,0,0,0,0,0,0,0,0,0,0,0,0,0,0,0,0,0,0,0,0,0,0,0,0,0,0,0,0,0,0,0,0,0,0,0,0
101082,A,2020,0,1,14.0,1,2.0,10.0,16.0,6,0,0,1.0,0.0,47.0,43.0,0.0,0.0,1.0,0.0,0.0,0.0,5,0.0,0.0,0.0,0.0,0.0,0.0,1.0,0.0,0.0,1.0,25.0,A_2020,2.0,2022.0,31.0,27.0,0,0,0,0,0,0,0,0,0,0,0,0,0,0,0,0,0,0,0,0,0,0,0,0,0,0,0,0,0,0,0,0,0,0,0,0,0,0,0,0,0,0,0,0,0,0
101083,A,2020,0,0,12.0,1,2.0,,15.0,8,1,0,3.0,0.0,53.0,74.0,0.0,0.0,1.0,1.0,1.0,1.0,8,1.0,1.0,1.0,0.0,0.0,0.0,4.0,0.0,0.0,0.0,0.0,A_2020,3.0,2023.0,38.0,59.0,0,0,0,0,0,0,0,0,0,0,0,0,0,0,0,0,0,0,0,0,0,0,0,0,0,0,0,0,0,0,0,0,0,0,0,0,0,0,0,0,0,0,0,0,0,0
101084,A,2020,0,1,13.0,1,,7.0,15.0,5,0,0,6.0,3.0,47.0,67.0,,0.0,1.0,1.0,1.0,1.0,8,1.0,1.0,1.0,0.0,0.0,0.0,4.0,0.0,0.0,0.0,0.0,A_2020,2.0,2022.0,32.0,52.0,0,0,0,0,0,0,0,0,0,0,0,0,0,0,0,0,0,0,0,0,0,0,0,0,0,0,0,0,0,0,0,0,0,0,0,0,0,0,0,0,0,0,0,0,0,0
101085,A,2020,0,1,12.0,1,2.0,19.0,14.0,4,0,0,5.0,5.0,46.0,52.0,0.0,0.0,1.0,0.0,0.0,1.0,8,1.0,1.0,1.0,0.0,0.0,0.0,4.0,0.0,0.0,0.0,0.0,A_2020,2.0,2022.0,32.0,38.0,0,0,0,0,0,0,0,0,0,0,0,0,0,0,0,0,0,0,0,0,0,0,0,0,0,0,0,0,0,0,0,0,0,0,0,0,0,0,0,0,0,0,0,0,0,0
101086,A,2020,0,1,11.0,1,3.0,12.0,14.0,8,1,0,5.0,3.0,47.0,37.0,0.0,0.0,1.0,0.0,0.0,1.0,7,1.0,1.0,0.0,1.0,1.0,1.0,4.0,0.0,0.0,0.0,0.0,A_2020,3.0,2023.0,33.0,23.0,0,0,0,0,0,0,0,0,0,0,0,0,0,0,0,0,0,0,0,0,0,0,0,0,0,0,0,0,0,0,0,0,0,0,0,0,0,0,0,0,0,0,0,0,0,0
101087,A,2020,0,0,,1,2.0,6.0,15.0,3,0,0,11.0,7.0,45.0,44.0,0.0,0.0,1.0,1.0,1.0,1.0,7,1.0,1.0,0.0,0.0,0.0,0.0,3.0,0.0,0.0,0.0,0.0,A_2020,,,30.0,29.0,1,0,0,0,0,0,0,0,0,0,0,0,0,0,0,0,0,0,0,0,0,0,0,0,0,0,0,0,0,0,0,0,0,0,0,0,0,0,0,0,0,0,0,0,0,0
101088,A,2020,1,1,14.0,1,,19.0,16.0,3,0,0,,,32.0,34.0,0.0,1.0,1.0,1.0,1.0,1.0,8,1.0,1.0,1.0,0.0,0.0,0.0,4.0,0.0,0.0,1.0,20.0,A_2020,2.0,2022.0,16.0,18.0,0,0,0,0,0,0,0,0,0,0,0,0,0,0,0,0,0,0,0,0,0,0,0,0,0,0,0,0,0,0,0,0,0,0,0,0,0,0,0,0,0,0,0,0,0,0
101089,B,2018,1,1,13.0,0,1.0,,18.0,7,1,1,5.0,3.0,45.0,46.0,0.0,1.0,1.0,1.0,1.0,1.0,10,1.0,1.0,1.0,0.0,0.0,0.0,6.0,0.0,0.0,0.0,0.0,B_2018,5.0,2023.0,27.0,28.0,0,0,0,1,0,0,0,0,0,0,0,0,0,0,0,0,1,0,0,0,0,0,0,0,0,0,0,0,0,0,0,0,0,0,0,0,0,0,0,0,0,0,0,0,0,0
101090,A,2020,1,0,13.0,1,2.0,19.0,16.0,3,0,0,1.0,5.0,49.0,44.0,0.0,0.0,1.0,1.0,0.0,0.0,8,1.0,1.0,1.0,0.0,0.0,0.0,3.0,0.0,1.0,1.0,0.0,A_2020,3.0,2023.0,33.0,28.0,0,0,0,0,0,0,0,0,0,0,0,0,0,0,0,1,0,0,0,0,0,0,0,0,0,0,0,0,0,0,0,0,0,0,0,0,0,0,0,0,0,0,0,0,0,0
101091,A,2020,0,0,12.0,1,2.0,,14.0,3,0,0,2.0,7.0,47.0,38.0,1.0,1.0,1.0,1.0,1.0,1.0,7,1.0,1.0,0.0,1.0,1.0,1.0,4.0,0.0,0.0,0.0,0.0,A_2020,2.0,2022.0,33.0,24.0,0,0,0,0,0,0,0,0,0,0,0,0,0,0,0,0,0,0,0,0,0,0,0,0,0,0,0,0,0,0,0,0,0,0,0,0,0,0,0,0,0,0,0,0,0,0
101092,A,2020,1,1,,1,3.0,18.0,12.0,11,1,0,7.0,8.0,35.0,38.0,0.0,0.0,1.0,0.0,0.0,0.0,6,1.0,0.0,0.0,0.0,0.0,0.0,1.0,0.0,0.0,0.0,0.0,A_2020,,,23.0,26.0,1,0,0,0,0,0,0,0,0,0,0,0,0,0,0,0,0,0,0,0,0,0,0,0,0,0,0,0,0,0,0,0,0,0,0,0,0,0,0,0,0,0,0,0,0,0
101093,A,2020,1,0,13.0,1,2.0,19.0,15.0,3,0,0,5.0,5.0,38.0,65.0,0.0,0.0,1.0,1.0,0.0,1.0,8,1.0,1.0,1.0,0.0,0.0,0.0,4.0,0.0,0.0,0.0,0.0,A_2020,2.0,2022.0,23.0,50.0,0,0,0,0,0,0,0,0,0,0,0,0,0,0,0,0,0,0,0,0,0,0,0,0,0,0,0,0,0,0,0,0,0,0,0,0,0,0,0,0,0,0,0,0,0,0
101094,A,2020,1,0,12.0,1,2.0,11.0,14.0,3,0,1,6.0,6.0,35.0,41.0,1.0,0.0,1.0,0.0,0.0,1.0,8,1.0,1.0,1.0,0.0,0.0,0.0,4.0,0.0,0.0,0.0,0.0,A_2020,2.0,2022.0,21.0,27.0,0,0,0,0,0,0,0,0,0,0,0,0,0,0,0,0,0,0,0,0,0,0,0,0,0,0,0,0,0,0,0,0,0,0,0,0,0,0,0,0,0,0,0,0,0,0
101095,A,2022,1,0,12.0,1,1.0,,13.0,7,1,0,3.0,3.0,48.0,50.0,0.0,1.0,1.0,1.0,1.0,1.0,6,1.0,0.0,0.0,0.0,0.0,0.0,2.0,0.0,0.0,0.0,0.0,A_2022,1.0,2023.0,35.0,37.0,0,0,0,1,0,0,0,0,0,0,0,0,0,0,0,0,0,0,0,0,0,0,0,0,0,0,0,0,0,0,0,0,0,0,0,0,0,0,0,0,0,0,0,0,0,0
101096,A,2022,0,0,14.0,1,2.0,,15.0,8,1,0,6.0,,32.0,,,0.0,1.0,1.0,1.0,1.0,6,1.0,0.0,0.0,0.0,0.0,0.0,2.0,0.0,0.0,0.0,0.0,A_2022,1.0,2023.0,17.0,,0,0,0,1,0,0,0,0,0,0,0,0,0,0,0,0,0,0,0,0,0,0,0,0,0,0,0,0,0,0,0,0,0,0,0,0,0,0,0,0,0,0,0,0,0,0
101097,A,2020,1,0,13.0,1,2.0,17.0,16.0,3,0,0,5.0,,35.0,,,0.0,0.0,0.0,0.0,0.0,7,1.0,1.0,0.0,0.0,1.0,1.0,4.0,0.0,0.0,1.0,40.0,A_2020,3.0,2023.0,19.0,,0,0,0,0,0,0,0,0,0,0,0,0,0,0,0,0,0,0,0,0,0,0,0,0,0,0,0,0,0,0,0,0,0,0,0,0,0,0,0,0,0,0,0,0,0,0
101098,A,2022,1,0,12.0,1,2.0,,12.0,7,1,0,8.0,5.0,36.0,39.0,0.0,1.0,1.0,1.0,1.0,1.0,6,1.0,0.0,0.0,0.0,0.0,0.0,2.0,0.0,0.0,0.0,0.0,A_2022,0.0,2022.0,24.0,27.0,0,0,1,1,0,0,0,0,0,0,0,0,0,0,0,0,0,0,0,0,0,0,0,0,0,0,0,0,0,0,0,0,0,0,0,0,0,0,0,0,0,0,0,0,0,0
101099,A,2022,0,1,11.0,1,2.0,,12.0,7,1,0,6.0,7.0,32.0,34.0,1.0,0.0,1.0,0.0,0.0,1.0,6,1.0,0.0,0.0,0.0,0.0,0.0,2.0,0.0,0.0,0.0,0.0,A_2022,1.0,2023.0,20.0,22.0,0,0,0,1,0,0,0,0,0,0,0,0,0,0,0,0,0,0,0,0,0,0,0,0,0,0,0,0,0,0,0,0,0,0,0,0,0,0,0,0,0,0,0,0,0,0
101100,A,2020,0,1,14.0,1,2.0,17.0,17.0,4,0,0,6.0,8.0,37.0,52.0,1.0,0.0,0.0,0.0,0.0,0.0,8,1.0,1.0,1.0,0.0,0.0,0.0,3.0,0.0,0.0,0.0,0.0,A_2020,3.0,2023.0,20.0,35.0,0,0,0,0,0,0,0,0,0,0,0,0,0,0,0,0,0,0,0,0,0,0,0,0,0,0,0,0,0,0,0,0,0,0,0,0,0,0,0,0,0,0,0,0,0,0
101101,A,2020,1,0,12.0,1,2.0,,13.0,4,0,0,,,,,,1.0,1.0,1.0,1.0,1.0,8,1.0,1.0,1.0,0.0,0.0,0.0,4.0,0.0,0.0,0.0,0.0,A_2020,1.0,2021.0,,,0,0,0,1,0,0,0,0,0,0,0,0,0,0,0,0,0,0,0,0,0,0,0,0,0,0,0,0,0,0,0,0,0,0,0,0,0,0,0,0,0,0,0,0,0,0
101102,A,2020,1,0,11.0,1,1.0,19.0,13.0,3,0,0,,,36.0,50.0,0.0,0.0,1.0,1.0,1.0,1.0,8,1.0,1.0,1.0,0.0,0.0,0.0,4.0,0.0,0.0,0.0,0.0,A_2020,2.0,2022.0,23.0,37.0,0,0,0,0,0,0,0,0,0,0,0,0,0,0,0,0,0,0,0,0,0,0,0,0,0,0,0,0,0,0,0,0,0,0,0,0,0,0,0,0,0,0,0,0,0,0
101103,A,2020,0,0,13.0,1,2.0,,15.0,6,0,0,5.0,3.0,38.0,36.0,0.0,0.0,1.0,1.0,0.0,0.0,8,1.0,1.0,1.0,0.0,0.0,0.0,3.0,0.0,0.0,0.0,0.0,A_2020,2.0,2022.0,23.0,21.0,0,0,0,0,0,0,0,0,0,0,0,0,0,0,0,0,0,0,0,0,0,0,0,0,0,0,0,0,0,0,0,0,0,0,0,0,0,0,0,0,0,0,0,0,0,0
101104,A,2022,0,0,12.0,1,2.0,,13.0,9,1,0,6.0,1.0,38.0,39.0,0.0,1.0,1.0,1.0,1.0,1.0,6,1.0,0.0,0.0,0.0,0.0,0.0,2.0,0.0,0.0,0.0,0.0,A_2022,1.0,2023.0,25.0,26.0,0,0,0,1,0,0,0,0,0,0,0,0,0,0,0,0,0,0,0,0,0,0,0,0,0,0,0,0,0,0,0,0,0,0,0,0,0,0,0,0,0,0,0,0,0,0
101105,A,2020,0,0,11.0,1,2.0,14.0,15.0,5,0,0,5.0,5.0,50.0,55.0,0.0,0.0,1.0,1.0,1.0,1.0,8,1.0,1.0,1.0,0.0,0.0,0.0,4.0,0.0,0.0,0.0,0.0,A_2020,4.0,2024.0,35.0,40.0,0,0,0,0,0,0,0,0,0,0,0,0,0,0,0,0,0,0,0,0,0,0,0,0,0,0,0,0,0,0,0,0,0,0,0,0,0,0,0,0,0,0,0,0,0,0
101106,A,2020,0,1,11.0,1,2.0,10.0,14.0,8,1,0,5.0,5.0,39.0,36.0,0.0,0.0,1.0,1.0,1.0,1.0,7,1.0,1.0,0.0,0.0,1.0,1.0,4.0,0.0,0.0,0.0,0.0,A_2020,3.0,2023.0,25.0,22.0,0,0,0,0,0,0,0,0,0,0,0,0,0,0,0,0,0,0,0,0,0,0,0,0,0,0,0,0,0,0,0,0,0,0,0,0,0,0,0,0,0,0,0,0,0,0
101107,A,2020,0,0,11.0,1,2.0,5.0,13.0,3,0,0,5.0,8.0,53.0,47.0,0.0,0.0,1.0,1.0,1.0,1.0,8,1.0,1.0,1.0,0.0,0.0,0.0,4.0,0.0,0.0,0.0,0.0,A_2020,2.0,2022.0,40.0,34.0,0,0,0,0,0,0,0,0,0,0,0,0,0,0,0,0,0,0,0,0,0,0,0,0,0,0,0,0,0,0,0,0,0,0,0,0,0,0,0,0,0,0,0,0,0,0
101108,A,2020,0,0,12.0,1,2.0,19.0,14.0,3,0,0,5.0,5.0,32.0,45.0,0.0,1.0,1.0,1.0,1.0,1.0,8,1.0,1.0,1.0,0.0,0.0,0.0,4.0,0.0,0.0,0.0,0.0,A_2020,2.0,2022.0,18.0,31.0,0,0,0,0,0,0,0,0,0,0,0,0,0,0,0,0,0,0,0,0,0,0,0,0,0,0,0,0,0,0,0,0,0,0,0,0,0,0,0,0,0,0,0,0,0,0
101109,A,2020,1,1,16.0,1,3.0,10.0,18.0,2,0,1,3.0,6.0,40.0,42.0,0.0,1.0,1.0,1.0,1.0,1.0,8,1.0,1.0,1.0,0.0,0.0,0.0,4.0,0.0,0.0,0.0,0.0,A_2020,2.0,2022.0,22.0,24.0,0,0,0,0,0,0,0,0,0,0,0,0,0,0,0,0,0,0,0,0,0,0,0,0,0,0,0,0,0,0,0,0,0,0,0,0,0,0,0,0,0,0,0,0,0,0
101110,A,2020,1,1,14.0,1,2.0,,16.0,8,1,0,10.0,,38.0,41.0,,0.0,1.0,1.0,0.0,0.0,7,1.0,1.0,0.0,0.0,0.0,0.0,2.0,0.0,0.0,1.0,40.0,A_2020,2.0,2022.0,22.0,25.0,0,0,0,0,0,0,0,0,0,0,0,0,0,0,0,0,0,0,0,0,0,0,0,0,0,0,0,0,0,0,0,0,0,0,0,0,0,0,0,0,0,0,0,0,0,0
101111,A,2022,0,1,11.0,1,2.0,,13.0,11,1,0,5.0,5.0,33.0,34.0,0.0,0.0,1.0,0.0,0.0,1.0,5,0.0,0.0,0.0,1.0,1.0,1.0,2.0,0.0,0.0,0.0,0.0,A_2022,2.0,2024.0,20.0,21.0,0,0,0,0,0,0,0,0,0,0,0,0,0,0,0,0,0,0,0,0,0,0,0,0,0,0,0,0,0,0,0,0,0,0,0,0,0,0,0,0,0,0,0,0,0,0
101112,A,2020,1,0,11.0,1,1.0,19.0,13.0,3,0,0,8.0,11.0,38.0,38.0,1.0,1.0,1.0,1.0,1.0,1.0,8,1.0,1.0,1.0,0.0,0.0,0.0,4.0,0.0,0.0,0.0,0.0,A_2020,2.0,2022.0,25.0,25.0,0,0,0,0,0,0,0,0,0,0,0,0,0,0,0,0,0,0,0,0,0,0,0,0,0,0,0,0,0,0,0,0,0,0,0,0,0,0,0,0,0,0,0,0,0,0
101113,A,2020,1,0,13.0,1,,8.0,15.0,3,0,0,5.0,,37.0,,,0.0,0.0,0.0,0.0,1.0,8,1.0,1.0,1.0,0.0,0.0,0.0,4.0,0.0,0.0,1.0,21.0,A_2020,2.0,2022.0,22.0,,0,0,0,0,0,0,0,0,0,0,0,0,0,0,0,0,0,0,0,0,0,0,0,0,0,0,0,0,0,0,0,0,0,0,0,0,0,0,0,0,0,0,0,0,0,0
101114,A,2020,0,1,12.0,1,,,14.0,3,0,0,,,42.0,40.0,0.0,0.0,0.0,0.0,0.0,1.0,7,1.0,1.0,0.0,1.0,1.0,1.0,4.0,0.0,0.0,0.0,0.0,A_2020,2.0,2022.0,28.0,26.0,0,0,0,0,0,0,0,0,0,0,0,0,0,0,0,0,0,0,0,0,0,0,0,0,0,0,0,0,0,0,0,0,0,0,0,0,0,0,0,0,0,0,0,0,0,0
101115,A,2020,0,0,13.0,1,,5.0,15.0,3,0,0,3.0,4.0,39.0,40.0,0.0,0.0,1.0,1.0,1.0,1.0,7,1.0,1.0,0.0,1.0,1.0,1.0,4.0,0.0,0.0,0.0,0.0,A_2020,2.0,2022.0,24.0,25.0,0,0,0,0,0,0,0,0,0,0,0,0,0,0,0,0,0,0,0,0,0,0,0,0,0,0,0,0,0,0,0,0,0,0,0,0,0,0,0,0,0,0,0,0,0,0
101116,A,2020,1,1,11.0,1,3.0,10.0,14.0,3,0,0,6.0,5.0,39.0,41.0,0.0,0.0,1.0,0.0,0.0,1.0,7,1.0,1.0,0.0,1.0,1.0,1.0,4.0,0.0,0.0,0.0,0.0,A_2020,3.0,2023.0,25.0,27.0,0,0,0,0,0,0,0,0,0,0,0,0,0,0,0,0,0,0,0,0,0,0,0,0,0,0,0,0,0,0,0,0,0,0,0,0,0,0,0,0,0,0,0,0,0,0
101117,A,2020,0,1,11.0,1,2.0,,13.0,3,0,0,5.0,5.0,30.0,33.0,1.0,0.0,1.0,0.0,0.0,1.0,8,1.0,1.0,1.0,0.0,0.0,0.0,4.0,0.0,0.0,0.0,0.0,A_2020,2.0,2022.0,17.0,20.0,0,0,0,0,0,0,0,0,0,0,0,0,0,0,0,0,0,0,0,0,0,0,0,0,0,0,0,0,0,0,0,0,0,0,0,0,0,0,0,0,0,0,0,0,0,0
101118,B,2018,1,1,11.0,0,2.0,,15.0,6,1,1,8.0,10.0,37.0,45.0,0.0,1.0,1.0,1.0,1.0,1.0,9,1.0,1.0,1.0,0.0,0.0,0.0,6.0,0.0,0.0,1.0,10.0,B_2018,4.0,2022.0,22.0,30.0,0,0,0,0,0,0,0,0,0,0,0,0,0,0,0,0,1,0,0,0,0,0,0,0,0,0,0,0,0,0,0,0,0,0,0,0,0,0,0,0,0,0,0,0,0,0
101119,A,2020,0,0,15.0,1,2.0,,17.0,3,0,0,2.0,,54.0,,,0.0,1.0,1.0,1.0,1.0,8,1.0,1.0,1.0,0.0,0.0,0.0,4.0,0.0,0.0,0.0,0.0,A_2020,2.0,2022.0,37.0,,0,0,0,0,0,0,0,0,0,0,0,0,0,0,0,0,0,0,0,0,0,0,0,0,0,0,0,0,0,0,0,0,0,0,0,0,0,0,0,0,0,0,0,0,0,0
101120,A,2020,0,1,12.0,1,3.0,12.0,15.0,3,0,0,7.0,6.0,37.0,38.0,0.0,0.0,1.0,1.0,1.0,1.0,8,1.0,1.0,1.0,0.0,0.0,0.0,4.0,0.0,0.0,0.0,0.0,A_2020,3.0,2023.0,22.0,23.0,0,0,0,0,0,0,0,0,0,0,0,0,0,0,0,0,0,0,0,0,0,0,0,0,0,0,0,0,0,0,0,0,0,0,0,0,0,0,0,0,0,0,0,0,0,0
101121,B,2018,0,0,12.0,0,2.0,,16.0,7,1,1,5.0,,43.0,,,0.0,1.0,1.0,1.0,1.0,8,1.0,1.0,1.0,0.0,0.0,0.0,5.0,0.0,0.0,0.0,0.0,B_2018,4.0,2022.0,27.0,,0,0,0,0,0,0,0,0,0,0,0,0,0,0,0,0,1,0,0,0,0,0,0,0,0,0,0,0,0,0,0,0,0,0,0,0,0,0,0,0,0,0,0,0,0,0
101122,A,2020,1,1,13.0,1,2.0,11.0,15.0,4,0,0,2.0,5.0,36.0,40.0,0.0,1.0,1.0,1.0,1.0,1.0,8,1.0,1.0,1.0,0.0,0.0,0.0,4.0,0.0,0.0,0.0,0.0,A_2020,2.0,2022.0,21.0,25.0,0,0,0,0,0,0,0,0,0,0,0,0,0,0,0,0,0,0,0,0,0,0,0,0,0,0,0,0,0,0,0,0,0,0,0,0,0,0,0,0,0,0,0,0,0,0
101123,A,2020,0,0,12.0,1,,,15.0,6,0,0,5.0,5.0,33.0,34.0,0.0,0.0,1.0,1.0,1.0,1.0,8,1.0,1.0,1.0,0.0,0.0,0.0,4.0,0.0,0.0,0.0,0.0,A_2020,3.0,2023.0,18.0,19.0,0,0,0,0,0,0,0,0,0,0,0,0,0,0,0,0,0,0,0,0,0,0,0,0,0,0,0,0,0,0,0,0,0,0,0,0,0,0,0,0,0,0,0,0,0,0
101124,A,2020,0,1,,1,1.0,19.0,17.0,7,1,0,,2.0,,42.0,0.0,0.0,1.0,1.0,0.0,0.0,7,1.0,1.0,0.0,0.0,0.0,0.0,2.0,0.0,0.0,1.0,40.0,A_2020,,,,25.0,1,0,0,0,0,0,0,0,0,0,0,0,0,0,0,0,0,0,0,0,0,0,0,0,0,0,0,0,0,0,0,0,0,0,0,0,0,0,0,0,0,0,0,0,0,0
101125,A,2020,0,0,13.0,1,,19.0,18.0,3,0,0,5.0,3.0,36.0,50.0,0.0,0.0,1.0,1.0,1.0,1.0,8,1.0,1.0,1.0,0.0,0.0,0.0,4.0,0.0,0.0,0.0,0.0,A_2020,5.0,2025.0,18.0,32.0,0,0,0,1,0,0,0,0,0,0,0,0,0,0,0,0,0,0,0,0,0,0,0,0,0,0,0,0,0,0,0,0,0,0,0,0,0,0,0,0,0,0,0,0,0,0
101126,A,2020,1,1,13.0,1,2.0,19.0,14.0,4,0,0,5.0,7.0,46.0,54.0,0.0,1.0,1.0,1.0,1.0,1.0,8,1.0,1.0,1.0,0.0,0.0,0.0,4.0,0.0,0.0,0.0,0.0,A_2020,1.0,2021.0,32.0,40.0,0,0,0,1,0,0,0,0,0,0,0,0,0,0,0,0,0,0,0,0,0,0,0,0,0,0,0,0,0,0,0,0,0,0,0,0,0,0,0,0,0,0,0,0,0,0
101127,A,2020,0,0,14.0,1,2.0,,16.0,7,1,0,6.0,5.0,46.0,48.0,0.0,0.0,1.0,1.0,1.0,1.0,6,1.0,0.0,0.0,1.0,1.0,1.0,3.0,0.0,0.0,1.0,0.0,A_2020,2.0,2022.0,30.0,32.0,0,0,0,0,0,0,0,0,0,0,0,0,0,0,0,1,0,0,0,0,0,0,0,0,0,0,0,0,0,0,0,0,0,0,0,0,0,0,0,0,0,0,0,0,0,0
101128,A,2020,1,0,12.0,1,3.0,12.0,15.0,6,0,0,8.0,5.0,45.0,53.0,0.0,0.0,1.0,1.0,0.0,1.0,8,1.0,1.0,1.0,0.0,0.0,0.0,4.0,0.0,0.0,0.0,0.0,A_2020,3.0,2023.0,30.0,38.0,0,0,0,0,0,0,0,0,0,0,0,0,0,0,0,0,0,0,0,0,0,0,0,0,0,0,0,0,0,0,0,0,0,0,0,0,0,0,0,0,0,0,0,0,0,0
101129,A,2020,1,0,12.0,1,2.0,7.0,15.0,7,1,0,5.0,5.0,35.0,37.0,0.0,1.0,1.0,1.0,1.0,1.0,8,1.0,1.0,1.0,0.0,0.0,0.0,4.0,0.0,0.0,0.0,0.0,A_2020,3.0,2023.0,20.0,22.0,0,0,0,0,0,0,0,0,0,0,0,0,0,0,0,0,0,0,0,0,0,0,0,0,0,0,0,0,0,0,0,0,0,0,0,0,0,0,0,0,0,0,0,0,0,0
101130,A,2020,0,1,11.0,1,2.0,11.0,13.0,5,0,0,9.0,5.0,38.0,46.0,0.0,0.0,1.0,0.0,0.0,1.0,6,1.0,0.0,0.0,1.0,1.0,1.0,4.0,0.0,0.0,0.0,0.0,A_2020,2.0,2022.0,25.0,33.0,0,0,0,0,0,0,0,0,0,0,0,0,0,0,0,0,0,0,0,0,0,0,0,0,0,0,0,0,0,0,0,0,0,0,0,0,0,0,0,0,0,0,0,0,0,0
101131,A,2020,0,0,14.0,1,2.0,,17.0,4,1,0,6.0,5.0,47.0,50.0,0.0,0.0,1.0,1.0,0.0,1.0,9,1.0,1.0,1.0,0.0,0.0,0.0,4.0,0.0,0.0,0.0,0.0,A_2020,3.0,2023.0,30.0,33.0,0,0,0,0,0,0,0,0,0,0,0,0,0,0,0,0,0,0,0,0,0,0,0,0,0,0,0,0,0,0,0,0,0,0,0,0,0,0,0,0,0,0,0,0,0,0
101132,A,2020,1,0,14.0,1,1.0,5.0,17.0,3,0,0,3.0,,35.0,,,0.0,1.0,0.0,0.0,0.0,6,1.0,0.0,0.0,0.0,0.0,0.0,1.0,0.0,1.0,0.0,0.0,A_2020,3.0,2023.0,18.0,,0,0,0,0,0,0,0,0,0,0,0,0,0,0,0,0,0,0,0,0,0,0,0,0,0,0,0,0,0,0,0,0,0,0,0,0,0,0,0,0,0,0,0,0,0,0
101133,A,2020,0,0,12.0,1,2.0,,14.0,3,0,0,9.0,5.0,43.0,51.0,0.0,0.0,0.0,0.0,0.0,1.0,8,1.0,1.0,1.0,1.0,1.0,1.0,5.0,0.0,0.0,0.0,0.0,A_2020,2.0,2022.0,29.0,37.0,0,0,0,0,0,0,0,0,0,0,0,0,0,0,0,0,1,0,0,0,0,0,0,0,0,0,0,0,0,0,0,0,0,0,0,0,0,0,0,0,0,0,0,0,0,0
101134,B,2018,0,0,10.0,0,2.0,,14.0,6,1,1,5.0,11.0,38.0,45.0,0.0,0.0,1.0,1.0,1.0,1.0,9,1.0,1.0,1.0,0.0,0.0,0.0,6.0,0.0,0.0,0.0,0.0,B_2018,4.0,2022.0,24.0,31.0,0,0,0,0,0,0,0,0,0,0,0,0,0,0,0,0,1,0,0,0,0,0,0,0,0,0,0,0,0,0,0,0,0,0,0,0,0,0,0,0,0,0,0,0,0,0
101135,B,2018,1,0,11.0,0,3.0,,16.0,6,1,0,,,43.0,49.0,0.0,1.0,1.0,1.0,1.0,1.0,9,1.0,1.0,1.0,0.0,0.0,0.0,6.0,0.0,0.0,1.0,16.0,B_2018,5.0,2023.0,27.0,33.0,0,0,0,1,0,0,0,0,0,0,0,0,0,0,0,0,1,0,0,0,0,0,0,0,0,0,0,0,0,0,0,0,0,0,0,0,0,0,0,0,0,0,0,0,0,0
101136,A,2022,0,1,12.0,1,2.0,,12.0,7,1,0,7.0,7.0,32.0,33.0,0.0,0.0,0.0,0.0,0.0,1.0,6,1.0,0.0,0.0,0.0,0.0,0.0,2.0,0.0,0.0,0.0,0.0,A_2022,0.0,2022.0,20.0,21.0,0,0,1,1,0,0,0,0,0,0,0,0,0,0,0,0,0,0,0,0,0,0,0,0,0,0,0,0,0,0,0,0,0,0,0,0,0,0,0,0,0,0,0,0,0,0
101137,A,2020,1,0,12.0,1,2.0,,14.0,8,1,0,11.0,,40.0,46.0,,0.0,0.0,0.0,0.0,1.0,7,1.0,1.0,0.0,0.0,1.0,1.0,4.0,0.0,0.0,0.0,0.0,A_2020,2.0,2022.0,26.0,32.0,0,0,0,0,0,0,0,0,0,0,0,0,0,0,0,0,0,0,0,0,0,0,0,0,0,0,0,0,0,0,0,0,0,0,0,0,0,0,0,0,0,0,0,0,0,0
101138,A,2020,1,0,13.0,1,,,16.0,4,0,0,5.0,,34.0,,,0.0,1.0,1.0,0.0,1.0,8,1.0,1.0,1.0,0.0,0.0,0.0,4.0,0.0,0.0,1.0,8.0,A_2020,3.0,2023.0,18.0,,0,0,0,0,0,0,0,0,0,0,0,0,0,0,0,0,0,0,0,0,0,0,0,0,0,0,0,0,0,0,0,0,0,0,0,0,0,0,0,0,0,0,0,0,0,0
101139,B,2018,0,0,16.0,0,2.0,,20.0,7,1,1,0.0,7.0,40.0,41.0,0.0,0.0,,,1.0,1.0,5,0.0,0.0,0.0,,0.0,0.0,1.0,0.0,0.0,0.0,0.0,B_2018,4.0,2022.0,20.0,21.0,0,0,0,0,0,0,0,0,0,0,0,0,0,0,0,0,0,0,0,0,0,0,0,0,0,0,0,0,0,0,0,0,0,0,0,0,0,0,0,0,0,0,0,0,0,0
101140,B,2018,0,1,14.0,0,2.0,,18.0,7,1,1,4.0,5.0,44.0,39.0,0.0,0.0,1.0,1.0,1.0,1.0,9,1.0,1.0,1.0,0.0,0.0,0.0,6.0,0.0,0.0,0.0,0.0,B_2018,4.0,2022.0,26.0,21.0,0,0,0,0,0,0,0,0,0,0,0,0,0,0,0,0,1,0,0,0,0,0,0,0,0,0,0,0,0,0,0,0,0,0,0,0,0,0,0,0,0,0,0,0,0,0
101141,A,2022,1,0,12.0,1,,,14.0,7,1,0,5.0,,35.0,,,1.0,1.0,1.0,1.0,1.0,6,1.0,0.0,0.0,0.0,0.0,0.0,2.0,0.0,0.0,0.0,0.0,A_2022,2.0,2024.0,21.0,,0,0,0,0,0,0,0,0,0,0,0,0,0,0,0,0,0,0,0,0,0,0,0,0,0,0,0,0,0,0,0,0,0,0,0,0,0,0,0,0,0,0,0,0,0,0
101142,A,2022,1,0,11.0,1,,,12.0,8,1,0,,,43.0,50.0,,1.0,1.0,1.0,1.0,1.0,6,1.0,0.0,0.0,0.0,0.0,0.0,2.0,0.0,0.0,0.0,0.0,A_2022,1.0,2023.0,31.0,38.0,0,0,0,1,0,0,0,0,0,0,0,0,0,0,0,0,0,0,0,0,0,0,0,0,0,0,0,0,0,0,0,0,0,0,0,0,0,0,0,0,0,0,0,0,0,0
101143,A,2020,1,1,12.0,1,2.0,4.0,14.0,8,1,0,5.0,8.0,40.0,42.0,0.0,1.0,1.0,1.0,1.0,1.0,8,1.0,1.0,1.0,0.0,0.0,0.0,4.0,0.0,0.0,0.0,0.0,A_2020,2.0,2022.0,26.0,28.0,0,0,0,0,0,0,0,0,0,0,0,0,0,0,0,0,0,0,0,0,0,0,0,0,0,0,0,0,0,0,0,0,0,0,0,0,0,0,0,0,0,0,0,0,0,0
101144,B,2018,0,1,14.0,1,1.0,,19.0,6,1,1,2.0,3.0,54.0,58.0,0.0,0.0,0.0,0.0,0.0,1.0,9,1.0,1.0,1.0,0.0,0.0,0.0,6.0,0.0,0.0,0.0,0.0,B_2018,5.0,2023.0,35.0,39.0,0,0,0,1,0,0,0,0,0,0,0,0,0,0,0,0,1,0,0,0,0,0,0,0,0,0,0,0,0,0,0,0,0,0,0,0,0,0,0,0,0,0,0,0,0,0
101145,B,2018,1,1,15.0,0,1.0,,20.0,7,1,0,5.0,,45.0,,,0.0,1.0,1.0,0.0,0.0,7,1.0,1.0,0.0,0.0,0.0,0.0,2.0,0.0,0.0,0.0,0.0,B_2018,5.0,2023.0,25.0,,0,0,0,1,0,0,0,0,0,0,0,0,0,0,0,0,0,0,0,0,0,0,0,0,0,0,0,0,0,0,0,0,0,0,0,0,0,0,0,0,0,0,0,0,0,0
101146,A,2022,1,1,14.0,1,2.0,,15.0,7,1,0,3.0,4.0,37.0,41.0,0.0,1.0,1.0,1.0,1.0,1.0,6,1.0,0.0,0.0,0.0,0.0,0.0,2.0,0.0,0.0,0.0,0.0,A_2022,1.0,2023.0,22.0,26.0,0,0,0,1,0,0,0,0,0,0,0,0,0,0,0,0,0,0,0,0,0,0,0,0,0,0,0,0,0,0,0,0,0,0,0,0,0,0,0,0,0,0,0,0,0,0
101147,A,2022,0,0,16.0,1,2.0,,16.0,7,1,0,5.0,,33.0,,,0.0,1.0,0.0,0.0,0.0,6,1.0,0.0,0.0,0.0,0.0,0.0,1.0,0.0,0.0,1.0,8.0,A_2022,0.0,2022.0,17.0,,0,0,1,1,0,0,0,0,0,0,0,0,0,0,0,0,0,0,0,0,0,0,0,0,0,0,0,0,0,0,0,0,0,0,0,0,0,0,0,0,0,0,0,0,0,0
101148,A,2020,1,0,16.0,1,3.0,19.0,18.0,6,0,0,4.0,5.0,56.0,55.0,0.0,1.0,1.0,1.0,1.0,1.0,8,1.0,1.0,1.0,0.0,0.0,0.0,4.0,0.0,0.0,0.0,0.0,A_2020,2.0,2022.0,38.0,37.0,0,0,0,0,0,0,0,0,0,0,0,0,0,0,0,0,0,0,0,0,0,0,0,0,0,0,0,0,0,0,0,0,0,0,0,0,0,0,0,0,0,0,0,0,0,0
101149,A,2020,0,1,12.0,1,2.0,5.0,15.0,7,1,0,5.0,5.0,42.0,42.0,0.0,0.0,1.0,1.0,1.0,1.0,7,1.0,1.0,0.0,0.0,1.0,1.0,4.0,0.0,0.0,0.0,0.0,A_2020,3.0,2023.0,27.0,27.0,0,0,0,0,0,0,0,0,0,0,0,0,0,0,0,0,0,0,0,0,0,0,0,0,0,0,0,0,0,0,0,0,0,0,0,0,0,0,0,0,0,0,0,0,0,0
101150,A,2020,0,1,14.0,1,2.0,19.0,17.0,3,0,0,0.0,0.0,60.0,68.0,0.0,0.0,1.0,1.0,1.0,1.0,7,1.0,1.0,0.0,0.0,1.0,1.0,4.0,0.0,0.0,0.0,0.0,A_2020,3.0,2023.0,43.0,51.0,0,0,0,0,0,0,0,0,0,0,0,0,0,0,0,0,0,0,0,0,0,0,0,0,0,0,0,0,0,0,0,0,0,0,0,0,0,0,0,0,0,0,0,0,0,0
101151,A,2020,0,0,15.0,1,,9.0,18.0,5,0,0,,6.0,,46.0,0.0,0.0,0.0,1.0,1.0,1.0,8,1.0,1.0,1.0,1.0,1.0,1.0,5.0,0.0,0.0,0.0,0.0,A_2020,3.0,2023.0,,28.0,0,0,0,0,0,0,0,0,0,0,0,0,0,0,0,0,1,0,0,0,0,0,0,0,0,0,0,0,0,0,0,0,0,0,0,0,0,0,0,0,0,0,0,0,0,0
101152,B,2018,1,1,12.0,0,,,17.0,6,1,1,11.0,6.0,41.0,40.0,0.0,0.0,1.0,0.0,0.0,1.0,8,1.0,1.0,1.0,1.0,1.0,1.0,6.0,0.0,0.0,0.0,0.0,B_2018,5.0,2023.0,24.0,23.0,0,0,0,1,0,0,0,0,0,0,0,0,0,0,0,0,1,0,0,0,0,0,0,0,0,0,0,0,0,0,0,0,0,0,0,0,0,0,0,0,0,0,0,0,0,0
101153,A,2020,1,1,12.0,1,2.0,18.0,14.0,8,1,0,5.0,11.0,40.0,44.0,0.0,1.0,1.0,1.0,1.0,1.0,8,1.0,1.0,1.0,0.0,0.0,0.0,4.0,0.0,0.0,0.0,0.0,A_2020,2.0,2022.0,26.0,30.0,0,0,0,0,0,0,0,0,0,0,0,0,0,0,0,0,0,0,0,0,0,0,0,0,0,0,0,0,0,0,0,0,0,0,0,0,0,0,0,0,0,0,0,0,0,0
101154,A,2020,1,0,14.0,1,2.0,17.0,16.0,9,1,1,,,,,,1.0,1.0,1.0,1.0,1.0,8,1.0,1.0,1.0,0.0,0.0,0.0,4.0,0.0,0.0,1.0,9.0,A_2020,2.0,2022.0,,,0,0,0,0,0,0,0,0,0,0,0,0,0,0,0,0,0,0,0,0,0,0,0,0,0,0,0,0,0,0,0,0,0,0,0,0,0,0,0,0,0,0,0,0,0,0
101155,A,2020,0,0,13.0,1,2.0,19.0,15.0,3,0,0,4.0,3.0,38.0,40.0,0.0,0.0,1.0,1.0,1.0,1.0,8,1.0,1.0,1.0,0.0,0.0,0.0,4.0,0.0,0.0,0.0,0.0,A_2020,2.0,2022.0,23.0,25.0,0,0,0,0,0,0,0,0,0,0,0,0,0,0,0,0,0,0,0,0,0,0,0,0,0,0,0,0,0,0,0,0,0,0,0,0,0,0,0,0,0,0,0,0,0,0
101156,A,2020,1,0,13.0,1,2.0,,15.0,3,0,0,5.0,3.0,37.0,40.0,1.0,1.0,1.0,1.0,1.0,1.0,8,1.0,1.0,1.0,0.0,0.0,0.0,4.0,0.0,0.0,0.0,0.0,A_2020,2.0,2022.0,22.0,25.0,0,0,0,0,0,0,0,0,0,0,0,0,0,0,0,0,0,0,0,0,0,0,0,0,0,0,0,0,0,0,0,0,0,0,0,0,0,0,0,0,0,0,0,0,0,0
101157,B,2018,1,0,12.0,1,,,17.0,6,1,1,,,48.0,57.0,0.0,0.0,0.0,0.0,0.0,1.0,8,1.0,1.0,1.0,0.0,1.0,1.0,6.0,0.0,0.0,0.0,0.0,B_2018,5.0,2023.0,31.0,40.0,0,0,0,1,0,0,0,0,0,0,0,0,0,0,0,0,1,0,0,0,0,0,0,0,0,0,0,0,0,0,0,0,0,0,0,0,0,0,0,0,0,0,0,0,0,0
101158,A,2020,1,0,14.0,1,1.0,5.0,17.0,5,0,0,5.0,3.0,38.0,40.0,0.0,1.0,1.0,1.0,1.0,1.0,8,1.0,1.0,1.0,0.0,0.0,0.0,4.0,0.0,0.0,0.0,0.0,A_2020,3.0,2023.0,21.0,23.0,0,0,0,0,0,0,0,0,0,0,0,0,0,0,0,0,0,0,0,0,0,0,0,0,0,0,0,0,0,0,0,0,0,0,0,0,0,0,0,0,0,0,0,0,0,0
101159,A,2022,0,1,15.0,1,2.0,,16.0,8,1,0,9.0,,32.0,42.0,0.0,,1.0,0.0,0.0,1.0,6,,,,,,,,,,,,A_2022,1.0,2023.0,16.0,26.0,0,0,0,1,0,0,0,0,0,0,0,0,0,0,0,0,0,0,0,0,0,0,0,0,0,0,0,0,0,0,0,0,0,0,0,0,0,0,0,0,0,0,0,0,0,0
101160,A,2020,1,1,13.0,1,2.0,,15.0,3,0,0,,,,,0.0,1.0,1.0,1.0,1.0,1.0,8,1.0,1.0,1.0,0.0,0.0,0.0,4.0,0.0,0.0,0.0,0.0,A_2020,2.0,2022.0,,,0,0,0,0,0,0,0,0,0,0,0,0,0,0,0,0,0,0,0,0,0,0,0,0,0,0,0,0,0,0,0,0,0,0,0,0,0,0,0,0,0,0,0,0,0,0
101161,A,2020,1,1,11.0,1,2.0,7.0,14.0,2,0,0,5.0,5.0,37.0,41.0,0.0,1.0,0.0,0.0,0.0,1.0,8,1.0,1.0,1.0,0.0,0.0,0.0,4.0,0.0,0.0,0.0,0.0,A_2020,3.0,2023.0,23.0,27.0,0,0,0,0,0,0,0,0,0,0,0,0,0,0,0,0,0,0,0,0,0,0,0,0,0,0,0,0,0,0,0,0,0,0,0,0,0,0,0,0,0,0,0,0,0,0
101162,A,2020,0,0,12.0,1,3.0,10.0,14.0,4,0,0,,,37.0,39.0,0.0,0.0,1.0,1.0,1.0,1.0,8,1.0,1.0,1.0,0.0,0.0,0.0,4.0,0.0,0.0,0.0,0.0,A_2020,2.0,2022.0,23.0,25.0,0,0,0,0,0,0,0,0,0,0,0,0,0,0,0,0,0,0,0,0,0,0,0,0,0,0,0,0,0,0,0,0,0,0,0,0,0,0,0,0,0,0,0,0,0,0
101163,A,2020,0,0,12.0,1,2.0,4.0,14.0,3,0,0,5.0,,35.0,,,0.0,1.0,1.0,1.0,1.0,8,1.0,1.0,1.0,0.0,0.0,0.0,4.0,0.0,0.0,0.0,0.0,A_2020,2.0,2022.0,21.0,,0,0,0,0,0,0,0,0,0,0,0,0,0,0,0,0,0,0,0,0,0,0,0,0,0,0,0,0,0,0,0,0,0,0,0,0,0,0,0,0,0,0,0,0,0,0
101164,A,2020,0,1,15.0,1,2.0,10.0,18.0,6,0,1,9.0,9.0,40.0,43.0,1.0,0.0,1.0,1.0,1.0,1.0,8,1.0,1.0,1.0,1.0,1.0,1.0,5.0,0.0,0.0,0.0,0.0,A_2020,3.0,2023.0,22.0,25.0,0,0,0,0,0,0,0,0,0,0,0,0,0,0,0,0,1,0,0,0,0,0,0,0,0,0,0,0,0,0,0,0,0,0,0,0,0,0,0,0,0,0,0,0,0,0
101165,A,2020,0,1,12.0,1,2.0,18.0,15.0,5,1,0,,9.0,,42.0,1.0,0.0,1.0,0.0,0.0,1.0,9,1.0,1.0,1.0,0.0,0.0,0.0,4.0,0.0,0.0,0.0,0.0,A_2020,3.0,2023.0,,27.0,0,0,0,0,0,0,0,0,0,0,0,0,0,0,0,0,0,0,0,0,0,0,0,0,0,0,0,0,0,0,0,0,0,0,0,0,0,0,0,0,0,0,0,0,0,0
101166,A,2020,1,1,,1,,,18.0,2,0,0,3.0,0.0,34.0,50.0,0.0,0.0,0.0,0.0,0.0,0.0,9,1.0,1.0,1.0,1.0,1.0,1.0,5.0,0.0,0.0,1.0,40.0,A_2020,,,16.0,32.0,1,0,0,0,0,0,0,0,0,0,0,0,0,0,0,0,1,0,0,0,0,0,0,0,0,0,0,0,0,0,0,0,0,0,0,0,0,0,0,0,0,0,0,0,0,0
101167,A,2020,0,1,10.0,1,,5.0,12.0,3,0,0,5.0,,37.0,,,1.0,1.0,1.0,1.0,1.0,7,1.0,1.0,0.0,0.0,0.0,0.0,4.0,0.0,0.0,0.0,0.0,A_2020,2.0,2022.0,25.0,,0,0,0,0,0,0,0,0,0,0,0,0,0,0,0,0,0,0,0,0,0,0,0,0,0,0,0,0,0,0,0,0,0,0,0,0,0,0,0,0,0,0,0,0,0,0
101168,A,2020,0,1,12.0,1,2.0,19.0,14.0,6,0,0,1.0,3.0,40.0,46.0,0.0,0.0,1.0,1.0,1.0,1.0,8,1.0,1.0,1.0,0.0,0.0,0.0,4.0,0.0,0.0,0.0,0.0,A_2020,2.0,2022.0,26.0,32.0,0,0,0,0,0,0,0,0,0,0,0,0,0,0,0,0,0,0,0,0,0,0,0,0,0,0,0,0,0,0,0,0,0,0,0,0,0,0,0,0,0,0,0,0,0,0
101169,A,2020,0,0,15.0,1,2.0,4.0,18.0,3,1,0,6.0,,46.0,46.0,0.0,0.0,0.0,0.0,0.0,1.0,9,1.0,1.0,1.0,1.0,1.0,1.0,5.0,0.0,0.0,0.0,0.0,A_2020,3.0,2023.0,28.0,28.0,0,0,0,0,0,0,0,0,0,0,0,0,0,0,0,0,1,0,0,0,0,0,0,0,0,0,0,0,0,0,0,0,0,0,0,0,0,0,0,0,0,0,0,0,0,0
101170,A,2022,1,1,14.0,1,2.0,,15.0,8,1,0,11.0,11.0,39.0,39.0,0.0,0.0,1.0,0.0,0.0,1.0,6,1.0,0.0,0.0,0.0,0.0,0.0,2.0,0.0,0.0,0.0,0.0,A_2022,1.0,2023.0,24.0,24.0,0,0,0,1,0,0,0,0,0,0,0,0,0,0,0,0,0,0,0,0,0,0,0,0,0,0,0,0,0,0,0,0,0,0,0,0,0,0,0,0,0,0,0,0,0,0
101171,A,2020,1,0,12.0,1,2.0,17.0,14.0,5,0,0,2.0,,34.0,,,1.0,1.0,1.0,1.0,1.0,8,1.0,1.0,1.0,0.0,0.0,0.0,4.0,0.0,0.0,0.0,0.0,A_2020,2.0,2022.0,20.0,,0,0,0,0,0,0,0,0,0,0,0,0,0,0,0,0,0,0,0,0,0,0,0,0,0,0,0,0,0,0,0,0,0,0,0,0,0,0,0,0,0,0,0,0,0,0
101172,A,2020,0,1,14.0,1,1.0,19.0,17.0,8,1,0,5.0,6.0,40.0,43.0,0.0,0.0,1.0,1.0,0.0,0.0,7,1.0,1.0,0.0,0.0,0.0,0.0,2.0,0.0,0.0,1.0,40.0,A_2020,3.0,2023.0,23.0,26.0,0,0,0,0,0,0,0,0,0,0,0,0,0,0,0,0,0,0,0,0,0,0,0,0,0,0,0,0,0,0,0,0,0,0,0,0,0,0,0,0,0,0,0,0,0,0
101173,B,2018,1,0,9.0,1,1.0,,14.0,6,1,1,11.0,11.0,34.0,37.0,0.0,1.0,1.0,1.0,1.0,1.0,10,0.0,0.0,0.0,0.0,0.0,0.0,6.0,0.0,0.0,0.0,0.0,B_2018,5.0,2023.0,20.0,23.0,0,0,0,1,1,1,1,1,0,0,0,0,0,0,0,0,1,0,0,0,0,0,0,0,0,0,0,0,0,0,0,0,0,0,0,0,0,0,0,0,0,0,0,0,0,0
101174,A,2020,1,0,13.0,1,2.0,,15.0,6,0,0,3.0,9.0,43.0,37.0,0.0,0.0,1.0,0.0,1.0,1.0,7,1.0,1.0,0.0,1.0,1.0,1.0,4.0,0.0,0.0,0.0,0.0,A_2020,2.0,2022.0,28.0,22.0,0,0,0,0,0,0,0,0,0,0,0,0,0,0,0,0,0,0,0,0,0,0,0,0,0,0,0,0,0,0,0,0,0,0,0,0,0,0,0,0,0,0,0,0,0,0
101175,A,2022,1,0,13.0,1,1.0,,13.0,7,1,0,5.0,1.0,37.0,39.0,0.0,0.0,1.0,1.0,1.0,1.0,6,1.0,0.0,0.0,0.0,0.0,0.0,2.0,0.0,0.0,0.0,0.0,A_2022,0.0,2022.0,24.0,26.0,0,0,1,1,0,0,0,0,0,0,0,0,0,0,0,0,0,0,0,0,0,0,0,0,0,0,0,0,0,0,0,0,0,0,0,0,0,0,0,0,0,0,0,0,0,0
101176,A,2020,0,0,12.0,1,2.0,18.0,14.0,2,0,0,5.0,0.0,37.0,42.0,0.0,0.0,1.0,1.0,1.0,1.0,8,1.0,1.0,1.0,0.0,0.0,0.0,4.0,0.0,0.0,0.0,0.0,A_2020,2.0,2022.0,23.0,28.0,0,0,0,0,0,0,0,0,0,0,0,0,0,0,0,0,0,0,0,0,0,0,0,0,0,0,0,0,0,0,0,0,0,0,0,0,0,0,0,0,0,0,0,0,0,0
101177,A,2020,0,0,15.0,1,,,17.0,3,0,0,2.0,5.0,46.0,47.0,0.0,0.0,1.0,1.0,0.0,0.0,7,1.0,1.0,0.0,0.0,0.0,0.0,2.0,1.0,1.0,0.0,0.0,A_2020,2.0,2022.0,29.0,30.0,0,0,0,0,0,0,0,0,0,0,0,0,0,0,0,0,0,0,0,0,0,0,0,0,0,0,0,0,0,0,0,0,0,0,0,0,0,0,0,0,0,0,0,0,0,0
101178,A,2020,0,0,12.0,1,2.0,,14.0,3,0,0,5.0,5.0,47.0,52.0,1.0,0.0,1.0,1.0,1.0,1.0,8,1.0,1.0,1.0,0.0,0.0,0.0,4.0,0.0,0.0,0.0,0.0,A_2020,2.0,2022.0,33.0,38.0,0,0,0,0,0,0,0,0,0,0,0,0,0,0,0,0,0,0,0,0,0,0,0,0,0,0,0,0,0,0,0,0,0,0,0,0,0,0,0,0,0,0,0,0,0,0
101179,A,2020,0,1,12.0,1,2.0,19.0,14.0,3,0,0,7.0,7.0,34.0,38.0,0.0,0.0,1.0,1.0,1.0,1.0,8,1.0,1.0,1.0,0.0,0.0,0.0,4.0,0.0,0.0,0.0,0.0,A_2020,2.0,2022.0,20.0,24.0,0,0,0,0,0,0,0,0,0,0,0,0,0,0,0,0,0,0,0,0,0,0,0,0,0,0,0,0,0,0,0,0,0,0,0,0,0,0,0,0,0,0,0,0,0,0
101180,A,2020,1,1,13.0,1,1.0,11.0,16.0,3,0,0,,,56.0,61.0,0.0,1.0,1.0,1.0,1.0,1.0,8,1.0,1.0,1.0,0.0,0.0,0.0,4.0,0.0,0.0,1.0,20.0,A_2020,3.0,2023.0,40.0,45.0,0,0,0,0,0,0,0,0,0,0,0,0,0,0,0,0,0,0,0,0,0,0,0,0,0,0,0,0,0,0,0,0,0,0,0,0,0,0,0,0,0,0,0,0,0,0
101181,A,2020,0,1,10.0,1,2.0,6.0,13.0,3,0,0,10.0,7.0,36.0,40.0,0.0,1.0,1.0,1.0,1.0,1.0,8,1.0,1.0,1.0,0.0,0.0,0.0,4.0,0.0,0.0,0.0,0.0,A_2020,3.0,2023.0,23.0,27.0,0,0,0,0,0,0,0,0,0,0,0,0,0,0,0,0,0,0,0,0,0,0,0,0,0,0,0,0,0,0,0,0,0,0,0,0,0,0,0,0,0,0,0,0,0,0
101182,A,2020,1,1,11.0,1,3.0,,13.0,3,0,0,11.0,5.0,34.0,39.0,0.0,0.0,1.0,1.0,0.0,0.0,8,1.0,1.0,1.0,0.0,0.0,0.0,3.0,0.0,0.0,0.0,0.0,A_2020,2.0,2022.0,21.0,26.0,0,0,0,0,0,0,0,0,0,0,0,0,0,0,0,0,0,0,0,0,0,0,0,0,0,0,0,0,0,0,0,0,0,0,0,0,0,0,0,0,0,0,0,0,0,0
101183,B,2018,0,0,15.0,1,,,19.0,6,1,1,5.0,,37.0,,,0.0,0.0,0.0,0.0,1.0,9,1.0,1.0,1.0,0.0,0.0,0.0,6.0,0.0,0.0,0.0,0.0,B_2018,4.0,2022.0,18.0,,0,0,0,0,0,0,0,0,0,0,0,0,0,0,0,0,1,0,0,0,0,0,0,0,0,0,0,0,0,0,0,0,0,0,0,0,0,0,0,0,0,0,0,0,0,0
101184,A,2020,1,0,15.0,1,,5.0,17.0,3,0,0,8.0,8.0,38.0,38.0,,1.0,1.0,1.0,1.0,1.0,8,1.0,1.0,1.0,0.0,0.0,0.0,4.0,0.0,0.0,0.0,0.0,A_2020,2.0,2022.0,21.0,21.0,0,0,0,0,0,0,0,0,0,0,0,0,0,0,0,0,0,0,0,0,0,0,0,0,0,0,0,0,0,0,0,0,0,0,0,0,0,0,0,0,0,0,0,0,0,0
101185,A,2020,1,0,11.0,1,2.0,18.0,14.0,3,0,0,5.0,8.0,45.0,41.0,0.0,1.0,0.0,0.0,1.0,1.0,9,1.0,1.0,1.0,0.0,0.0,0.0,4.0,0.0,0.0,0.0,0.0,A_2020,3.0,2023.0,31.0,27.0,0,0,0,0,0,0,0,0,0,0,0,0,0,0,0,0,0,0,0,0,0,0,0,0,0,0,0,0,0,0,0,0,0,0,0,0,0,0,0,0,0,0,0,0,0,0
101186,A,2020,1,0,11.0,1,3.0,10.0,15.0,5,1,0,11.0,,35.0,,,0.0,1.0,1.0,1.0,1.0,10,1.0,1.0,1.0,0.0,0.0,0.0,4.0,0.0,0.0,0.0,0.0,A_2020,4.0,2024.0,20.0,,0,0,0,0,0,0,0,0,0,0,0,0,0,0,0,0,0,0,0,0,0,0,0,0,0,0,0,0,0,0,0,0,0,0,0,0,0,0,0,0,0,0,0,0,0,0
101187,A,2020,0,1,13.0,1,2.0,17.0,15.0,10,1,0,6.0,,33.0,,,0.0,1.0,0.0,0.0,1.0,7,1.0,1.0,0.0,1.0,1.0,1.0,4.0,0.0,0.0,0.0,0.0,A_2020,2.0,2022.0,18.0,,0,0,0,0,0,0,0,0,0,0,0,0,0,0,0,0,0,0,0,0,0,0,0,0,0,0,0,0,0,0,0,0,0,0,0,0,0,0,0,0,0,0,0,0,0,0
101188,A,2020,0,0,14.0,1,2.0,,16.0,3,0,0,,,38.0,35.0,0.0,0.0,1.0,1.0,0.0,0.0,6,1.0,0.0,0.0,0.0,0.0,0.0,2.0,0.0,0.0,1.0,40.0,A_2020,2.0,2022.0,22.0,19.0,0,0,0,0,0,0,0,0,0,0,0,0,0,0,0,0,0,0,0,0,0,0,0,0,0,0,0,0,0,0,0,0,0,0,0,0,0,0,0,0,0,0,0,0,0,0
101189,A,2022,0,1,12.0,1,2.0,,13.0,7,1,0,6.0,3.0,38.0,40.0,0.0,0.0,1.0,0.0,0.0,1.0,6,1.0,0.0,0.0,0.0,0.0,0.0,2.0,0.0,0.0,0.0,0.0,A_2022,1.0,2023.0,25.0,27.0,0,0,0,1,0,0,0,0,0,0,0,0,0,0,0,0,0,0,0,0,0,0,0,0,0,0,0,0,0,0,0,0,0,0,0,0,0,0,0,0,0,0,0,0,0,0
101190,A,2020,0,1,11.0,1,1.0,,13.0,3,0,0,9.0,6.0,36.0,36.0,0.0,1.0,1.0,0.0,0.0,1.0,7,1.0,1.0,0.0,1.0,1.0,1.0,4.0,0.0,0.0,0.0,0.0,A_2020,2.0,2022.0,23.0,23.0,0,0,0,0,0,0,0,0,0,0,0,0,0,0,0,0,0,0,0,0,0,0,0,0,0,0,0,0,0,0,0,0,0,0,0,0,0,0,0,0,0,0,0,0,0,0
101191,B,2018,0,0,15.0,1,2.0,,19.0,6,1,1,,5.0,,43.0,0.0,0.0,0.0,0.0,0.0,1.0,9,1.0,1.0,1.0,0.0,0.0,0.0,6.0,0.0,0.0,0.0,0.0,B_2018,4.0,2022.0,,24.0,0,0,0,0,0,0,0,0,0,0,0,0,0,0,0,0,1,0,0,0,0,0,0,0,0,0,0,0,0,0,0,0,0,0,0,0,0,0,0,0,0,0,0,0,0,0
101192,A,2020,0,1,16.0,1,2.0,17.0,19.0,8,1,0,5.0,,34.0,,,0.0,1.0,1.0,0.0,1.0,8,1.0,1.0,1.0,0.0,0.0,0.0,3.0,0.0,0.0,1.0,20.0,A_2020,3.0,2023.0,15.0,,0,0,0,0,0,0,0,0,0,0,0,0,0,0,0,0,0,0,0,0,0,0,0,0,0,0,0,0,0,0,0,0,0,0,0,0,0,0,0,0,0,0,0,0,0,0
101193,A,2020,0,0,12.0,1,2.0,,14.0,8,1,0,5.0,8.0,38.0,39.0,0.0,0.0,1.0,1.0,1.0,1.0,7,1.0,1.0,0.0,1.0,1.0,1.0,4.0,0.0,0.0,0.0,0.0,A_2020,2.0,2022.0,24.0,25.0,0,0,0,0,0,0,0,0,0,0,0,0,0,0,0,0,0,0,0,0,0,0,0,0,0,0,0,0,0,0,0,0,0,0,0,0,0,0,0,0,0,0,0,0,0,0
101194,B,2018,1,1,15.0,1,,,18.0,6,1,1,3.0,,37.0,,,0.0,1.0,1.0,0.0,0.0,8,1.0,1.0,1.0,0.0,0.0,0.0,3.0,0.0,0.0,1.0,30.0,B_2018,3.0,2021.0,19.0,,0,0,0,0,0,0,0,0,0,0,0,0,0,0,0,0,0,0,0,0,0,0,0,0,0,0,0,0,0,0,0,0,0,0,0,0,0,0,0,0,0,0,0,0,0,0
101195,A,2020,0,0,11.0,1,,11.0,13.0,1,0,0,1.0,3.0,40.0,39.0,0.0,0.0,1.0,1.0,1.0,1.0,8,1.0,1.0,1.0,0.0,0.0,0.0,4.0,0.0,0.0,0.0,0.0,A_2020,2.0,2022.0,27.0,26.0,0,0,0,0,0,0,0,0,0,0,0,0,0,0,0,0,0,0,0,0,0,0,0,0,0,0,0,0,0,0,0,0,0,0,0,0,0,0,0,0,0,0,0,0,0,0
101196,A,2022,0,1,14.0,1,,,14.0,7,1,0,,,33.0,39.0,0.0,0.0,1.0,1.0,1.0,1.0,6,1.0,0.0,0.0,0.0,0.0,0.0,2.0,0.0,0.0,0.0,0.0,A_2022,0.0,2022.0,19.0,25.0,0,0,1,1,0,0,0,0,0,0,0,0,0,0,0,0,0,0,0,0,0,0,0,0,0,0,0,0,0,0,0,0,0,0,0,0,0,0,0,0,0,0,0,0,0,0
101197,A,2020,0,0,11.0,1,2.0,19.0,14.0,6,0,0,9.0,2.0,43.0,43.0,0.0,0.0,1.0,0.0,0.0,1.0,8,1.0,1.0,1.0,0.0,0.0,0.0,4.0,0.0,0.0,0.0,0.0,A_2020,3.0,2023.0,29.0,29.0,0,0,0,0,0,0,0,0,0,0,0,0,0,0,0,0,0,0,0,0,0,0,0,0,0,0,0,0,0,0,0,0,0,0,0,0,0,0,0,0,0,0,0,0,0,0
101198,A,2022,0,1,11.0,1,3.0,,11.0,7,1,0,11.0,,32.0,34.0,0.0,0.0,1.0,1.0,1.0,1.0,6,1.0,0.0,0.0,0.0,0.0,0.0,2.0,0.0,0.0,0.0,0.0,A_2022,0.0,2022.0,21.0,23.0,0,0,1,1,0,0,0,0,0,0,0,0,0,0,0,0,0,0,0,0,0,0,0,0,0,0,0,0,0,0,0,0,0,0,0,0,0,0,0,0,0,0,0,0,0,0
101199,A,2020,1,0,13.0,1,2.0,19.0,15.0,4,0,0,,,46.0,49.0,,1.0,1.0,1.0,1.0,1.0,8,1.0,1.0,1.0,0.0,0.0,0.0,4.0,0.0,0.0,0.0,0.0,A_2020,2.0,2022.0,31.0,34.0,0,0,0,0,0,0,0,0,0,0,0,0,0,0,0,0,0,0,0,0,0,0,0,0,0,0,0,0,0,0,0,0,0,0,0,0,0,0,0,0,0,0,0,0,0,0
101200,A,2020,1,1,13.0,1,2.0,,15.0,3,0,0,8.0,9.0,35.0,45.0,0.0,0.0,1.0,1.0,0.0,0.0,7,1.0,1.0,0.0,1.0,1.0,1.0,3.0,0.0,0.0,0.0,0.0,A_2020,2.0,2022.0,20.0,30.0,0,0,0,0,0,0,0,0,0,0,0,0,0,0,0,0,0,0,0,0,0,0,0,0,0,0,0,0,0,0,0,0,0,0,0,0,0,0,0,0,0,0,0,0,0,0
101201,A,2020,0,1,12.0,1,,11.0,14.0,1,0,1,11.0,11.0,34.0,42.0,0.0,0.0,1.0,0.0,0.0,1.0,7,1.0,1.0,0.0,0.0,1.0,1.0,4.0,0.0,0.0,0.0,0.0,A_2020,2.0,2022.0,20.0,28.0,0,0,0,0,0,0,0,0,0,0,0,0,0,0,0,0,0,0,0,0,0,0,0,0,0,0,0,0,0,0,0,0,0,0,0,0,0,0,0,0,0,0,0,0,0,0
101202,A,2020,0,1,16.0,1,2.0,19.0,18.0,2,0,1,1.0,,48.0,46.0,,0.0,1.0,0.0,0.0,1.0,7,1.0,1.0,0.0,0.0,0.0,0.0,4.0,0.0,0.0,1.0,24.0,A_2020,2.0,2022.0,30.0,28.0,0,0,0,0,0,0,0,0,0,0,0,0,0,0,0,0,0,0,0,0,0,0,0,0,0,0,0,0,0,0,0,0,0,0,0,0,0,0,0,0,0,0,0,0,0,0
101203,A,2020,0,1,12.0,1,2.0,19.0,15.0,7,1,0,,6.0,,45.0,0.0,0.0,1.0,1.0,1.0,1.0,6,1.0,0.0,0.0,2.0,1.0,2.0,4.0,0.0,0.0,1.0,40.0,A_2020,3.0,2023.0,,30.0,0,0,0,0,0,0,0,0,0,0,0,0,0,0,0,0,0,0,0,0,0,0,0,0,0,0,0,0,0,0,0,0,0,0,0,0,0,0,0,0,0,0,0,0,0,0
101204,A,2020,1,0,13.0,1,1.0,19.0,15.0,3,0,0,5.0,5.0,35.0,43.0,0.0,0.0,1.0,0.0,0.0,1.0,8,1.0,1.0,1.0,0.0,0.0,0.0,4.0,0.0,0.0,0.0,0.0,A_2020,2.0,2022.0,20.0,28.0,0,0,0,0,0,0,0,0,0,0,0,0,0,0,0,0,0,0,0,0,0,0,0,0,0,0,0,0,0,0,0,0,0,0,0,0,0,0,0,0,0,0,0,0,0,0
101205,A,2020,1,0,11.0,1,2.0,,13.0,3,0,0,11.0,5.0,36.0,37.0,0.0,1.0,1.0,1.0,1.0,1.0,8,1.0,1.0,1.0,0.0,0.0,0.0,4.0,0.0,0.0,0.0,0.0,A_2020,2.0,2022.0,23.0,24.0,0,0,0,0,0,0,0,0,0,0,0,0,0,0,0,0,0,0,0,0,0,0,0,0,0,0,0,0,0,0,0,0,0,0,0,0,0,0,0,0,0,0,0,0,0,0
101206,A,2020,0,1,14.0,1,2.0,5.0,17.0,3,0,0,5.0,5.0,35.0,55.0,0.0,0.0,1.0,1.0,1.0,1.0,8,1.0,1.0,1.0,0.0,0.0,0.0,4.0,0.0,0.0,0.0,0.0,A_2020,3.0,2023.0,18.0,38.0,0,0,0,0,0,0,0,0,0,0,0,0,0,0,0,0,0,0,0,0,0,0,0,0,0,0,0,0,0,0,0,0,0,0,0,0,0,0,0,0,0,0,0,0,0,0
101207,A,2020,1,0,13.0,1,3.0,18.0,15.0,3,0,0,1.0,,38.0,40.0,,0.0,0.0,0.0,0.0,0.0,6,1.0,0.0,0.0,0.0,0.0,0.0,1.0,0.0,1.0,1.0,8.0,A_2020,2.0,2022.0,23.0,25.0,0,0,0,0,0,0,0,0,0,0,0,0,0,0,0,0,0,0,0,0,0,0,0,0,0,0,0,0,0,0,0,0,0,0,0,0,0,0,0,0,0,0,0,0,0,0
101208,A,2020,0,0,14.0,1,1.0,11.0,17.0,4,0,0,2.0,6.0,40.0,42.0,0.0,0.0,1.0,0.0,0.0,1.0,7,1.0,1.0,0.0,1.0,1.0,1.0,4.0,0.0,0.0,0.0,0.0,A_2020,3.0,2023.0,23.0,25.0,0,0,0,0,0,0,0,0,0,0,0,0,0,0,0,0,0,0,0,0,0,0,0,0,0,0,0,0,0,0,0,0,0,0,0,0,0,0,0,0,0,0,0,0,0,0
101209,A,2020,0,1,11.0,1,2.0,,14.0,3,0,0,5.0,5.0,52.0,56.0,0.0,0.0,1.0,0.0,0.0,1.0,8,1.0,1.0,1.0,0.0,0.0,0.0,4.0,0.0,0.0,0.0,0.0,A_2020,3.0,2023.0,38.0,42.0,0,0,0,0,0,0,0,0,0,0,0,0,0,0,0,0,0,0,0,0,0,0,0,0,0,0,0,0,0,0,0,0,0,0,0,0,0,0,0,0,0,0,0,0,0,0
101210,A,2020,0,0,12.0,1,,6.0,14.0,3,0,0,4.0,3.0,36.0,37.0,0.0,0.0,0.0,0.0,0.0,1.0,8,1.0,1.0,1.0,0.0,0.0,0.0,4.0,0.0,0.0,0.0,0.0,A_2020,2.0,2022.0,22.0,23.0,0,0,0,0,0,0,0,0,0,0,0,0,0,0,0,0,0,0,0,0,0,0,0,0,0,0,0,0,0,0,0,0,0,0,0,0,0,0,0,0,0,0,0,0,0,0
101211,B,2018,0,0,14.0,0,2.0,,19.0,7,1,1,,,,,,0.0,0.0,0.0,0.0,1.0,9,1.0,1.0,1.0,0.0,0.0,0.0,5.0,0.0,0.0,0.0,0.0,B_2018,5.0,2023.0,,,0,0,0,1,0,0,0,0,0,0,0,0,0,0,0,0,1,0,0,0,0,0,0,0,0,0,0,0,0,0,0,0,0,0,0,0,0,0,0,0,0,0,0,0,0,0
101212,A,2020,1,0,14.0,1,1.0,19.0,17.0,6,0,0,1.0,,45.0,,,0.0,1.0,1.0,0.0,0.0,8,1.0,1.0,1.0,0.0,0.0,0.0,3.0,0.0,0.0,0.0,0.0,A_2020,3.0,2023.0,28.0,,0,0,0,0,0,0,0,0,0,0,0,0,0,0,0,0,0,0,0,0,0,0,0,0,0,0,0,0,0,0,0,0,0,0,0,0,0,0,0,0,0,0,0,0,0,0
101213,A,2020,1,0,,1,4.0,,18.0,3,0,0,5.0,,40.0,,,1.0,1.0,1.0,1.0,1.0,8,1.0,1.0,1.0,0.0,0.0,0.0,4.0,0.0,0.0,0.0,0.0,A_2020,,,22.0,,1,0,0,0,0,0,0,0,0,0,0,0,0,0,0,0,0,0,0,0,0,0,0,0,0,0,0,0,0,0,0,0,0,0,0,0,0,0,0,0,0,0,0,0,0,0
101214,B,2018,1,1,14.0,1,2.0,,19.0,7,1,0,5.0,,48.0,,,0.0,1.0,0.0,0.0,0.0,5,0.0,0.0,0.0,0.0,0.0,0.0,1.0,0.0,0.0,1.0,40.0,B_2018,5.0,2023.0,29.0,,0,0,0,1,0,0,0,0,0,0,0,0,0,0,0,0,0,0,0,0,0,0,0,0,0,0,0,0,0,0,0,0,0,0,0,0,0,0,0,0,0,0,0,0,0,0
101215,A,2020,1,0,13.0,1,2.0,19.0,15.0,3,0,0,7.0,7.0,52.0,47.0,0.0,1.0,1.0,1.0,1.0,1.0,8,1.0,1.0,1.0,0.0,0.0,0.0,4.0,0.0,0.0,0.0,0.0,A_2020,2.0,2022.0,37.0,32.0,0,0,0,0,0,0,0,0,0,0,0,0,0,0,0,0,0,0,0,0,0,0,0,0,0,0,0,0,0,0,0,0,0,0,0,0,0,0,0,0,0,0,0,0,0,0
101216,A,2020,1,0,11.0,1,3.0,4.0,13.0,4,0,0,,,42.0,51.0,0.0,1.0,1.0,1.0,1.0,1.0,8,1.0,1.0,1.0,0.0,0.0,0.0,4.0,0.0,0.0,0.0,0.0,A_2020,2.0,2022.0,29.0,38.0,0,0,0,0,0,0,0,0,0,0,0,0,0,0,0,0,0,0,0,0,0,0,0,0,0,0,0,0,0,0,0,0,0,0,0,0,0,0,0,0,0,0,0,0,0,0
101217,A,2020,0,0,12.0,1,3.0,8.0,14.0,7,1,0,11.0,11.0,37.0,43.0,1.0,0.0,1.0,1.0,1.0,1.0,8,1.0,1.0,1.0,0.0,0.0,0.0,4.0,0.0,0.0,0.0,0.0,A_2020,2.0,2022.0,23.0,29.0,0,0,0,0,0,0,0,0,0,0,0,0,0,0,0,0,0,0,0,0,0,0,0,0,0,0,0,0,0,0,0,0,0,0,0,0,0,0,0,0,0,0,0,0,0,0
101218,A,2020,0,0,13.0,1,2.0,6.0,15.0,3,0,0,,,37.0,44.0,0.0,0.0,1.0,0.0,0.0,1.0,6,1.0,0.0,0.0,1.0,1.0,1.0,3.0,0.0,0.0,0.0,0.0,A_2020,2.0,2022.0,22.0,29.0,0,0,0,0,0,0,0,0,0,0,0,0,0,0,0,0,0,0,0,0,0,0,0,0,0,0,0,0,0,0,0,0,0,0,0,0,0,0,0,0,0,0,0,0,0,0
101219,A,2020,1,0,12.0,1,,18.0,14.0,4,0,0,9.0,3.0,46.0,48.0,0.0,0.0,1.0,1.0,1.0,1.0,7,1.0,1.0,0.0,0.0,0.0,0.0,3.0,0.0,0.0,1.0,0.0,A_2020,2.0,2022.0,32.0,34.0,0,0,0,0,0,0,0,0,0,0,0,0,0,0,0,1,0,0,0,0,0,0,0,0,0,0,0,0,0,0,0,0,0,0,0,0,0,0,0,0,0,0,0,0,0,0
101220,A,2020,1,1,13.0,1,1.0,19.0,16.0,3,0,0,4.0,,37.0,,,0.0,1.0,0.0,1.0,1.0,6,1.0,0.0,0.0,1.0,1.0,1.0,3.0,0.0,0.0,1.0,40.0,A_2020,3.0,2023.0,21.0,,0,0,0,0,0,0,0,0,0,0,0,0,0,0,0,0,0,0,0,0,0,0,0,0,0,0,0,0,0,0,0,0,0,0,0,0,0,0,0,0,0,0,0,0,0,0
101221,A,2020,0,0,12.0,1,3.0,12.0,15.0,1,1,0,6.0,11.0,45.0,50.0,0.0,0.0,1.0,1.0,0.0,1.0,9,1.0,1.0,1.0,0.0,0.0,0.0,4.0,0.0,0.0,0.0,0.0,A_2020,3.0,2023.0,30.0,35.0,0,0,0,0,0,0,0,0,0,0,0,0,0,0,0,0,0,0,0,0,0,0,0,0,0,0,0,0,0,0,0,0,0,0,0,0,0,0,0,0,0,0,0,0,0,0
101222,A,2020,1,0,12.0,1,2.0,15.0,14.0,3,0,0,9.0,9.0,33.0,37.0,1.0,1.0,1.0,1.0,1.0,1.0,8,1.0,1.0,1.0,0.0,0.0,0.0,4.0,0.0,0.0,0.0,0.0,A_2020,2.0,2022.0,19.0,23.0,0,0,0,0,0,0,0,0,0,0,0,0,0,0,0,0,0,0,0,0,0,0,0,0,0,0,0,0,0,0,0,0,0,0,0,0,0,0,0,0,0,0,0,0,0,0
101223,A,2022,0,1,13.0,1,1.0,,13.0,7,1,0,,4.0,,38.0,,0.0,1.0,1.0,1.0,1.0,6,1.0,0.0,0.0,0.0,0.0,0.0,2.0,0.0,0.0,0.0,0.0,A_2022,0.0,2022.0,,25.0,0,0,1,1,0,0,0,0,0,0,0,0,0,0,0,0,0,0,0,0,0,0,0,0,0,0,0,0,0,0,0,0,0,0,0,0,0,0,0,0,0,0,0,0,0,0
101224,A,2022,0,0,11.0,1,2.0,,11.0,7,1,0,7.0,9.0,31.0,34.0,0.0,0.0,0.0,0.0,0.0,1.0,6,1.0,0.0,0.0,0.0,0.0,0.0,2.0,0.0,0.0,0.0,0.0,A_2022,0.0,2022.0,20.0,23.0,0,0,1,1,0,0,0,0,0,0,0,0,0,0,0,0,0,0,0,0,0,0,0,0,0,0,0,0,0,0,0,0,0,0,0,0,0,0,0,0,0,0,0,0,0,0
101225,A,2022,0,0,11.0,1,,,12.0,7,1,0,7.0,5.0,40.0,38.0,0.0,0.0,1.0,1.0,1.0,1.0,6,1.0,0.0,0.0,0.0,0.0,0.0,2.0,0.0,0.0,0.0,0.0,A_2022,1.0,2023.0,28.0,26.0,0,0,0,1,0,0,0,0,0,0,0,0,0,0,0,0,0,0,0,0,0,0,0,0,0,0,0,0,0,0,0,0,0,0,0,0,0,0,0,0,0,0,0,0,0,0
101226,A,2020,1,1,13.0,1,2.0,7.0,16.0,8,1,0,6.0,1.0,37.0,45.0,,1.0,1.0,1.0,1.0,1.0,8,1.0,1.0,1.0,0.0,0.0,0.0,4.0,0.0,0.0,1.0,8.0,A_2020,3.0,2023.0,21.0,29.0,0,0,0,0,0,0,0,0,0,0,0,0,0,0,0,0,0,0,0,0,0,0,0,0,0,0,0,0,0,0,0,0,0,0,0,0,0,0,0,0,0,0,0,0,0,0
101227,A,2020,1,0,12.0,1,2.0,19.0,14.0,3,0,0,5.0,,38.0,,,0.0,0.0,0.0,0.0,1.0,8,1.0,1.0,1.0,0.0,0.0,0.0,4.0,0.0,0.0,0.0,0.0,A_2020,2.0,2022.0,24.0,,0,0,0,0,0,0,0,0,0,0,0,0,0,0,0,0,0,0,0,0,0,0,0,0,0,0,0,0,0,0,0,0,0,0,0,0,0,0,0,0,0,0,0,0,0,0
101228,A,2020,0,0,12.0,1,,19.0,15.0,4,1,0,7.0,7.0,37.0,37.0,0.0,0.0,1.0,1.0,1.0,1.0,9,1.0,1.0,1.0,0.0,0.0,0.0,4.0,0.0,0.0,0.0,0.0,A_2020,3.0,2023.0,22.0,22.0,0,0,0,0,0,0,0,0,0,0,0,0,0,0,0,0,0,0,0,0,0,0,0,0,0,0,0,0,0,0,0,0,0,0,0,0,0,0,0,0,0,0,0,0,0,0
101229,A,2020,1,1,13.0,1,2.0,19.0,15.0,8,1,0,10.0,9.0,33.0,48.0,0.0,1.0,1.0,1.0,1.0,1.0,8,1.0,1.0,1.0,0.0,0.0,0.0,4.0,0.0,0.0,0.0,0.0,A_2020,2.0,2022.0,18.0,33.0,0,0,0,0,0,0,0,0,0,0,0,0,0,0,0,0,0,0,0,0,0,0,0,0,0,0,0,0,0,0,0,0,0,0,0,0,0,0,0,0,0,0,0,0,0,0
101230,A,2020,1,0,14.0,1,1.0,10.0,17.0,4,1,0,5.0,4.0,38.0,43.0,0.0,0.0,1.0,1.0,1.0,1.0,9,1.0,1.0,1.0,0.0,0.0,0.0,4.0,0.0,0.0,0.0,0.0,A_2020,3.0,2023.0,21.0,26.0,0,0,0,0,0,0,0,0,0,0,0,0,0,0,0,0,0,0,0,0,0,0,0,0,0,0,0,0,0,0,0,0,0,0,0,0,0,0,0,0,0,0,0,0,0,0
101231,A,2020,0,0,11.0,1,2.0,6.0,14.0,8,1,0,5.0,6.0,36.0,36.0,0.0,0.0,1.0,1.0,0.0,1.0,8,1.0,1.0,1.0,0.0,0.0,0.0,4.0,0.0,0.0,0.0,0.0,A_2020,3.0,2023.0,22.0,22.0,0,0,0,0,0,0,0,0,0,0,0,0,0,0,0,0,0,0,0,0,0,0,0,0,0,0,0,0,0,0,0,0,0,0,0,0,0,0,0,0,0,0,0,0,0,0
101232,A,2020,0,0,11.0,1,2.0,19.0,14.0,3,0,0,5.0,9.0,40.0,43.0,0.0,0.0,1.0,1.0,1.0,1.0,8,1.0,1.0,1.0,0.0,0.0,0.0,4.0,0.0,0.0,0.0,0.0,A_2020,3.0,2023.0,26.0,29.0,0,0,0,0,0,0,0,0,0,0,0,0,0,0,0,0,0,0,0,0,0,0,0,0,0,0,0,0,0,0,0,0,0,0,0,0,0,0,0,0,0,0,0,0,0,0
101233,A,2020,1,0,11.0,1,2.0,,14.0,3,0,0,9.0,5.0,32.0,39.0,0.0,1.0,1.0,1.0,1.0,1.0,8,1.0,1.0,1.0,0.0,0.0,0.0,4.0,0.0,0.0,0.0,0.0,A_2020,3.0,2023.0,18.0,25.0,0,0,0,0,0,0,0,0,0,0,0,0,0,0,0,0,0,0,0,0,0,0,0,0,0,0,0,0,0,0,0,0,0,0,0,0,0,0,0,0,0,0,0,0,0,0
101234,A,2020,1,0,14.0,1,2.0,4.0,16.0,4,0,0,1.0,1.0,50.0,50.0,0.0,0.0,1.0,1.0,0.0,0.0,8,1.0,1.0,1.0,1.0,1.0,1.0,4.0,0.0,0.0,0.0,0.0,A_2020,2.0,2022.0,34.0,34.0,0,0,0,0,0,0,0,0,0,0,0,0,0,0,0,0,0,0,0,0,0,0,0,0,0,0,0,0,0,0,0,0,0,0,0,0,0,0,0,0,0,0,0,0,0,0
101235,A,2022,0,0,13.0,1,2.0,,13.0,8,1,0,6.0,9.0,38.0,37.0,0.0,1.0,1.0,0.0,0.0,1.0,6,1.0,0.0,0.0,0.0,0.0,0.0,2.0,0.0,0.0,0.0,0.0,A_2022,0.0,2022.0,25.0,24.0,0,0,1,1,0,0,0,0,0,0,0,0,0,0,0,0,0,0,0,0,0,0,0,0,0,0,0,0,0,0,0,0,0,0,0,0,0,0,0,0,0,0,0,0,0,0
101236,A,2020,1,1,11.0,1,2.0,19.0,12.0,3,0,0,4.0,5.0,32.0,35.0,0.0,1.0,1.0,1.0,1.0,1.0,8,1.0,1.0,1.0,0.0,0.0,0.0,4.0,0.0,0.0,0.0,0.0,A_2020,1.0,2021.0,20.0,23.0,0,0,0,1,0,0,0,0,0,0,0,0,0,0,0,0,0,0,0,0,0,0,0,0,0,0,0,0,0,0,0,0,0,0,0,0,0,0,0,0,0,0,0,0,0,0
101237,A,2020,0,1,,1,,,,3,0,0,,,,,,,,,,,5,,,,,,,,,,,,A_2020,,,,,1,0,0,0,0,0,0,0,0,0,0,0,0,0,0,0,0,0,0,0,0,0,0,0,0,0,0,0,0,0,0,0,0,0,0,0,0,0,0,0,0,0,0,0,0,0
101238,A,2020,0,0,12.0,1,1.0,17.0,14.0,3,0,0,4.0,,33.0,34.0,,0.0,1.0,1.0,1.0,1.0,8,1.0,1.0,1.0,0.0,0.0,0.0,4.0,0.0,0.0,0.0,0.0,A_2020,2.0,2022.0,19.0,20.0,0,0,0,0,0,0,0,0,0,0,0,0,0,0,0,0,0,0,0,0,0,0,0,0,0,0,0,0,0,0,0,0,0,0,0,0,0,0,0,0,0,0,0,0,0,0
101239,A,2020,0,1,15.0,1,2.0,19.0,16.0,3,0,0,11.0,9.0,45.0,39.0,0.0,0.0,1.0,0.0,0.0,1.0,7,1.0,1.0,0.0,0.0,0.0,0.0,3.0,0.0,0.0,1.0,8.0,A_2020,1.0,2021.0,29.0,23.0,0,0,0,1,0,0,0,0,0,0,0,0,0,0,0,0,0,0,0,0,0,0,0,0,0,0,0,0,0,0,0,0,0,0,0,0,0,0,0,0,0,0,0,0,0,0
101240,A,2020,0,1,13.0,1,2.0,19.0,16.0,5,0,0,3.0,,46.0,,,0.0,1.0,1.0,,1.0,7,1.0,1.0,0.0,0.0,0.0,0.0,3.0,0.0,0.0,1.0,24.0,A_2020,3.0,2023.0,30.0,,0,0,0,0,0,0,0,0,0,0,0,0,0,0,0,0,0,0,0,0,0,0,0,0,0,0,0,0,0,0,0,0,0,0,0,0,0,0,0,0,0,0,0,0,0,0
101241,A,2020,0,0,12.0,1,2.0,19.0,14.0,3,0,0,3.0,3.0,42.0,50.0,0.0,0.0,1.0,1.0,0.0,1.0,8,1.0,1.0,1.0,0.0,0.0,0.0,4.0,0.0,0.0,0.0,0.0,A_2020,2.0,2022.0,28.0,36.0,0,0,0,0,0,0,0,0,0,0,0,0,0,0,0,0,0,0,0,0,0,0,0,0,0,0,0,0,0,0,0,0,0,0,0,0,0,0,0,0,0,0,0,0,0,0
101242,A,2020,0,0,13.0,1,2.0,5.0,16.0,4,0,0,5.0,,50.0,,,0.0,1.0,1.0,0.0,0.0,8,1.0,1.0,1.0,0.0,0.0,0.0,3.0,0.0,0.0,0.0,0.0,A_2020,3.0,2023.0,34.0,,0,0,0,0,0,0,0,0,0,0,0,0,0,0,0,0,0,0,0,0,0,0,0,0,0,0,0,0,0,0,0,0,0,0,0,0,0,0,0,0,0,0,0,0,0,0
101243,A,2020,1,1,12.0,1,1.0,,16.0,4,0,0,5.0,5.0,35.0,37.0,0.0,0.0,1.0,1.0,1.0,1.0,6,1.0,0.0,0.0,0.0,1.0,1.0,4.0,0.0,0.0,0.0,0.0,A_2020,4.0,2024.0,19.0,21.0,0,0,0,0,0,0,0,0,0,0,0,0,0,0,0,0,0,0,0,0,0,0,0,0,0,0,0,0,0,0,0,0,0,0,0,0,0,0,0,0,0,0,0,0,0,0
101244,A,2020,1,1,13.0,1,2.0,6.0,16.0,3,0,0,0.0,,50.0,,,1.0,1.0,1.0,1.0,1.0,7,1.0,1.0,0.0,0.0,0.0,0.0,3.0,0.0,0.0,0.0,0.0,A_2020,3.0,2023.0,34.0,,0,0,0,0,0,0,0,0,0,0,0,0,0,0,0,0,0,0,0,0,0,0,0,0,0,0,0,0,0,0,0,0,0,0,0,0,0,0,0,0,0,0,0,0,0,0
101245,A,2020,1,0,14.0,1,1.0,19.0,18.0,3,1,0,3.0,2.0,41.0,50.0,0.0,1.0,1.0,1.0,1.0,1.0,9,1.0,1.0,1.0,0.0,0.0,0.0,4.0,0.0,0.0,0.0,0.0,A_2020,4.0,2024.0,23.0,32.0,0,0,0,0,0,0,0,0,0,0,0,0,0,0,0,0,0,0,0,0,0,0,0,0,0,0,0,0,0,0,0,0,0,0,0,0,0,0,0,0,0,0,0,0,0,0
101246,A,2020,1,0,13.0,1,3.0,16.0,15.0,4,0,0,5.0,,56.0,,,0.0,0.0,0.0,0.0,1.0,8,1.0,1.0,1.0,0.0,0.0,0.0,4.0,0.0,0.0,0.0,0.0,A_2020,2.0,2022.0,41.0,,0,0,0,0,0,0,0,0,0,0,0,0,0,0,0,0,0,0,0,0,0,0,0,0,0,0,0,0,0,0,0,0,0,0,0,0,0,0,0,0,0,0,0,0,0,0
101247,A,2022,0,1,12.0,1,2.0,,13.0,7,1,0,7.0,11.0,33.0,46.0,0.0,1.0,1.0,1.0,1.0,1.0,6,1.0,0.0,0.0,0.0,0.0,0.0,2.0,0.0,0.0,0.0,0.0,A_2022,1.0,2023.0,20.0,33.0,0,0,0,1,0,0,0,0,0,0,0,0,0,0,0,0,0,0,0,0,0,0,0,0,0,0,0,0,0,0,0,0,0,0,0,0,0,0,0,0,0,0,0,0,0,0
101248,A,2020,1,1,12.0,1,2.0,,14.0,4,0,0,6.0,5.0,38.0,42.0,0.0,0.0,1.0,1.0,0.0,1.0,7,1.0,1.0,0.0,0.0,0.0,0.0,4.0,0.0,0.0,0.0,0.0,A_2020,2.0,2022.0,24.0,28.0,0,0,0,0,0,0,0,0,0,0,0,0,0,0,0,0,0,0,0,0,0,0,0,0,0,0,0,0,0,0,0,0,0,0,0,0,0,0,0,0,0,0,0,0,0,0
101249,A,2020,0,1,12.0,1,2.0,4.0,15.0,4,0,0,,,,,0.0,0.0,1.0,1.0,0.0,0.0,6,1.0,0.0,0.0,0.0,0.0,0.0,2.0,0.0,0.0,0.0,0.0,A_2020,3.0,2023.0,,,0,0,0,0,0,0,0,0,0,0,0,0,0,0,0,0,0,0,0,0,0,0,0,0,0,0,0,0,0,0,0,0,0,0,0,0,0,0,0,0,0,0,0,0,0,0
101250,A,2022,0,0,12.0,1,1.0,,13.0,4,1,0,7.0,,33.0,32.0,,0.0,1.0,1.0,1.0,1.0,6,1.0,0.0,0.0,1.0,1.0,1.0,2.0,0.0,0.0,0.0,0.0,A_2022,1.0,2023.0,20.0,19.0,0,0,0,1,0,0,0,0,0,0,0,0,0,0,0,0,0,0,0,0,0,0,0,0,0,0,0,0,0,0,0,0,0,0,0,0,0,0,0,0,0,0,0,0,0,0
101251,A,2020,1,0,12.0,1,2.0,5.0,14.0,3,0,0,5.0,1.0,33.0,43.0,0.0,0.0,0.0,0.0,0.0,1.0,8,1.0,1.0,1.0,0.0,0.0,0.0,4.0,0.0,0.0,0.0,0.0,A_2020,2.0,2022.0,19.0,29.0,0,0,0,0,0,0,0,0,0,0,0,0,0,0,0,0,0,0,0,0,0,0,0,0,0,0,0,0,0,0,0,0,0,0,0,0,0,0,0,0,0,0,0,0,0,0
101252,A,2022,0,0,15.0,1,2.0,,15.0,7,1,0,2.0,5.0,38.0,33.0,0.0,0.0,1.0,0.0,0.0,1.0,6,1.0,0.0,0.0,0.0,0.0,0.0,2.0,0.0,0.0,0.0,0.0,A_2022,0.0,2022.0,23.0,18.0,0,0,1,1,0,0,0,0,0,0,0,0,0,0,0,0,0,0,0,0,0,0,0,0,0,0,0,0,0,0,0,0,0,0,0,0,0,0,0,0,0,0,0,0,0,0
101253,B,2018,0,0,11.0,0,,,16.0,6,1,1,5.0,5.0,37.0,42.0,0.0,0.0,0.0,0.0,0.0,1.0,8,1.0,1.0,1.0,0.0,1.0,1.0,6.0,0.0,0.0,0.0,0.0,B_2018,5.0,2023.0,21.0,26.0,0,0,0,1,0,0,0,0,0,0,0,0,0,0,0,0,1,0,0,0,0,0,0,0,0,0,0,0,0,0,0,0,0,0,0,0,0,0,0,0,0,0,0,0,0,0
101254,B,2018,0,0,12.0,0,2.0,,16.0,6,1,1,1.0,7.0,47.0,47.0,0.0,0.0,1.0,1.0,1.0,1.0,9,1.0,1.0,1.0,0.0,0.0,0.0,6.0,0.0,0.0,0.0,0.0,B_2018,4.0,2022.0,31.0,31.0,0,0,0,0,0,0,0,0,0,0,0,0,0,0,0,0,1,0,0,0,0,0,0,0,0,0,0,0,0,0,0,0,0,0,0,0,0,0,0,0,0,0,0,0,0,0
101255,B,2018,0,0,12.0,0,1.0,,16.0,7,1,1,7.0,5.0,34.0,38.0,0.0,0.0,0.0,0.0,0.0,1.0,8,1.0,1.0,1.0,1.0,1.0,1.0,5.0,0.0,0.0,0.0,0.0,B_2018,4.0,2022.0,18.0,22.0,0,0,0,0,0,0,0,0,0,0,0,0,0,0,0,0,1,0,0,0,0,0,0,0,0,0,0,0,0,0,0,0,0,0,0,0,0,0,0,0,0,0,0,0,0,0
101256,A,2020,0,1,12.0,1,3.0,6.0,15.0,8,1,0,6.0,10.0,40.0,41.0,0.0,,1.0,1.0,1.0,1.0,8,,,,,,,,,,,,A_2020,3.0,2023.0,25.0,26.0,0,0,0,0,0,0,0,0,0,0,0,0,0,0,0,0,0,0,0,0,0,0,0,0,0,0,0,0,0,0,0,0,0,0,0,0,0,0,0,0,0,0,0,0,0,0
101257,A,2020,1,0,12.0,1,4.0,19.0,14.0,4,0,0,5.0,,52.0,53.0,,1.0,1.0,1.0,1.0,1.0,8,1.0,1.0,1.0,0.0,0.0,0.0,4.0,0.0,0.0,0.0,0.0,A_2020,2.0,2022.0,38.0,39.0,0,0,0,0,0,0,0,0,0,0,0,0,0,0,0,0,0,0,0,0,0,0,0,0,0,0,0,0,0,0,0,0,0,0,0,0,0,0,0,0,0,0,0,0,0,0
101258,A,2020,0,1,11.0,1,1.0,6.0,14.0,6,0,0,5.0,,40.0,,,0.0,1.0,0.0,0.0,1.0,7,1.0,1.0,0.0,0.0,1.0,1.0,4.0,0.0,0.0,0.0,0.0,A_2020,3.0,2023.0,26.0,,0,0,0,0,0,0,0,0,0,0,0,0,0,0,0,0,0,0,0,0,0,0,0,0,0,0,0,0,0,0,0,0,0,0,0,0,0,0,0,0,0,0,0,0,0,0
101259,A,2020,1,0,14.0,1,,,16.0,3,0,0,,,,,,0.0,1.0,1.0,0.0,0.0,7,1.0,1.0,0.0,2.0,1.0,2.0,4.0,0.0,0.0,1.0,40.0,A_2020,2.0,2022.0,,,0,0,0,0,0,0,0,0,0,0,0,0,0,0,0,0,0,0,0,0,0,0,0,0,0,0,0,0,0,0,0,0,0,0,0,0,0,0,0,0,0,0,0,0,0,0
101260,A,2022,1,1,13.0,1,2.0,,14.0,7,1,0,6.0,5.0,44.0,59.0,0.0,1.0,1.0,1.0,1.0,1.0,6,1.0,0.0,0.0,0.0,0.0,0.0,2.0,0.0,0.0,0.0,0.0,A_2022,1.0,2023.0,30.0,45.0,0,0,0,1,0,0,0,0,0,0,0,0,0,0,0,0,0,0,0,0,0,0,0,0,0,0,0,0,0,0,0,0,0,0,0,0,0,0,0,0,0,0,0,0,0,0
101261,B,2018,1,1,13.0,1,,,17.0,6,1,1,,,,,,1.0,0.0,0.0,0.0,1.0,9,1.0,1.0,1.0,0.0,0.0,0.0,6.0,0.0,0.0,1.0,0.0,B_2018,4.0,2022.0,,,0,0,0,0,0,0,0,0,0,0,0,0,0,0,0,1,1,0,0,0,0,0,0,0,0,0,0,0,0,0,0,0,0,0,0,0,0,0,0,0,0,0,0,0,0,0
101262,A,2020,0,1,13.0,1,,10.0,15.0,7,1,0,11.0,,35.0,,,0.0,1.0,1.0,1.0,1.0,8,1.0,1.0,1.0,0.0,0.0,0.0,4.0,0.0,0.0,0.0,0.0,A_2020,2.0,2022.0,20.0,,0,0,0,0,0,0,0,0,0,0,0,0,0,0,0,0,0,0,0,0,0,0,0,0,0,0,0,0,0,0,0,0,0,0,0,0,0,0,0,0,0,0,0,0,0,0
101263,A,2022,1,1,11.0,1,2.0,,12.0,7,1,0,7.0,5.0,38.0,36.0,0.0,1.0,1.0,1.0,1.0,1.0,6,1.0,0.0,0.0,0.0,0.0,0.0,2.0,0.0,0.0,0.0,0.0,A_2022,1.0,2023.0,26.0,24.0,0,0,0,1,0,0,0,0,0,0,0,0,0,0,0,0,0,0,0,0,0,0,0,0,0,0,0,0,0,0,0,0,0,0,0,0,0,0,0,0,0,0,0,0,0,0
101264,A,2022,1,1,12.0,1,2.0,,12.0,7,1,0,9.0,,30.0,37.0,0.0,1.0,1.0,1.0,1.0,1.0,6,1.0,0.0,0.0,0.0,0.0,0.0,2.0,0.0,0.0,0.0,0.0,A_2022,0.0,2022.0,18.0,25.0,0,0,1,1,0,0,0,0,0,0,0,0,0,0,0,0,0,0,0,0,0,0,0,0,0,0,0,0,0,0,0,0,0,0,0,0,0,0,0,0,0,0,0,0,0,0
101265,A,2020,0,0,14.0,1,,17.0,16.0,6,0,0,5.0,,33.0,,,0.0,0.0,0.0,0.0,0.0,6,1.0,0.0,0.0,1.0,1.0,1.0,2.0,0.0,0.0,0.0,0.0,A_2020,2.0,2022.0,17.0,,0,0,0,0,0,0,0,0,0,0,0,0,0,0,0,0,0,0,0,0,0,0,0,0,0,0,0,0,0,0,0,0,0,0,0,0,0,0,0,0,0,0,0,0,0,0
101266,A,2020,1,1,13.0,1,2.0,8.0,15.0,3,0,0,5.0,,40.0,,,1.0,1.0,1.0,1.0,1.0,8,1.0,1.0,1.0,0.0,0.0,0.0,4.0,0.0,0.0,0.0,0.0,A_2020,2.0,2022.0,25.0,,0,0,0,0,0,0,0,0,0,0,0,0,0,0,0,0,0,0,0,0,0,0,0,0,0,0,0,0,0,0,0,0,0,0,0,0,0,0,0,0,0,0,0,0,0,0
101267,A,2020,0,1,11.0,1,,5.0,14.0,4,0,0,5.0,7.0,32.0,34.0,,0.0,1.0,1.0,1.0,1.0,8,1.0,1.0,1.0,0.0,0.0,0.0,4.0,0.0,0.0,0.0,0.0,A_2020,3.0,2023.0,18.0,20.0,0,0,0,0,0,0,0,0,0,0,0,0,0,0,0,0,0,0,0,0,0,0,0,0,0,0,0,0,0,0,0,0,0,0,0,0,0,0,0,0,0,0,0,0,0,0
101268,A,2020,1,1,14.0,1,2.0,6.0,16.0,3,0,0,5.0,5.0,50.0,75.0,0.0,0.0,1.0,1.0,0.0,1.0,7,1.0,1.0,0.0,0.0,0.0,0.0,3.0,0.0,0.0,1.0,20.0,A_2020,2.0,2022.0,34.0,59.0,0,0,0,0,0,0,0,0,0,0,0,0,0,0,0,0,0,0,0,0,0,0,0,0,0,0,0,0,0,0,0,0,0,0,0,0,0,0,0,0,0,0,0,0,0,0
101269,A,2020,1,0,13.0,1,,19.0,,3,0,0,,,,,,,,,,,5,,,,,,,,,,,,A_2020,,,,,1,0,0,0,0,0,0,0,0,0,0,0,0,0,0,0,0,0,0,0,0,0,0,0,0,0,0,0,0,0,0,0,0,0,0,0,0,0,0,0,0,0,0,0,0,0
101270,B,2018,0,0,10.0,1,2.0,,15.0,7,1,1,,8.0,,37.0,1.0,0.0,1.0,1.0,0.0,1.0,9,1.0,1.0,1.0,0.0,0.0,0.0,6.0,0.0,0.0,0.0,0.0,B_2018,5.0,2023.0,,22.0,0,0,0,1,0,0,0,0,0,0,0,0,0,0,0,0,1,0,0,0,0,0,0,0,0,0,0,0,0,0,0,0,0,0,0,0,0,0,0,0,0,0,0,0,0,0
101271,A,2020,1,0,12.0,1,2.0,15.0,14.0,4,0,0,,,35.0,36.0,0.0,1.0,1.0,1.0,1.0,1.0,8,1.0,1.0,1.0,0.0,0.0,0.0,4.0,0.0,0.0,0.0,0.0,A_2020,2.0,2022.0,21.0,22.0,0,0,0,0,0,0,0,0,0,0,0,0,0,0,0,0,0,0,0,0,0,0,0,0,0,0,0,0,0,0,0,0,0,0,0,0,0,0,0,0,0,0,0,0,0,0
101272,A,2020,0,0,12.0,1,1.0,,14.0,3,0,0,2.0,11.0,43.0,38.0,0.0,0.0,1.0,0.0,0.0,1.0,8,1.0,1.0,1.0,0.0,0.0,0.0,4.0,0.0,0.0,0.0,0.0,A_2020,2.0,2022.0,29.0,24.0,0,0,0,0,0,0,0,0,0,0,0,0,0,0,0,0,0,0,0,0,0,0,0,0,0,0,0,0,0,0,0,0,0,0,0,0,0,0,0,0,0,0,0,0,0,0
101273,A,2020,1,1,14.0,1,2.0,19.0,17.0,3,0,0,4.0,4.0,54.0,56.0,0.0,1.0,1.0,1.0,1.0,1.0,8,1.0,1.0,1.0,0.0,0.0,0.0,4.0,0.0,0.0,1.0,0.0,A_2020,3.0,2023.0,37.0,39.0,0,0,0,0,0,0,0,0,0,0,0,0,0,0,0,1,0,0,0,0,0,0,0,0,0,0,0,0,0,0,0,0,0,0,0,0,0,0,0,0,0,0,0,0,0,0
101274,A,2020,1,0,11.0,1,2.0,,13.0,7,1,0,11.0,4.0,34.0,44.0,0.0,1.0,1.0,1.0,1.0,1.0,8,1.0,1.0,1.0,0.0,0.0,0.0,4.0,0.0,0.0,0.0,0.0,A_2020,2.0,2022.0,21.0,31.0,0,0,0,0,0,0,0,0,0,0,0,0,0,0,0,0,0,0,0,0,0,0,0,0,0,0,0,0,0,0,0,0,0,0,0,0,0,0,0,0,0,0,0,0,0,0
101275,A,2020,1,0,11.0,1,2.0,11.0,14.0,7,0,1,2.0,5.0,41.0,44.0,0.0,1.0,1.0,1.0,1.0,1.0,8,1.0,1.0,1.0,0.0,0.0,0.0,4.0,0.0,0.0,0.0,0.0,A_2020,3.0,2023.0,27.0,30.0,0,0,0,0,0,0,0,0,0,0,0,0,0,0,0,0,0,0,0,0,0,0,0,0,0,0,0,0,0,0,0,0,0,0,0,0,0,0,0,0,0,0,0,0,0,0
101276,A,2020,0,1,12.0,1,1.0,,15.0,4,0,0,4.0,5.0,51.0,56.0,0.0,0.0,1.0,1.0,1.0,1.0,8,1.0,1.0,1.0,0.0,0.0,0.0,4.0,0.0,0.0,1.0,25.0,A_2020,3.0,2023.0,36.0,41.0,0,0,0,0,0,0,0,0,0,0,0,0,0,0,0,0,0,0,0,0,0,0,0,0,0,0,0,0,0,0,0,0,0,0,0,0,0,0,0,0,0,0,0,0,0,0
101277,A,2020,0,0,12.0,1,2.0,19.0,14.0,3,0,0,5.0,5.0,32.0,36.0,0.0,1.0,1.0,1.0,1.0,1.0,8,1.0,1.0,1.0,0.0,0.0,0.0,4.0,0.0,0.0,1.0,0.0,A_2020,2.0,2022.0,18.0,22.0,0,0,0,0,0,0,0,0,0,0,0,0,0,0,0,1,0,0,0,0,0,0,0,0,0,0,0,0,0,0,0,0,0,0,0,0,0,0,0,0,0,0,0,0,0,0
101278,A,2020,0,0,12.0,1,3.0,8.0,15.0,7,1,0,2.0,0.0,48.0,40.0,,1.0,1.0,1.0,1.0,1.0,8,1.0,1.0,1.0,0.0,0.0,0.0,4.0,0.0,0.0,0.0,0.0,A_2020,3.0,2023.0,33.0,25.0,0,0,0,0,0,0,0,0,0,0,0,0,0,0,0,0,0,0,0,0,0,0,0,0,0,0,0,0,0,0,0,0,0,0,0,0,0,0,0,0,0,0,0,0,0,0
101279,A,2022,0,0,12.0,1,2.0,,13.0,4,1,0,6.0,3.0,42.0,50.0,0.0,0.0,1.0,1.0,0.0,1.0,6,1.0,0.0,0.0,0.0,1.0,1.0,2.0,0.0,0.0,0.0,0.0,A_2022,1.0,2023.0,29.0,37.0,0,0,0,1,0,0,0,0,0,0,0,0,0,0,0,0,0,0,0,0,0,0,0,0,0,0,0,0,0,0,0,0,0,0,0,0,0,0,0,0,0,0,0,0,0,0
101280,A,2022,0,1,16.0,1,3.0,,17.0,7,1,0,5.0,,33.0,,,0.0,1.0,1.0,1.0,1.0,6,1.0,0.0,0.0,0.0,0.0,0.0,2.0,0.0,0.0,0.0,0.0,A_2022,1.0,2023.0,16.0,,0,0,0,1,0,0,0,0,0,0,0,0,0,0,0,0,0,0,0,0,0,0,0,0,0,0,0,0,0,0,0,0,0,0,0,0,0,0,0,0,0,0,0,0,0,0
101281,B,2018,1,0,12.0,0,2.0,,17.0,6,1,1,4.0,5.0,39.0,51.0,0.0,1.0,1.0,1.0,1.0,1.0,9,1.0,1.0,1.0,0.0,0.0,0.0,6.0,0.0,0.0,0.0,0.0,B_2018,5.0,2023.0,22.0,34.0,0,0,0,1,0,0,0,0,0,0,0,0,0,0,0,0,1,0,0,0,0,0,0,0,0,0,0,0,0,0,0,0,0,0,0,0,0,0,0,0,0,0,0,0,0,0
101282,A,2022,0,1,11.0,1,2.0,,13.0,5,1,0,9.0,7.0,39.0,39.0,0.0,0.0,1.0,1.0,1.0,1.0,7,1.0,1.0,0.0,0.0,0.0,0.0,2.0,0.0,0.0,0.0,0.0,A_2022,2.0,2024.0,26.0,26.0,0,0,0,0,0,0,0,0,0,0,0,0,0,0,0,0,0,0,0,0,0,0,0,0,0,0,0,0,0,0,0,0,0,0,0,0,0,0,0,0,0,0,0,0,0,0
101283,A,2020,0,0,12.0,1,2.0,7.0,14.0,6,0,0,5.0,2.0,50.0,52.0,0.0,0.0,1.0,1.0,1.0,1.0,8,1.0,1.0,1.0,0.0,0.0,0.0,4.0,0.0,0.0,0.0,0.0,A_2020,2.0,2022.0,36.0,38.0,0,0,0,0,0,0,0,0,0,0,0,0,0,0,0,0,0,0,0,0,0,0,0,0,0,0,0,0,0,0,0,0,0,0,0,0,0,0,0,0,0,0,0,0,0,0
101284,A,2022,1,1,12.0,1,2.0,,12.0,7,1,0,7.0,5.0,41.0,45.0,0.0,1.0,1.0,1.0,1.0,1.0,6,1.0,0.0,0.0,0.0,0.0,0.0,2.0,0.0,0.0,0.0,0.0,A_2022,0.0,2022.0,29.0,33.0,0,0,1,1,0,0,0,0,0,0,0,0,0,0,0,0,0,0,0,0,0,0,0,0,0,0,0,0,0,0,0,0,0,0,0,0,0,0,0,0,0,0,0,0,0,0
101285,A,2020,0,1,12.0,1,5.0,,14.0,4,0,0,5.0,5.0,31.0,37.0,1.0,0.0,1.0,1.0,1.0,1.0,8,1.0,1.0,1.0,0.0,0.0,0.0,4.0,0.0,0.0,0.0,0.0,A_2020,2.0,2022.0,17.0,23.0,0,0,0,0,0,0,0,0,0,0,0,0,0,0,0,0,0,0,0,0,0,0,0,0,0,0,0,0,0,0,0,0,0,0,0,0,0,0,0,0,0,0,0,0,0,0
101286,B,2018,1,0,13.0,0,2.0,,18.0,7,1,1,11.0,5.0,39.0,42.0,0.0,1.0,1.0,1.0,1.0,1.0,9,1.0,1.0,1.0,0.0,0.0,0.0,6.0,0.0,0.0,0.0,0.0,B_2018,5.0,2023.0,21.0,24.0,0,0,0,1,0,0,0,0,0,0,0,0,0,0,0,0,1,0,0,0,0,0,0,0,0,0,0,0,0,0,0,0,0,0,0,0,0,0,0,0,0,0,0,0,0,0
101287,A,2020,0,0,14.0,1,2.0,,17.0,3,0,0,5.0,5.0,35.0,37.0,0.0,0.0,0.0,0.0,0.0,1.0,8,1.0,1.0,1.0,0.0,0.0,0.0,4.0,0.0,0.0,0.0,0.0,A_2020,3.0,2023.0,18.0,20.0,0,0,0,0,0,0,0,0,0,0,0,0,0,0,0,0,0,0,0,0,0,0,0,0,0,0,0,0,0,0,0,0,0,0,0,0,0,0,0,0,0,0,0,0,0,0
101288,A,2020,1,0,12.0,1,3.0,6.0,14.0,4,0,0,4.0,6.0,38.0,48.0,0.0,0.0,1.0,0.0,0.0,1.0,7,1.0,1.0,0.0,1.0,1.0,1.0,4.0,0.0,0.0,0.0,0.0,A_2020,2.0,2022.0,24.0,34.0,0,0,0,0,0,0,0,0,0,0,0,0,0,0,0,0,0,0,0,0,0,0,0,0,0,0,0,0,0,0,0,0,0,0,0,0,0,0,0,0,0,0,0,0,0,0
101289,A,2020,0,0,12.0,1,2.0,,15.0,3,0,0,5.0,6.0,36.0,37.0,0.0,0.0,1.0,1.0,0.0,1.0,8,1.0,1.0,1.0,0.0,0.0,0.0,4.0,0.0,0.0,0.0,0.0,A_2020,3.0,2023.0,21.0,22.0,0,0,0,0,0,0,0,0,0,0,0,0,0,0,0,0,0,0,0,0,0,0,0,0,0,0,0,0,0,0,0,0,0,0,0,0,0,0,0,0,0,0,0,0,0,0
101290,A,2020,1,0,13.0,1,3.0,5.0,16.0,7,1,0,5.0,3.0,51.0,51.0,0.0,1.0,1.0,1.0,1.0,1.0,8,1.0,1.0,1.0,0.0,0.0,0.0,4.0,0.0,0.0,0.0,0.0,A_2020,3.0,2023.0,35.0,35.0,0,0,0,0,0,0,0,0,0,0,0,0,0,0,0,0,0,0,0,0,0,0,0,0,0,0,0,0,0,0,0,0,0,0,0,0,0,0,0,0,0,0,0,0,0,0
101291,A,2020,1,1,12.0,1,3.0,8.0,15.0,8,1,0,4.0,11.0,45.0,50.0,0.0,0.0,1.0,0.0,0.0,0.0,6,1.0,0.0,0.0,1.0,1.0,1.0,2.0,0.0,0.0,1.0,40.0,A_2020,3.0,2023.0,30.0,35.0,0,0,0,0,0,0,0,0,0,0,0,0,0,0,0,0,0,0,0,0,0,0,0,0,0,0,0,0,0,0,0,0,0,0,0,0,0,0,0,0,0,0,0,0,0,0
101292,A,2022,1,0,11.0,1,,,12.0,7,1,0,3.0,1.0,32.0,43.0,0.0,1.0,1.0,1.0,1.0,1.0,6,1.0,0.0,0.0,0.0,0.0,0.0,2.0,0.0,0.0,0.0,0.0,A_2022,1.0,2023.0,20.0,31.0,0,0,0,1,0,0,0,0,0,0,0,0,0,0,0,0,0,0,0,0,0,0,0,0,0,0,0,0,0,0,0,0,0,0,0,0,0,0,0,0,0,0,0,0,0,0
101293,B,2018,1,1,10.0,0,,,15.0,6,1,0,7.0,,34.0,,,1.0,1.0,1.0,1.0,1.0,9,1.0,1.0,1.0,0.0,0.0,0.0,6.0,0.0,0.0,0.0,0.0,B_2018,5.0,2023.0,19.0,,0,0,0,1,0,0,0,0,0,0,0,0,0,0,0,0,1,0,0,0,0,0,0,0,0,0,0,0,0,0,0,0,0,0,0,0,0,0,0,0,0,0,0,0,0,0
101294,A,2020,1,0,12.0,1,2.0,18.0,14.0,3,0,0,7.0,,34.0,35.0,,1.0,1.0,1.0,1.0,1.0,8,1.0,1.0,1.0,0.0,0.0,0.0,4.0,0.0,0.0,0.0,0.0,A_2020,2.0,2022.0,20.0,21.0,0,0,0,0,0,0,0,0,0,0,0,0,0,0,0,0,0,0,0,0,0,0,0,0,0,0,0,0,0,0,0,0,0,0,0,0,0,0,0,0,0,0,0,0,0,0
101295,A,2022,0,0,14.0,1,1.0,,15.0,11,1,0,5.0,4.0,40.0,45.0,0.0,0.0,1.0,0.0,0.0,1.0,6,1.0,0.0,0.0,0.0,0.0,0.0,2.0,0.0,0.0,0.0,0.0,A_2022,1.0,2023.0,25.0,30.0,0,0,0,1,0,0,0,0,0,0,0,0,0,0,0,0,0,0,0,0,0,0,0,0,0,0,0,0,0,0,0,0,0,0,0,0,0,0,0,0,0,0,0,0,0,0
101296,A,2020,0,0,,1,1.0,19.0,14.0,1,1,0,2.0,,31.0,,,0.0,1.0,0.0,0.0,0.0,6,1.0,0.0,0.0,0.0,0.0,0.0,1.0,0.0,0.0,0.0,0.0,A_2020,,,17.0,,1,0,0,0,0,0,0,0,0,0,0,0,0,0,0,0,0,0,0,0,0,0,0,0,0,0,0,0,0,0,0,0,0,0,0,0,0,0,0,0,0,0,0,0,0,0
101297,A,2020,0,1,15.0,1,2.0,19.0,17.0,4,0,0,,,50.0,50.0,0.0,0.0,1.0,1.0,1.0,1.0,7,1.0,1.0,0.0,0.0,0.0,0.0,4.0,0.0,0.0,0.0,0.0,A_2020,2.0,2022.0,33.0,33.0,0,0,0,0,0,0,0,0,0,0,0,0,0,0,0,0,0,0,0,0,0,0,0,0,0,0,0,0,0,0,0,0,0,0,0,0,0,0,0,0,0,0,0,0,0,0
101298,A,2020,1,1,13.0,1,3.0,11.0,15.0,4,0,1,5.0,5.0,34.0,40.0,0.0,0.0,1.0,0.0,0.0,1.0,5,0.0,0.0,0.0,0.0,0.0,0.0,2.0,0.0,0.0,0.0,0.0,A_2020,2.0,2022.0,19.0,25.0,0,0,0,0,0,0,0,0,0,0,0,0,0,0,0,0,0,0,0,0,0,0,0,0,0,0,0,0,0,0,0,0,0,0,0,0,0,0,0,0,0,0,0,0,0,0
101299,A,2020,0,1,11.0,1,2.0,,13.0,3,0,0,,,47.0,48.0,,0.0,1.0,1.0,0.0,1.0,8,1.0,1.0,1.0,0.0,1.0,1.0,4.0,0.0,0.0,0.0,0.0,A_2020,2.0,2022.0,34.0,35.0,0,0,0,0,0,0,0,0,0,0,0,0,0,0,0,0,0,0,0,0,0,0,0,0,0,0,0,0,0,0,0,0,0,0,0,0,0,0,0,0,0,0,0,0,0,0
101300,A,2020,0,1,14.0,1,2.0,19.0,16.0,4,0,0,2.0,3.0,37.0,43.0,0.0,0.0,1.0,1.0,0.0,0.0,8,1.0,1.0,1.0,0.0,0.0,0.0,3.0,0.0,0.0,1.0,40.0,A_2020,2.0,2022.0,21.0,27.0,0,0,0,0,0,0,0,0,0,0,0,0,0,0,0,0,0,0,0,0,0,0,0,0,0,0,0,0,0,0,0,0,0,0,0,0,0,0,0,0,0,0,0,0,0,0
101301,A,2020,0,0,14.0,1,2.0,19.0,17.0,3,0,0,6.0,6.0,34.0,40.0,0.0,0.0,1.0,0.0,0.0,1.0,7,1.0,1.0,0.0,1.0,1.0,1.0,4.0,0.0,0.0,0.0,0.0,A_2020,3.0,2023.0,17.0,23.0,0,0,0,0,0,0,0,0,0,0,0,0,0,0,0,0,0,0,0,0,0,0,0,0,0,0,0,0,0,0,0,0,0,0,0,0,0,0,0,0,0,0,0,0,0,0
101302,A,2020,0,0,14.0,1,2.0,7.0,16.0,8,1,0,7.0,8.0,39.0,49.0,1.0,0.0,1.0,1.0,0.0,0.0,7,1.0,1.0,0.0,0.0,0.0,0.0,2.0,0.0,0.0,1.0,40.0,A_2020,2.0,2022.0,23.0,33.0,0,0,0,0,0,0,0,0,0,0,0,0,0,0,0,0,0,0,0,0,0,0,0,0,0,0,0,0,0,0,0,0,0,0,0,0,0,0,0,0,0,0,0,0,0,0
101303,A,2020,1,0,14.0,1,3.0,19.0,16.0,4,0,0,5.0,5.0,46.0,46.0,0.0,1.0,1.0,1.0,1.0,1.0,8,1.0,1.0,1.0,0.0,0.0,0.0,4.0,0.0,0.0,0.0,0.0,A_2020,2.0,2022.0,30.0,30.0,0,0,0,0,0,0,0,0,0,0,0,0,0,0,0,0,0,0,0,0,0,0,0,0,0,0,0,0,0,0,0,0,0,0,0,0,0,0,0,0,0,0,0,0,0,0
101304,A,2022,1,1,11.0,1,2.0,,11.0,7,1,0,8.0,4.0,32.0,32.0,0.0,1.0,1.0,1.0,1.0,1.0,6,1.0,0.0,0.0,0.0,0.0,0.0,2.0,0.0,0.0,0.0,0.0,A_2022,0.0,2022.0,21.0,21.0,0,0,1,1,0,0,0,0,0,0,0,0,0,0,0,0,0,0,0,0,0,0,0,0,0,0,0,0,0,0,0,0,0,0,0,0,0,0,0,0,0,0,0,0,0,0
101305,A,2022,0,0,11.0,1,2.0,,11.0,7,1,0,2.0,2.0,46.0,48.0,0.0,0.0,1.0,1.0,1.0,1.0,6,1.0,0.0,0.0,0.0,0.0,0.0,2.0,0.0,0.0,0.0,0.0,A_2022,0.0,2022.0,35.0,37.0,0,0,1,1,0,0,0,0,0,0,0,0,0,0,0,0,0,0,0,0,0,0,0,0,0,0,0,0,0,0,0,0,0,0,0,0,0,0,0,0,0,0,0,0,0,0
101306,A,2020,0,1,13.0,1,3.0,,15.0,6,0,0,6.0,,38.0,,,0.0,0.0,0.0,0.0,1.0,5,0.0,0.0,0.0,1.0,1.0,1.0,3.0,0.0,0.0,1.0,9.0,A_2020,2.0,2022.0,23.0,,0,0,0,0,0,0,0,0,0,0,0,0,0,0,0,0,0,0,0,0,0,0,0,0,0,0,0,0,0,0,0,0,0,0,0,0,0,0,0,0,0,0,0,0,0,0
101307,A,2020,0,0,12.0,1,2.0,19.0,15.0,3,0,0,,6.0,46.0,37.0,0.0,0.0,1.0,1.0,1.0,1.0,8,1.0,1.0,1.0,0.0,0.0,0.0,4.0,0.0,0.0,0.0,0.0,A_2020,3.0,2023.0,31.0,22.0,0,0,0,0,0,0,0,0,0,0,0,0,0,0,0,0,0,0,0,0,0,0,0,0,0,0,0,0,0,0,0,0,0,0,0,0,0,0,0,0,0,0,0,0,0,0
101308,A,2022,0,1,13.0,1,2.0,,14.0,7,1,0,5.0,5.0,36.0,46.0,0.0,0.0,1.0,1.0,1.0,1.0,6,1.0,0.0,0.0,0.0,0.0,0.0,2.0,0.0,0.0,0.0,0.0,A_2022,1.0,2023.0,22.0,32.0,0,0,0,1,0,0,0,0,0,0,0,0,0,0,0,0,0,0,0,0,0,0,0,0,0,0,0,0,0,0,0,0,0,0,0,0,0,0,0,0,0,0,0,0,0,0
101309,A,2022,1,0,13.0,1,,,14.0,4,1,0,5.0,0.0,32.0,48.0,0.0,1.0,1.0,1.0,1.0,1.0,7,1.0,1.0,0.0,0.0,0.0,0.0,2.0,0.0,0.0,0.0,0.0,A_2022,1.0,2023.0,18.0,34.0,0,0,0,1,0,0,0,0,0,0,0,0,0,0,0,0,0,0,0,0,0,0,0,0,0,0,0,0,0,0,0,0,0,0,0,0,0,0,0,0,0,0,0,0,0,0
101310,A,2022,0,0,12.0,1,2.0,,13.0,7,1,0,8.0,5.0,35.0,35.0,0.0,0.0,1.0,1.0,1.0,1.0,6,1.0,0.0,0.0,0.0,0.0,0.0,2.0,0.0,0.0,0.0,0.0,A_2022,1.0,2023.0,22.0,22.0,0,0,0,1,0,0,0,0,0,0,0,0,0,0,0,0,0,0,0,0,0,0,0,0,0,0,0,0,0,0,0,0,0,0,0,0,0,0,0,0,0,0,0,0,0,0
101311,A,2020,0,1,13.0,1,2.0,6.0,16.0,4,0,0,5.0,5.0,45.0,50.0,0.0,0.0,1.0,0.0,0.0,1.0,7,1.0,1.0,0.0,1.0,1.0,1.0,4.0,0.0,0.0,1.0,40.0,A_2020,3.0,2023.0,29.0,34.0,0,0,0,0,0,0,0,0,0,0,0,0,0,0,0,0,0,0,0,0,0,0,0,0,0,0,0,0,0,0,0,0,0,0,0,0,0,0,0,0,0,0,0,0,0,0
101312,B,2018,0,1,11.0,0,3.0,,16.0,6,1,0,11.0,8.0,36.0,36.0,0.0,0.0,1.0,1.0,1.0,1.0,9,1.0,1.0,1.0,0.0,0.0,0.0,6.0,0.0,0.0,0.0,0.0,B_2018,5.0,2023.0,20.0,20.0,0,0,0,1,0,0,0,0,0,0,0,0,0,0,0,0,1,0,0,0,0,0,0,0,0,0,0,0,0,0,0,0,0,0,0,0,0,0,0,0,0,0,0,0,0,0
101313,A,2022,0,1,12.0,1,3.0,,13.0,7,1,0,7.0,11.0,45.0,47.0,,0.0,1.0,0.0,0.0,1.0,6,1.0,0.0,0.0,1.0,1.0,1.0,2.0,0.0,0.0,0.0,0.0,A_2022,1.0,2023.0,32.0,34.0,0,0,0,1,0,0,0,0,0,0,0,0,0,0,0,0,0,0,0,0,0,0,0,0,0,0,0,0,0,0,0,0,0,0,0,0,0,0,0,0,0,0,0,0,0,0
101314,A,2020,1,1,11.0,1,1.0,19.0,14.0,4,0,0,6.0,,29.0,34.0,,1.0,1.0,1.0,1.0,1.0,8,1.0,1.0,1.0,0.0,0.0,0.0,4.0,0.0,0.0,0.0,0.0,A_2020,3.0,2023.0,15.0,20.0,0,0,0,0,0,0,0,0,0,0,0,0,0,0,0,0,0,0,0,0,0,0,0,0,0,0,0,0,0,0,0,0,0,0,0,0,0,0,0,0,0,0,0,0,0,0
101315,A,2020,1,1,13.0,1,2.0,6.0,15.0,3,0,0,7.0,9.0,36.0,40.0,0.0,1.0,1.0,1.0,1.0,1.0,8,1.0,1.0,1.0,0.0,0.0,0.0,4.0,0.0,0.0,0.0,0.0,A_2020,2.0,2022.0,21.0,25.0,0,0,0,0,0,0,0,0,0,0,0,0,0,0,0,0,0,0,0,0,0,0,0,0,0,0,0,0,0,0,0,0,0,0,0,0,0,0,0,0,0,0,0,0,0,0
101316,A,2022,0,1,12.0,1,2.0,,13.0,7,1,0,5.0,,55.0,,,0.0,1.0,1.0,1.0,1.0,7,1.0,1.0,0.0,0.0,0.0,0.0,3.0,0.0,,0.0,0.0,A_2022,1.0,2023.0,42.0,,0,0,0,1,0,0,0,0,0,0,0,0,0,0,0,0,0,0,0,0,0,0,0,0,0,0,0,0,0,0,0,0,0,0,0,0,0,0,0,0,0,0,0,0,0,0
101317,A,2020,0,0,,1,1.0,,13.0,4,0,0,,,33.0,,,0.0,1.0,0.0,0.0,1.0,8,1.0,1.0,1.0,0.0,0.0,0.0,4.0,0.0,0.0,0.0,0.0,A_2020,,,20.0,,1,0,0,0,0,0,0,0,0,0,0,0,0,0,0,0,0,0,0,0,0,0,0,0,0,0,0,0,0,0,0,0,0,0,0,0,0,0,0,0,0,0,0,0,0,0
101318,A,2020,1,0,12.0,1,1.0,19.0,15.0,8,1,0,5.0,5.0,54.0,53.0,0.0,1.0,1.0,1.0,1.0,1.0,8,1.0,1.0,1.0,0.0,0.0,0.0,4.0,0.0,0.0,0.0,0.0,A_2020,3.0,2023.0,39.0,38.0,0,0,0,0,0,0,0,0,0,0,0,0,0,0,0,0,0,0,0,0,0,0,0,0,0,0,0,0,0,0,0,0,0,0,0,0,0,0,0,0,0,0,0,0,0,0
101319,A,2020,1,0,13.0,1,2.0,19.0,15.0,3,0,0,5.0,5.0,53.0,54.0,0.0,0.0,1.0,0.0,0.0,1.0,8,1.0,1.0,1.0,1.0,1.0,1.0,4.0,0.0,0.0,0.0,0.0,A_2020,2.0,2022.0,38.0,39.0,0,0,0,0,0,0,0,0,0,0,0,0,0,0,0,0,0,0,0,0,0,0,0,0,0,0,0,0,0,0,0,0,0,0,0,0,0,0,0,0,0,0,0,0,0,0
101320,A,2020,0,1,11.0,1,3.0,16.0,13.0,4,0,0,5.0,6.0,32.0,42.0,0.0,0.0,0.0,0.0,0.0,1.0,8,1.0,1.0,1.0,0.0,0.0,0.0,4.0,0.0,0.0,0.0,0.0,A_2020,2.0,2022.0,19.0,29.0,0,0,0,0,0,0,0,0,0,0,0,0,0,0,0,0,0,0,0,0,0,0,0,0,0,0,0,0,0,0,0,0,0,0,0,0,0,0,0,0,0,0,0,0,0,0
101321,A,2020,0,0,14.0,1,1.0,19.0,16.0,3,0,0,,,,,,0.0,1.0,0.0,0.0,0.0,7,1.0,1.0,0.0,0.0,0.0,0.0,3.0,0.0,0.0,1.0,40.0,A_2020,2.0,2022.0,,,0,0,0,0,0,0,0,0,0,0,0,0,0,0,0,0,0,0,0,0,0,0,0,0,0,0,0,0,0,0,0,0,0,0,0,0,0,0,0,0,0,0,0,0,0,0
101322,A,2020,0,0,11.0,1,1.0,19.0,13.0,3,0,0,3.0,,47.0,52.0,0.0,0.0,1.0,0.0,0.0,1.0,7,1.0,1.0,0.0,0.0,1.0,1.0,4.0,0.0,0.0,0.0,0.0,A_2020,2.0,2022.0,34.0,39.0,0,0,0,0,0,0,0,0,0,0,0,0,0,0,0,0,0,0,0,0,0,0,0,0,0,0,0,0,0,0,0,0,0,0,0,0,0,0,0,0,0,0,0,0,0,0
101323,A,2020,0,1,14.0,1,,5.0,16.0,3,0,0,0.0,8.0,34.0,45.0,0.0,0.0,1.0,0.0,0.0,0.0,8,1.0,1.0,1.0,0.0,0.0,0.0,3.0,0.0,0.0,1.0,40.0,A_2020,2.0,2022.0,18.0,29.0,0,0,0,0,0,0,0,0,0,0,0,0,0,0,0,0,0,0,0,0,0,0,0,0,0,0,0,0,0,0,0,0,0,0,0,0,0,0,0,0,0,0,0,0,0,0
101324,A,2020,1,0,12.0,1,2.0,5.0,14.0,7,1,0,9.0,6.0,40.0,44.0,0.0,1.0,1.0,1.0,1.0,1.0,8,1.0,1.0,1.0,0.0,0.0,0.0,4.0,0.0,0.0,0.0,0.0,A_2020,2.0,2022.0,26.0,30.0,0,0,0,0,0,0,0,0,0,0,0,0,0,0,0,0,0,0,0,0,0,0,0,0,0,0,0,0,0,0,0,0,0,0,0,0,0,0,0,0,0,0,0,0,0,0
101325,B,2018,1,1,12.0,1,2.0,,17.0,7,1,1,6.0,11.0,48.0,51.0,0.0,0.0,1.0,0.0,0.0,0.0,7,1.0,1.0,0.0,0.0,0.0,0.0,3.0,0.0,0.0,1.0,10.0,B_2018,5.0,2023.0,31.0,34.0,0,0,0,1,0,0,0,0,0,0,0,0,0,0,0,0,0,0,0,0,0,0,0,0,0,0,0,0,0,0,0,0,0,0,0,0,0,0,0,0,0,0,0,0,0,0
101326,B,2018,1,1,15.0,0,2.0,,20.0,6,1,1,6.0,,41.0,,,0.0,0.0,0.0,0.0,0.0,5,0.0,0.0,0.0,0.0,0.0,0.0,1.0,0.0,0.0,0.0,0.0,B_2018,5.0,2023.0,21.0,,0,0,0,1,0,0,0,0,0,0,0,0,0,0,0,0,0,0,0,0,0,0,0,0,0,0,0,0,0,0,0,0,0,0,0,0,0,0,0,0,0,0,0,0,0,0
101327,A,2020,0,0,,1,2.0,5.0,15.0,4,0,0,5.0,,47.0,54.0,,0.0,1.0,0.0,0.0,1.0,7,1.0,1.0,0.0,0.0,0.0,0.0,3.0,0.0,0.0,0.0,0.0,A_2020,,,32.0,39.0,1,0,0,0,0,0,0,0,0,0,0,0,0,0,0,0,0,0,0,0,0,0,0,0,0,0,0,0,0,0,0,0,0,0,0,0,0,0,0,0,0,0,0,0,0,0
101328,B,2018,1,1,10.0,1,2.0,,15.0,7,1,1,8.0,5.0,46.0,39.0,0.0,0.0,0.0,0.0,0.0,1.0,9,1.0,1.0,1.0,1.0,1.0,1.0,6.0,0.0,0.0,0.0,0.0,B_2018,5.0,2023.0,31.0,24.0,0,0,0,1,0,0,0,0,0,0,0,0,0,0,0,0,1,0,0,0,0,0,0,0,0,0,0,0,0,0,0,0,0,0,0,0,0,0,0,0,0,0,0,0,0,0
101329,A,2020,0,1,14.0,1,,19.0,16.0,3,0,0,7.0,3.0,16.0,37.0,0.0,0.0,1.0,1.0,1.0,1.0,7,1.0,1.0,0.0,0.0,0.0,0.0,3.0,0.0,0.0,1.0,30.0,A_2020,2.0,2022.0,0.0,21.0,0,0,0,0,0,0,0,0,1,0,0,0,0,0,0,0,0,0,0,0,0,0,0,0,0,0,0,0,0,0,0,0,0,0,0,0,0,0,0,0,0,0,0,0,0,0
101330,A,2020,0,1,15.0,1,,,18.0,3,0,0,,5.0,41.0,50.0,0.0,0.0,1.0,1.0,0.0,1.0,9,1.0,1.0,1.0,0.0,0.0,0.0,5.0,0.0,0.0,0.0,0.0,A_2020,3.0,2023.0,23.0,32.0,0,0,0,0,0,0,0,0,0,0,0,0,0,0,0,0,1,0,0,0,0,0,0,0,0,0,0,0,0,0,0,0,0,0,0,0,0,0,0,0,0,0,0,0,0,0
101331,A,2020,0,1,11.0,1,2.0,17.0,14.0,8,1,0,8.0,8.0,42.0,44.0,0.0,1.0,1.0,1.0,1.0,1.0,8,1.0,1.0,1.0,0.0,0.0,0.0,4.0,0.0,0.0,0.0,0.0,A_2020,3.0,2023.0,28.0,30.0,0,0,0,0,0,0,0,0,0,0,0,0,0,0,0,0,0,0,0,0,0,0,0,0,0,0,0,0,0,0,0,0,0,0,0,0,0,0,0,0,0,0,0,0,0,0
101332,A,2022,0,0,10.0,1,,,12.0,4,1,0,7.0,3.0,36.0,38.0,0.0,0.0,1.0,0.0,0.0,1.0,7,1.0,1.0,0.0,0.0,0.0,0.0,2.0,0.0,0.0,0.0,0.0,A_2022,2.0,2024.0,24.0,26.0,0,0,0,0,0,0,0,0,0,0,0,0,0,0,0,0,0,0,0,0,0,0,0,0,0,0,0,0,0,0,0,0,0,0,0,0,0,0,0,0,0,0,0,0,0,0
101333,A,2022,1,1,12.0,1,2.0,,13.0,7,1,0,11.0,11.0,40.0,38.0,0.0,1.0,1.0,1.0,1.0,1.0,6,1.0,0.0,0.0,0.0,0.0,0.0,2.0,0.0,0.0,0.0,0.0,A_2022,1.0,2023.0,27.0,25.0,0,0,0,1,0,0,0,0,0,0,0,0,0,0,0,0,0,0,0,0,0,0,0,0,0,0,0,0,0,0,0,0,0,0,0,0,0,0,0,0,0,0,0,0,0,0
101334,A,2020,0,0,12.0,1,,7.0,15.0,5,1,0,11.0,,40.0,,,0.0,1.0,1.0,1.0,1.0,8,1.0,1.0,1.0,1.0,1.0,1.0,4.0,0.0,0.0,0.0,0.0,A_2020,3.0,2023.0,25.0,,0,0,0,0,0,0,0,0,0,0,0,0,0,0,0,0,0,0,0,0,0,0,0,0,0,0,0,0,0,0,0,0,0,0,0,0,0,0,0,0,0,0,0,0,0,0
101335,B,2018,1,1,14.0,0,2.0,,19.0,6,1,1,,2.0,,41.0,0.0,0.0,1.0,1.0,0.0,0.0,7,1.0,1.0,0.0,0.0,0.0,0.0,2.0,0.0,0.0,1.0,0.0,B_2018,5.0,2023.0,,22.0,0,0,0,1,0,0,0,0,0,0,0,0,0,0,0,1,0,0,0,0,0,0,0,0,0,0,0,0,0,0,0,0,0,0,0,0,0,0,0,0,0,0,0,0,0,0
101336,A,2020,0,1,13.0,1,1.0,19.0,15.0,3,0,0,3.0,,53.0,,,1.0,1.0,1.0,1.0,1.0,7,1.0,1.0,0.0,1.0,1.0,1.0,4.0,0.0,0.0,0.0,0.0,A_2020,2.0,2022.0,38.0,,0,0,0,0,0,0,0,0,0,0,0,0,0,0,0,0,0,0,0,0,0,0,0,0,0,0,0,0,0,0,0,0,0,0,0,0,0,0,0,0,0,0,0,0,0,0
101337,A,2020,0,0,12.0,1,2.0,19.0,15.0,7,1,0,3.0,3.0,42.0,48.0,0.0,0.0,1.0,0.0,0.0,1.0,7,1.0,1.0,0.0,1.0,1.0,1.0,4.0,0.0,0.0,0.0,0.0,A_2020,3.0,2023.0,27.0,33.0,0,0,0,0,0,0,0,0,0,0,0,0,0,0,0,0,0,0,0,0,0,0,0,0,0,0,0,0,0,0,0,0,0,0,0,0,0,0,0,0,0,0,0,0,0,0
101338,A,2022,1,1,11.0,1,3.0,,12.0,7,1,0,11.0,5.0,40.0,46.0,0.0,0.0,0.0,0.0,0.0,1.0,6,1.0,0.0,0.0,0.0,0.0,0.0,2.0,0.0,0.0,0.0,0.0,A_2022,1.0,2023.0,28.0,34.0,0,0,0,1,0,0,0,0,0,0,0,0,0,0,0,0,0,0,0,0,0,0,0,0,0,0,0,0,0,0,0,0,0,0,0,0,0,0,0,0,0,0,0,0,0,0
101339,A,2020,1,1,11.0,1,2.0,7.0,14.0,8,1,0,5.0,4.0,37.0,38.0,0.0,0.0,1.0,1.0,1.0,1.0,7,1.0,1.0,0.0,1.0,1.0,1.0,4.0,0.0,0.0,0.0,0.0,A_2020,3.0,2023.0,23.0,24.0,0,0,0,0,0,0,0,0,0,0,0,0,0,0,0,0,0,0,0,0,0,0,0,0,0,0,0,0,0,0,0,0,0,0,0,0,0,0,0,0,0,0,0,0,0,0
101340,A,2020,0,1,12.0,1,2.0,,14.0,4,0,0,11.0,11.0,39.0,39.0,0.0,1.0,1.0,1.0,0.0,1.0,8,1.0,1.0,1.0,0.0,0.0,0.0,4.0,0.0,0.0,0.0,0.0,A_2020,2.0,2022.0,25.0,25.0,0,0,0,0,0,0,0,0,0,0,0,0,0,0,0,0,0,0,0,0,0,0,0,0,0,0,0,0,0,0,0,0,0,0,0,0,0,0,0,0,0,0,0,0,0,0
101341,A,2020,0,1,12.0,1,2.0,19.0,14.0,4,0,0,6.0,3.0,38.0,36.0,0.0,1.0,1.0,1.0,1.0,1.0,8,1.0,1.0,1.0,0.0,0.0,0.0,4.0,0.0,0.0,0.0,0.0,A_2020,2.0,2022.0,24.0,22.0,0,0,0,0,0,0,0,0,0,0,0,0,0,0,0,0,0,0,0,0,0,0,0,0,0,0,0,0,0,0,0,0,0,0,0,0,0,0,0,0,0,0,0,0,0,0
101342,A,2020,1,0,12.0,1,3.0,14.0,14.0,4,0,0,5.0,5.0,38.0,48.0,0.0,0.0,1.0,0.0,0.0,1.0,7,1.0,1.0,0.0,1.0,1.0,1.0,4.0,0.0,0.0,0.0,0.0,A_2020,2.0,2022.0,24.0,34.0,0,0,0,0,0,0,0,0,0,0,0,0,0,0,0,0,0,0,0,0,0,0,0,0,0,0,0,0,0,0,0,0,0,0,0,0,0,0,0,0,0,0,0,0,0,0
101343,B,2018,0,0,12.0,1,,,17.0,6,1,1,3.0,,74.0,,,0.0,0.0,0.0,0.0,1.0,9,1.0,1.0,1.0,0.0,0.0,0.0,6.0,0.0,0.0,0.0,0.0,B_2018,5.0,2023.0,57.0,,0,0,0,1,0,0,0,0,0,0,0,0,0,0,0,0,1,0,0,0,0,0,0,0,0,0,0,0,0,0,0,0,0,0,0,0,0,0,0,0,0,0,0,0,0,0
101344,A,2020,0,0,11.0,1,2.0,4.0,14.0,7,1,0,7.0,0.0,40.0,46.0,0.0,0.0,1.0,1.0,1.0,1.0,8,1.0,1.0,1.0,0.0,0.0,0.0,4.0,0.0,0.0,0.0,0.0,A_2020,3.0,2023.0,26.0,32.0,0,0,0,0,0,0,0,0,0,0,0,0,0,0,0,0,0,0,0,0,0,0,0,0,0,0,0,0,0,0,0,0,0,0,0,0,0,0,0,0,0,0,0,0,0,0
101345,A,2020,0,0,13.0,1,2.0,18.0,15.0,3,0,0,,,39.0,42.0,0.0,0.0,1.0,0.0,0.0,1.0,7,1.0,1.0,0.0,1.0,1.0,1.0,4.0,0.0,0.0,0.0,0.0,A_2020,2.0,2022.0,24.0,27.0,0,0,0,0,0,0,0,0,0,0,0,0,0,0,0,0,0,0,0,0,0,0,0,0,0,0,0,0,0,0,0,0,0,0,0,0,0,0,0,0,0,0,0,0,0,0
101346,A,2020,1,1,,1,,19.0,15.0,3,0,0,5.0,6.0,32.0,45.0,0.0,0.0,1.0,1.0,0.0,0.0,8,1.0,1.0,1.0,0.0,0.0,0.0,3.0,0.0,0.0,0.0,0.0,A_2020,,,17.0,30.0,1,0,0,0,0,0,0,0,0,0,0,0,0,0,0,0,0,0,0,0,0,0,0,0,0,0,0,0,0,0,0,0,0,0,0,0,0,0,0,0,0,0,0,0,0,0
101347,A,2020,0,1,15.0,1,2.0,5.0,17.0,4,0,0,5.0,4.0,48.0,54.0,1.0,0.0,1.0,1.0,1.0,1.0,8,1.0,1.0,1.0,0.0,0.0,0.0,4.0,0.0,0.0,0.0,0.0,A_2020,2.0,2022.0,31.0,37.0,0,0,0,0,0,0,0,0,0,0,0,0,0,0,0,0,0,0,0,0,0,0,0,0,0,0,0,0,0,0,0,0,0,0,0,0,0,0,0,0,0,0,0,0,0,0
101348,A,2020,1,0,13.0,1,2.0,15.0,15.0,4,0,0,6.0,,37.0,40.0,,0.0,1.0,0.0,0.0,0.0,6,1.0,0.0,0.0,0.0,0.0,0.0,1.0,0.0,0.0,0.0,0.0,A_2020,2.0,2022.0,22.0,25.0,0,0,0,0,0,0,0,0,0,0,0,0,0,0,0,0,0,0,0,0,0,0,0,0,0,0,0,0,0,0,0,0,0,0,0,0,0,0,0,0,0,0,0,0,0,0
101349,A,2020,1,1,16.0,1,1.0,5.0,18.0,6,0,0,8.0,,34.0,,,0.0,1.0,0.0,0.0,0.0,5,0.0,0.0,0.0,0.0,0.0,0.0,1.0,0.0,1.0,0.0,0.0,A_2020,2.0,2022.0,16.0,,0,0,0,0,0,0,0,0,0,0,0,0,0,0,0,0,0,0,0,0,0,0,0,0,0,0,0,0,0,0,0,0,0,0,0,0,0,0,0,0,0,0,0,0,0,0
101350,B,2018,0,0,12.0,1,,,16.0,6,1,1,3.0,3.0,58.0,63.0,1.0,0.0,1.0,1.0,1.0,1.0,9,1.0,1.0,1.0,0.0,0.0,0.0,6.0,0.0,0.0,0.0,0.0,B_2018,4.0,2022.0,42.0,47.0,0,0,0,0,0,0,0,0,0,0,0,0,0,0,0,0,1,0,0,0,0,0,0,0,0,0,0,0,0,0,0,0,0,0,0,0,0,0,0,0,0,0,0,0,0,0
101351,A,2022,0,0,12.0,1,3.0,,13.0,7,1,0,3.0,3.0,43.0,48.0,,0.0,1.0,1.0,1.0,1.0,6,1.0,0.0,0.0,0.0,0.0,0.0,2.0,0.0,0.0,0.0,0.0,A_2022,1.0,2023.0,30.0,35.0,0,0,0,1,0,0,0,0,0,0,0,0,0,0,0,0,0,0,0,0,0,0,0,0,0,0,0,0,0,0,0,0,0,0,0,0,0,0,0,0,0,0,0,0,0,0
101352,A,2020,0,0,13.0,1,,17.0,15.0,3,0,0,,5.0,35.0,40.0,0.0,0.0,1.0,1.0,0.0,0.0,6,1.0,0.0,0.0,0.0,0.0,0.0,2.0,0.0,0.0,0.0,0.0,A_2020,2.0,2022.0,20.0,25.0,0,0,0,0,0,0,0,0,0,0,0,0,0,0,0,0,0,0,0,0,0,0,0,0,0,0,0,0,0,0,0,0,0,0,0,0,0,0,0,0,0,0,0,0,0,0
101353,A,2020,0,1,12.0,1,1.0,,14.0,5,0,0,4.0,2.0,34.0,50.0,0.0,0.0,1.0,1.0,1.0,1.0,8,1.0,1.0,1.0,0.0,0.0,0.0,4.0,0.0,0.0,0.0,0.0,A_2020,2.0,2022.0,20.0,36.0,0,0,0,0,0,0,0,0,0,0,0,0,0,0,0,0,0,0,0,0,0,0,0,0,0,0,0,0,0,0,0,0,0,0,0,0,0,0,0,0,0,0,0,0,0,0
101354,A,2020,1,0,,1,2.0,19.0,16.0,3,0,0,5.0,9.0,37.0,38.0,0.0,0.0,1.0,1.0,0.0,0.0,6,1.0,0.0,0.0,0.0,0.0,0.0,2.0,0.0,0.0,0.0,0.0,A_2020,,,21.0,22.0,1,0,0,0,0,0,0,0,0,0,0,0,0,0,0,0,0,0,0,0,0,0,0,0,0,0,0,0,0,0,0,0,0,0,0,0,0,0,0,0,0,0,0,0,0,0
101355,A,2022,0,1,16.0,1,2.0,,16.0,7,1,0,5.0,5.0,45.0,52.0,0.0,0.0,1.0,0.0,0.0,0.0,5,0.0,0.0,0.0,0.0,0.0,0.0,1.0,0.0,0.0,1.0,40.0,A_2022,0.0,2022.0,29.0,36.0,0,0,1,1,0,0,0,0,0,0,0,0,0,0,0,0,0,0,0,0,0,0,0,0,0,0,0,0,0,0,0,0,0,0,0,0,0,0,0,0,0,0,0,0,0,0
101356,A,2020,0,1,14.0,1,2.0,19.0,16.0,6,0,0,5.0,8.0,50.0,50.0,0.0,0.0,1.0,1.0,1.0,1.0,8,1.0,1.0,1.0,1.0,1.0,2.0,6.0,0.0,0.0,1.0,40.0,A_2020,2.0,2022.0,34.0,34.0,0,0,0,0,0,0,0,0,0,0,0,0,0,0,0,0,1,0,0,0,0,0,0,0,0,0,0,0,0,0,0,0,0,0,0,0,0,0,0,0,0,0,0,0,0,0
101357,A,2022,0,0,,1,1.0,,13.0,7,1,0,,6.0,,40.0,0.0,0.0,1.0,1.0,1.0,1.0,6,1.0,0.0,0.0,0.0,0.0,0.0,2.0,0.0,0.0,0.0,0.0,A_2022,,,,27.0,1,0,0,0,0,0,0,0,0,0,0,0,0,0,0,0,0,0,0,0,0,0,0,0,0,0,0,0,0,0,0,0,0,0,0,0,0,0,0,0,0,0,0,0,0,0
101358,A,2020,0,1,11.0,1,2.0,6.0,13.0,3,0,0,7.0,,40.0,,,0.0,1.0,1.0,1.0,1.0,8,1.0,1.0,1.0,0.0,0.0,0.0,4.0,0.0,0.0,0.0,0.0,A_2020,2.0,2022.0,27.0,,0,0,0,0,0,0,0,0,0,0,0,0,0,0,0,0,0,0,0,0,0,0,0,0,0,0,0,0,0,0,0,0,0,0,0,0,0,0,0,0,0,0,0,0,0,0
101359,A,2020,0,0,11.0,1,3.0,7.0,14.0,4,0,0,5.0,5.0,41.0,43.0,0.0,0.0,1.0,1.0,1.0,1.0,8,1.0,1.0,1.0,0.0,0.0,0.0,4.0,0.0,0.0,0.0,0.0,A_2020,3.0,2023.0,27.0,29.0,0,0,0,0,0,0,0,0,0,0,0,0,0,0,0,0,0,0,0,0,0,0,0,0,0,0,0,0,0,0,0,0,0,0,0,0,0,0,0,0,0,0,0,0,0,0
101360,A,2022,1,1,12.0,1,,,12.0,11,1,0,6.0,,42.0,,,1.0,1.0,1.0,1.0,1.0,6,1.0,0.0,0.0,0.0,0.0,0.0,2.0,0.0,0.0,0.0,0.0,A_2022,0.0,2022.0,30.0,,0,0,1,1,0,0,0,0,0,0,0,0,0,0,0,0,0,0,0,0,0,0,0,0,0,0,0,0,0,0,0,0,0,0,0,0,0,0,0,0,0,0,0,0,0,0
101361,B,2018,1,0,10.0,1,2.0,,15.0,6,1,1,10.0,6.0,40.0,44.0,0.0,1.0,1.0,1.0,1.0,1.0,9,1.0,1.0,1.0,0.0,0.0,0.0,6.0,0.0,0.0,0.0,0.0,B_2018,5.0,2023.0,25.0,29.0,0,0,0,1,0,0,0,0,0,0,0,0,0,0,0,0,1,0,0,0,0,0,0,0,0,0,0,0,0,0,0,0,0,0,0,0,0,0,0,0,0,0,0,0,0,0
101362,A,2020,1,1,12.0,1,2.0,,14.0,3,0,0,5.0,9.0,43.0,40.0,0.0,1.0,1.0,1.0,1.0,1.0,8,1.0,1.0,1.0,0.0,0.0,0.0,4.0,0.0,0.0,0.0,0.0,A_2020,2.0,2022.0,29.0,26.0,0,0,0,0,0,0,0,0,0,0,0,0,0,0,0,0,0,0,0,0,0,0,0,0,0,0,0,0,0,0,0,0,0,0,0,0,0,0,0,0,0,0,0,0,0,0
101363,A,2020,0,0,13.0,1,1.0,,15.0,5,0,0,5.0,4.0,33.0,54.0,0.0,0.0,1.0,1.0,1.0,1.0,8,1.0,1.0,1.0,0.0,0.0,0.0,4.0,0.0,0.0,0.0,0.0,A_2020,2.0,2022.0,18.0,39.0,0,0,0,0,0,0,0,0,0,0,0,0,0,0,0,0,0,0,0,0,0,0,0,0,0,0,0,0,0,0,0,0,0,0,0,0,0,0,0,0,0,0,0,0,0,0
101364,A,2020,0,1,13.0,1,,,15.0,4,0,0,5.0,5.0,50.0,60.0,0.0,0.0,1.0,0.0,0.0,0.0,5,0.0,0.0,0.0,0.0,0.0,0.0,1.0,0.0,0.0,1.0,40.0,A_2020,2.0,2022.0,35.0,45.0,0,0,0,0,0,0,0,0,0,0,0,0,0,0,0,0,0,0,0,0,0,0,0,0,0,0,0,0,0,0,0,0,0,0,0,0,0,0,0,0,0,0,0,0,0,0
101365,A,2020,0,1,12.0,1,2.0,15.0,14.0,5,0,0,5.0,3.0,32.0,40.0,0.0,0.0,1.0,0.0,0.0,1.0,6,1.0,0.0,0.0,1.0,1.0,1.0,4.0,0.0,0.0,0.0,0.0,A_2020,2.0,2022.0,18.0,26.0,0,0,0,0,0,0,0,0,0,0,0,0,0,0,0,0,0,0,0,0,0,0,0,0,0,0,0,0,0,0,0,0,0,0,0,0,0,0,0,0,0,0,0,0,0,0
101366,A,2022,0,0,11.0,1,2.0,,12.0,4,1,0,7.0,,32.0,38.0,,0.0,1.0,1.0,1.0,1.0,7,1.0,1.0,0.0,0.0,0.0,0.0,2.0,0.0,0.0,0.0,0.0,A_2022,1.0,2023.0,20.0,26.0,0,0,0,1,0,0,0,0,0,0,0,0,0,0,0,0,0,0,0,0,0,0,0,0,0,0,0,0,0,0,0,0,0,0,0,0,0,0,0,0,0,0,0,0,0,0
101367,A,2020,1,1,14.0,1,2.0,15.0,17.0,4,0,0,9.0,7.0,45.0,44.0,0.0,1.0,1.0,1.0,1.0,1.0,8,1.0,1.0,1.0,0.0,0.0,0.0,4.0,0.0,0.0,0.0,0.0,A_2020,3.0,2023.0,28.0,27.0,0,0,0,0,0,0,0,0,0,0,0,0,0,0,0,0,0,0,0,0,0,0,0,0,0,0,0,0,0,0,0,0,0,0,0,0,0,0,0,0,0,0,0,0,0,0
101368,A,2020,1,0,11.0,1,2.0,7.0,14.0,5,0,0,11.0,,30.0,50.0,,1.0,1.0,1.0,1.0,1.0,8,1.0,1.0,1.0,0.0,0.0,0.0,4.0,0.0,0.0,0.0,0.0,A_2020,3.0,2023.0,16.0,36.0,0,0,0,0,0,0,0,0,0,0,0,0,0,0,0,0,0,0,0,0,0,0,0,0,0,0,0,0,0,0,0,0,0,0,0,0,0,0,0,0,0,0,0,0,0,0
101369,A,2020,1,1,14.0,1,3.0,10.0,17.0,7,1,0,5.0,7.0,39.0,44.0,0.0,0.0,1.0,1.0,0.0,0.0,8,1.0,1.0,1.0,0.0,1.0,1.0,4.0,0.0,0.0,1.0,36.0,A_2020,3.0,2023.0,22.0,27.0,0,0,0,0,0,0,0,0,0,0,0,0,0,0,0,0,0,0,0,0,0,0,0,0,0,0,0,0,0,0,0,0,0,0,0,0,0,0,0,0,0,0,0,0,0,0
101370,A,2022,1,1,13.0,1,1.0,,14.0,7,1,0,11.0,11.0,40.0,40.0,0.0,0.0,1.0,1.0,1.0,1.0,6,1.0,0.0,0.0,0.0,0.0,0.0,2.0,0.0,0.0,0.0,0.0,A_2022,1.0,2023.0,26.0,26.0,0,0,0,1,0,0,0,0,0,0,0,0,0,0,0,0,0,0,0,0,0,0,0,0,0,0,0,0,0,0,0,0,0,0,0,0,0,0,0,0,0,0,0,0,0,0
101371,B,2018,0,0,13.0,0,2.0,,17.0,6,1,1,,,,,,0.0,1.0,1.0,1.0,1.0,9,1.0,1.0,1.0,0.0,0.0,0.0,6.0,0.0,0.0,0.0,0.0,B_2018,4.0,2022.0,,,0,0,0,0,0,0,0,0,0,0,0,0,0,0,0,0,1,0,0,0,0,0,0,0,0,0,0,0,0,0,0,0,0,0,0,0,0,0,0,0,0,0,0,0,0,0
101372,A,2022,1,1,11.0,1,1.0,,12.0,7,1,0,8.0,5.0,34.0,37.0,0.0,0.0,1.0,0.0,0.0,1.0,6,1.0,0.0,0.0,0.0,0.0,0.0,2.0,0.0,0.0,0.0,0.0,A_2022,1.0,2023.0,22.0,25.0,0,0,0,1,0,0,0,0,0,0,0,0,0,0,0,0,0,0,0,0,0,0,0,0,0,0,0,0,0,0,0,0,0,0,0,0,0,0,0,0,0,0,0,0,0,0
101373,A,2020,1,1,14.0,1,,19.0,17.0,5,0,0,5.0,,40.0,,,0.0,1.0,0.0,0.0,0.0,6,1.0,0.0,0.0,0.0,0.0,0.0,1.0,0.0,0.0,1.0,40.0,A_2020,3.0,2023.0,23.0,,0,0,0,0,0,0,0,0,0,0,0,0,0,0,0,0,0,0,0,0,0,0,0,0,0,0,0,0,0,0,0,0,0,0,0,0,0,0,0,0,0,0,0,0,0,0
101374,A,2020,0,0,14.0,1,1.0,19.0,15.0,3,0,0,3.0,,55.0,,,0.0,,,0.0,0.0,5,0.0,0.0,0.0,,0.0,0.0,0.0,0.0,0.0,0.0,0.0,A_2020,1.0,2021.0,40.0,,0,0,0,1,0,0,0,0,0,0,0,0,0,0,0,0,0,0,0,0,0,0,0,0,0,0,0,0,0,0,0,0,0,0,0,0,0,0,0,0,0,0,0,0,0,0
101375,A,2020,1,1,13.0,1,3.0,10.0,15.0,4,0,0,11.0,9.0,34.0,35.0,0.0,0.0,1.0,1.0,1.0,1.0,8,1.0,1.0,1.0,0.0,0.0,0.0,4.0,0.0,0.0,0.0,0.0,A_2020,2.0,2022.0,19.0,20.0,0,0,0,0,0,0,0,0,0,0,0,0,0,0,0,0,0,0,0,0,0,0,0,0,0,0,0,0,0,0,0,0,0,0,0,0,0,0,0,0,0,0,0,0,0,0
101376,A,2022,0,0,12.0,1,,,13.0,7,1,0,,5.0,,38.0,0.0,0.0,1.0,0.0,0.0,1.0,6,1.0,0.0,0.0,0.0,0.0,0.0,2.0,0.0,0.0,0.0,0.0,A_2022,1.0,2023.0,,25.0,0,0,0,1,0,0,0,0,0,0,0,0,0,0,0,0,0,0,0,0,0,0,0,0,0,0,0,0,0,0,0,0,0,0,0,0,0,0,0,0,0,0,0,0,0,0
101377,A,2022,0,0,12.0,1,2.0,,13.0,7,1,0,8.0,5.0,35.0,45.0,1.0,0.0,1.0,1.0,1.0,1.0,6,1.0,0.0,0.0,0.0,0.0,0.0,2.0,0.0,0.0,0.0,0.0,A_2022,1.0,2023.0,22.0,32.0,0,0,0,1,0,0,0,0,0,0,0,0,0,0,0,0,0,0,0,0,0,0,0,0,0,0,0,0,0,0,0,0,0,0,0,0,0,0,0,0,0,0,0,0,0,0
101378,A,2020,0,1,13.0,1,,5.0,16.0,3,0,0,,,43.0,,,0.0,1.0,0.0,0.0,0.0,5,0.0,0.0,0.0,0.0,0.0,0.0,1.0,0.0,0.0,0.0,0.0,A_2020,3.0,2023.0,27.0,,0,0,0,0,0,0,0,0,0,0,0,0,0,0,0,0,0,0,0,0,0,0,0,0,0,0,0,0,0,0,0,0,0,0,0,0,0,0,0,0,0,0,0,0,0,0
101379,B,2018,1,1,10.0,1,3.0,,14.0,5,1,0,7.0,11.0,35.0,36.0,0.0,1.0,1.0,1.0,1.0,1.0,9,1.0,1.0,1.0,0.0,0.0,0.0,6.0,0.0,0.0,0.0,0.0,B_2018,4.0,2022.0,21.0,22.0,0,0,0,0,0,0,0,0,0,0,0,0,0,0,0,0,1,0,0,0,0,0,0,0,0,0,0,0,0,0,0,0,0,0,0,0,0,0,0,0,0,0,0,0,0,0
101380,A,2020,0,0,11.0,1,,,14.0,6,0,0,6.0,5.0,48.0,50.0,0.0,1.0,1.0,1.0,0.0,1.0,7,1.0,1.0,0.0,0.0,1.0,1.0,4.0,0.0,0.0,0.0,0.0,A_2020,3.0,2023.0,34.0,36.0,0,0,0,0,0,0,0,0,0,0,0,0,0,0,0,0,0,0,0,0,0,0,0,0,0,0,0,0,0,0,0,0,0,0,0,0,0,0,0,0,0,0,0,0,0,0
101381,A,2020,0,0,12.0,1,2.0,11.0,14.0,3,0,0,8.0,9.0,34.0,41.0,0.0,0.0,0.0,0.0,0.0,1.0,8,1.0,1.0,1.0,0.0,0.0,0.0,4.0,0.0,0.0,0.0,0.0,A_2020,2.0,2022.0,20.0,27.0,0,0,0,0,0,0,0,0,0,0,0,0,0,0,0,0,0,0,0,0,0,0,0,0,0,0,0,0,0,0,0,0,0,0,0,0,0,0,0,0,0,0,0,0,0,0
101382,A,2020,0,1,15.0,1,2.0,19.0,17.0,3,0,0,5.0,,35.0,,,0.0,1.0,1.0,1.0,1.0,6,1.0,0.0,0.0,2.0,1.0,2.0,4.0,0.0,0.0,0.0,0.0,A_2020,2.0,2022.0,18.0,,0,0,0,0,0,0,0,0,0,0,0,0,0,0,0,0,0,0,0,0,0,0,0,0,0,0,0,0,0,0,0,0,0,0,0,0,0,0,0,0,0,0,0,0,0,0
101383,A,2022,1,0,12.0,1,2.0,,12.0,7,1,0,11.0,11.0,40.0,37.0,0.0,1.0,1.0,1.0,1.0,1.0,6,1.0,0.0,0.0,0.0,0.0,0.0,2.0,0.0,0.0,0.0,0.0,A_2022,0.0,2022.0,28.0,25.0,0,0,1,1,0,0,0,0,0,0,0,0,0,0,0,0,0,0,0,0,0,0,0,0,0,0,0,0,0,0,0,0,0,0,0,0,0,0,0,0,0,0,0,0,0,0
101384,A,2020,0,0,13.0,1,,4.0,16.0,3,1,0,,,39.0,,,0.0,1.0,1.0,1.0,1.0,9,1.0,1.0,1.0,0.0,0.0,0.0,4.0,0.0,0.0,0.0,0.0,A_2020,3.0,2023.0,23.0,,0,0,0,0,0,0,0,0,0,0,0,0,0,0,0,0,0,0,0,0,0,0,0,0,0,0,0,0,0,0,0,0,0,0,0,0,0,0,0,0,0,0,0,0,0,0
101385,A,2020,0,0,13.0,1,,,15.0,3,0,0,11.0,,30.0,36.0,,0.0,1.0,1.0,0.0,1.0,7,1.0,1.0,0.0,0.0,0.0,0.0,4.0,0.0,0.0,0.0,0.0,A_2020,2.0,2022.0,15.0,21.0,0,0,0,0,0,0,0,0,0,0,0,0,0,0,0,0,0,0,0,0,0,0,0,0,0,0,0,0,0,0,0,0,0,0,0,0,0,0,0,0,0,0,0,0,0,0
101386,A,2020,0,1,13.0,1,2.0,,15.0,7,1,0,6.0,5.0,40.0,52.0,0.0,0.0,0.0,0.0,0.0,0.0,5,0.0,0.0,0.0,0.0,0.0,0.0,1.0,0.0,0.0,0.0,0.0,A_2020,2.0,2022.0,25.0,37.0,0,0,0,0,0,0,0,0,0,0,0,0,0,0,0,0,0,0,0,0,0,0,0,0,0,0,0,0,0,0,0,0,0,0,0,0,0,0,0,0,0,0,0,0,0,0
101387,B,2018,0,0,13.0,0,2.0,,17.0,6,1,1,9.0,5.0,37.0,40.0,1.0,0.0,1.0,1.0,0.0,1.0,8,1.0,1.0,1.0,0.0,1.0,1.0,6.0,0.0,0.0,0.0,0.0,B_2018,4.0,2022.0,20.0,23.0,0,0,0,0,0,0,0,0,0,0,0,0,0,0,0,0,1,0,0,0,0,0,0,0,0,0,0,0,0,0,0,0,0,0,0,0,0,0,0,0,0,0,0,0,0,0
101388,A,2020,0,0,14.0,1,2.0,5.0,16.0,5,0,0,5.0,5.0,37.0,44.0,0.0,0.0,0.0,1.0,1.0,1.0,8,1.0,1.0,1.0,1.0,1.0,1.0,5.0,0.0,0.0,0.0,0.0,A_2020,2.0,2022.0,21.0,28.0,0,0,0,0,0,0,0,0,0,0,0,0,0,0,0,0,1,0,0,0,0,0,0,0,0,0,0,0,0,0,0,0,0,0,0,0,0,0,0,0,0,0,0,0,0,0
101389,A,2020,1,0,15.0,1,2.0,6.0,18.0,6,0,0,10.0,9.0,49.0,66.0,0.0,1.0,1.0,1.0,1.0,1.0,8,1.0,1.0,1.0,0.0,0.0,0.0,4.0,0.0,0.0,0.0,0.0,A_2020,3.0,2023.0,31.0,48.0,0,0,0,0,0,0,0,0,0,0,0,0,0,0,0,0,0,0,0,0,0,0,0,0,0,0,0,0,0,0,0,0,0,0,0,0,0,0,0,0,0,0,0,0,0,0
101390,A,2020,1,1,14.0,1,3.0,5.0,16.0,3,0,0,6.0,,39.0,,0.0,1.0,1.0,1.0,1.0,1.0,8,1.0,1.0,1.0,0.0,0.0,0.0,4.0,0.0,0.0,0.0,0.0,A_2020,2.0,2022.0,23.0,,0,0,0,0,0,0,0,0,0,0,0,0,0,0,0,0,0,0,0,0,0,0,0,0,0,0,0,0,0,0,0,0,0,0,0,0,0,0,0,0,0,0,0,0,0,0
101391,A,2020,0,1,13.0,1,,4.0,17.0,3,1,0,5.0,,65.0,,,0.0,0.0,1.0,1.0,1.0,9,1.0,1.0,1.0,1.0,1.0,1.0,5.0,0.0,0.0,0.0,0.0,A_2020,4.0,2024.0,48.0,,0,0,0,0,0,0,0,0,0,0,0,0,0,0,0,0,1,0,0,0,0,0,0,0,0,0,0,0,0,0,0,0,0,0,0,0,0,0,0,0,0,0,0,0,0,0
101392,A,2020,0,1,13.0,1,2.0,,15.0,3,0,0,0.0,5.0,45.0,46.0,0.0,0.0,0.0,1.0,1.0,1.0,9,1.0,1.0,1.0,0.0,0.0,0.0,5.0,0.0,0.0,0.0,0.0,A_2020,2.0,2022.0,30.0,31.0,0,0,0,0,0,0,0,0,0,0,0,0,0,0,0,0,1,0,0,0,0,0,0,0,0,0,0,0,0,0,0,0,0,0,0,0,0,0,0,0,0,0,0,0,0,0
101393,B,2018,0,1,,0,2.0,,18.0,8,1,1,,3.0,,51.0,0.0,0.0,1.0,0.0,0.0,1.0,8,1.0,1.0,1.0,1.0,1.0,1.0,5.0,0.0,0.0,0.0,0.0,B_2018,,,,33.0,1,0,0,0,0,0,0,0,0,0,0,0,0,0,0,0,1,0,0,0,0,0,0,0,0,0,0,0,0,0,0,0,0,0,0,0,0,0,0,0,0,0,0,0,0,0
101394,A,2020,1,1,12.0,1,,10.0,14.0,3,0,0,9.0,,44.0,56.0,,0.0,1.0,1.0,1.0,1.0,7,1.0,1.0,0.0,1.0,1.0,1.0,4.0,0.0,0.0,1.0,5.0,A_2020,2.0,2022.0,30.0,42.0,0,0,0,0,0,0,0,0,0,0,0,0,0,0,0,0,0,0,0,0,0,0,0,0,0,0,0,0,0,0,0,0,0,0,0,0,0,0,0,0,0,0,0,0,0,0
101395,A,2020,1,1,12.0,1,2.0,10.0,15.0,4,0,0,11.0,11.0,48.0,64.0,0.0,1.0,1.0,1.0,1.0,1.0,8,1.0,1.0,1.0,0.0,0.0,0.0,4.0,0.0,0.0,0.0,0.0,A_2020,3.0,2023.0,33.0,49.0,0,0,0,0,0,0,0,0,0,0,0,0,0,0,0,0,0,0,0,0,0,0,0,0,0,0,0,0,0,0,0,0,0,0,0,0,0,0,0,0,0,0,0,0,0,0
101396,A,2020,1,0,12.0,1,2.0,,14.0,3,0,0,2.0,7.0,48.0,49.0,0.0,0.0,1.0,1.0,1.0,1.0,8,1.0,1.0,1.0,0.0,0.0,0.0,4.0,0.0,0.0,0.0,0.0,A_2020,2.0,2022.0,34.0,35.0,0,0,0,0,0,0,0,0,0,0,0,0,0,0,0,0,0,0,0,0,0,0,0,0,0,0,0,0,0,0,0,0,0,0,0,0,0,0,0,0,0,0,0,0,0,0
101397,B,2018,1,0,14.0,1,2.0,,19.0,5,1,1,3.0,5.0,48.0,49.0,0.0,0.0,1.0,1.0,0.0,0.0,9,1.0,1.0,1.0,0.0,0.0,0.0,4.0,0.0,0.0,1.0,8.0,B_2018,5.0,2023.0,29.0,30.0,0,0,0,1,0,0,0,0,0,0,0,0,0,0,0,0,0,0,0,0,0,0,0,0,0,0,0,0,0,0,0,0,0,0,0,0,0,0,0,0,0,0,0,0,0,0
101398,A,2020,0,1,12.0,1,3.0,18.0,14.0,4,0,0,11.0,,43.0,,,0.0,1.0,1.0,1.0,1.0,8,1.0,1.0,1.0,0.0,0.0,0.0,4.0,0.0,0.0,0.0,0.0,A_2020,2.0,2022.0,29.0,,0,0,0,0,0,0,0,0,0,0,0,0,0,0,0,0,0,0,0,0,0,0,0,0,0,0,0,0,0,0,0,0,0,0,0,0,0,0,0,0,0,0,0,0,0,0
101399,A,2020,0,1,12.0,1,2.0,5.0,15.0,4,0,0,5.0,9.0,47.0,39.0,0.0,0.0,1.0,1.0,1.0,1.0,8,1.0,1.0,1.0,0.0,0.0,0.0,4.0,0.0,0.0,1.0,8.0,A_2020,3.0,2023.0,32.0,24.0,0,0,0,0,0,0,0,0,0,0,0,0,0,0,0,0,0,0,0,0,0,0,0,0,0,0,0,0,0,0,0,0,0,0,0,0,0,0,0,0,0,0,0,0,0,0
101400,A,2020,1,0,12.0,1,2.0,,14.0,4,0,0,8.0,,53.0,48.0,1.0,0.0,1.0,1.0,1.0,1.0,8,1.0,1.0,1.0,0.0,0.0,0.0,4.0,0.0,0.0,0.0,0.0,A_2020,2.0,2022.0,39.0,34.0,0,0,0,0,0,0,0,0,0,0,0,0,0,0,0,0,0,0,0,0,0,0,0,0,0,0,0,0,0,0,0,0,0,0,0,0,0,0,0,0,0,0,0,0,0,0
101401,A,2020,0,0,13.0,1,1.0,19.0,15.0,3,0,0,9.0,6.0,40.0,35.0,1.0,0.0,1.0,1.0,0.0,1.0,8,1.0,1.0,1.0,0.0,0.0,0.0,4.0,0.0,0.0,0.0,0.0,A_2020,2.0,2022.0,25.0,20.0,0,0,0,0,0,0,0,0,0,0,0,0,0,0,0,0,0,0,0,0,0,0,0,0,0,0,0,0,0,0,0,0,0,0,0,0,0,0,0,0,0,0,0,0,0,0
101402,B,2018,1,1,11.0,1,3.0,,16.0,7,1,1,11.0,11.0,46.0,45.0,1.0,1.0,1.0,1.0,1.0,1.0,10,1.0,1.0,1.0,0.0,0.0,0.0,6.0,0.0,0.0,0.0,0.0,B_2018,5.0,2023.0,30.0,29.0,0,0,0,1,0,0,0,0,0,0,0,0,0,0,0,0,1,0,0,0,0,0,0,0,0,0,0,0,0,0,0,0,0,0,0,0,0,0,0,0,0,0,0,0,0,0
101403,A,2020,0,0,12.0,1,,11.0,14.0,1,0,1,5.0,7.0,40.0,41.0,0.0,0.0,1.0,1.0,1.0,1.0,8,1.0,1.0,1.0,0.0,0.0,0.0,4.0,0.0,0.0,0.0,0.0,A_2020,2.0,2022.0,26.0,27.0,0,0,0,0,0,0,0,0,0,0,0,0,0,0,0,0,0,0,0,0,0,0,0,0,0,0,0,0,0,0,0,0,0,0,0,0,0,0,0,0,0,0,0,0,0,0
101404,A,2020,1,0,13.0,1,2.0,11.0,15.0,1,0,1,7.0,,33.0,33.0,,1.0,1.0,1.0,1.0,1.0,8,1.0,1.0,1.0,0.0,0.0,0.0,4.0,0.0,0.0,0.0,0.0,A_2020,2.0,2022.0,18.0,18.0,0,0,0,0,0,0,0,0,0,0,0,0,0,0,0,0,0,0,0,0,0,0,0,0,0,0,0,0,0,0,0,0,0,0,0,0,0,0,0,0,0,0,0,0,0,0
101405,A,2020,1,0,13.0,1,,12.0,15.0,3,0,0,5.0,6.0,53.0,42.0,1.0,0.0,1.0,1.0,1.0,1.0,8,1.0,1.0,1.0,0.0,0.0,0.0,4.0,0.0,0.0,0.0,0.0,A_2020,2.0,2022.0,38.0,27.0,0,0,0,0,0,0,0,0,0,0,0,0,0,0,0,0,0,0,0,0,0,0,0,0,0,0,0,0,0,0,0,0,0,0,0,0,0,0,0,0,0,0,0,0,0,0
101406,A,2020,1,0,,1,2.0,7.0,14.0,3,0,0,11.0,11.0,48.0,41.0,,1.0,1.0,1.0,1.0,1.0,8,1.0,1.0,1.0,0.0,0.0,0.0,4.0,0.0,0.0,0.0,0.0,A_2020,,,34.0,27.0,1,0,0,0,0,0,0,0,0,0,0,0,0,0,0,0,0,0,0,0,0,0,0,0,0,0,0,0,0,0,0,0,0,0,0,0,0,0,0,0,0,0,0,0,0,0
101407,A,2020,0,1,14.0,1,2.0,19.0,16.0,4,0,0,5.0,4.0,54.0,57.0,0.0,0.0,1.0,1.0,1.0,1.0,8,1.0,1.0,1.0,0.0,0.0,0.0,4.0,0.0,0.0,0.0,0.0,A_2020,2.0,2022.0,38.0,41.0,0,0,0,0,0,0,0,0,0,0,0,0,0,0,0,0,0,0,0,0,0,0,0,0,0,0,0,0,0,0,0,0,0,0,0,0,0,0,0,0,0,0,0,0,0,0
101408,A,2020,1,1,11.0,1,2.0,,14.0,4,0,0,6.0,5.0,49.0,63.0,0.0,1.0,1.0,1.0,1.0,1.0,8,1.0,1.0,1.0,0.0,0.0,0.0,4.0,0.0,0.0,0.0,0.0,A_2020,3.0,2023.0,35.0,49.0,0,0,0,0,0,0,0,0,0,0,0,0,0,0,0,0,0,0,0,0,0,0,0,0,0,0,0,0,0,0,0,0,0,0,0,0,0,0,0,0,0,0,0,0,0,0
101409,A,2020,1,1,15.0,1,3.0,17.0,17.0,9,1,1,10.0,5.0,42.0,46.0,0.0,0.0,1.0,1.0,0.0,1.0,8,1.0,1.0,1.0,0.0,0.0,0.0,4.0,0.0,0.0,1.0,20.0,A_2020,2.0,2022.0,25.0,29.0,0,0,0,0,0,0,0,0,0,0,0,0,0,0,0,0,0,0,0,0,0,0,0,0,0,0,0,0,0,0,0,0,0,0,0,0,0,0,0,0,0,0,0,0,0,0
101410,A,2022,1,1,13.0,1,,,13.0,7,1,0,5.0,11.0,36.0,43.0,0.0,1.0,1.0,1.0,1.0,1.0,6,1.0,0.0,0.0,0.0,0.0,0.0,2.0,0.0,0.0,0.0,0.0,A_2022,0.0,2022.0,23.0,30.0,0,0,1,1,0,0,0,0,0,0,0,0,0,0,0,0,0,0,0,0,0,0,0,0,0,0,0,0,0,0,0,0,0,0,0,0,0,0,0,0,0,0,0,0,0,0
101411,A,2022,0,1,12.0,1,3.0,,12.0,8,1,0,11.0,,49.0,,,0.0,1.0,1.0,1.0,1.0,6,1.0,0.0,0.0,0.0,0.0,0.0,2.0,0.0,0.0,1.0,25.0,A_2022,0.0,2022.0,37.0,,0,0,1,1,0,0,0,0,0,0,0,0,0,0,0,0,0,0,0,0,0,0,0,0,0,0,0,0,0,0,0,0,0,0,0,0,0,0,0,0,0,0,0,0,0,0
101412,A,2020,1,0,,1,,19.0,19.0,3,0,0,5.0,5.0,42.0,45.0,0.0,0.0,1.0,1.0,0.0,0.0,7,1.0,1.0,0.0,0.0,0.0,0.0,2.0,0.0,0.0,0.0,0.0,A_2020,,,23.0,26.0,1,0,0,0,0,0,0,0,0,0,0,0,0,0,0,0,0,0,0,0,0,0,0,0,0,0,0,0,0,0,0,0,0,0,0,0,0,0,0,0,0,0,0,0,0,0
101413,B,2018,0,0,12.0,0,3.0,,17.0,7,1,1,6.0,,38.0,,,0.0,0.0,0.0,0.0,1.0,8,1.0,1.0,1.0,0.0,1.0,1.0,6.0,0.0,0.0,0.0,0.0,B_2018,5.0,2023.0,21.0,,0,0,0,1,0,0,0,0,0,0,0,0,0,0,0,0,1,0,0,0,0,0,0,0,0,0,0,0,0,0,0,0,0,0,0,0,0,0,0,0,0,0,0,0,0,0
101414,A,2020,1,0,12.0,1,2.0,12.0,15.0,4,0,0,5.0,5.0,44.0,45.0,0.0,1.0,1.0,1.0,1.0,1.0,8,1.0,1.0,1.0,0.0,0.0,0.0,4.0,0.0,0.0,0.0,0.0,A_2020,3.0,2023.0,29.0,30.0,0,0,0,0,0,0,0,0,0,0,0,0,0,0,0,0,0,0,0,0,0,0,0,0,0,0,0,0,0,0,0,0,0,0,0,0,0,0,0,0,0,0,0,0,0,0
101415,A,2020,0,0,16.0,1,2.0,17.0,18.0,3,0,0,5.0,2.0,47.0,57.0,0.0,0.0,0.0,1.0,1.0,1.0,10,1.0,1.0,1.0,0.0,0.0,0.0,6.0,0.0,0.0,0.0,0.0,A_2020,2.0,2022.0,29.0,39.0,0,0,0,0,0,0,0,0,0,0,0,0,0,0,0,0,1,0,0,0,0,0,0,0,0,0,0,0,0,0,0,0,0,0,0,0,0,0,0,0,0,0,0,0,0,0
101416,A,2020,0,0,14.0,1,2.0,17.0,17.0,3,1,0,9.0,11.0,39.0,46.0,1.0,0.0,1.0,1.0,1.0,1.0,10,1.0,1.0,1.0,0.0,0.0,0.0,5.0,0.0,0.0,0.0,0.0,A_2020,3.0,2023.0,22.0,29.0,0,0,0,0,0,0,0,0,0,0,0,0,0,0,0,0,1,0,0,0,0,0,0,0,0,0,0,0,0,0,0,0,0,0,0,0,0,0,0,0,0,0,0,0,0,0
101417,A,2020,1,0,12.0,1,2.0,5.0,14.0,4,0,0,7.0,,37.0,,,0.0,1.0,1.0,1.0,1.0,7,1.0,1.0,0.0,0.0,0.0,0.0,4.0,0.0,0.0,0.0,0.0,A_2020,2.0,2022.0,23.0,,0,0,0,0,0,0,0,0,0,0,0,0,0,0,0,0,0,0,0,0,0,0,0,0,0,0,0,0,0,0,0,0,0,0,0,0,0,0,0,0,0,0,0,0,0,0
101418,A,2020,1,1,13.0,1,1.0,5.0,16.0,3,0,0,6.0,,33.0,31.0,,0.0,1.0,0.0,0.0,1.0,7,1.0,1.0,0.0,0.0,0.0,0.0,4.0,0.0,0.0,0.0,0.0,A_2020,3.0,2023.0,17.0,15.0,0,0,0,0,0,0,0,0,0,0,0,0,0,0,0,0,0,0,0,0,0,0,0,0,0,0,0,0,0,0,0,0,0,0,0,0,0,0,0,0,0,0,0,0,0,0
101419,A,2020,1,1,12.0,1,2.0,19.0,15.0,4,0,0,,,56.0,67.0,0.0,1.0,1.0,1.0,1.0,1.0,8,1.0,1.0,1.0,0.0,0.0,0.0,4.0,0.0,0.0,0.0,0.0,A_2020,3.0,2023.0,41.0,52.0,0,0,0,0,0,0,0,0,0,0,0,0,0,0,0,0,0,0,0,0,0,0,0,0,0,0,0,0,0,0,0,0,0,0,0,0,0,0,0,0,0,0,0,0,0,0
101420,A,2022,1,1,13.0,1,2.0,,14.0,10,1,0,0.0,0.0,49.0,47.0,,0.0,0.0,0.0,0.0,1.0,6,1.0,0.0,0.0,0.0,0.0,0.0,3.0,0.0,0.0,0.0,0.0,A_2022,1.0,2023.0,35.0,33.0,0,0,0,1,0,0,0,0,0,0,0,0,0,0,0,0,0,0,0,0,0,0,0,0,0,0,0,0,0,0,0,0,0,0,0,0,0,0,0,0,0,0,0,0,0,0
101421,A,2022,1,1,14.0,1,3.0,,15.0,7,1,0,5.0,5.0,44.0,45.0,0.0,0.0,0.0,1.0,1.0,1.0,6,1.0,0.0,0.0,2.0,1.0,2.0,4.0,0.0,0.0,0.0,0.0,A_2022,1.0,2023.0,29.0,30.0,0,0,0,1,0,0,0,0,0,0,0,0,0,0,0,0,0,0,0,0,0,0,0,0,0,0,0,0,0,0,0,0,0,0,0,0,0,0,0,0,0,0,0,0,0,0
101422,A,2020,0,0,11.0,1,1.0,11.0,13.0,2,0,1,8.0,,36.0,,,0.0,1.0,1.0,0.0,1.0,8,1.0,1.0,1.0,0.0,0.0,0.0,4.0,0.0,0.0,0.0,0.0,A_2020,2.0,2022.0,23.0,,0,0,0,0,0,0,0,0,0,0,0,0,0,0,0,0,0,0,0,0,0,0,0,0,0,0,0,0,0,0,0,0,0,0,0,0,0,0,0,0,0,0,0,0,0,0
101423,A,2020,0,1,13.0,1,2.0,11.0,15.0,2,0,1,4.0,2.0,50.0,52.0,0.0,0.0,1.0,1.0,0.0,0.0,7,1.0,1.0,0.0,0.0,0.0,0.0,2.0,0.0,0.0,1.0,8.0,A_2020,2.0,2022.0,35.0,37.0,0,0,0,0,0,0,0,0,0,0,0,0,0,0,0,0,0,0,0,0,0,0,0,0,0,0,0,0,0,0,0,0,0,0,0,0,0,0,0,0,0,0,0,0,0,0
101424,A,2020,0,1,12.0,1,2.0,5.0,14.0,5,0,0,,,41.0,45.0,0.0,0.0,1.0,0.0,0.0,1.0,7,1.0,1.0,0.0,1.0,1.0,1.0,4.0,0.0,0.0,0.0,0.0,A_2020,2.0,2022.0,27.0,31.0,0,0,0,0,0,0,0,0,0,0,0,0,0,0,0,0,0,0,0,0,0,0,0,0,0,0,0,0,0,0,0,0,0,0,0,0,0,0,0,0,0,0,0,0,0,0
101425,A,2022,1,1,14.0,1,3.0,,14.0,7,1,0,11.0,11.0,46.0,46.0,0.0,0.0,1.0,1.0,1.0,1.0,6,1.0,0.0,0.0,0.0,0.0,0.0,2.0,0.0,0.0,0.0,0.0,A_2022,0.0,2022.0,32.0,32.0,0,0,1,1,0,0,0,0,0,0,0,0,0,0,0,0,0,0,0,0,0,0,0,0,0,0,0,0,0,0,0,0,0,0,0,0,0,0,0,0,0,0,0,0,0,0
101426,B,2018,1,1,13.0,0,2.0,,17.0,5,1,1,3.0,6.0,37.0,40.0,0.0,1.0,1.0,1.0,1.0,1.0,9,1.0,1.0,1.0,0.0,0.0,0.0,6.0,0.0,0.0,0.0,0.0,B_2018,4.0,2022.0,20.0,23.0,0,0,0,0,0,0,0,0,0,0,0,0,0,0,0,0,1,0,0,0,0,0,0,0,0,0,0,0,0,0,0,0,0,0,0,0,0,0,0,0,0,0,0,0,0,0
101427,A,2020,1,0,15.0,1,2.0,5.0,17.0,3,0,0,3.0,2.0,40.0,40.0,0.0,0.0,1.0,1.0,1.0,1.0,6,1.0,0.0,0.0,1.0,1.0,1.0,3.0,0.0,0.0,0.0,0.0,A_2020,2.0,2022.0,23.0,23.0,0,0,0,0,0,0,0,0,0,0,0,0,0,0,0,0,0,0,0,0,0,0,0,0,0,0,0,0,0,0,0,0,0,0,0,0,0,0,0,0,0,0,0,0,0,0
101428,A,2022,0,0,11.0,1,2.0,,12.0,9,1,0,11.0,11.0,50.0,54.0,0.0,1.0,1.0,1.0,1.0,1.0,6,1.0,0.0,0.0,0.0,0.0,0.0,2.0,0.0,0.0,0.0,0.0,A_2022,1.0,2023.0,38.0,42.0,0,0,0,1,0,0,0,0,0,0,0,0,0,0,0,0,0,0,0,0,0,0,0,0,0,0,0,0,0,0,0,0,0,0,0,0,0,0,0,0,0,0,0,0,0,0
101429,A,2022,0,1,14.0,1,2.0,,14.0,8,1,0,,11.0,,,,0.0,1.0,1.0,1.0,1.0,6,1.0,0.0,0.0,0.0,0.0,0.0,3.0,0.0,0.0,0.0,0.0,A_2022,0.0,2022.0,,,0,0,1,1,0,0,0,0,0,0,0,0,0,0,0,0,0,0,0,0,0,0,0,0,0,0,0,0,0,0,0,0,0,0,0,0,0,0,0,0,0,0,0,0,0,0
101430,A,2020,1,0,14.0,1,,5.0,16.0,3,0,0,5.0,5.0,34.0,37.0,0.0,1.0,1.0,1.0,1.0,1.0,8,1.0,1.0,1.0,0.0,0.0,0.0,4.0,0.0,0.0,0.0,0.0,A_2020,2.0,2022.0,18.0,21.0,0,0,0,0,0,0,0,0,0,0,0,0,0,0,0,0,0,0,0,0,0,0,0,0,0,0,0,0,0,0,0,0,0,0,0,0,0,0,0,0,0,0,0,0,0,0
101431,A,2020,1,1,12.0,1,3.0,17.0,14.0,2,0,1,11.0,11.0,45.0,50.0,1.0,1.0,1.0,1.0,1.0,1.0,6,1.0,0.0,0.0,0.0,0.0,0.0,4.0,0.0,0.0,0.0,0.0,A_2020,2.0,2022.0,31.0,36.0,0,0,0,0,0,0,0,0,0,0,0,0,0,0,0,0,0,0,0,0,0,0,0,0,0,0,0,0,0,0,0,0,0,0,0,0,0,0,0,0,0,0,0,0,0,0
101432,A,2020,0,0,12.0,1,3.0,8.0,14.0,9,1,0,3.0,4.0,45.0,50.0,0.0,0.0,1.0,1.0,1.0,1.0,8,1.0,1.0,1.0,0.0,0.0,0.0,4.0,0.0,0.0,0.0,0.0,A_2020,2.0,2022.0,31.0,36.0,0,0,0,0,0,0,0,0,0,0,0,0,0,0,0,0,0,0,0,0,0,0,0,0,0,0,0,0,0,0,0,0,0,0,0,0,0,0,0,0,0,0,0,0,0,0
101433,A,2022,0,0,14.0,1,3.0,,15.0,7,1,0,11.0,,50.0,,,0.0,1.0,1.0,1.0,1.0,6,1.0,0.0,0.0,0.0,0.0,0.0,2.0,0.0,0.0,0.0,0.0,A_2022,1.0,2023.0,35.0,,0,0,0,1,0,0,0,0,0,0,0,0,0,0,0,0,0,0,0,0,0,0,0,0,0,0,0,0,0,0,0,0,0,0,0,0,0,0,0,0,0,0,0,0,0,0
101434,A,2020,0,0,12.0,1,1.0,,15.0,5,0,0,0.0,3.0,35.0,37.0,0.0,0.0,1.0,0.0,0.0,1.0,5,0.0,0.0,0.0,1.0,1.0,1.0,3.0,0.0,0.0,1.0,40.0,A_2020,3.0,2023.0,20.0,22.0,0,0,0,0,0,0,0,0,0,0,0,0,0,0,0,0,0,0,0,0,0,0,0,0,0,0,0,0,0,0,0,0,0,0,0,0,0,0,0,0,0,0,0,0,0,0
101435,A,2020,1,0,14.0,1,2.0,18.0,16.0,3,0,0,7.0,6.0,36.0,50.0,0.0,1.0,1.0,1.0,1.0,1.0,8,1.0,1.0,1.0,0.0,0.0,0.0,4.0,0.0,0.0,0.0,0.0,A_2020,2.0,2022.0,20.0,34.0,0,0,0,0,0,0,0,0,0,0,0,0,0,0,0,0,0,0,0,0,0,0,0,0,0,0,0,0,0,0,0,0,0,0,0,0,0,0,0,0,0,0,0,0,0,0
101436,A,2020,1,0,12.0,1,3.0,16.0,14.0,4,0,0,7.0,5.0,40.0,47.0,1.0,1.0,1.0,1.0,1.0,1.0,8,1.0,1.0,1.0,0.0,0.0,0.0,4.0,0.0,0.0,0.0,0.0,A_2020,2.0,2022.0,26.0,33.0,0,0,0,0,0,0,0,0,0,0,0,0,0,0,0,0,0,0,0,0,0,0,0,0,0,0,0,0,0,0,0,0,0,0,0,0,0,0,0,0,0,0,0,0,0,0
101437,A,2020,1,0,12.0,1,3.0,9.0,15.0,3,0,0,7.0,8.0,43.0,36.0,0.0,1.0,1.0,1.0,1.0,1.0,8,1.0,1.0,1.0,0.0,0.0,0.0,4.0,0.0,0.0,1.0,12.0,A_2020,3.0,2023.0,28.0,21.0,0,0,0,0,0,0,0,0,0,0,0,0,0,0,0,0,0,0,0,0,0,0,0,0,0,0,0,0,0,0,0,0,0,0,0,0,0,0,0,0,0,0,0,0,0,0
101438,B,2018,0,1,12.0,0,,,17.0,7,1,1,,4.0,,43.0,0.0,0.0,0.0,1.0,1.0,1.0,9,1.0,1.0,1.0,1.0,1.0,1.0,6.0,0.0,0.0,1.0,30.0,B_2018,5.0,2023.0,,26.0,0,0,0,1,0,0,0,0,0,0,0,0,0,0,0,0,1,0,0,0,0,0,0,0,0,0,0,0,0,0,0,0,0,0,0,0,0,0,0,0,0,0,0,0,0,0
101439,A,2020,1,1,14.0,1,2.0,5.0,16.0,3,0,0,7.0,1.0,42.0,42.0,0.0,1.0,1.0,1.0,1.0,1.0,8,1.0,1.0,1.0,0.0,0.0,0.0,4.0,0.0,0.0,0.0,0.0,A_2020,2.0,2022.0,26.0,26.0,0,0,0,0,0,0,0,0,0,0,0,0,0,0,0,0,0,0,0,0,0,0,0,0,0,0,0,0,0,0,0,0,0,0,0,0,0,0,0,0,0,0,0,0,0,0
101440,A,2020,0,0,11.0,1,2.0,17.0,13.0,5,0,0,6.0,6.0,38.0,41.0,0.0,0.0,1.0,1.0,1.0,1.0,8,1.0,1.0,1.0,0.0,0.0,0.0,4.0,0.0,0.0,0.0,0.0,A_2020,2.0,2022.0,25.0,28.0,0,0,0,0,0,0,0,0,0,0,0,0,0,0,0,0,0,0,0,0,0,0,0,0,0,0,0,0,0,0,0,0,0,0,0,0,0,0,0,0,0,0,0,0,0,0
101441,A,2020,0,1,12.0,1,,7.0,15.0,4,0,0,6.0,6.0,42.0,45.0,0.0,0.0,1.0,0.0,0.0,1.0,5,0.0,0.0,0.0,1.0,1.0,1.0,3.0,0.0,0.0,1.0,40.0,A_2020,3.0,2023.0,27.0,30.0,0,0,0,0,0,0,0,0,0,0,0,0,0,0,0,0,0,0,0,0,0,0,0,0,0,0,0,0,0,0,0,0,0,0,0,0,0,0,0,0,0,0,0,0,0,0
101442,A,2020,1,1,12.0,1,2.0,,15.0,3,0,0,5.0,5.0,36.0,42.0,0.0,0.0,1.0,1.0,1.0,1.0,8,1.0,1.0,1.0,0.0,0.0,0.0,4.0,0.0,0.0,1.0,32.0,A_2020,3.0,2023.0,21.0,27.0,0,0,0,0,0,0,0,0,0,0,0,0,0,0,0,0,0,0,0,0,0,0,0,0,0,0,0,0,0,0,0,0,0,0,0,0,0,0,0,0,0,0,0,0,0,0
101443,B,2018,0,0,14.0,1,2.0,,18.0,5,1,0,0.0,,58.0,41.0,,0.0,0.0,0.0,0.0,0.0,9,1.0,1.0,1.0,0.0,0.0,0.0,4.0,0.0,0.0,0.0,0.0,B_2018,4.0,2022.0,40.0,23.0,0,0,0,0,0,0,0,0,0,0,0,0,0,0,0,0,0,0,0,0,0,0,0,0,0,0,0,0,0,0,0,0,0,0,0,0,0,0,0,0,0,0,0,0,0,0
101444,A,2020,1,1,12.0,1,2.0,,14.0,4,0,0,7.0,5.0,41.0,42.0,1.0,1.0,1.0,1.0,1.0,1.0,8,1.0,1.0,1.0,0.0,0.0,0.0,4.0,0.0,0.0,0.0,0.0,A_2020,2.0,2022.0,27.0,28.0,0,0,0,0,0,0,0,0,0,0,0,0,0,0,0,0,0,0,0,0,0,0,0,0,0,0,0,0,0,0,0,0,0,0,0,0,0,0,0,0,0,0,0,0,0,0
101445,A,2022,1,0,12.0,1,1.0,,12.0,7,1,0,6.0,5.0,43.0,43.0,0.0,1.0,1.0,1.0,1.0,1.0,6,1.0,0.0,0.0,0.0,0.0,0.0,2.0,0.0,0.0,0.0,0.0,A_2022,0.0,2022.0,31.0,31.0,0,0,1,1,0,0,0,0,0,0,0,0,0,0,0,0,0,0,0,0,0,0,0,0,0,0,0,0,0,0,0,0,0,0,0,0,0,0,0,0,0,0,0,0,0,0
101446,A,2020,1,0,12.0,1,,7.0,14.0,3,0,0,9.0,,50.0,,,0.0,1.0,1.0,0.0,0.0,8,1.0,1.0,1.0,0.0,0.0,0.0,3.0,,,0.0,0.0,A_2020,2.0,2022.0,36.0,,0,0,0,0,0,0,0,0,0,0,0,0,0,0,0,0,0,0,0,0,0,0,0,0,0,0,0,0,0,0,0,0,0,0,0,0,0,0,0,0,0,0,0,0,0,0
101447,A,2020,1,0,13.0,1,2.0,18.0,15.0,3,0,0,5.0,5.0,31.0,36.0,1.0,1.0,1.0,1.0,1.0,1.0,8,1.0,1.0,1.0,0.0,0.0,0.0,4.0,0.0,0.0,0.0,0.0,A_2020,2.0,2022.0,16.0,21.0,0,0,0,0,0,0,0,0,0,0,0,0,0,0,0,0,0,0,0,0,0,0,0,0,0,0,0,0,0,0,0,0,0,0,0,0,0,0,0,0,0,0,0,0,0,0
101448,A,2020,0,1,13.0,1,2.0,5.0,15.0,8,1,0,,0.0,38.0,51.0,0.0,0.0,1.0,1.0,0.0,1.0,7,1.0,1.0,0.0,0.0,1.0,1.0,4.0,0.0,0.0,0.0,0.0,A_2020,2.0,2022.0,23.0,36.0,0,0,0,0,0,0,0,0,0,0,0,0,0,0,0,0,0,0,0,0,0,0,0,0,0,0,0,0,0,0,0,0,0,0,0,0,0,0,0,0,0,0,0,0,0,0
101449,A,2020,1,1,12.0,1,3.0,12.0,15.0,8,1,0,5.0,7.0,55.0,58.0,0.0,0.0,1.0,1.0,1.0,1.0,8,1.0,1.0,1.0,0.0,0.0,0.0,4.0,0.0,0.0,0.0,0.0,A_2020,3.0,2023.0,40.0,43.0,0,0,0,0,0,0,0,0,0,0,0,0,0,0,0,0,0,0,0,0,0,0,0,0,0,0,0,0,0,0,0,0,0,0,0,0,0,0,0,0,0,0,0,0,0,0
101450,A,2020,0,1,12.0,1,,11.0,14.0,4,0,0,2.0,0.0,42.0,52.0,0.0,0.0,1.0,1.0,1.0,1.0,8,1.0,1.0,1.0,0.0,0.0,0.0,4.0,0.0,0.0,0.0,0.0,A_2020,2.0,2022.0,28.0,38.0,0,0,0,0,0,0,0,0,0,0,0,0,0,0,0,0,0,0,0,0,0,0,0,0,0,0,0,0,0,0,0,0,0,0,0,0,0,0,0,0,0,0,0,0,0,0
101451,A,2020,1,1,12.0,1,2.0,19.0,15.0,8,1,0,5.0,4.0,35.0,34.0,0.0,0.0,1.0,0.0,0.0,0.0,6,1.0,0.0,0.0,1.0,1.0,1.0,3.0,0.0,0.0,1.0,32.0,A_2020,3.0,2023.0,20.0,19.0,0,0,0,0,0,0,0,0,0,0,0,0,0,0,0,0,0,0,0,0,0,0,0,0,0,0,0,0,0,0,0,0,0,0,0,0,0,0,0,0,0,0,0,0,0,0
101452,A,2020,1,1,14.0,1,1.0,11.0,16.0,3,0,1,3.0,5.0,36.0,46.0,0.0,0.0,1.0,0.0,0.0,0.0,6,1.0,0.0,0.0,0.0,0.0,0.0,1.0,0.0,0.0,1.0,8.0,A_2020,2.0,2022.0,20.0,30.0,0,0,0,0,0,0,0,0,0,0,0,0,0,0,0,0,0,0,0,0,0,0,0,0,0,0,0,0,0,0,0,0,0,0,0,0,0,0,0,0,0,0,0,0,0,0
101453,A,2020,1,0,12.0,1,,19.0,14.0,4,0,0,3.0,5.0,47.0,54.0,0.0,1.0,1.0,1.0,1.0,1.0,8,1.0,1.0,1.0,0.0,0.0,0.0,4.0,0.0,0.0,0.0,0.0,A_2020,2.0,2022.0,33.0,40.0,0,0,0,0,0,0,0,0,0,0,0,0,0,0,0,0,0,0,0,0,0,0,0,0,0,0,0,0,0,0,0,0,0,0,0,0,0,0,0,0,0,0,0,0,0,0
101454,A,2020,0,0,11.0,1,3.0,15.0,13.0,4,0,0,11.0,11.0,48.0,67.0,0.0,0.0,0.0,0.0,0.0,1.0,7,1.0,1.0,0.0,1.0,1.0,1.0,3.0,0.0,0.0,0.0,0.0,A_2020,2.0,2022.0,35.0,54.0,0,0,0,0,0,0,0,0,0,0,0,0,0,0,0,0,0,0,0,0,0,0,0,0,0,0,0,0,0,0,0,0,0,0,0,0,0,0,0,0,0,0,0,0,0,0
101455,A,2020,0,1,15.0,1,,5.0,18.0,5,0,0,5.0,7.0,47.0,60.0,0.0,0.0,1.0,1.0,0.0,0.0,6,1.0,0.0,0.0,0.0,0.0,0.0,2.0,0.0,0.0,0.0,0.0,A_2020,3.0,2023.0,29.0,42.0,0,0,0,0,0,0,0,0,0,0,0,0,0,0,0,0,0,0,0,0,0,0,0,0,0,0,0,0,0,0,0,0,0,0,0,0,0,0,0,0,0,0,0,0,0,0
101456,A,2020,0,0,11.0,1,3.0,15.0,13.0,3,0,0,8.0,11.0,40.0,40.0,0.0,1.0,1.0,1.0,1.0,1.0,8,1.0,1.0,1.0,0.0,0.0,0.0,4.0,0.0,0.0,0.0,0.0,A_2020,2.0,2022.0,27.0,27.0,0,0,0,0,0,0,0,0,0,0,0,0,0,0,0,0,0,0,0,0,0,0,0,0,0,0,0,0,0,0,0,0,0,0,0,0,0,0,0,0,0,0,0,0,0,0
101457,A,2020,0,0,13.0,1,2.0,7.0,16.0,3,0,0,6.0,6.0,42.0,49.0,0.0,0.0,1.0,1.0,0.0,0.0,7,1.0,1.0,0.0,0.0,0.0,0.0,3.0,1.0,1.0,0.0,0.0,A_2020,3.0,2023.0,26.0,33.0,0,0,0,0,0,0,0,0,0,0,0,0,0,0,0,0,0,0,0,0,0,0,0,0,0,0,0,0,0,0,0,0,0,0,0,0,0,0,0,0,0,0,0,0,0,0
101458,A,2022,0,0,11.0,1,2.0,,12.0,3,1,0,1.0,6.0,35.0,35.0,0.0,0.0,1.0,1.0,1.0,1.0,7,1.0,1.0,0.0,0.0,0.0,0.0,2.0,0.0,0.0,0.0,0.0,A_2022,1.0,2023.0,23.0,23.0,0,0,0,1,0,0,0,0,0,0,0,0,0,0,0,0,0,0,0,0,0,0,0,0,0,0,0,0,0,0,0,0,0,0,0,0,0,0,0,0,0,0,0,0,0,0
101459,A,2020,1,1,15.0,1,,,17.0,6,0,0,1.0,,36.0,,,0.0,1.0,0.0,0.0,0.0,6,1.0,0.0,0.0,0.0,0.0,0.0,1.0,0.0,0.0,1.0,40.0,A_2020,2.0,2022.0,19.0,,0,0,0,0,0,0,0,0,0,0,0,0,0,0,0,0,0,0,0,0,0,0,0,0,0,0,0,0,0,0,0,0,0,0,0,0,0,0,0,0,0,0,0,0,0,0
101460,A,2022,0,0,12.0,1,1.0,,13.0,7,1,0,,,,,,0.0,1.0,1.0,1.0,1.0,6,1.0,0.0,0.0,0.0,0.0,0.0,2.0,0.0,0.0,0.0,0.0,A_2022,1.0,2023.0,,,0,0,0,1,0,0,0,0,0,0,0,0,0,0,0,0,0,0,0,0,0,0,0,0,0,0,0,0,0,0,0,0,0,0,0,0,0,0,0,0,0,0,0,0,0,0
101461,A,2020,1,1,15.0,1,2.0,12.0,17.0,3,0,0,5.0,,40.0,55.0,,0.0,1.0,0.0,0.0,1.0,5,0.0,0.0,0.0,0.0,0.0,0.0,2.0,0.0,0.0,0.0,0.0,A_2020,2.0,2022.0,23.0,38.0,0,0,0,0,0,0,0,0,0,0,0,0,0,0,0,0,0,0,0,0,0,0,0,0,0,0,0,0,0,0,0,0,0,0,0,0,0,0,0,0,0,0,0,0,0,0
101462,A,2022,1,0,12.0,1,2.0,,14.0,8,1,0,8.0,11.0,34.0,48.0,0.0,1.0,1.0,1.0,1.0,1.0,6,1.0,0.0,0.0,0.0,0.0,0.0,2.0,0.0,0.0,0.0,0.0,A_2022,2.0,2024.0,20.0,34.0,0,0,0,0,0,0,0,0,0,0,0,0,0,0,0,0,0,0,0,0,0,0,0,0,0,0,0,0,0,0,0,0,0,0,0,0,0,0,0,0,0,0,0,0,0,0
101463,A,2020,1,0,11.0,1,3.0,10.0,14.0,4,0,0,4.0,11.0,39.0,50.0,1.0,1.0,1.0,1.0,1.0,1.0,8,1.0,1.0,1.0,0.0,0.0,0.0,4.0,0.0,0.0,0.0,0.0,A_2020,3.0,2023.0,25.0,36.0,0,0,0,0,0,0,0,0,0,0,0,0,0,0,0,0,0,0,0,0,0,0,0,0,0,0,0,0,0,0,0,0,0,0,0,0,0,0,0,0,0,0,0,0,0,0
101464,A,2020,1,1,12.0,1,2.0,19.0,14.0,4,0,0,,,34.0,38.0,,1.0,1.0,1.0,1.0,1.0,8,1.0,1.0,1.0,0.0,0.0,0.0,4.0,0.0,0.0,0.0,0.0,A_2020,2.0,2022.0,20.0,24.0,0,0,0,0,0,0,0,0,0,0,0,0,0,0,0,0,0,0,0,0,0,0,0,0,0,0,0,0,0,0,0,0,0,0,0,0,0,0,0,0,0,0,0,0,0,0
101465,B,2018,1,0,13.0,1,,,18.0,6,1,1,5.0,0.0,53.0,64.0,0.0,0.0,1.0,1.0,1.0,1.0,9,1.0,1.0,1.0,1.0,1.0,1.0,6.0,0.0,0.0,0.0,0.0,B_2018,5.0,2023.0,35.0,46.0,0,0,0,1,0,0,0,0,0,0,0,0,0,0,0,0,1,0,0,0,0,0,0,0,0,0,0,0,0,0,0,0,0,0,0,0,0,0,0,0,0,0,0,0,0,0
101466,A,2020,0,0,11.0,1,,19.0,13.0,3,0,0,9.0,,32.0,34.0,,0.0,1.0,1.0,,1.0,8,1.0,1.0,1.0,0.0,0.0,0.0,4.0,0.0,0.0,0.0,0.0,A_2020,2.0,2022.0,19.0,21.0,0,0,0,0,0,0,0,0,0,0,0,0,0,0,0,0,0,0,0,0,0,0,0,0,0,0,0,0,0,0,0,0,0,0,0,0,0,0,0,0,0,0,0,0,0,0
101467,A,2020,0,1,12.0,1,,5.0,15.0,1,1,0,3.0,2.0,50.0,55.0,0.0,0.0,1.0,0.0,0.0,1.0,8,1.0,1.0,1.0,0.0,0.0,0.0,4.0,0.0,0.0,0.0,0.0,A_2020,3.0,2023.0,35.0,40.0,0,0,0,0,0,0,0,0,0,0,0,0,0,0,0,0,0,0,0,0,0,0,0,0,0,0,0,0,0,0,0,0,0,0,0,0,0,0,0,0,0,0,0,0,0,0
101468,A,2020,1,0,12.0,1,2.0,4.0,14.0,3,0,0,5.0,,45.0,,,1.0,1.0,1.0,1.0,1.0,8,1.0,1.0,1.0,0.0,0.0,0.0,4.0,0.0,0.0,0.0,0.0,A_2020,2.0,2022.0,31.0,,0,0,0,0,0,0,0,0,0,0,0,0,0,0,0,0,0,0,0,0,0,0,0,0,0,0,0,0,0,0,0,0,0,0,0,0,0,0,0,0,0,0,0,0,0,0
101469,A,2020,1,1,15.0,1,1.0,19.0,18.0,1,1,0,2.0,1.0,42.0,54.0,0.0,0.0,1.0,1.0,0.0,0.0,8,1.0,1.0,1.0,1.0,1.0,1.0,4.0,0.0,0.0,1.0,40.0,A_2020,3.0,2023.0,24.0,36.0,0,0,0,0,0,0,0,0,0,0,0,0,0,0,0,0,0,0,0,0,0,0,0,0,0,0,0,0,0,0,0,0,0,0,0,0,0,0,0,0,0,0,0,0,0,0
101470,A,2022,0,0,15.0,1,1.0,,15.0,7,1,0,,,,,,0.0,0.0,1.0,1.0,1.0,6,1.0,0.0,0.0,1.0,1.0,1.0,3.0,0.0,0.0,0.0,0.0,A_2022,0.0,2022.0,,,0,0,1,1,0,0,0,0,0,0,0,0,0,0,0,0,0,0,0,0,0,0,0,0,0,0,0,0,0,0,0,0,0,0,0,0,0,0,0,0,0,0,0,0,0,0
101471,A,2020,0,1,14.0,1,1.0,19.0,16.0,3,0,0,,,60.0,,,0.0,0.0,0.0,0.0,1.0,6,1.0,0.0,0.0,1.0,1.0,1.0,3.0,0.0,0.0,1.0,20.0,A_2020,2.0,2022.0,44.0,,0,0,0,0,0,0,0,0,0,0,0,0,0,0,0,0,0,0,0,0,0,0,0,0,0,0,0,0,0,0,0,0,0,0,0,0,0,0,0,0,0,0,0,0,0,0
101472,A,2020,0,0,10.0,1,2.0,15.0,12.0,3,0,0,11.0,,47.0,,,0.0,1.0,1.0,1.0,1.0,7,1.0,1.0,0.0,0.0,0.0,0.0,3.0,0.0,0.0,0.0,0.0,A_2020,2.0,2022.0,35.0,,0,0,0,0,0,0,0,0,0,0,0,0,0,0,0,0,0,0,0,0,0,0,0,0,0,0,0,0,0,0,0,0,0,0,0,0,0,0,0,0,0,0,0,0,0,0
101473,A,2020,1,1,14.0,1,2.0,17.0,16.0,3,0,0,11.0,8.0,40.0,40.0,0.0,0.0,1.0,1.0,1.0,1.0,8,1.0,1.0,1.0,0.0,0.0,0.0,4.0,0.0,0.0,0.0,0.0,A_2020,2.0,2022.0,24.0,24.0,0,0,0,0,0,0,0,0,0,0,0,0,0,0,0,0,0,0,0,0,0,0,0,0,0,0,0,0,0,0,0,0,0,0,0,0,0,0,0,0,0,0,0,0,0,0
101474,A,2020,1,0,13.0,1,3.0,10.0,15.0,3,0,0,10.0,11.0,40.0,45.0,0.0,1.0,1.0,1.0,1.0,1.0,8,1.0,1.0,1.0,0.0,0.0,0.0,4.0,0.0,0.0,0.0,0.0,A_2020,2.0,2022.0,25.0,30.0,0,0,0,0,0,0,0,0,0,0,0,0,0,0,0,0,0,0,0,0,0,0,0,0,0,0,0,0,0,0,0,0,0,0,0,0,0,0,0,0,0,0,0,0,0,0
101475,A,2020,0,1,,1,1.0,19.0,16.0,5,0,0,5.0,5.0,36.0,35.0,0.0,0.0,0.0,0.0,0.0,1.0,7,1.0,1.0,0.0,0.0,0.0,0.0,4.0,0.0,0.0,0.0,0.0,A_2020,,,20.0,19.0,1,0,0,0,0,0,0,0,0,0,0,0,0,0,0,0,0,0,0,0,0,0,0,0,0,0,0,0,0,0,0,0,0,0,0,0,0,0,0,0,0,0,0,0,0,0
101476,A,2022,1,1,14.0,1,,,15.0,7,1,0,5.0,7.0,39.0,42.0,0.0,1.0,1.0,0.0,1.0,1.0,5,0.0,0.0,0.0,1.0,1.0,1.0,2.0,0.0,0.0,0.0,0.0,A_2022,1.0,2023.0,24.0,27.0,0,0,0,1,0,0,0,0,0,0,0,0,0,0,0,0,0,0,0,0,0,0,0,0,0,0,0,0,0,0,0,0,0,0,0,0,0,0,0,0,0,0,0,0,0,0
101477,A,2020,1,0,14.0,1,2.0,17.0,16.0,5,0,0,9.0,,53.0,,,1.0,1.0,1.0,1.0,1.0,8,1.0,1.0,1.0,0.0,0.0,0.0,4.0,0.0,0.0,0.0,0.0,A_2020,2.0,2022.0,37.0,,0,0,0,0,0,0,0,0,0,0,0,0,0,0,0,0,0,0,0,0,0,0,0,0,0,0,0,0,0,0,0,0,0,0,0,0,0,0,0,0,0,0,0,0,0,0
101478,A,2020,1,0,11.0,1,,,14.0,3,0,0,5.0,5.0,39.0,38.0,0.0,1.0,1.0,1.0,1.0,1.0,8,1.0,1.0,1.0,0.0,0.0,0.0,4.0,0.0,0.0,0.0,0.0,A_2020,3.0,2023.0,25.0,24.0,0,0,0,0,0,0,0,0,0,0,0,0,0,0,0,0,0,0,0,0,0,0,0,0,0,0,0,0,0,0,0,0,0,0,0,0,0,0,0,0,0,0,0,0,0,0
101479,A,2020,0,0,14.0,1,2.0,4.0,17.0,5,0,0,3.0,0.0,43.0,91.0,0.0,0.0,0.0,1.0,0.0,0.0,9,1.0,1.0,1.0,0.0,0.0,0.0,2.0,0.0,0.0,1.0,40.0,A_2020,3.0,2023.0,26.0,74.0,0,0,0,0,0,0,0,0,0,0,0,0,0,1,0,0,0,0,0,0,0,0,0,0,0,0,0,0,0,0,0,0,0,0,0,0,0,0,0,0,0,0,0,0,0,0
101480,A,2020,0,1,13.0,1,,17.0,15.0,3,0,0,6.0,5.0,40.0,45.0,0.0,0.0,1.0,1.0,1.0,1.0,8,1.0,1.0,1.0,0.0,0.0,0.0,4.0,0.0,0.0,0.0,0.0,A_2020,2.0,2022.0,25.0,30.0,0,0,0,0,0,0,0,0,0,0,0,0,0,0,0,0,0,0,0,0,0,0,0,0,0,0,0,0,0,0,0,0,0,0,0,0,0,0,0,0,0,0,0,0,0,0
101481,A,2020,0,1,12.0,1,2.0,5.0,15.0,4,0,0,7.0,7.0,35.0,45.0,0.0,0.0,1.0,1.0,1.0,1.0,8,1.0,1.0,1.0,0.0,0.0,0.0,4.0,0.0,0.0,0.0,0.0,A_2020,3.0,2023.0,20.0,30.0,0,0,0,0,0,0,0,0,0,0,0,0,0,0,0,0,0,0,0,0,0,0,0,0,0,0,0,0,0,0,0,0,0,0,0,0,0,0,0,0,0,0,0,0,0,0
101482,A,2020,0,1,14.0,1,2.0,17.0,16.0,3,0,0,4.0,6.0,36.0,38.0,0.0,0.0,1.0,1.0,1.0,1.0,7,1.0,1.0,0.0,1.0,1.0,1.0,4.0,0.0,0.0,1.0,40.0,A_2020,2.0,2022.0,20.0,22.0,0,0,0,0,0,0,0,0,0,0,0,0,0,0,0,0,0,0,0,0,0,0,0,0,0,0,0,0,0,0,0,0,0,0,0,0,0,0,0,0,0,0,0,0,0,0
101483,A,2022,1,0,12.0,1,2.0,,13.0,7,1,0,2.0,5.0,49.0,36.0,0.0,1.0,1.0,1.0,1.0,1.0,6,1.0,0.0,0.0,0.0,0.0,0.0,2.0,0.0,0.0,0.0,0.0,A_2022,1.0,2023.0,36.0,23.0,0,0,0,1,0,0,0,0,0,0,0,0,0,0,0,0,0,0,0,0,0,0,0,0,0,0,0,0,0,0,0,0,0,0,0,0,0,0,0,0,0,0,0,0,0,0
101484,A,2020,1,0,12.0,1,2.0,6.0,14.0,3,0,0,,,42.0,,0.0,1.0,1.0,1.0,1.0,1.0,8,1.0,1.0,1.0,0.0,0.0,0.0,4.0,0.0,0.0,0.0,0.0,A_2020,2.0,2022.0,28.0,,0,0,0,0,0,0,0,0,0,0,0,0,0,0,0,0,0,0,0,0,0,0,0,0,0,0,0,0,0,0,0,0,0,0,0,0,0,0,0,0,0,0,0,0,0,0
101485,A,2020,1,1,14.0,1,,5.0,17.0,4,0,0,7.0,,37.0,,,0.0,1.0,1.0,0.0,0.0,7,1.0,1.0,0.0,0.0,0.0,0.0,2.0,0.0,0.0,0.0,0.0,A_2020,3.0,2023.0,20.0,,0,0,0,0,0,0,0,0,0,0,0,0,0,0,0,0,0,0,0,0,0,0,0,0,0,0,0,0,0,0,0,0,0,0,0,0,0,0,0,0,0,0,0,0,0,0
101486,A,2020,0,0,15.0,1,2.0,,17.0,6,0,0,3.0,,67.0,51.0,,0.0,1.0,1.0,0.0,0.0,7,1.0,1.0,0.0,0.0,0.0,0.0,2.0,0.0,0.0,1.0,40.0,A_2020,2.0,2022.0,50.0,34.0,0,0,0,0,0,0,0,0,0,0,0,0,0,0,0,0,0,0,0,0,0,0,0,0,0,0,0,0,0,0,0,0,0,0,0,0,0,0,0,0,0,0,0,0,0,0
101487,A,2020,0,1,15.0,1,3.0,,18.0,3,0,0,7.0,5.0,46.0,49.0,0.0,0.0,1.0,1.0,1.0,1.0,7,1.0,1.0,0.0,0.0,0.0,0.0,4.0,0.0,0.0,0.0,0.0,A_2020,3.0,2023.0,28.0,31.0,0,0,0,0,0,0,0,0,0,0,0,0,0,0,0,0,0,0,0,0,0,0,0,0,0,0,0,0,0,0,0,0,0,0,0,0,0,0,0,0,0,0,0,0,0,0
101488,B,2018,0,1,15.0,0,3.0,,19.0,7,1,1,,,,,,0.0,1.0,1.0,0.0,0.0,9,1.0,1.0,1.0,0.0,0.0,0.0,4.0,0.0,0.0,1.0,40.0,B_2018,4.0,2022.0,,,0,0,0,0,0,0,0,0,0,0,0,0,0,0,0,0,0,0,0,0,0,0,0,0,0,0,0,0,0,0,0,0,0,0,0,0,0,0,0,0,0,0,0,0,0,0
101489,A,2022,0,0,11.0,1,,,11.0,7,1,0,8.0,8.0,37.0,34.0,0.0,0.0,1.0,0.0,1.0,1.0,5,0.0,0.0,0.0,0.0,0.0,0.0,1.0,0.0,0.0,0.0,0.0,A_2022,0.0,2022.0,26.0,23.0,0,0,1,1,0,0,0,0,0,0,0,0,0,0,0,0,0,0,0,0,0,0,0,0,0,0,0,0,0,0,0,0,0,0,0,0,0,0,0,0,0,0,0,0,0,0
101490,B,2018,1,0,13.0,1,,,17.0,6,1,1,5.0,,50.0,57.0,,0.0,0.0,0.0,0.0,1.0,9,1.0,1.0,1.0,0.0,0.0,0.0,6.0,0.0,0.0,0.0,0.0,B_2018,4.0,2022.0,33.0,40.0,0,0,0,0,0,0,0,0,0,0,0,0,0,0,0,0,1,0,0,0,0,0,0,0,0,0,0,0,0,0,0,0,0,0,0,0,0,0,0,0,0,0,0,0,0,0
101491,A,2022,0,0,12.0,1,2.0,,13.0,7,1,0,3.0,5.0,39.0,49.0,0.0,0.0,1.0,1.0,1.0,1.0,6,1.0,0.0,0.0,0.0,0.0,0.0,2.0,0.0,0.0,0.0,0.0,A_2022,1.0,2023.0,26.0,36.0,0,0,0,1,0,0,0,0,0,0,0,0,0,0,0,0,0,0,0,0,0,0,0,0,0,0,0,0,0,0,0,0,0,0,0,0,0,0,0,0,0,0,0,0,0,0
101492,A,2020,1,0,11.0,1,,19.0,13.0,3,0,0,5.0,11.0,40.0,39.0,0.0,1.0,1.0,1.0,1.0,1.0,8,1.0,1.0,1.0,0.0,0.0,0.0,4.0,0.0,0.0,0.0,0.0,A_2020,2.0,2022.0,27.0,26.0,0,0,0,0,0,0,0,0,0,0,0,0,0,0,0,0,0,0,0,0,0,0,0,0,0,0,0,0,0,0,0,0,0,0,0,0,0,0,0,0,0,0,0,0,0,0
101493,A,2020,0,0,11.0,1,2.0,6.0,14.0,5,0,0,8.0,9.0,39.0,43.0,0.0,0.0,1.0,1.0,1.0,1.0,8,1.0,1.0,1.0,0.0,0.0,0.0,4.0,0.0,0.0,0.0,0.0,A_2020,3.0,2023.0,25.0,29.0,0,0,0,0,0,0,0,0,0,0,0,0,0,0,0,0,0,0,0,0,0,0,0,0,0,0,0,0,0,0,0,0,0,0,0,0,0,0,0,0,0,0,0,0,0,0
101494,A,2020,0,0,13.0,1,2.0,5.0,15.0,3,0,0,4.0,5.0,40.0,48.0,0.0,0.0,1.0,1.0,1.0,1.0,8,1.0,1.0,1.0,0.0,0.0,0.0,4.0,0.0,0.0,0.0,0.0,A_2020,2.0,2022.0,25.0,33.0,0,0,0,0,0,0,0,0,0,0,0,0,0,0,0,0,0,0,0,0,0,0,0,0,0,0,0,0,0,0,0,0,0,0,0,0,0,0,0,0,0,0,0,0,0,0
101495,A,2020,1,1,11.0,1,2.0,6.0,13.0,3,0,0,7.0,5.0,40.0,40.0,,1.0,1.0,1.0,1.0,1.0,8,1.0,1.0,1.0,0.0,0.0,0.0,4.0,0.0,0.0,0.0,0.0,A_2020,2.0,2022.0,27.0,27.0,0,0,0,0,0,0,0,0,0,0,0,0,0,0,0,0,0,0,0,0,0,0,0,0,0,0,0,0,0,0,0,0,0,0,0,0,0,0,0,0,0,0,0,0,0,0
101496,A,2020,0,0,12.0,1,2.0,5.0,15.0,4,0,0,11.0,6.0,42.0,40.0,0.0,0.0,1.0,1.0,1.0,1.0,8,1.0,1.0,1.0,0.0,0.0,0.0,4.0,0.0,0.0,0.0,0.0,A_2020,3.0,2023.0,27.0,25.0,0,0,0,0,0,0,0,0,0,0,0,0,0,0,0,0,0,0,0,0,0,0,0,0,0,0,0,0,0,0,0,0,0,0,0,0,0,0,0,0,0,0,0,0,0,0
101497,A,2020,0,1,12.0,1,2.0,,14.0,3,0,0,10.0,10.0,35.0,43.0,0.0,0.0,1.0,1.0,1.0,1.0,8,1.0,1.0,1.0,0.0,0.0,0.0,4.0,0.0,0.0,0.0,0.0,A_2020,2.0,2022.0,21.0,29.0,0,0,0,0,0,0,0,0,0,0,0,0,0,0,0,0,0,0,0,0,0,0,0,0,0,0,0,0,0,0,0,0,0,0,0,0,0,0,0,0,0,0,0,0,0,0
101498,A,2020,0,0,12.0,1,1.0,6.0,15.0,7,1,0,5.0,6.0,35.0,39.0,0.0,0.0,1.0,0.0,0.0,0.0,7,1.0,1.0,0.0,1.0,1.0,1.0,4.0,0.0,0.0,0.0,0.0,A_2020,3.0,2023.0,20.0,24.0,0,0,0,0,0,0,0,0,0,0,0,0,0,0,0,0,0,0,0,0,0,0,0,0,0,0,0,0,0,0,0,0,0,0,0,0,0,0,0,0,0,0,0,0,0,0
101499,A,2020,0,0,12.0,1,3.0,4.0,14.0,4,0,0,,11.0,40.0,38.0,0.0,0.0,1.0,1.0,1.0,1.0,8,1.0,1.0,1.0,0.0,0.0,0.0,4.0,0.0,0.0,0.0,0.0,A_2020,2.0,2022.0,26.0,24.0,0,0,0,0,0,0,0,0,0,0,0,0,0,0,0,0,0,0,0,0,0,0,0,0,0,0,0,0,0,0,0,0,0,0,0,0,0,0,0,0,0,0,0,0,0,0
101500,A,2020,1,1,15.0,1,2.0,17.0,18.0,3,0,0,9.0,8.0,36.0,40.0,0.0,1.0,1.0,1.0,1.0,1.0,8,1.0,1.0,1.0,0.0,0.0,0.0,4.0,0.0,0.0,0.0,0.0,A_2020,3.0,2023.0,18.0,22.0,0,0,0,0,0,0,0,0,0,0,0,0,0,0,0,0,0,0,0,0,0,0,0,0,0,0,0,0,0,0,0,0,0,0,0,0,0,0,0,0,0,0,0,0,0,0
101501,A,2020,0,0,11.0,1,2.0,8.0,14.0,6,0,0,5.0,,41.0,,,0.0,1.0,1.0,,1.0,8,1.0,1.0,1.0,0.0,0.0,0.0,4.0,0.0,0.0,0.0,0.0,A_2020,3.0,2023.0,27.0,,0,0,0,0,0,0,0,0,0,0,0,0,0,0,0,0,0,0,0,0,0,0,0,0,0,0,0,0,0,0,0,0,0,0,0,0,0,0,0,0,0,0,0,0,0,0
101502,A,2020,0,0,,1,2.0,,14.0,4,0,0,5.0,,43.0,,,0.0,1.0,1.0,1.0,1.0,8,1.0,1.0,1.0,0.0,0.0,0.0,4.0,0.0,0.0,1.0,20.0,A_2020,,,29.0,,1,0,0,0,0,0,0,0,0,0,0,0,0,0,0,0,0,0,0,0,0,0,0,0,0,0,0,0,0,0,0,0,0,0,0,0,0,0,0,0,0,0,0,0,0,0
101503,A,2022,1,0,15.0,1,2.0,,14.0,8,1,0,11.0,9.0,44.0,39.0,0.0,0.0,0.0,1.0,0.0,0.0,6,1.0,0.0,0.0,1.0,1.0,1.0,3.0,0.0,0.0,0.0,0.0,A_2022,-1.0,2021.0,30.0,25.0,0,1,0,1,0,0,0,0,0,0,0,0,0,0,0,0,0,0,0,0,0,0,0,0,0,0,0,0,0,0,0,0,0,0,0,0,0,0,0,0,0,0,0,0,0,0
101504,A,2022,1,0,11.0,1,2.0,,12.0,8,1,0,9.0,9.0,42.0,40.0,0.0,1.0,1.0,1.0,1.0,1.0,6,1.0,0.0,0.0,0.0,0.0,0.0,2.0,0.0,0.0,0.0,0.0,A_2022,1.0,2023.0,30.0,28.0,0,0,0,1,0,0,0,0,0,0,0,0,0,0,0,0,0,0,0,0,0,0,0,0,0,0,0,0,0,0,0,0,0,0,0,0,0,0,0,0,0,0,0,0,0,0
101505,A,2022,0,1,11.0,1,2.0,,12.0,7,1,0,5.0,,39.0,,,0.0,1.0,1.0,1.0,1.0,6,1.0,0.0,0.0,0.0,0.0,0.0,2.0,0.0,0.0,0.0,0.0,A_2022,1.0,2023.0,27.0,,0,0,0,1,0,0,0,0,0,0,0,0,0,0,0,0,0,0,0,0,0,0,0,0,0,0,0,0,0,0,0,0,0,0,0,0,0,0,0,0,0,0,0,0,0,0
101506,A,2020,1,1,12.0,1,2.0,,15.0,7,1,0,8.0,8.0,45.0,43.0,1.0,0.0,1.0,1.0,1.0,1.0,7,1.0,1.0,0.0,1.0,1.0,1.0,4.0,0.0,0.0,0.0,0.0,A_2020,3.0,2023.0,30.0,28.0,0,0,0,0,0,0,0,0,0,0,0,0,0,0,0,0,0,0,0,0,0,0,0,0,0,0,0,0,0,0,0,0,0,0,0,0,0,0,0,0,0,0,0,0,0,0
101507,B,2018,0,1,10.0,0,2.0,,15.0,6,1,0,,,,,,0.0,1.0,1.0,1.0,1.0,9,1.0,1.0,1.0,0.0,0.0,0.0,6.0,0.0,0.0,1.0,10.0,B_2018,5.0,2023.0,,,0,0,0,1,0,0,0,0,0,0,0,0,0,0,0,0,1,0,0,0,0,0,0,0,0,0,0,0,0,0,0,0,0,0,0,0,0,0,0,0,0,0,0,0,0,0
101508,A,2022,1,0,14.0,1,3.0,,13.0,7,1,0,11.0,,31.0,,,1.0,1.0,1.0,1.0,1.0,6,1.0,0.0,0.0,0.0,0.0,0.0,2.0,0.0,0.0,0.0,0.0,A_2022,-1.0,2021.0,18.0,,0,1,0,1,0,0,0,0,0,0,0,0,0,0,0,0,0,0,0,0,0,0,0,0,0,0,0,0,0,0,0,0,0,0,0,0,0,0,0,0,0,0,0,0,0,0
101509,A,2020,0,1,11.0,1,2.0,15.0,14.0,9,1,0,5.0,5.0,36.0,34.0,0.0,0.0,1.0,1.0,1.0,1.0,8,1.0,1.0,1.0,0.0,0.0,0.0,4.0,0.0,0.0,0.0,0.0,A_2020,3.0,2023.0,22.0,20.0,0,0,0,0,0,0,0,0,0,0,0,0,0,0,0,0,0,0,0,0,0,0,0,0,0,0,0,0,0,0,0,0,0,0,0,0,0,0,0,0,0,0,0,0,0,0
101510,B,2018,0,1,15.0,0,1.0,,20.0,7,1,1,,,,,,0.0,0.0,0.0,0.0,0.0,6,1.0,0.0,0.0,0.0,0.0,0.0,1.0,0.0,0.0,0.0,0.0,B_2018,5.0,2023.0,,,0,0,0,1,0,0,0,0,0,0,0,0,0,0,0,0,0,0,0,0,0,0,0,0,0,0,0,0,0,0,0,0,0,0,0,0,0,0,0,0,0,0,0,0,0,0
101511,A,2020,0,1,13.0,1,2.0,17.0,16.0,5,0,0,9.0,,42.0,,,0.0,1.0,1.0,1.0,1.0,7,1.0,1.0,0.0,1.0,1.0,1.0,4.0,0.0,0.0,0.0,0.0,A_2020,3.0,2023.0,26.0,,0,0,0,0,0,0,0,0,0,0,0,0,0,0,0,0,0,0,0,0,0,0,0,0,0,0,0,0,0,0,0,0,0,0,0,0,0,0,0,0,0,0,0,0,0,0
101512,A,2020,0,1,12.0,1,2.0,7.0,14.0,6,0,0,7.0,8.0,49.0,43.0,0.0,0.0,1.0,1.0,1.0,1.0,8,1.0,1.0,1.0,0.0,0.0,0.0,4.0,0.0,0.0,0.0,0.0,A_2020,2.0,2022.0,35.0,29.0,0,0,0,0,0,0,0,0,0,0,0,0,0,0,0,0,0,0,0,0,0,0,0,0,0,0,0,0,0,0,0,0,0,0,0,0,0,0,0,0,0,0,0,0,0,0
101513,A,2020,1,1,11.0,1,2.0,18.0,15.0,4,1,0,6.0,2.0,58.0,56.0,0.0,1.0,1.0,1.0,1.0,1.0,9,1.0,1.0,1.0,0.0,0.0,0.0,4.0,0.0,0.0,0.0,0.0,A_2020,4.0,2024.0,43.0,41.0,0,0,0,0,0,0,0,0,0,0,0,0,0,0,0,0,0,0,0,0,0,0,0,0,0,0,0,0,0,0,0,0,0,0,0,0,0,0,0,0,0,0,0,0,0,0
101514,A,2020,1,1,11.0,1,2.0,6.0,14.0,3,0,0,7.0,11.0,42.0,43.0,1.0,1.0,1.0,1.0,1.0,1.0,8,1.0,1.0,1.0,0.0,0.0,0.0,4.0,0.0,0.0,0.0,0.0,A_2020,3.0,2023.0,28.0,29.0,0,0,0,0,0,0,0,0,0,0,0,0,0,0,0,0,0,0,0,0,0,0,0,0,0,0,0,0,0,0,0,0,0,0,0,0,0,0,0,0,0,0,0,0,0,0
101515,A,2020,0,1,11.0,1,2.0,6.0,14.0,3,0,0,6.0,5.0,30.0,42.0,0.0,0.0,1.0,1.0,1.0,1.0,8,1.0,1.0,1.0,0.0,0.0,0.0,4.0,0.0,0.0,0.0,0.0,A_2020,3.0,2023.0,16.0,28.0,0,0,0,0,0,0,0,0,0,0,0,0,0,0,0,0,0,0,0,0,0,0,0,0,0,0,0,0,0,0,0,0,0,0,0,0,0,0,0,0,0,0,0,0,0,0
101516,A,2020,1,0,12.0,1,2.0,19.0,15.0,3,0,0,4.0,5.0,31.0,45.0,0.0,1.0,1.0,1.0,1.0,1.0,8,1.0,1.0,1.0,0.0,0.0,0.0,4.0,0.0,0.0,0.0,0.0,A_2020,3.0,2023.0,16.0,30.0,0,0,0,0,0,0,0,0,0,0,0,0,0,0,0,0,0,0,0,0,0,0,0,0,0,0,0,0,0,0,0,0,0,0,0,0,0,0,0,0,0,0,0,0,0,0
101517,A,2022,1,0,13.0,1,2.0,,14.0,7,1,0,7.0,,33.0,,,0.0,0.0,0.0,0.0,1.0,5,0.0,0.0,0.0,1.0,1.0,1.0,2.0,0.0,0.0,0.0,0.0,A_2022,1.0,2023.0,19.0,,0,0,0,1,0,0,0,0,0,0,0,0,0,0,0,0,0,0,0,0,0,0,0,0,0,0,0,0,0,0,0,0,0,0,0,0,0,0,0,0,0,0,0,0,0,0
101518,A,2020,0,1,12.0,1,2.0,10.0,14.0,3,0,0,5.0,5.0,44.0,72.0,0.0,0.0,0.0,0.0,0.0,1.0,8,1.0,1.0,1.0,0.0,0.0,0.0,4.0,0.0,0.0,0.0,0.0,A_2020,2.0,2022.0,30.0,58.0,0,0,0,0,0,0,0,0,0,0,0,0,0,0,0,0,0,0,0,0,0,0,0,0,0,0,0,0,0,0,0,0,0,0,0,0,0,0,0,0,0,0,0,0,0,0
101519,A,2020,0,1,14.0,1,2.0,5.0,16.0,3,0,0,,,,,,0.0,1.0,0.0,0.0,0.0,5,0.0,0.0,0.0,0.0,0.0,0.0,1.0,0.0,0.0,0.0,0.0,A_2020,2.0,2022.0,,,0,0,0,0,0,0,0,0,0,0,0,0,0,0,0,0,0,0,0,0,0,0,0,0,0,0,0,0,0,0,0,0,0,0,0,0,0,0,0,0,0,0,0,0,0,0
101520,A,2022,1,0,12.0,1,2.0,,12.0,7,1,0,5.0,,36.0,35.0,1.0,1.0,1.0,1.0,1.0,1.0,6,1.0,0.0,0.0,0.0,0.0,0.0,2.0,0.0,0.0,0.0,0.0,A_2022,0.0,2022.0,24.0,23.0,0,0,1,1,0,0,0,0,0,0,0,0,0,0,0,0,0,0,0,0,0,0,0,0,0,0,0,0,0,0,0,0,0,0,0,0,0,0,0,0,0,0,0,0,0,0
101521,A,2020,0,0,11.0,1,2.0,7.0,14.0,7,1,0,5.0,11.0,37.0,43.0,0.0,0.0,1.0,1.0,0.0,1.0,8,1.0,1.0,1.0,0.0,0.0,0.0,4.0,0.0,0.0,1.0,6.0,A_2020,3.0,2023.0,23.0,29.0,0,0,0,0,0,0,0,0,0,0,0,0,0,0,0,0,0,0,0,0,0,0,0,0,0,0,0,0,0,0,0,0,0,0,0,0,0,0,0,0,0,0,0,0,0,0
101522,A,2020,1,0,13.0,1,,19.0,15.0,3,0,0,5.0,5.0,42.0,46.0,0.0,0.0,0.0,0.0,0.0,0.0,6,1.0,0.0,0.0,0.0,0.0,0.0,1.0,0.0,0.0,0.0,0.0,A_2020,2.0,2022.0,27.0,31.0,0,0,0,0,0,0,0,0,0,0,0,0,0,0,0,0,0,0,0,0,0,0,0,0,0,0,0,0,0,0,0,0,0,0,0,0,0,0,0,0,0,0,0,0,0,0
101523,A,2020,0,1,14.0,1,2.0,19.0,16.0,3,0,0,5.0,6.0,56.0,51.0,0.0,0.0,1.0,0.0,0.0,0.0,5,0.0,0.0,0.0,0.0,0.0,0.0,1.0,0.0,0.0,1.0,40.0,A_2020,2.0,2022.0,40.0,35.0,0,0,0,0,0,0,0,0,0,0,0,0,0,0,0,0,0,0,0,0,0,0,0,0,0,0,0,0,0,0,0,0,0,0,0,0,0,0,0,0,0,0,0,0,0,0
101524,A,2020,0,1,13.0,1,2.0,,15.0,3,0,0,11.0,7.0,39.0,36.0,0.0,0.0,0.0,0.0,0.0,1.0,7,1.0,1.0,0.0,0.0,0.0,0.0,4.0,0.0,0.0,1.0,0.0,A_2020,2.0,2022.0,24.0,21.0,0,0,0,0,0,0,0,0,0,0,0,0,0,0,0,1,0,0,0,0,0,0,0,0,0,0,0,0,0,0,0,0,0,0,0,0,0,0,0,0,0,0,0,0,0,0
101525,A,2020,1,0,12.0,1,2.0,19.0,14.0,3,0,0,4.0,5.0,36.0,37.0,0.0,1.0,1.0,1.0,1.0,1.0,7,1.0,1.0,0.0,1.0,1.0,1.0,4.0,0.0,0.0,0.0,0.0,A_2020,2.0,2022.0,22.0,23.0,0,0,0,0,0,0,0,0,0,0,0,0,0,0,0,0,0,0,0,0,0,0,0,0,0,0,0,0,0,0,0,0,0,0,0,0,0,0,0,0,0,0,0,0,0,0
101526,A,2020,1,0,13.0,1,,19.0,15.0,5,0,0,3.0,0.0,33.0,39.0,0.0,1.0,1.0,1.0,1.0,1.0,8,1.0,1.0,1.0,0.0,0.0,0.0,4.0,0.0,0.0,0.0,0.0,A_2020,2.0,2022.0,18.0,24.0,0,0,0,0,0,0,0,0,0,0,0,0,0,0,0,0,0,0,0,0,0,0,0,0,0,0,0,0,0,0,0,0,0,0,0,0,0,0,0,0,0,0,0,0,0,0
101527,A,2022,1,0,13.0,1,1.0,,14.0,7,1,0,3.0,3.0,34.0,47.0,0.0,0.0,0.0,0.0,0.0,1.0,5,0.0,0.0,0.0,1.0,1.0,1.0,2.0,0.0,0.0,0.0,0.0,A_2022,1.0,2023.0,20.0,33.0,0,0,0,1,0,0,0,0,0,0,0,0,0,0,0,0,0,0,0,0,0,0,0,0,0,0,0,0,0,0,0,0,0,0,0,0,0,0,0,0,0,0,0,0,0,0
101528,B,2018,1,0,15.0,0,1.0,,20.0,7,1,1,5.0,5.0,38.0,59.0,0.0,0.0,1.0,1.0,0.0,0.0,8,1.0,1.0,1.0,0.0,0.0,0.0,3.0,0.0,1.0,1.0,0.0,B_2018,5.0,2023.0,18.0,39.0,0,0,0,1,0,0,0,0,0,0,0,0,0,0,0,1,0,0,0,0,0,0,0,0,0,0,0,0,0,0,0,0,0,0,0,0,0,0,0,0,0,0,0,0,0,0
101529,A,2022,0,1,,1,2.0,,12.0,7,1,0,9.0,9.0,29.0,34.0,0.0,0.0,1.0,1.0,1.0,1.0,6,1.0,0.0,0.0,0.0,0.0,0.0,2.0,0.0,0.0,0.0,0.0,A_2022,,,17.0,22.0,1,0,0,0,0,0,0,0,0,0,0,0,0,0,0,0,0,0,0,0,0,0,0,0,0,0,0,0,0,0,0,0,0,0,0,0,0,0,0,0,0,0,0,0,0,0
101530,A,2020,1,1,12.0,1,1.0,17.0,15.0,4,0,0,5.0,5.0,46.0,47.0,0.0,1.0,1.0,1.0,1.0,1.0,8,1.0,1.0,1.0,0.0,0.0,0.0,4.0,0.0,0.0,0.0,0.0,A_2020,3.0,2023.0,31.0,32.0,0,0,0,0,0,0,0,0,0,0,0,0,0,0,0,0,0,0,0,0,0,0,0,0,0,0,0,0,0,0,0,0,0,0,0,0,0,0,0,0,0,0,0,0,0,0
101531,A,2022,1,1,11.0,1,,,12.0,8,1,0,4.0,5.0,42.0,48.0,1.0,1.0,1.0,1.0,1.0,1.0,6,1.0,0.0,0.0,0.0,0.0,0.0,2.0,0.0,0.0,0.0,0.0,A_2022,1.0,2023.0,30.0,36.0,0,0,0,1,0,0,0,0,0,0,0,0,0,0,0,0,0,0,0,0,0,0,0,0,0,0,0,0,0,0,0,0,0,0,0,0,0,0,0,0,0,0,0,0,0,0
101532,A,2022,0,0,13.0,1,2.0,,12.0,7,1,0,7.0,6.0,46.0,45.0,0.0,0.0,1.0,1.0,1.0,1.0,6,1.0,0.0,0.0,0.0,0.0,0.0,2.0,0.0,0.0,0.0,0.0,A_2022,-1.0,2021.0,34.0,33.0,0,1,0,1,0,0,0,0,0,0,0,0,0,0,0,0,0,0,0,0,0,0,0,0,0,0,0,0,0,0,0,0,0,0,0,0,0,0,0,0,0,0,0,0,0,0
101533,A,2020,1,0,12.0,1,2.0,19.0,15.0,5,0,0,5.0,5.0,50.0,46.0,0.0,1.0,1.0,1.0,1.0,1.0,8,1.0,1.0,1.0,0.0,0.0,0.0,4.0,0.0,0.0,0.0,0.0,A_2020,3.0,2023.0,35.0,31.0,0,0,0,0,0,0,0,0,0,0,0,0,0,0,0,0,0,0,0,0,0,0,0,0,0,0,0,0,0,0,0,0,0,0,0,0,0,0,0,0,0,0,0,0,0,0
101534,B,2018,1,1,11.0,0,1.0,,16.0,7,1,1,6.0,1.0,36.0,52.0,0.0,1.0,1.0,1.0,1.0,1.0,9,1.0,1.0,1.0,0.0,0.0,0.0,6.0,0.0,0.0,0.0,0.0,B_2018,5.0,2023.0,20.0,36.0,0,0,0,1,0,0,0,0,0,0,0,0,0,0,0,0,1,0,0,0,0,0,0,0,0,0,0,0,0,0,0,0,0,0,0,0,0,0,0,0,0,0,0,0,0,0
101535,A,2022,0,0,13.0,1,2.0,,13.0,7,1,0,5.0,5.0,38.0,42.0,,0.0,1.0,1.0,1.0,1.0,6,1.0,0.0,0.0,0.0,0.0,0.0,2.0,0.0,0.0,0.0,0.0,A_2022,0.0,2022.0,25.0,29.0,0,0,1,1,0,0,0,0,0,0,0,0,0,0,0,0,0,0,0,0,0,0,0,0,0,0,0,0,0,0,0,0,0,0,0,0,0,0,0,0,0,0,0,0,0,0
101536,A,2020,0,1,11.0,1,2.0,8.0,13.0,8,1,0,11.0,8.0,40.0,42.0,0.0,0.0,1.0,1.0,1.0,1.0,8,1.0,1.0,1.0,0.0,0.0,0.0,4.0,0.0,0.0,0.0,0.0,A_2020,2.0,2022.0,27.0,29.0,0,0,0,0,0,0,0,0,0,0,0,0,0,0,0,0,0,0,0,0,0,0,0,0,0,0,0,0,0,0,0,0,0,0,0,0,0,0,0,0,0,0,0,0,0,0
101537,A,2020,1,1,13.0,1,3.0,17.0,15.0,3,0,0,4.0,3.0,43.0,48.0,0.0,1.0,1.0,1.0,1.0,1.0,8,1.0,1.0,1.0,1.0,1.0,1.0,5.0,0.0,0.0,0.0,0.0,A_2020,2.0,2022.0,28.0,33.0,0,0,0,0,0,0,0,0,0,0,0,0,0,0,0,0,1,0,0,0,0,0,0,0,0,0,0,0,0,0,0,0,0,0,0,0,0,0,0,0,0,0,0,0,0,0
101538,A,2020,1,1,12.0,1,2.0,19.0,14.0,4,0,0,2.0,2.0,51.0,46.0,0.0,1.0,1.0,1.0,1.0,1.0,8,1.0,1.0,1.0,0.0,0.0,0.0,4.0,0.0,0.0,0.0,0.0,A_2020,2.0,2022.0,37.0,32.0,0,0,0,0,0,0,0,0,0,0,0,0,0,0,0,0,0,0,0,0,0,0,0,0,0,0,0,0,0,0,0,0,0,0,0,0,0,0,0,0,0,0,0,0,0,0
101539,B,2018,0,1,13.0,1,2.0,,17.0,6,1,1,5.0,,45.0,,,0.0,0.0,0.0,0.0,1.0,9,1.0,1.0,1.0,0.0,0.0,0.0,6.0,0.0,0.0,1.0,28.0,B_2018,4.0,2022.0,28.0,,0,0,0,0,0,0,0,0,0,0,0,0,0,0,0,0,1,0,0,0,0,0,0,0,0,0,0,0,0,0,0,0,0,0,0,0,0,0,0,0,0,0,0,0,0,0
101540,A,2020,0,0,14.0,1,2.0,19.0,16.0,2,0,0,6.0,,42.0,,,0.0,1.0,0.0,0.0,0.0,7,1.0,1.0,0.0,0.0,0.0,0.0,2.0,1.0,0.0,0.0,0.0,A_2020,2.0,2022.0,26.0,,0,0,0,0,0,0,0,0,0,0,0,0,0,0,0,0,0,0,0,0,0,0,0,0,0,0,0,0,0,0,0,0,0,0,0,0,0,0,0,0,0,0,0,0,0,0
101541,A,2020,1,1,12.0,1,,6.0,15.0,4,0,0,5.0,5.0,52.0,42.0,0.0,0.0,1.0,1.0,1.0,1.0,7,1.0,1.0,0.0,1.0,1.0,1.0,4.0,0.0,0.0,0.0,0.0,A_2020,3.0,2023.0,37.0,27.0,0,0,0,0,0,0,0,0,0,0,0,0,0,0,0,0,0,0,0,0,0,0,0,0,0,0,0,0,0,0,0,0,0,0,0,0,0,0,0,0,0,0,0,0,0,0
101542,A,2020,1,1,12.0,1,2.0,1.0,14.0,8,1,0,5.0,5.0,32.0,33.0,0.0,0.0,1.0,1.0,1.0,1.0,8,1.0,1.0,1.0,0.0,0.0,0.0,4.0,0.0,0.0,0.0,0.0,A_2020,2.0,2022.0,18.0,19.0,0,0,0,0,0,0,0,0,0,0,0,0,0,0,0,0,0,0,0,0,0,0,0,0,0,0,0,0,0,0,0,0,0,0,0,0,0,0,0,0,0,0,0,0,0,0
101543,A,2020,1,1,12.0,1,2.0,11.0,14.0,8,1,0,8.0,8.0,36.0,40.0,0.0,1.0,1.0,1.0,1.0,1.0,8,1.0,1.0,1.0,0.0,0.0,0.0,4.0,0.0,0.0,0.0,0.0,A_2020,2.0,2022.0,22.0,26.0,0,0,0,0,0,0,0,0,0,0,0,0,0,0,0,0,0,0,0,0,0,0,0,0,0,0,0,0,0,0,0,0,0,0,0,0,0,0,0,0,0,0,0,0,0,0
101544,A,2020,1,1,11.0,1,1.0,8.0,15.0,3,1,0,5.0,,42.0,,,0.0,1.0,1.0,1.0,1.0,8,1.0,1.0,1.0,1.0,1.0,1.0,4.0,0.0,0.0,0.0,0.0,A_2020,4.0,2024.0,27.0,,0,0,0,0,0,0,0,0,0,0,0,0,0,0,0,0,0,0,0,0,0,0,0,0,0,0,0,0,0,0,0,0,0,0,0,0,0,0,0,0,0,0,0,0,0,0
101545,A,2020,1,0,12.0,1,2.0,17.0,15.0,4,0,0,11.0,,31.0,,,1.0,1.0,1.0,1.0,1.0,8,1.0,1.0,1.0,0.0,0.0,0.0,4.0,0.0,0.0,0.0,0.0,A_2020,3.0,2023.0,16.0,,0,0,0,0,0,0,0,0,0,0,0,0,0,0,0,0,0,0,0,0,0,0,0,0,0,0,0,0,0,0,0,0,0,0,0,0,0,0,0,0,0,0,0,0,0,0
101546,A,2020,1,0,13.0,1,2.0,,15.0,4,0,0,5.0,,31.0,,,1.0,1.0,1.0,1.0,1.0,8,1.0,1.0,1.0,0.0,0.0,0.0,4.0,0.0,0.0,0.0,0.0,A_2020,2.0,2022.0,16.0,,0,0,0,0,0,0,0,0,0,0,0,0,0,0,0,0,0,0,0,0,0,0,0,0,0,0,0,0,0,0,0,0,0,0,0,0,0,0,0,0,0,0,0,0,0,0
101547,A,2020,1,0,13.0,1,2.0,18.0,16.0,4,1,0,2.0,5.0,52.0,48.0,0.0,0.0,1.0,1.0,0.0,1.0,8,1.0,1.0,1.0,0.0,0.0,0.0,4.0,0.0,0.0,0.0,0.0,A_2020,3.0,2023.0,36.0,32.0,0,0,0,0,0,0,0,0,0,0,0,0,0,0,0,0,0,0,0,0,0,0,0,0,0,0,0,0,0,0,0,0,0,0,0,0,0,0,0,0,0,0,0,0,0,0
101548,A,2020,1,0,13.0,1,2.0,,16.0,8,1,0,1.0,5.0,43.0,44.0,0.0,0.0,1.0,1.0,1.0,1.0,7,1.0,1.0,0.0,0.0,1.0,1.0,4.0,0.0,0.0,0.0,0.0,A_2020,3.0,2023.0,27.0,28.0,0,0,0,0,0,0,0,0,0,0,0,0,0,0,0,0,0,0,0,0,0,0,0,0,0,0,0,0,0,0,0,0,0,0,0,0,0,0,0,0,0,0,0,0,0,0
101549,A,2022,0,0,14.0,1,,,15.0,12,1,0,0.0,5.0,42.0,43.0,0.0,0.0,1.0,1.0,1.0,1.0,6,1.0,0.0,0.0,0.0,0.0,0.0,2.0,0.0,0.0,0.0,0.0,A_2022,1.0,2023.0,27.0,28.0,0,0,0,1,0,0,0,0,0,0,0,0,0,0,0,0,0,0,0,0,0,0,0,0,0,0,0,0,0,0,0,0,0,0,0,0,0,0,0,0,0,0,0,0,0,0
101550,A,2020,0,1,,1,1.0,19.0,17.0,3,0,0,5.0,,56.0,,,0.0,1.0,0.0,0.0,0.0,6,1.0,0.0,0.0,0.0,0.0,0.0,1.0,0.0,0.0,1.0,40.0,A_2020,,,39.0,,1,0,0,0,0,0,0,0,0,0,0,0,0,0,0,0,0,0,0,0,0,0,0,0,0,0,0,0,0,0,0,0,0,0,0,0,0,0,0,0,0,0,0,0,0,0
101551,B,2018,1,0,11.0,1,,,16.0,7,1,1,5.0,,43.0,40.0,0.0,0.0,1.0,1.0,1.0,1.0,9,1.0,1.0,1.0,0.0,0.0,0.0,6.0,0.0,0.0,0.0,0.0,B_2018,5.0,2023.0,27.0,24.0,0,0,0,1,0,0,0,0,0,0,0,0,0,0,0,0,1,0,0,0,0,0,0,0,0,0,0,0,0,0,0,0,0,0,0,0,0,0,0,0,0,0,0,0,0,0
101552,A,2020,0,0,11.0,1,1.0,5.0,13.0,5,0,0,,,42.0,41.0,0.0,0.0,1.0,1.0,1.0,1.0,8,1.0,1.0,1.0,0.0,0.0,0.0,4.0,0.0,0.0,0.0,0.0,A_2020,2.0,2022.0,29.0,28.0,0,0,0,0,0,0,0,0,0,0,0,0,0,0,0,0,0,0,0,0,0,0,0,0,0,0,0,0,0,0,0,0,0,0,0,0,0,0,0,0,0,0,0,0,0,0
101553,A,2022,1,0,13.0,1,3.0,,14.0,7,1,0,2.0,,33.0,,,1.0,1.0,1.0,1.0,1.0,6,1.0,0.0,0.0,0.0,0.0,0.0,2.0,0.0,0.0,0.0,0.0,A_2022,1.0,2023.0,19.0,,0,0,0,1,0,0,0,0,0,0,0,0,0,0,0,0,0,0,0,0,0,0,0,0,0,0,0,0,0,0,0,0,0,0,0,0,0,0,0,0,0,0,0,0,0,0
101554,A,2020,1,1,12.0,1,2.0,6.0,15.0,1,1,0,11.0,,40.0,,,1.0,1.0,1.0,1.0,1.0,9,1.0,1.0,1.0,1.0,1.0,1.0,5.0,0.0,0.0,0.0,0.0,A_2020,3.0,2023.0,25.0,,0,0,0,0,0,0,0,0,0,0,0,0,0,0,0,0,1,0,0,0,0,0,0,0,0,0,0,0,0,0,0,0,0,0,0,0,0,0,0,0,0,0,0,0,0,0
101555,B,2018,0,0,12.0,0,3.0,,17.0,6,1,1,2.0,2.0,49.0,53.0,0.0,1.0,1.0,1.0,1.0,1.0,9,1.0,1.0,1.0,0.0,0.0,0.0,6.0,0.0,0.0,0.0,0.0,B_2018,5.0,2023.0,32.0,36.0,0,0,0,1,0,0,0,0,0,0,0,0,0,0,0,0,1,0,0,0,0,0,0,0,0,0,0,0,0,0,0,0,0,0,0,0,0,0,0,0,0,0,0,0,0,0
101556,A,2020,0,0,14.0,1,1.0,18.0,16.0,8,1,0,,3.0,,50.0,0.0,0.0,0.0,0.0,0.0,1.0,8,1.0,1.0,1.0,0.0,0.0,0.0,4.0,0.0,0.0,0.0,0.0,A_2020,2.0,2022.0,,34.0,0,0,0,0,0,0,0,0,0,0,0,0,0,0,0,0,0,0,0,0,0,0,0,0,0,0,0,0,0,0,0,0,0,0,0,0,0,0,0,0,0,0,0,0,0,0
101557,A,2022,0,0,11.0,1,3.0,,11.0,7,1,0,5.0,8.0,38.0,38.0,0.0,0.0,1.0,1.0,1.0,1.0,6,1.0,0.0,0.0,0.0,0.0,0.0,2.0,0.0,0.0,0.0,0.0,A_2022,0.0,2022.0,27.0,27.0,0,0,1,1,0,0,0,0,0,0,0,0,0,0,0,0,0,0,0,0,0,0,0,0,0,0,0,0,0,0,0,0,0,0,0,0,0,0,0,0,0,0,0,0,0,0
101558,A,2020,1,1,12.0,1,3.0,17.0,15.0,9,1,0,1.0,3.0,46.0,44.0,0.0,1.0,1.0,1.0,1.0,1.0,8,1.0,1.0,1.0,0.0,0.0,0.0,4.0,0.0,0.0,0.0,0.0,A_2020,3.0,2023.0,31.0,29.0,0,0,0,0,0,0,0,0,0,0,0,0,0,0,0,0,0,0,0,0,0,0,0,0,0,0,0,0,0,0,0,0,0,0,0,0,0,0,0,0,0,0,0,0,0,0
101559,B,2018,1,1,14.0,0,2.0,,18.0,7,1,1,5.0,5.0,34.0,40.0,0.0,0.0,0.0,0.0,0.0,0.0,7,1.0,1.0,0.0,0.0,0.0,0.0,2.0,0.0,0.0,1.0,40.0,B_2018,4.0,2022.0,16.0,22.0,0,0,0,0,0,0,0,0,0,0,0,0,0,0,0,0,0,0,0,0,0,0,0,0,0,0,0,0,0,0,0,0,0,0,0,0,0,0,0,0,0,0,0,0,0,0
101560,A,2020,1,0,13.0,1,2.0,11.0,15.0,3,0,1,,,35.0,43.0,0.0,1.0,1.0,1.0,1.0,1.0,8,1.0,1.0,1.0,0.0,0.0,0.0,4.0,0.0,0.0,0.0,0.0,A_2020,2.0,2022.0,20.0,28.0,0,0,0,0,0,0,0,0,0,0,0,0,0,0,0,0,0,0,0,0,0,0,0,0,0,0,0,0,0,0,0,0,0,0,0,0,0,0,0,0,0,0,0,0,0,0
101561,A,2020,0,1,,1,2.0,,14.0,8,1,0,6.0,6.0,41.0,42.0,0.0,0.0,1.0,1.0,1.0,1.0,8,1.0,1.0,1.0,0.0,0.0,0.0,4.0,0.0,0.0,0.0,0.0,A_2020,,,27.0,28.0,1,0,0,0,0,0,0,0,0,0,0,0,0,0,0,0,0,0,0,0,0,0,0,0,0,0,0,0,0,0,0,0,0,0,0,0,0,0,0,0,0,0,0,0,0,0
101562,A,2020,0,1,12.0,1,,19.0,14.0,3,0,0,,,,,,0.0,1.0,1.0,1.0,1.0,8,1.0,1.0,1.0,0.0,0.0,0.0,4.0,0.0,0.0,0.0,0.0,A_2020,2.0,2022.0,,,0,0,0,0,0,0,0,0,0,0,0,0,0,0,0,0,0,0,0,0,0,0,0,0,0,0,0,0,0,0,0,0,0,0,0,0,0,0,0,0,0,0,0,0,0,0
101563,A,2020,1,0,13.0,1,3.0,19.0,15.0,5,0,0,5.0,5.0,42.0,40.0,0.0,0.0,1.0,1.0,1.0,1.0,8,1.0,1.0,1.0,0.0,0.0,0.0,4.0,0.0,0.0,0.0,0.0,A_2020,2.0,2022.0,27.0,25.0,0,0,0,0,0,0,0,0,0,0,0,0,0,0,0,0,0,0,0,0,0,0,0,0,0,0,0,0,0,0,0,0,0,0,0,0,0,0,0,0,0,0,0,0,0,0
101564,A,2020,1,1,13.0,1,2.0,,16.0,4,0,0,6.0,6.0,44.0,59.0,1.0,1.0,1.0,1.0,1.0,1.0,8,1.0,1.0,1.0,0.0,0.0,0.0,4.0,0.0,0.0,1.0,16.0,A_2020,3.0,2023.0,28.0,43.0,0,0,0,0,0,0,0,0,0,0,0,0,0,0,0,0,0,0,0,0,0,0,0,0,0,0,0,0,0,0,0,0,0,0,0,0,0,0,0,0,0,0,0,0,0,0
101565,B,2018,1,0,11.0,0,,,15.0,5,1,0,3.0,3.0,30.0,37.0,0.0,1.0,1.0,1.0,1.0,1.0,9,1.0,1.0,1.0,0.0,0.0,0.0,6.0,0.0,0.0,0.0,0.0,B_2018,4.0,2022.0,15.0,22.0,0,0,0,0,0,0,0,0,0,0,0,0,0,0,0,0,1,0,0,0,0,0,0,0,0,0,0,0,0,0,0,0,0,0,0,0,0,0,0,0,0,0,0,0,0,0
101566,A,2020,1,1,15.0,1,,19.0,17.0,3,0,0,5.0,3.0,33.0,39.0,0.0,0.0,1.0,1.0,1.0,1.0,8,1.0,1.0,1.0,0.0,0.0,0.0,4.0,0.0,0.0,1.0,40.0,A_2020,2.0,2022.0,16.0,22.0,0,0,0,0,0,0,0,0,0,0,0,0,0,0,0,0,0,0,0,0,0,0,0,0,0,0,0,0,0,0,0,0,0,0,0,0,0,0,0,0,0,0,0,0,0,0
101567,A,2022,1,1,11.0,1,2.0,,12.0,7,1,0,11.0,,37.0,,,0.0,0.0,0.0,0.0,1.0,6,1.0,0.0,0.0,0.0,0.0,0.0,2.0,0.0,0.0,0.0,0.0,A_2022,1.0,2023.0,25.0,,0,0,0,1,0,0,0,0,0,0,0,0,0,0,0,0,0,0,0,0,0,0,0,0,0,0,0,0,0,0,0,0,0,0,0,0,0,0,0,0,0,0,0,0,0,0
101568,A,2020,0,1,11.0,1,,,14.0,3,0,0,5.0,,46.0,,,1.0,1.0,1.0,1.0,1.0,8,1.0,1.0,1.0,0.0,0.0,0.0,4.0,0.0,0.0,0.0,0.0,A_2020,3.0,2023.0,32.0,,0,0,0,0,0,0,0,0,0,0,0,0,0,0,0,0,0,0,0,0,0,0,0,0,0,0,0,0,0,0,0,0,0,0,0,0,0,0,0,0,0,0,0,0,0,0
101569,A,2020,1,1,12.0,1,3.0,18.0,14.0,3,0,0,11.0,11.0,38.0,48.0,0.0,1.0,1.0,1.0,1.0,1.0,8,1.0,1.0,1.0,0.0,0.0,0.0,3.0,0.0,0.0,0.0,0.0,A_2020,2.0,2022.0,24.0,34.0,0,0,0,0,0,0,0,0,0,0,0,0,0,0,0,0,0,0,0,0,0,0,0,0,0,0,0,0,0,0,0,0,0,0,0,0,0,0,0,0,0,0,0,0,0,0
101570,A,2020,0,1,15.0,1,,,17.0,4,0,0,8.0,10.0,41.0,53.0,0.0,0.0,1.0,0.0,0.0,0.0,5,0.0,0.0,0.0,1.0,1.0,1.0,2.0,0.0,0.0,1.0,40.0,A_2020,2.0,2022.0,24.0,36.0,0,0,0,0,0,0,0,0,0,0,0,0,0,0,0,0,0,0,0,0,0,0,0,0,0,0,0,0,0,0,0,0,0,0,0,0,0,0,0,0,0,0,0,0,0,0
101571,A,2020,1,0,14.0,1,,,17.0,4,0,0,2.0,3.0,42.0,54.0,0.0,1.0,1.0,1.0,1.0,1.0,8,1.0,1.0,1.0,0.0,0.0,0.0,4.0,0.0,0.0,0.0,0.0,A_2020,3.0,2023.0,25.0,37.0,0,0,0,0,0,0,0,0,0,0,0,0,0,0,0,0,0,0,0,0,0,0,0,0,0,0,0,0,0,0,0,0,0,0,0,0,0,0,0,0,0,0,0,0,0,0
101572,A,2020,1,0,12.0,1,2.0,,14.0,3,0,0,9.0,9.0,42.0,39.0,1.0,1.0,1.0,1.0,1.0,1.0,8,1.0,1.0,1.0,0.0,0.0,0.0,4.0,0.0,0.0,0.0,0.0,A_2020,2.0,2022.0,28.0,25.0,0,0,0,0,0,0,0,0,0,0,0,0,0,0,0,0,0,0,0,0,0,0,0,0,0,0,0,0,0,0,0,0,0,0,0,0,0,0,0,0,0,0,0,0,0,0
101573,A,2020,0,0,14.0,1,2.0,19.0,17.0,5,0,0,7.0,,44.0,,,0.0,1.0,0.0,0.0,0.0,5,0.0,0.0,0.0,0.0,0.0,0.0,1.0,0.0,0.0,0.0,0.0,A_2020,3.0,2023.0,27.0,,0,0,0,0,0,0,0,0,0,0,0,0,0,0,0,0,0,0,0,0,0,0,0,0,0,0,0,0,0,0,0,0,0,0,0,0,0,0,0,0,0,0,0,0,0,0
101574,B,2018,1,0,13.0,0,1.0,,18.0,7,1,1,,,,,,0.0,1.0,0.0,0.0,1.0,8,1.0,1.0,1.0,1.0,1.0,1.0,6.0,0.0,0.0,0.0,0.0,B_2018,5.0,2023.0,,,0,0,0,1,0,0,0,0,0,0,0,0,0,0,0,0,1,0,0,0,0,0,0,0,0,0,0,0,0,0,0,0,0,0,0,0,0,0,0,0,0,0,0,0,0,0
101575,A,2022,0,1,11.0,1,2.0,,12.0,12,1,0,7.0,7.0,30.0,36.0,0.0,0.0,1.0,0.0,1.0,1.0,5,0.0,0.0,0.0,1.0,1.0,1.0,2.0,0.0,0.0,0.0,0.0,A_2022,1.0,2023.0,18.0,24.0,0,0,0,1,0,0,0,0,0,0,0,0,0,0,0,0,0,0,0,0,0,0,0,0,0,0,0,0,0,0,0,0,0,0,0,0,0,0,0,0,0,0,0,0,0,0
101576,A,2022,0,1,11.0,1,3.0,,12.0,7,1,0,5.0,5.0,34.0,39.0,0.0,0.0,1.0,1.0,1.0,1.0,6,1.0,0.0,0.0,0.0,0.0,0.0,3.0,0.0,0.0,0.0,0.0,A_2022,1.0,2023.0,22.0,27.0,0,0,0,1,0,0,0,0,0,0,0,0,0,0,0,0,0,0,0,0,0,0,0,0,0,0,0,0,0,0,0,0,0,0,0,0,0,0,0,0,0,0,0,0,0,0
101577,A,2020,0,1,11.0,1,3.0,15.0,14.0,3,0,0,,,35.0,,,0.0,1.0,0.0,0.0,1.0,8,1.0,1.0,1.0,0.0,0.0,0.0,4.0,0.0,0.0,0.0,0.0,A_2020,3.0,2023.0,21.0,,0,0,0,0,0,0,0,0,0,0,0,0,0,0,0,0,0,0,0,0,0,0,0,0,0,0,0,0,0,0,0,0,0,0,0,0,0,0,0,0,0,0,0,0,0,0
101578,A,2020,0,1,14.0,1,3.0,19.0,17.0,4,0,0,5.0,,43.0,,,0.0,1.0,1.0,1.0,1.0,8,1.0,1.0,1.0,0.0,0.0,0.0,4.0,0.0,0.0,0.0,0.0,A_2020,3.0,2023.0,26.0,,0,0,0,0,0,0,0,0,0,0,0,0,0,0,0,0,0,0,0,0,0,0,0,0,0,0,0,0,0,0,0,0,0,0,0,0,0,0,0,0,0,0,0,0,0,0
101579,A,2020,0,0,12.0,1,2.0,10.0,14.0,3,0,1,8.0,2.0,44.0,54.0,0.0,0.0,1.0,1.0,1.0,1.0,8,1.0,1.0,1.0,0.0,0.0,0.0,4.0,0.0,0.0,1.0,4.0,A_2020,2.0,2022.0,30.0,40.0,0,0,0,0,0,0,0,0,0,0,0,0,0,0,0,0,0,0,0,0,0,0,0,0,0,0,0,0,0,0,0,0,0,0,0,0,0,0,0,0,0,0,0,0,0,0
101580,A,2022,0,0,11.0,1,3.0,,12.0,7,1,0,8.0,11.0,35.0,38.0,,0.0,1.0,1.0,1.0,1.0,6,1.0,0.0,0.0,0.0,0.0,0.0,2.0,0.0,0.0,0.0,0.0,A_2022,1.0,2023.0,23.0,26.0,0,0,0,1,0,0,0,0,0,0,0,0,0,0,0,0,0,0,0,0,0,0,0,0,0,0,0,0,0,0,0,0,0,0,0,0,0,0,0,0,0,0,0,0,0,0
101581,A,2020,1,0,13.0,1,2.0,19.0,16.0,3,0,0,5.0,5.0,53.0,58.0,1.0,1.0,1.0,1.0,1.0,1.0,8,1.0,1.0,1.0,0.0,0.0,0.0,4.0,0.0,0.0,0.0,0.0,A_2020,3.0,2023.0,37.0,42.0,0,0,0,0,0,0,0,0,0,0,0,0,0,0,0,0,0,0,0,0,0,0,0,0,0,0,0,0,0,0,0,0,0,0,0,0,0,0,0,0,0,0,0,0,0,0
101582,A,2022,0,1,12.0,1,,,13.0,7,1,0,2.0,,40.0,,,0.0,0.0,0.0,0.0,1.0,6,1.0,0.0,0.0,0.0,0.0,0.0,2.0,0.0,0.0,0.0,0.0,A_2022,1.0,2023.0,27.0,,0,0,0,1,0,0,0,0,0,0,0,0,0,0,0,0,0,0,0,0,0,0,0,0,0,0,0,0,0,0,0,0,0,0,0,0,0,0,0,0,0,0,0,0,0,0
101583,A,2020,0,0,13.0,1,,11.0,15.0,9,1,1,4.0,5.0,37.0,38.0,0.0,0.0,1.0,0.0,0.0,1.0,7,1.0,1.0,0.0,1.0,1.0,1.0,4.0,0.0,0.0,0.0,0.0,A_2020,2.0,2022.0,22.0,23.0,0,0,0,0,0,0,0,0,0,0,0,0,0,0,0,0,0,0,0,0,0,0,0,0,0,0,0,0,0,0,0,0,0,0,0,0,0,0,0,0,0,0,0,0,0,0
101584,A,2020,1,1,13.0,1,1.0,19.0,16.0,3,0,0,,,36.0,,,0.0,1.0,0.0,0.0,1.0,5,0.0,0.0,0.0,0.0,0.0,0.0,2.0,0.0,0.0,1.0,40.0,A_2020,3.0,2023.0,20.0,,0,0,0,0,0,0,0,0,0,0,0,0,0,0,0,0,0,0,0,0,0,0,0,0,0,0,0,0,0,0,0,0,0,0,0,0,0,0,0,0,0,0,0,0,0,0
101585,A,2020,0,0,,1,1.0,19.0,14.0,3,0,0,5.0,5.0,46.0,47.0,0.0,0.0,1.0,1.0,0.0,1.0,8,1.0,1.0,1.0,0.0,0.0,0.0,4.0,0.0,0.0,0.0,0.0,A_2020,,,32.0,33.0,1,0,0,0,0,0,0,0,0,0,0,0,0,0,0,0,0,0,0,0,0,0,0,0,0,0,0,0,0,0,0,0,0,0,0,0,0,0,0,0,0,0,0,0,0,0
101586,A,2020,1,0,11.0,1,1.0,,14.0,3,0,0,5.0,5.0,36.0,36.0,0.0,0.0,1.0,0.0,0.0,1.0,7,1.0,1.0,0.0,1.0,1.0,1.0,4.0,0.0,0.0,0.0,0.0,A_2020,3.0,2023.0,22.0,22.0,0,0,0,0,0,0,0,0,0,0,0,0,0,0,0,0,0,0,0,0,0,0,0,0,0,0,0,0,0,0,0,0,0,0,0,0,0,0,0,0,0,0,0,0,0,0
101587,A,2020,0,1,14.0,1,2.0,,17.0,8,1,0,5.0,2.0,42.0,45.0,1.0,1.0,1.0,1.0,1.0,1.0,8,1.0,1.0,1.0,0.0,0.0,0.0,4.0,0.0,0.0,1.0,40.0,A_2020,3.0,2023.0,25.0,28.0,0,0,0,0,0,0,0,0,0,0,0,0,0,0,0,0,0,0,0,0,0,0,0,0,0,0,0,0,0,0,0,0,0,0,0,0,0,0,0,0,0,0,0,0,0,0
101588,A,2020,0,1,12.0,1,1.0,19.0,15.0,6,0,0,4.0,6.0,33.0,42.0,,0.0,0.0,0.0,0.0,0.0,5,0.0,0.0,0.0,0.0,0.0,0.0,1.0,0.0,0.0,1.0,40.0,A_2020,3.0,2023.0,18.0,27.0,0,0,0,0,0,0,0,0,0,0,0,0,0,0,0,0,0,0,0,0,0,0,0,0,0,0,0,0,0,0,0,0,0,0,0,0,0,0,0,0,0,0,0,0,0,0
101589,A,2020,1,1,,1,3.0,,15.0,7,1,0,4.0,,37.0,41.0,,0.0,0.0,1.0,1.0,1.0,7,1.0,1.0,0.0,1.0,1.0,2.0,5.0,0.0,0.0,1.0,20.0,A_2020,,,22.0,26.0,1,0,0,0,0,0,0,0,0,0,0,0,0,0,0,0,1,0,0,0,0,0,0,0,0,0,0,0,0,0,0,0,0,0,0,0,0,0,0,0,0,0,0,0,0,0
101590,A,2020,1,0,12.0,1,2.0,4.0,14.0,6,0,0,9.0,2.0,45.0,45.0,0.0,1.0,1.0,1.0,1.0,1.0,8,1.0,1.0,1.0,0.0,0.0,0.0,4.0,0.0,0.0,0.0,0.0,A_2020,2.0,2022.0,31.0,31.0,0,0,0,0,0,0,0,0,0,0,0,0,0,0,0,0,0,0,0,0,0,0,0,0,0,0,0,0,0,0,0,0,0,0,0,0,0,0,0,0,0,0,0,0,0,0
101591,A,2020,0,1,14.0,1,3.0,10.0,16.0,3,0,0,9.0,9.0,39.0,41.0,0.0,0.0,1.0,1.0,1.0,1.0,10,0.0,0.0,0.0,0.0,0.0,0.0,4.0,0.0,0.0,0.0,0.0,A_2020,2.0,2022.0,23.0,25.0,0,0,0,0,1,1,1,1,0,0,0,0,0,0,0,0,0,0,0,0,0,0,0,0,0,0,0,0,0,0,0,0,0,0,0,0,0,0,0,0,0,0,0,0,0,0
101592,A,2020,0,0,13.0,1,1.0,,15.0,3,0,0,7.0,,37.0,,,0.0,1.0,0.0,0.0,1.0,6,1.0,0.0,0.0,0.0,0.0,0.0,4.0,0.0,0.0,0.0,0.0,A_2020,2.0,2022.0,22.0,,0,0,0,0,0,0,0,0,0,0,0,0,0,0,0,0,0,0,0,0,0,0,0,0,0,0,0,0,0,0,0,0,0,0,0,0,0,0,0,0,0,0,0,0,0,0
101593,A,2020,1,0,12.0,1,3.0,18.0,15.0,8,1,0,3.0,3.0,45.0,50.0,0.0,0.0,1.0,0.0,0.0,0.0,6,1.0,0.0,0.0,1.0,1.0,1.0,3.0,0.0,0.0,1.0,8.0,A_2020,3.0,2023.0,30.0,35.0,0,0,0,0,0,0,0,0,0,0,0,0,0,0,0,0,0,0,0,0,0,0,0,0,0,0,0,0,0,0,0,0,0,0,0,0,0,0,0,0,0,0,0,0,0,0
101594,A,2020,0,1,14.0,1,3.0,6.0,16.0,3,0,0,7.0,5.0,39.0,45.0,0.0,0.0,1.0,1.0,1.0,1.0,8,1.0,1.0,1.0,0.0,0.0,0.0,4.0,0.0,0.0,0.0,0.0,A_2020,2.0,2022.0,23.0,29.0,0,0,0,0,0,0,0,0,0,0,0,0,0,0,0,0,0,0,0,0,0,0,0,0,0,0,0,0,0,0,0,0,0,0,0,0,0,0,0,0,0,0,0,0,0,0
101595,A,2020,1,1,13.0,1,2.0,7.0,15.0,3,0,0,11.0,8.0,35.0,42.0,0.0,1.0,1.0,1.0,1.0,1.0,8,1.0,1.0,1.0,0.0,0.0,0.0,4.0,0.0,0.0,0.0,0.0,A_2020,2.0,2022.0,20.0,27.0,0,0,0,0,0,0,0,0,0,0,0,0,0,0,0,0,0,0,0,0,0,0,0,0,0,0,0,0,0,0,0,0,0,0,0,0,0,0,0,0,0,0,0,0,0,0
101596,A,2020,1,0,11.0,1,1.0,17.0,13.0,5,0,0,8.0,5.0,34.0,36.0,0.0,1.0,1.0,1.0,1.0,1.0,8,1.0,1.0,1.0,0.0,0.0,0.0,4.0,0.0,0.0,1.0,8.0,A_2020,2.0,2022.0,21.0,23.0,0,0,0,0,0,0,0,0,0,0,0,0,0,0,0,0,0,0,0,0,0,0,0,0,0,0,0,0,0,0,0,0,0,0,0,0,0,0,0,0,0,0,0,0,0,0
101597,A,2020,0,0,14.0,1,3.0,,17.0,4,0,0,11.0,11.0,59.0,58.0,0.0,1.0,1.0,1.0,1.0,1.0,9,1.0,1.0,1.0,0.0,0.0,0.0,4.0,0.0,0.0,0.0,0.0,A_2020,3.0,2023.0,42.0,41.0,0,0,0,0,0,0,0,0,0,0,0,0,0,0,0,0,0,0,0,0,0,0,0,0,0,0,0,0,0,0,0,0,0,0,0,0,0,0,0,0,0,0,0,0,0,0
101598,A,2020,1,0,12.0,1,2.0,,14.0,3,0,0,8.0,,39.0,,,1.0,1.0,1.0,1.0,1.0,8,1.0,1.0,1.0,0.0,0.0,0.0,4.0,0.0,0.0,0.0,0.0,A_2020,2.0,2022.0,25.0,,0,0,0,0,0,0,0,0,0,0,0,0,0,0,0,0,0,0,0,0,0,0,0,0,0,0,0,0,0,0,0,0,0,0,0,0,0,0,0,0,0,0,0,0,0,0
101599,A,2020,1,1,13.0,1,2.0,10.0,15.0,3,0,0,10.0,8.0,35.0,37.0,0.0,1.0,1.0,1.0,1.0,1.0,8,1.0,1.0,1.0,0.0,0.0,0.0,4.0,0.0,0.0,0.0,0.0,A_2020,2.0,2022.0,20.0,22.0,0,0,0,0,0,0,0,0,0,0,0,0,0,0,0,0,0,0,0,0,0,0,0,0,0,0,0,0,0,0,0,0,0,0,0,0,0,0,0,0,0,0,0,0,0,0
101600,A,2020,0,0,13.0,1,3.0,19.0,15.0,3,0,0,5.0,,39.0,,,0.0,0.0,0.0,0.0,1.0,8,1.0,1.0,1.0,0.0,0.0,0.0,4.0,0.0,0.0,0.0,0.0,A_2020,2.0,2022.0,24.0,,0,0,0,0,0,0,0,0,0,0,0,0,0,0,0,0,0,0,0,0,0,0,0,0,0,0,0,0,0,0,0,0,0,0,0,0,0,0,0,0,0,0,0,0,0,0
101601,A,2020,0,0,11.0,1,2.0,4.0,13.0,3,0,0,9.0,7.0,38.0,42.0,1.0,0.0,1.0,1.0,0.0,1.0,8,1.0,1.0,1.0,0.0,0.0,0.0,4.0,0.0,0.0,0.0,0.0,A_2020,2.0,2022.0,25.0,29.0,0,0,0,0,0,0,0,0,0,0,0,0,0,0,0,0,0,0,0,0,0,0,0,0,0,0,0,0,0,0,0,0,0,0,0,0,0,0,0,0,0,0,0,0,0,0
101602,A,2020,0,0,14.0,1,2.0,17.0,17.0,2,0,0,4.0,1.0,33.0,37.0,0.0,0.0,1.0,1.0,1.0,1.0,8,1.0,1.0,1.0,0.0,0.0,0.0,4.0,0.0,0.0,0.0,0.0,A_2020,3.0,2023.0,16.0,20.0,0,0,0,0,0,0,0,0,0,0,0,0,0,0,0,0,0,0,0,0,0,0,0,0,0,0,0,0,0,0,0,0,0,0,0,0,0,0,0,0,0,0,0,0,0,0
101603,A,2020,1,1,12.0,1,1.0,19.0,14.0,3,0,0,8.0,6.0,35.0,34.0,0.0,0.0,1.0,1.0,1.0,1.0,7,1.0,1.0,0.0,1.0,1.0,1.0,4.0,0.0,0.0,0.0,0.0,A_2020,2.0,2022.0,21.0,20.0,0,0,0,0,0,0,0,0,0,0,0,0,0,0,0,0,0,0,0,0,0,0,0,0,0,0,0,0,0,0,0,0,0,0,0,0,0,0,0,0,0,0,0,0,0,0
101604,A,2020,1,0,10.0,1,1.0,,13.0,4,0,0,11.0,,42.0,,,1.0,1.0,1.0,1.0,1.0,8,1.0,1.0,1.0,0.0,0.0,0.0,4.0,0.0,0.0,0.0,0.0,A_2020,3.0,2023.0,29.0,,0,0,0,0,0,0,0,0,0,0,0,0,0,0,0,0,0,0,0,0,0,0,0,0,0,0,0,0,0,0,0,0,0,0,0,0,0,0,0,0,0,0,0,0,0,0
101605,A,2020,1,1,14.0,1,3.0,,16.0,3,0,0,5.0,,50.0,80.0,0.0,1.0,1.0,1.0,1.0,1.0,8,1.0,1.0,1.0,0.0,0.0,0.0,4.0,0.0,0.0,0.0,0.0,A_2020,2.0,2022.0,34.0,64.0,0,0,0,0,0,0,0,0,0,0,0,0,0,1,0,0,0,0,0,0,0,0,0,0,0,0,0,0,0,0,0,0,0,0,0,0,0,0,0,0,0,0,0,0,0,0
101606,A,2020,0,0,12.0,1,2.0,18.0,14.0,6,0,0,9.0,3.0,97.0,38.0,0.0,0.0,1.0,1.0,1.0,1.0,8,1.0,1.0,1.0,0.0,0.0,0.0,4.0,0.0,0.0,0.0,0.0,A_2020,2.0,2022.0,83.0,24.0,0,0,0,0,0,0,0,0,0,0,1,0,0,0,0,0,0,0,0,0,0,0,0,0,0,0,0,0,0,0,0,0,0,0,0,0,0,0,0,0,0,0,0,0,0,0
101607,A,2020,1,0,11.0,1,2.0,5.0,14.0,6,0,0,4.0,9.0,33.0,38.0,0.0,0.0,1.0,1.0,1.0,1.0,6,1.0,0.0,0.0,0.0,0.0,0.0,3.0,0.0,0.0,0.0,0.0,A_2020,3.0,2023.0,19.0,24.0,0,0,0,0,0,0,0,0,0,0,0,0,0,0,0,0,0,0,0,0,0,0,0,0,0,0,0,0,0,0,0,0,0,0,0,0,0,0,0,0,0,0,0,0,0,0
101608,A,2020,1,1,14.0,1,,,16.0,4,0,0,,,38.0,,,0.0,1.0,0.0,0.0,1.0,5,0.0,0.0,0.0,0.0,0.0,0.0,2.0,0.0,0.0,1.0,40.0,A_2020,2.0,2022.0,22.0,,0,0,0,0,0,0,0,0,0,0,0,0,0,0,0,0,0,0,0,0,0,0,0,0,0,0,0,0,0,0,0,0,0,0,0,0,0,0,0,0,0,0,0,0,0,0
101609,A,2020,0,1,12.0,1,2.0,4.0,14.0,3,0,0,,,40.0,,,0.0,1.0,0.0,0.0,0.0,6,1.0,0.0,0.0,0.0,0.0,0.0,1.0,0.0,0.0,0.0,0.0,A_2020,2.0,2022.0,26.0,,0,0,0,0,0,0,0,0,0,0,0,0,0,0,0,0,0,0,0,0,0,0,0,0,0,0,0,0,0,0,0,0,0,0,0,0,0,0,0,0,0,0,0,0,0,0
101610,A,2020,1,0,11.0,1,1.0,,14.0,8,1,0,5.0,2.0,35.0,46.0,0.0,0.0,1.0,1.0,0.0,1.0,8,1.0,1.0,1.0,0.0,0.0,0.0,4.0,0.0,0.0,0.0,0.0,A_2020,3.0,2023.0,21.0,32.0,0,0,0,0,0,0,0,0,0,0,0,0,0,0,0,0,0,0,0,0,0,0,0,0,0,0,0,0,0,0,0,0,0,0,0,0,0,0,0,0,0,0,0,0,0,0
101611,A,2020,1,0,11.0,1,2.0,4.0,14.0,3,0,0,3.0,2.0,52.0,59.0,0.0,1.0,1.0,1.0,1.0,1.0,8,1.0,1.0,1.0,0.0,0.0,0.0,4.0,0.0,0.0,0.0,0.0,A_2020,3.0,2023.0,38.0,45.0,0,0,0,0,0,0,0,0,0,0,0,0,0,0,0,0,0,0,0,0,0,0,0,0,0,0,0,0,0,0,0,0,0,0,0,0,0,0,0,0,0,0,0,0,0,0
101612,A,2020,1,0,12.0,1,2.0,4.0,14.0,3,0,0,7.0,6.0,34.0,34.0,0.0,1.0,1.0,1.0,1.0,1.0,8,1.0,1.0,1.0,0.0,0.0,0.0,4.0,0.0,0.0,0.0,0.0,A_2020,2.0,2022.0,20.0,20.0,0,0,0,0,0,0,0,0,0,0,0,0,0,0,0,0,0,0,0,0,0,0,0,0,0,0,0,0,0,0,0,0,0,0,0,0,0,0,0,0,0,0,0,0,0,0
101613,A,2020,1,0,10.0,1,2.0,4.0,12.0,3,0,0,3.0,11.0,38.0,38.0,0.0,1.0,1.0,1.0,1.0,1.0,8,1.0,1.0,1.0,0.0,0.0,0.0,4.0,0.0,0.0,0.0,0.0,A_2020,2.0,2022.0,26.0,26.0,0,0,0,0,0,0,0,0,0,0,0,0,0,0,0,0,0,0,0,0,0,0,0,0,0,0,0,0,0,0,0,0,0,0,0,0,0,0,0,0,0,0,0,0,0,0
101614,A,2020,0,1,14.0,1,2.0,7.0,16.0,3,0,0,8.0,2.0,39.0,43.0,0.0,0.0,0.0,0.0,1.0,1.0,7,1.0,1.0,0.0,0.0,0.0,0.0,4.0,0.0,0.0,0.0,0.0,A_2020,2.0,2022.0,23.0,27.0,0,0,0,0,0,0,0,0,0,0,0,0,0,0,0,0,0,0,0,0,0,0,0,0,0,0,0,0,0,0,0,0,0,0,0,0,0,0,0,0,0,0,0,0,0,0
101615,A,2020,1,0,12.0,1,2.0,7.0,14.0,7,1,0,7.0,8.0,41.0,40.0,0.0,1.0,1.0,1.0,1.0,1.0,8,1.0,1.0,1.0,0.0,0.0,0.0,4.0,0.0,0.0,0.0,0.0,A_2020,2.0,2022.0,27.0,26.0,0,0,0,0,0,0,0,0,0,0,0,0,0,0,0,0,0,0,0,0,0,0,0,0,0,0,0,0,0,0,0,0,0,0,0,0,0,0,0,0,0,0,0,0,0,0
101616,A,2020,1,0,12.0,1,1.0,,14.0,5,0,0,1.0,0.0,55.0,55.0,0.0,0.0,1.0,1.0,0.0,1.0,7,1.0,1.0,0.0,0.0,0.0,0.0,4.0,0.0,0.0,0.0,0.0,A_2020,2.0,2022.0,41.0,41.0,0,0,0,0,0,0,0,0,0,0,0,0,0,0,0,0,0,0,0,0,0,0,0,0,0,0,0,0,0,0,0,0,0,0,0,0,0,0,0,0,0,0,0,0,0,0
101617,A,2020,1,0,12.0,1,,,15.0,3,1,0,5.0,5.0,50.0,53.0,,1.0,1.0,1.0,1.0,1.0,9,1.0,1.0,1.0,0.0,0.0,0.0,4.0,0.0,0.0,0.0,0.0,A_2020,3.0,2023.0,35.0,38.0,0,0,0,0,0,0,0,0,0,0,0,0,0,0,0,0,0,0,0,0,0,0,0,0,0,0,0,0,0,0,0,0,0,0,0,0,0,0,0,0,0,0,0,0,0,0
