applicant_id,cohort,selected,issue,certainty,observed_values,recommended_treatment
100021,A_2020,0,age_pair_missing,missing,"{""age_at_application"": null, ""age_at_survey"": 14.0}",Do not fill ages using other-wave age minus three; retain applicant and other outcomes.
100035,A_2020,0,age_pair_missing,missing,"{""age_at_application"": null, ""age_at_survey"": 15.0}",Do not fill ages using other-wave age minus three; retain applicant and other outcomes.
100054,A_2020,1,age_pair_missing,missing,"{""age_at_application"": null, ""age_at_survey"": 18.0}",Do not fill ages using other-wave age minus three; retain applicant and other outcomes.
100072,A_2020,0,age_pair_missing,missing,"{""age_at_application"": null, ""age_at_survey"": 15.0}",Do not fill ages using other-wave age minus three; retain applicant and other outcomes.
100084,A_2020,1,age_pair_missing,missing,"{""age_at_application"": null, ""age_at_survey"": 16.0}",Do not fill ages using other-wave age minus three; retain applicant and other outcomes.
100123,A_2020,1,age_pair_missing,missing,"{""age_at_application"": null, ""age_at_survey"": 15.0}",Do not fill ages using other-wave age minus three; retain applicant and other outcomes.
100173,A_2020,0,age_pair_missing,missing,"{""age_at_application"": null, ""age_at_survey"": 15.0}",Do not fill ages using other-wave age minus three; retain applicant and other outcomes.
100205,A_2020,0,age_pair_missing,missing,"{""age_at_application"": null, ""age_at_survey"": 14.0}",Do not fill ages using other-wave age minus three; retain applicant and other outcomes.
100208,A_2020,0,age_pair_missing,missing,"{""age_at_application"": null, ""age_at_survey"": 14.0}",Do not fill ages using other-wave age minus three; retain applicant and other outcomes.
100231,A_2020,1,age_pair_missing,missing,"{""age_at_application"": null, ""age_at_survey"": 15.0}",Do not fill ages using other-wave age minus three; retain applicant and other outcomes.
100258,A_2020,0,age_pair_missing,missing,"{""age_at_application"": null, ""age_at_survey"": 17.0}",Do not fill ages using other-wave age minus three; retain applicant and other outcomes.
100267,A_2020,1,age_pair_missing,missing,"{""age_at_application"": null, ""age_at_survey"": 17.0}",Do not fill ages using other-wave age minus three; retain applicant and other outcomes.
100329,A_2020,0,age_pair_missing,missing,"{""age_at_application"": null, ""age_at_survey"": 18.0}",Do not fill ages using other-wave age minus three; retain applicant and other outcomes.
100335,A_2020,0,age_pair_missing,missing,"{""age_at_application"": null, ""age_at_survey"": 14.0}",Do not fill ages using other-wave age minus three; retain applicant and other outcomes.
100340,A_2022,0,age_pair_missing,missing,"{""age_at_application"": null, ""age_at_survey"": 15.0}",Do not fill ages using other-wave age minus three; retain applicant and other outcomes.
100416,A_2020,1,age_pair_missing,missing,"{""age_at_application"": null, ""age_at_survey"": 13.0}",Do not fill ages using other-wave age minus three; retain applicant and other outcomes.
100462,A_2020,1,age_pair_missing,missing,"{""age_at_application"": null, ""age_at_survey"": 15.0}",Do not fill ages using other-wave age minus three; retain applicant and other outcomes.
100496,B_2018,1,age_pair_missing,missing,"{""age_at_application"": 13.0, ""age_at_survey"": null}",Do not fill ages using other-wave age minus three; retain applicant and other outcomes.
100513,A_2020,0,age_pair_missing,missing,"{""age_at_application"": 13.0, ""age_at_survey"": null}",Do not fill ages using other-wave age minus three; retain applicant and other outcomes.
100563,A_2022,0,age_pair_missing,missing,"{""age_at_application"": 11.0, ""age_at_survey"": null}",Do not fill ages using other-wave age minus three; retain applicant and other outcomes.
100568,A_2022,0,age_pair_missing,missing,"{""age_at_application"": null, ""age_at_survey"": 15.0}",Do not fill ages using other-wave age minus three; retain applicant and other outcomes.
100600,A_2020,1,age_pair_missing,missing,"{""age_at_application"": null, ""age_at_survey"": 14.0}",Do not fill ages using other-wave age minus three; retain applicant and other outcomes.
100630,A_2020,0,age_pair_missing,missing,"{""age_at_application"": null, ""age_at_survey"": 17.0}",Do not fill ages using other-wave age minus three; retain applicant and other outcomes.
100639,B_2018,1,age_pair_missing,missing,"{""age_at_application"": null, ""age_at_survey"": 19.0}",Do not fill ages using other-wave age minus three; retain applicant and other outcomes.
100641,A_2020,1,age_pair_missing,missing,"{""age_at_application"": null, ""age_at_survey"": 13.0}",Do not fill ages using other-wave age minus three; retain applicant and other outcomes.
100644,A_2020,0,age_pair_missing,missing,"{""age_at_application"": null, ""age_at_survey"": 16.0}",Do not fill ages using other-wave age minus three; retain applicant and other outcomes.
100698,A_2020,0,age_pair_missing,missing,"{""age_at_application"": null, ""age_at_survey"": 16.0}",Do not fill ages using other-wave age minus three; retain applicant and other outcomes.
100707,A_2020,1,age_pair_missing,missing,"{""age_at_application"": null, ""age_at_survey"": 14.0}",Do not fill ages using other-wave age minus three; retain applicant and other outcomes.
100713,A_2022,0,age_pair_missing,missing,"{""age_at_application"": null, ""age_at_survey"": 12.0}",Do not fill ages using other-wave age minus three; retain applicant and other outcomes.
100730,A_2020,0,age_pair_missing,missing,"{""age_at_application"": null, ""age_at_survey"": 14.0}",Do not fill ages using other-wave age minus three; retain applicant and other outcomes.
100735,A_2020,0,age_pair_missing,missing,"{""age_at_application"": null, ""age_at_survey"": 17.0}",Do not fill ages using other-wave age minus three; retain applicant and other outcomes.
100739,A_2020,0,age_pair_missing,missing,"{""age_at_application"": null, ""age_at_survey"": 14.0}",Do not fill ages using other-wave age minus three; retain applicant and other outcomes.
100760,A_2020,0,age_pair_missing,missing,"{""age_at_application"": null, ""age_at_survey"": 17.0}",Do not fill ages using other-wave age minus three; retain applicant and other outcomes.
100762,A_2020,1,age_pair_missing,missing,"{""age_at_application"": null, ""age_at_survey"": 14.0}",Do not fill ages using other-wave age minus three; retain applicant and other outcomes.
100840,A_2020,1,age_pair_missing,missing,"{""age_at_application"": null, ""age_at_survey"": 15.0}",Do not fill ages using other-wave age minus three; retain applicant and other outcomes.
100875,A_2020,1,age_pair_missing,missing,"{""age_at_application"": null, ""age_at_survey"": 18.0}",Do not fill ages using other-wave age minus three; retain applicant and other outcomes.
100919,A_2020,0,age_pair_missing,missing,"{""age_at_application"": null, ""age_at_survey"": 14.0}",Do not fill ages using other-wave age minus three; retain applicant and other outcomes.
100948,A_2020,0,age_pair_missing,missing,"{""age_at_application"": null, ""age_at_survey"": 14.0}",Do not fill ages using other-wave age minus three; retain applicant and other outcomes.
100975,A_2020,1,age_pair_missing,missing,"{""age_at_application"": null, ""age_at_survey"": 16.0}",Do not fill ages using other-wave age minus three; retain applicant and other outcomes.
100982,B_2018,0,age_pair_missing,missing,"{""age_at_application"": null, ""age_at_survey"": 18.0}",Do not fill ages using other-wave age minus three; retain applicant and other outcomes.
100989,A_2020,0,age_pair_missing,missing,"{""age_at_application"": null, ""age_at_survey"": 15.0}",Do not fill ages using other-wave age minus three; retain applicant and other outcomes.
101018,A_2020,0,age_pair_missing,missing,"{""age_at_application"": 15.0, ""age_at_survey"": null}",Do not fill ages using other-wave age minus three; retain applicant and other outcomes.
101020,A_2020,0,age_pair_missing,missing,"{""age_at_application"": null, ""age_at_survey"": 14.0}",Do not fill ages using other-wave age minus three; retain applicant and other outcomes.
101035,A_2020,0,age_pair_missing,missing,"{""age_at_application"": null, ""age_at_survey"": 14.0}",Do not fill ages using other-wave age minus three; retain applicant and other outcomes.
101073,A_2020,1,age_pair_missing,missing,"{""age_at_application"": null, ""age_at_survey"": 14.0}",Do not fill ages using other-wave age minus three; retain applicant and other outcomes.
101078,A_2020,0,age_pair_missing,missing,"{""age_at_application"": null, ""age_at_survey"": 14.0}",Do not fill ages using other-wave age minus three; retain applicant and other outcomes.
101087,A_2020,0,age_pair_missing,missing,"{""age_at_application"": null, ""age_at_survey"": 15.0}",Do not fill ages using other-wave age minus three; retain applicant and other outcomes.
101092,A_2020,1,age_pair_missing,missing,"{""age_at_application"": null, ""age_at_survey"": 12.0}",Do not fill ages using other-wave age minus three; retain applicant and other outcomes.
101124,A_2020,0,age_pair_missing,missing,"{""age_at_application"": null, ""age_at_survey"": 17.0}",Do not fill ages using other-wave age minus three; retain applicant and other outcomes.
101166,A_2020,1,age_pair_missing,missing,"{""age_at_application"": null, ""age_at_survey"": 18.0}",Do not fill ages using other-wave age minus three; retain applicant and other outcomes.
101213,A_2020,1,age_pair_missing,missing,"{""age_at_application"": null, ""age_at_survey"": 18.0}",Do not fill ages using other-wave age minus three; retain applicant and other outcomes.
101237,A_2020,0,age_pair_missing,missing,"{""age_at_application"": null, ""age_at_survey"": null}",Do not fill ages using other-wave age minus three; retain applicant and other outcomes.
101269,A_2020,1,age_pair_missing,missing,"{""age_at_application"": 13.0, ""age_at_survey"": null}",Do not fill ages using other-wave age minus three; retain applicant and other outcomes.
101296,A_2020,0,age_pair_missing,missing,"{""age_at_application"": null, ""age_at_survey"": 14.0}",Do not fill ages using other-wave age minus three; retain applicant and other outcomes.
101317,A_2020,0,age_pair_missing,missing,"{""age_at_application"": null, ""age_at_survey"": 13.0}",Do not fill ages using other-wave age minus three; retain applicant and other outcomes.
101327,A_2020,0,age_pair_missing,missing,"{""age_at_application"": null, ""age_at_survey"": 15.0}",Do not fill ages using other-wave age minus three; retain applicant and other outcomes.
101346,A_2020,1,age_pair_missing,missing,"{""age_at_application"": null, ""age_at_survey"": 15.0}",Do not fill ages using other-wave age minus three; retain applicant and other outcomes.
101354,A_2020,1,age_pair_missing,missing,"{""age_at_application"": null, ""age_at_survey"": 16.0}",Do not fill ages using other-wave age minus three; retain applicant and other outcomes.
101357,A_2022,0,age_pair_missing,missing,"{""age_at_application"": null, ""age_at_survey"": 13.0}",Do not fill ages using other-wave age minus three; retain applicant and other outcomes.
101393,B_2018,0,age_pair_missing,missing,"{""age_at_application"": null, ""age_at_survey"": 18.0}",Do not fill ages using other-wave age minus three; retain applicant and other outcomes.
101406,A_2020,1,age_pair_missing,missing,"{""age_at_application"": null, ""age_at_survey"": 14.0}",Do not fill ages using other-wave age minus three; retain applicant and other outcomes.
101412,A_2020,1,age_pair_missing,missing,"{""age_at_application"": null, ""age_at_survey"": 19.0}",Do not fill ages using other-wave age minus three; retain applicant and other outcomes.
101475,A_2020,0,age_pair_missing,missing,"{""age_at_application"": null, ""age_at_survey"": 16.0}",Do not fill ages using other-wave age minus three; retain applicant and other outcomes.
101502,A_2020,0,age_pair_missing,missing,"{""age_at_application"": null, ""age_at_survey"": 14.0}",Do not fill ages using other-wave age minus three; retain applicant and other outcomes.
101529,A_2022,0,age_pair_missing,missing,"{""age_at_application"": null, ""age_at_survey"": 12.0}",Do not fill ages using other-wave age minus three; retain applicant and other outcomes.
101550,A_2020,0,age_pair_missing,missing,"{""age_at_application"": null, ""age_at_survey"": 17.0}",Do not fill ages using other-wave age minus three; retain applicant and other outcomes.
101561,A_2020,0,age_pair_missing,missing,"{""age_at_application"": null, ""age_at_survey"": 14.0}",Do not fill ages using other-wave age minus three; retain applicant and other outcomes.
101585,A_2020,0,age_pair_missing,missing,"{""age_at_application"": null, ""age_at_survey"": 14.0}",Do not fill ages using other-wave age minus three; retain applicant and other outcomes.
101589,A_2020,1,age_pair_missing,missing,"{""age_at_application"": null, ""age_at_survey"": 15.0}",Do not fill ages using other-wave age minus three; retain applicant and other outcomes.
100044,A_2022,0,age_decreases,contradiction,"{""age_at_application"": 15.0, ""age_at_survey"": 13.0, ""age_gap"": -2.0}",Preserve raw values; flag both reports as unresolved; keep unrelated outcomes; sensitivity may omit these applicants.
100133,A_2022,1,age_decreases,contradiction,"{""age_at_application"": 13.0, ""age_at_survey"": 12.0, ""age_gap"": -1.0}",Preserve raw values; flag both reports as unresolved; keep unrelated outcomes; sensitivity may omit these applicants.
100368,A_2020,0,age_decreases,contradiction,"{""age_at_application"": 15.0, ""age_at_survey"": 10.0, ""age_gap"": -5.0}",Preserve raw values; flag both reports as unresolved; keep unrelated outcomes; sensitivity may omit these applicants.
100628,A_2022,1,age_decreases,contradiction,"{""age_at_application"": 14.0, ""age_at_survey"": 11.0, ""age_gap"": -3.0}",Preserve raw values; flag both reports as unresolved; keep unrelated outcomes; sensitivity may omit these applicants.
100849,A_2022,0,age_decreases,contradiction,"{""age_at_application"": 12.0, ""age_at_survey"": 10.0, ""age_gap"": -2.0}",Preserve raw values; flag both reports as unresolved; keep unrelated outcomes; sensitivity may omit these applicants.
100910,A_2022,1,age_decreases,contradiction,"{""age_at_application"": 17.0, ""age_at_survey"": 13.0, ""age_gap"": -4.0}",Preserve raw values; flag both reports as unresolved; keep unrelated outcomes; sensitivity may omit these applicants.
101003,A_2022,0,age_decreases,contradiction,"{""age_at_application"": 14.0, ""age_at_survey"": 13.0, ""age_gap"": -1.0}",Preserve raw values; flag both reports as unresolved; keep unrelated outcomes; sensitivity may omit these applicants.
101026,A_2022,1,age_decreases,contradiction,"{""age_at_application"": 14.0, ""age_at_survey"": 13.0, ""age_gap"": -1.0}",Preserve raw values; flag both reports as unresolved; keep unrelated outcomes; sensitivity may omit these applicants.
101503,A_2022,1,age_decreases,contradiction,"{""age_at_application"": 15.0, ""age_at_survey"": 14.0, ""age_gap"": -1.0}",Preserve raw values; flag both reports as unresolved; keep unrelated outcomes; sensitivity may omit these applicants.
101508,A_2022,1,age_decreases,contradiction,"{""age_at_application"": 14.0, ""age_at_survey"": 13.0, ""age_gap"": -1.0}",Preserve raw values; flag both reports as unresolved; keep unrelated outcomes; sensitivity may omit these applicants.
101532,A_2022,0,age_decreases,contradiction,"{""age_at_application"": 13.0, ""age_at_survey"": 12.0, ""age_gap"": -1.0}",Preserve raw values; flag both reports as unresolved; keep unrelated outcomes; sensitivity may omit these applicants.
100000,A_2022,0,age_unchanged,review,"{""age_at_application"": 12.0, ""age_at_survey"": 12.0, ""age_gap"": 0.0}","Flag timing discrepancy, not a proven typo; retain records and avoid adjusting for follow-up age."
100022,A_2022,0,age_unchanged,review,"{""age_at_application"": 13.0, ""age_at_survey"": 13.0, ""age_gap"": 0.0}","Flag timing discrepancy, not a proven typo; retain records and avoid adjusting for follow-up age."
100037,A_2022,1,age_unchanged,review,"{""age_at_application"": 12.0, ""age_at_survey"": 12.0, ""age_gap"": 0.0}","Flag timing discrepancy, not a proven typo; retain records and avoid adjusting for follow-up age."
100070,A_2022,1,age_unchanged,review,"{""age_at_application"": 12.0, ""age_at_survey"": 12.0, ""age_gap"": 0.0}","Flag timing discrepancy, not a proven typo; retain records and avoid adjusting for follow-up age."
100071,A_2022,0,age_unchanged,review,"{""age_at_application"": 12.0, ""age_at_survey"": 12.0, ""age_gap"": 0.0}","Flag timing discrepancy, not a proven typo; retain records and avoid adjusting for follow-up age."
100081,A_2022,1,age_unchanged,review,"{""age_at_application"": 12.0, ""age_at_survey"": 12.0, ""age_gap"": 0.0}","Flag timing discrepancy, not a proven typo; retain records and avoid adjusting for follow-up age."
100087,A_2022,1,age_unchanged,review,"{""age_at_application"": 13.0, ""age_at_survey"": 13.0, ""age_gap"": 0.0}","Flag timing discrepancy, not a proven typo; retain records and avoid adjusting for follow-up age."
100107,A_2022,1,age_unchanged,review,"{""age_at_application"": 13.0, ""age_at_survey"": 13.0, ""age_gap"": 0.0}","Flag timing discrepancy, not a proven typo; retain records and avoid adjusting for follow-up age."
100132,A_2022,1,age_unchanged,review,"{""age_at_application"": 12.0, ""age_at_survey"": 12.0, ""age_gap"": 0.0}","Flag timing discrepancy, not a proven typo; retain records and avoid adjusting for follow-up age."
100155,A_2022,1,age_unchanged,review,"{""age_at_application"": 16.0, ""age_at_survey"": 16.0, ""age_gap"": 0.0}","Flag timing discrepancy, not a proven typo; retain records and avoid adjusting for follow-up age."
100159,A_2022,1,age_unchanged,review,"{""age_at_application"": 13.0, ""age_at_survey"": 13.0, ""age_gap"": 0.0}","Flag timing discrepancy, not a proven typo; retain records and avoid adjusting for follow-up age."
100182,A_2022,1,age_unchanged,review,"{""age_at_application"": 16.0, ""age_at_survey"": 16.0, ""age_gap"": 0.0}","Flag timing discrepancy, not a proven typo; retain records and avoid adjusting for follow-up age."
100219,A_2022,1,age_unchanged,review,"{""age_at_application"": 12.0, ""age_at_survey"": 12.0, ""age_gap"": 0.0}","Flag timing discrepancy, not a proven typo; retain records and avoid adjusting for follow-up age."
100236,A_2022,0,age_unchanged,review,"{""age_at_application"": 13.0, ""age_at_survey"": 13.0, ""age_gap"": 0.0}","Flag timing discrepancy, not a proven typo; retain records and avoid adjusting for follow-up age."
100245,A_2022,1,age_unchanged,review,"{""age_at_application"": 12.0, ""age_at_survey"": 12.0, ""age_gap"": 0.0}","Flag timing discrepancy, not a proven typo; retain records and avoid adjusting for follow-up age."
100250,A_2022,0,age_unchanged,review,"{""age_at_application"": 12.0, ""age_at_survey"": 12.0, ""age_gap"": 0.0}","Flag timing discrepancy, not a proven typo; retain records and avoid adjusting for follow-up age."
100259,A_2020,0,age_unchanged,review,"{""age_at_application"": 14.0, ""age_at_survey"": 14.0, ""age_gap"": 0.0}","Flag timing discrepancy, not a proven typo; retain records and avoid adjusting for follow-up age."
100276,A_2022,0,age_unchanged,review,"{""age_at_application"": 12.0, ""age_at_survey"": 12.0, ""age_gap"": 0.0}","Flag timing discrepancy, not a proven typo; retain records and avoid adjusting for follow-up age."
100277,A_2022,0,age_unchanged,review,"{""age_at_application"": 16.0, ""age_at_survey"": 16.0, ""age_gap"": 0.0}","Flag timing discrepancy, not a proven typo; retain records and avoid adjusting for follow-up age."
100278,A_2022,1,age_unchanged,review,"{""age_at_application"": 12.0, ""age_at_survey"": 12.0, ""age_gap"": 0.0}","Flag timing discrepancy, not a proven typo; retain records and avoid adjusting for follow-up age."
100285,A_2022,1,age_unchanged,review,"{""age_at_application"": 12.0, ""age_at_survey"": 12.0, ""age_gap"": 0.0}","Flag timing discrepancy, not a proven typo; retain records and avoid adjusting for follow-up age."
100305,A_2022,1,age_unchanged,review,"{""age_at_application"": 12.0, ""age_at_survey"": 12.0, ""age_gap"": 0.0}","Flag timing discrepancy, not a proven typo; retain records and avoid adjusting for follow-up age."
100396,A_2022,1,age_unchanged,review,"{""age_at_application"": 12.0, ""age_at_survey"": 12.0, ""age_gap"": 0.0}","Flag timing discrepancy, not a proven typo; retain records and avoid adjusting for follow-up age."
100440,A_2022,1,age_unchanged,review,"{""age_at_application"": 15.0, ""age_at_survey"": 15.0, ""age_gap"": 0.0}","Flag timing discrepancy, not a proven typo; retain records and avoid adjusting for follow-up age."
100456,A_2022,1,age_unchanged,review,"{""age_at_application"": 12.0, ""age_at_survey"": 12.0, ""age_gap"": 0.0}","Flag timing discrepancy, not a proven typo; retain records and avoid adjusting for follow-up age."
100473,A_2022,1,age_unchanged,review,"{""age_at_application"": 14.0, ""age_at_survey"": 14.0, ""age_gap"": 0.0}","Flag timing discrepancy, not a proven typo; retain records and avoid adjusting for follow-up age."
100521,A_2022,1,age_unchanged,review,"{""age_at_application"": 12.0, ""age_at_survey"": 12.0, ""age_gap"": 0.0}","Flag timing discrepancy, not a proven typo; retain records and avoid adjusting for follow-up age."
100524,A_2022,1,age_unchanged,review,"{""age_at_application"": 13.0, ""age_at_survey"": 13.0, ""age_gap"": 0.0}","Flag timing discrepancy, not a proven typo; retain records and avoid adjusting for follow-up age."
100561,A_2022,1,age_unchanged,review,"{""age_at_application"": 11.0, ""age_at_survey"": 11.0, ""age_gap"": 0.0}","Flag timing discrepancy, not a proven typo; retain records and avoid adjusting for follow-up age."
100626,A_2022,1,age_unchanged,review,"{""age_at_application"": 14.0, ""age_at_survey"": 14.0, ""age_gap"": 0.0}","Flag timing discrepancy, not a proven typo; retain records and avoid adjusting for follow-up age."
100651,A_2022,0,age_unchanged,review,"{""age_at_application"": 12.0, ""age_at_survey"": 12.0, ""age_gap"": 0.0}","Flag timing discrepancy, not a proven typo; retain records and avoid adjusting for follow-up age."
100654,A_2022,1,age_unchanged,review,"{""age_at_application"": 11.0, ""age_at_survey"": 11.0, ""age_gap"": 0.0}","Flag timing discrepancy, not a proven typo; retain records and avoid adjusting for follow-up age."
100689,A_2022,1,age_unchanged,review,"{""age_at_application"": 12.0, ""age_at_survey"": 12.0, ""age_gap"": 0.0}","Flag timing discrepancy, not a proven typo; retain records and avoid adjusting for follow-up age."
100765,A_2022,0,age_unchanged,review,"{""age_at_application"": 11.0, ""age_at_survey"": 11.0, ""age_gap"": 0.0}","Flag timing discrepancy, not a proven typo; retain records and avoid adjusting for follow-up age."
100779,A_2022,0,age_unchanged,review,"{""age_at_application"": 13.0, ""age_at_survey"": 13.0, ""age_gap"": 0.0}","Flag timing discrepancy, not a proven typo; retain records and avoid adjusting for follow-up age."
100784,A_2022,1,age_unchanged,review,"{""age_at_application"": 12.0, ""age_at_survey"": 12.0, ""age_gap"": 0.0}","Flag timing discrepancy, not a proven typo; retain records and avoid adjusting for follow-up age."
100796,A_2022,0,age_unchanged,review,"{""age_at_application"": 13.0, ""age_at_survey"": 13.0, ""age_gap"": 0.0}","Flag timing discrepancy, not a proven typo; retain records and avoid adjusting for follow-up age."
100802,A_2022,1,age_unchanged,review,"{""age_at_application"": 12.0, ""age_at_survey"": 12.0, ""age_gap"": 0.0}","Flag timing discrepancy, not a proven typo; retain records and avoid adjusting for follow-up age."
100816,A_2022,1,age_unchanged,review,"{""age_at_application"": 12.0, ""age_at_survey"": 12.0, ""age_gap"": 0.0}","Flag timing discrepancy, not a proven typo; retain records and avoid adjusting for follow-up age."
100821,A_2022,0,age_unchanged,review,"{""age_at_application"": 12.0, ""age_at_survey"": 12.0, ""age_gap"": 0.0}","Flag timing discrepancy, not a proven typo; retain records and avoid adjusting for follow-up age."
100830,A_2022,1,age_unchanged,review,"{""age_at_application"": 11.0, ""age_at_survey"": 11.0, ""age_gap"": 0.0}","Flag timing discrepancy, not a proven typo; retain records and avoid adjusting for follow-up age."
100833,A_2022,1,age_unchanged,review,"{""age_at_application"": 12.0, ""age_at_survey"": 12.0, ""age_gap"": 0.0}","Flag timing discrepancy, not a proven typo; retain records and avoid adjusting for follow-up age."
100838,A_2022,0,age_unchanged,review,"{""age_at_application"": 15.0, ""age_at_survey"": 15.0, ""age_gap"": 0.0}","Flag timing discrepancy, not a proven typo; retain records and avoid adjusting for follow-up age."
100863,A_2022,0,age_unchanged,review,"{""age_at_application"": 13.0, ""age_at_survey"": 13.0, ""age_gap"": 0.0}","Flag timing discrepancy, not a proven typo; retain records and avoid adjusting for follow-up age."
100867,A_2022,0,age_unchanged,review,"{""age_at_application"": 13.0, ""age_at_survey"": 13.0, ""age_gap"": 0.0}","Flag timing discrepancy, not a proven typo; retain records and avoid adjusting for follow-up age."
100870,A_2022,1,age_unchanged,review,"{""age_at_application"": 12.0, ""age_at_survey"": 12.0, ""age_gap"": 0.0}","Flag timing discrepancy, not a proven typo; retain records and avoid adjusting for follow-up age."
100892,A_2022,1,age_unchanged,review,"{""age_at_application"": 11.0, ""age_at_survey"": 11.0, ""age_gap"": 0.0}","Flag timing discrepancy, not a proven typo; retain records and avoid adjusting for follow-up age."
100900,A_2022,0,age_unchanged,review,"{""age_at_application"": 14.0, ""age_at_survey"": 14.0, ""age_gap"": 0.0}","Flag timing discrepancy, not a proven typo; retain records and avoid adjusting for follow-up age."
100945,A_2022,0,age_unchanged,review,"{""age_at_application"": 16.0, ""age_at_survey"": 16.0, ""age_gap"": 0.0}","Flag timing discrepancy, not a proven typo; retain records and avoid adjusting for follow-up age."
100951,A_2022,0,age_unchanged,review,"{""age_at_application"": 11.0, ""age_at_survey"": 11.0, ""age_gap"": 0.0}","Flag timing discrepancy, not a proven typo; retain records and avoid adjusting for follow-up age."
100954,A_2022,1,age_unchanged,review,"{""age_at_application"": 11.0, ""age_at_survey"": 11.0, ""age_gap"": 0.0}","Flag timing discrepancy, not a proven typo; retain records and avoid adjusting for follow-up age."
100980,A_2022,0,age_unchanged,review,"{""age_at_application"": 15.0, ""age_at_survey"": 15.0, ""age_gap"": 0.0}","Flag timing discrepancy, not a proven typo; retain records and avoid adjusting for follow-up age."
100992,A_2022,0,age_unchanged,review,"{""age_at_application"": 14.0, ""age_at_survey"": 14.0, ""age_gap"": 0.0}","Flag timing discrepancy, not a proven typo; retain records and avoid adjusting for follow-up age."
100995,A_2022,1,age_unchanged,review,"{""age_at_application"": 14.0, ""age_at_survey"": 14.0, ""age_gap"": 0.0}","Flag timing discrepancy, not a proven typo; retain records and avoid adjusting for follow-up age."
100996,A_2022,0,age_unchanged,review,"{""age_at_application"": 15.0, ""age_at_survey"": 15.0, ""age_gap"": 0.0}","Flag timing discrepancy, not a proven typo; retain records and avoid adjusting for follow-up age."
101007,A_2022,1,age_unchanged,review,"{""age_at_application"": 11.0, ""age_at_survey"": 11.0, ""age_gap"": 0.0}","Flag timing discrepancy, not a proven typo; retain records and avoid adjusting for follow-up age."
101011,A_2022,1,age_unchanged,review,"{""age_at_application"": 11.0, ""age_at_survey"": 11.0, ""age_gap"": 0.0}","Flag timing discrepancy, not a proven typo; retain records and avoid adjusting for follow-up age."
101048,A_2022,1,age_unchanged,review,"{""age_at_application"": 11.0, ""age_at_survey"": 11.0, ""age_gap"": 0.0}","Flag timing discrepancy, not a proven typo; retain records and avoid adjusting for follow-up age."
101052,A_2022,0,age_unchanged,review,"{""age_at_application"": 12.0, ""age_at_survey"": 12.0, ""age_gap"": 0.0}","Flag timing discrepancy, not a proven typo; retain records and avoid adjusting for follow-up age."
101098,A_2022,1,age_unchanged,review,"{""age_at_application"": 12.0, ""age_at_survey"": 12.0, ""age_gap"": 0.0}","Flag timing discrepancy, not a proven typo; retain records and avoid adjusting for follow-up age."
101136,A_2022,0,age_unchanged,review,"{""age_at_application"": 12.0, ""age_at_survey"": 12.0, ""age_gap"": 0.0}","Flag timing discrepancy, not a proven typo; retain records and avoid adjusting for follow-up age."
101147,A_2022,0,age_unchanged,review,"{""age_at_application"": 16.0, ""age_at_survey"": 16.0, ""age_gap"": 0.0}","Flag timing discrepancy, not a proven typo; retain records and avoid adjusting for follow-up age."
101175,A_2022,1,age_unchanged,review,"{""age_at_application"": 13.0, ""age_at_survey"": 13.0, ""age_gap"": 0.0}","Flag timing discrepancy, not a proven typo; retain records and avoid adjusting for follow-up age."
101196,A_2022,0,age_unchanged,review,"{""age_at_application"": 14.0, ""age_at_survey"": 14.0, ""age_gap"": 0.0}","Flag timing discrepancy, not a proven typo; retain records and avoid adjusting for follow-up age."
101198,A_2022,0,age_unchanged,review,"{""age_at_application"": 11.0, ""age_at_survey"": 11.0, ""age_gap"": 0.0}","Flag timing discrepancy, not a proven typo; retain records and avoid adjusting for follow-up age."
101223,A_2022,0,age_unchanged,review,"{""age_at_application"": 13.0, ""age_at_survey"": 13.0, ""age_gap"": 0.0}","Flag timing discrepancy, not a proven typo; retain records and avoid adjusting for follow-up age."
101224,A_2022,0,age_unchanged,review,"{""age_at_application"": 11.0, ""age_at_survey"": 11.0, ""age_gap"": 0.0}","Flag timing discrepancy, not a proven typo; retain records and avoid adjusting for follow-up age."
101235,A_2022,0,age_unchanged,review,"{""age_at_application"": 13.0, ""age_at_survey"": 13.0, ""age_gap"": 0.0}","Flag timing discrepancy, not a proven typo; retain records and avoid adjusting for follow-up age."
101252,A_2022,0,age_unchanged,review,"{""age_at_application"": 15.0, ""age_at_survey"": 15.0, ""age_gap"": 0.0}","Flag timing discrepancy, not a proven typo; retain records and avoid adjusting for follow-up age."
101264,A_2022,1,age_unchanged,review,"{""age_at_application"": 12.0, ""age_at_survey"": 12.0, ""age_gap"": 0.0}","Flag timing discrepancy, not a proven typo; retain records and avoid adjusting for follow-up age."
101284,A_2022,1,age_unchanged,review,"{""age_at_application"": 12.0, ""age_at_survey"": 12.0, ""age_gap"": 0.0}","Flag timing discrepancy, not a proven typo; retain records and avoid adjusting for follow-up age."
101304,A_2022,1,age_unchanged,review,"{""age_at_application"": 11.0, ""age_at_survey"": 11.0, ""age_gap"": 0.0}","Flag timing discrepancy, not a proven typo; retain records and avoid adjusting for follow-up age."
101305,A_2022,0,age_unchanged,review,"{""age_at_application"": 11.0, ""age_at_survey"": 11.0, ""age_gap"": 0.0}","Flag timing discrepancy, not a proven typo; retain records and avoid adjusting for follow-up age."
101355,A_2022,0,age_unchanged,review,"{""age_at_application"": 16.0, ""age_at_survey"": 16.0, ""age_gap"": 0.0}","Flag timing discrepancy, not a proven typo; retain records and avoid adjusting for follow-up age."
101360,A_2022,1,age_unchanged,review,"{""age_at_application"": 12.0, ""age_at_survey"": 12.0, ""age_gap"": 0.0}","Flag timing discrepancy, not a proven typo; retain records and avoid adjusting for follow-up age."
101383,A_2022,1,age_unchanged,review,"{""age_at_application"": 12.0, ""age_at_survey"": 12.0, ""age_gap"": 0.0}","Flag timing discrepancy, not a proven typo; retain records and avoid adjusting for follow-up age."
101410,A_2022,1,age_unchanged,review,"{""age_at_application"": 13.0, ""age_at_survey"": 13.0, ""age_gap"": 0.0}","Flag timing discrepancy, not a proven typo; retain records and avoid adjusting for follow-up age."
101411,A_2022,0,age_unchanged,review,"{""age_at_application"": 12.0, ""age_at_survey"": 12.0, ""age_gap"": 0.0}","Flag timing discrepancy, not a proven typo; retain records and avoid adjusting for follow-up age."
101425,A_2022,1,age_unchanged,review,"{""age_at_application"": 14.0, ""age_at_survey"": 14.0, ""age_gap"": 0.0}","Flag timing discrepancy, not a proven typo; retain records and avoid adjusting for follow-up age."
101429,A_2022,0,age_unchanged,review,"{""age_at_application"": 14.0, ""age_at_survey"": 14.0, ""age_gap"": 0.0}","Flag timing discrepancy, not a proven typo; retain records and avoid adjusting for follow-up age."
101445,A_2022,1,age_unchanged,review,"{""age_at_application"": 12.0, ""age_at_survey"": 12.0, ""age_gap"": 0.0}","Flag timing discrepancy, not a proven typo; retain records and avoid adjusting for follow-up age."
101470,A_2022,0,age_unchanged,review,"{""age_at_application"": 15.0, ""age_at_survey"": 15.0, ""age_gap"": 0.0}","Flag timing discrepancy, not a proven typo; retain records and avoid adjusting for follow-up age."
101489,A_2022,0,age_unchanged,review,"{""age_at_application"": 11.0, ""age_at_survey"": 11.0, ""age_gap"": 0.0}","Flag timing discrepancy, not a proven typo; retain records and avoid adjusting for follow-up age."
101520,A_2022,1,age_unchanged,review,"{""age_at_application"": 12.0, ""age_at_survey"": 12.0, ""age_gap"": 0.0}","Flag timing discrepancy, not a proven typo; retain records and avoid adjusting for follow-up age."
101535,A_2022,0,age_unchanged,review,"{""age_at_application"": 13.0, ""age_at_survey"": 13.0, ""age_gap"": 0.0}","Flag timing discrepancy, not a proven typo; retain records and avoid adjusting for follow-up age."
101557,A_2022,0,age_unchanged,review,"{""age_at_application"": 11.0, ""age_at_survey"": 11.0, ""age_gap"": 0.0}","Flag timing discrepancy, not a proven typo; retain records and avoid adjusting for follow-up age."
100000,A_2022,0,age_gap_outside_2_4,review,"{""age_at_application"": 12.0, ""age_at_survey"": 12.0, ""age_gap"": 0.0}",Keep in main sample; show cohort distribution and sensitivity; do not force every age gap to three.
100005,A_2022,1,age_gap_outside_2_4,review,"{""age_at_application"": 11.0, ""age_at_survey"": 12.0, ""age_gap"": 1.0}",Keep in main sample; show cohort distribution and sensitivity; do not force every age gap to three.
100006,A_2022,1,age_gap_outside_2_4,review,"{""age_at_application"": 10.0, ""age_at_survey"": 11.0, ""age_gap"": 1.0}",Keep in main sample; show cohort distribution and sensitivity; do not force every age gap to three.
100011,A_2022,1,age_gap_outside_2_4,review,"{""age_at_application"": 12.0, ""age_at_survey"": 13.0, ""age_gap"": 1.0}",Keep in main sample; show cohort distribution and sensitivity; do not force every age gap to three.
100017,A_2022,1,age_gap_outside_2_4,review,"{""age_at_application"": 13.0, ""age_at_survey"": 14.0, ""age_gap"": 1.0}",Keep in main sample; show cohort distribution and sensitivity; do not force every age gap to three.
100020,A_2022,1,age_gap_outside_2_4,review,"{""age_at_application"": 12.0, ""age_at_survey"": 13.0, ""age_gap"": 1.0}",Keep in main sample; show cohort distribution and sensitivity; do not force every age gap to three.
100022,A_2022,0,age_gap_outside_2_4,review,"{""age_at_application"": 13.0, ""age_at_survey"": 13.0, ""age_gap"": 0.0}",Keep in main sample; show cohort distribution and sensitivity; do not force every age gap to three.
100025,A_2022,0,age_gap_outside_2_4,review,"{""age_at_application"": 11.0, ""age_at_survey"": 12.0, ""age_gap"": 1.0}",Keep in main sample; show cohort distribution and sensitivity; do not force every age gap to three.
100029,A_2022,0,age_gap_outside_2_4,review,"{""age_at_application"": 12.0, ""age_at_survey"": 13.0, ""age_gap"": 1.0}",Keep in main sample; show cohort distribution and sensitivity; do not force every age gap to three.
100032,B_2018,0,age_gap_outside_2_4,review,"{""age_at_application"": 12.0, ""age_at_survey"": 17.0, ""age_gap"": 5.0}",Keep in main sample; show cohort distribution and sensitivity; do not force every age gap to three.
100033,A_2022,1,age_gap_outside_2_4,review,"{""age_at_application"": 13.0, ""age_at_survey"": 14.0, ""age_gap"": 1.0}",Keep in main sample; show cohort distribution and sensitivity; do not force every age gap to three.
100037,A_2022,1,age_gap_outside_2_4,review,"{""age_at_application"": 12.0, ""age_at_survey"": 12.0, ""age_gap"": 0.0}",Keep in main sample; show cohort distribution and sensitivity; do not force every age gap to three.
100038,A_2022,1,age_gap_outside_2_4,review,"{""age_at_application"": 12.0, ""age_at_survey"": 13.0, ""age_gap"": 1.0}",Keep in main sample; show cohort distribution and sensitivity; do not force every age gap to three.
100043,B_2018,1,age_gap_outside_2_4,review,"{""age_at_application"": 13.0, ""age_at_survey"": 18.0, ""age_gap"": 5.0}",Keep in main sample; show cohort distribution and sensitivity; do not force every age gap to three.
100044,A_2022,0,age_gap_outside_2_4,review,"{""age_at_application"": 15.0, ""age_at_survey"": 13.0, ""age_gap"": -2.0}",Keep in main sample; show cohort distribution and sensitivity; do not force every age gap to three.
100045,B_2018,1,age_gap_outside_2_4,review,"{""age_at_application"": 10.0, ""age_at_survey"": 15.0, ""age_gap"": 5.0}",Keep in main sample; show cohort distribution and sensitivity; do not force every age gap to three.
100047,B_2018,1,age_gap_outside_2_4,review,"{""age_at_application"": 11.0, ""age_at_survey"": 17.0, ""age_gap"": 6.0}",Keep in main sample; show cohort distribution and sensitivity; do not force every age gap to three.
100053,B_2018,0,age_gap_outside_2_4,review,"{""age_at_application"": 14.0, ""age_at_survey"": 19.0, ""age_gap"": 5.0}",Keep in main sample; show cohort distribution and sensitivity; do not force every age gap to three.
100061,A_2022,1,age_gap_outside_2_4,review,"{""age_at_application"": 12.0, ""age_at_survey"": 13.0, ""age_gap"": 1.0}",Keep in main sample; show cohort distribution and sensitivity; do not force every age gap to three.
100070,A_2022,1,age_gap_outside_2_4,review,"{""age_at_application"": 12.0, ""age_at_survey"": 12.0, ""age_gap"": 0.0}",Keep in main sample; show cohort distribution and sensitivity; do not force every age gap to three.
100071,A_2022,0,age_gap_outside_2_4,review,"{""age_at_application"": 12.0, ""age_at_survey"": 12.0, ""age_gap"": 0.0}",Keep in main sample; show cohort distribution and sensitivity; do not force every age gap to three.
100081,A_2022,1,age_gap_outside_2_4,review,"{""age_at_application"": 12.0, ""age_at_survey"": 12.0, ""age_gap"": 0.0}",Keep in main sample; show cohort distribution and sensitivity; do not force every age gap to three.
100087,A_2022,1,age_gap_outside_2_4,review,"{""age_at_application"": 13.0, ""age_at_survey"": 13.0, ""age_gap"": 0.0}",Keep in main sample; show cohort distribution and sensitivity; do not force every age gap to three.
100090,A_2022,0,age_gap_outside_2_4,review,"{""age_at_application"": 10.0, ""age_at_survey"": 11.0, ""age_gap"": 1.0}",Keep in main sample; show cohort distribution and sensitivity; do not force every age gap to three.
100102,B_2018,0,age_gap_outside_2_4,review,"{""age_at_application"": 15.0, ""age_at_survey"": 20.0, ""age_gap"": 5.0}",Keep in main sample; show cohort distribution and sensitivity; do not force every age gap to three.
100107,A_2022,1,age_gap_outside_2_4,review,"{""age_at_application"": 13.0, ""age_at_survey"": 13.0, ""age_gap"": 0.0}",Keep in main sample; show cohort distribution and sensitivity; do not force every age gap to three.
100111,A_2020,0,age_gap_outside_2_4,review,"{""age_at_application"": 12.0, ""age_at_survey"": 17.0, ""age_gap"": 5.0}",Keep in main sample; show cohort distribution and sensitivity; do not force every age gap to three.
100114,B_2018,0,age_gap_outside_2_4,review,"{""age_at_application"": 12.0, ""age_at_survey"": 17.0, ""age_gap"": 5.0}",Keep in main sample; show cohort distribution and sensitivity; do not force every age gap to three.
100118,B_2018,1,age_gap_outside_2_4,review,"{""age_at_application"": 11.0, ""age_at_survey"": 16.0, ""age_gap"": 5.0}",Keep in main sample; show cohort distribution and sensitivity; do not force every age gap to three.
100124,A_2020,1,age_gap_outside_2_4,review,"{""age_at_application"": 18.0, ""age_at_survey"": 19.0, ""age_gap"": 1.0}",Keep in main sample; show cohort distribution and sensitivity; do not force every age gap to three.
100128,A_2022,1,age_gap_outside_2_4,review,"{""age_at_application"": 14.0, ""age_at_survey"": 15.0, ""age_gap"": 1.0}",Keep in main sample; show cohort distribution and sensitivity; do not force every age gap to three.
100132,A_2022,1,age_gap_outside_2_4,review,"{""age_at_application"": 12.0, ""age_at_survey"": 12.0, ""age_gap"": 0.0}",Keep in main sample; show cohort distribution and sensitivity; do not force every age gap to three.
100133,A_2022,1,age_gap_outside_2_4,review,"{""age_at_application"": 13.0, ""age_at_survey"": 12.0, ""age_gap"": -1.0}",Keep in main sample; show cohort distribution and sensitivity; do not force every age gap to three.
100135,B_2018,1,age_gap_outside_2_4,review,"{""age_at_application"": 14.0, ""age_at_survey"": 19.0, ""age_gap"": 5.0}",Keep in main sample; show cohort distribution and sensitivity; do not force every age gap to three.
100143,A_2022,1,age_gap_outside_2_4,review,"{""age_at_application"": 12.0, ""age_at_survey"": 13.0, ""age_gap"": 1.0}",Keep in main sample; show cohort distribution and sensitivity; do not force every age gap to three.
100146,A_2022,0,age_gap_outside_2_4,review,"{""age_at_application"": 12.0, ""age_at_survey"": 13.0, ""age_gap"": 1.0}",Keep in main sample; show cohort distribution and sensitivity; do not force every age gap to three.
100152,A_2022,1,age_gap_outside_2_4,review,"{""age_at_application"": 13.0, ""age_at_survey"": 14.0, ""age_gap"": 1.0}",Keep in main sample; show cohort distribution and sensitivity; do not force every age gap to three.
100154,A_2022,1,age_gap_outside_2_4,review,"{""age_at_application"": 14.0, ""age_at_survey"": 15.0, ""age_gap"": 1.0}",Keep in main sample; show cohort distribution and sensitivity; do not force every age gap to three.
100155,A_2022,1,age_gap_outside_2_4,review,"{""age_at_application"": 16.0, ""age_at_survey"": 16.0, ""age_gap"": 0.0}",Keep in main sample; show cohort distribution and sensitivity; do not force every age gap to three.
100159,A_2022,1,age_gap_outside_2_4,review,"{""age_at_application"": 13.0, ""age_at_survey"": 13.0, ""age_gap"": 0.0}",Keep in main sample; show cohort distribution and sensitivity; do not force every age gap to three.
100161,A_2022,0,age_gap_outside_2_4,review,"{""age_at_application"": 14.0, ""age_at_survey"": 15.0, ""age_gap"": 1.0}",Keep in main sample; show cohort distribution and sensitivity; do not force every age gap to three.
100168,A_2022,0,age_gap_outside_2_4,review,"{""age_at_application"": 11.0, ""age_at_survey"": 12.0, ""age_gap"": 1.0}",Keep in main sample; show cohort distribution and sensitivity; do not force every age gap to three.
100174,A_2022,1,age_gap_outside_2_4,review,"{""age_at_application"": 12.0, ""age_at_survey"": 13.0, ""age_gap"": 1.0}",Keep in main sample; show cohort distribution and sensitivity; do not force every age gap to three.
100177,B_2018,0,age_gap_outside_2_4,review,"{""age_at_application"": 13.0, ""age_at_survey"": 18.0, ""age_gap"": 5.0}",Keep in main sample; show cohort distribution and sensitivity; do not force every age gap to three.
100182,A_2022,1,age_gap_outside_2_4,review,"{""age_at_application"": 16.0, ""age_at_survey"": 16.0, ""age_gap"": 0.0}",Keep in main sample; show cohort distribution and sensitivity; do not force every age gap to three.
100185,A_2022,0,age_gap_outside_2_4,review,"{""age_at_application"": 16.0, ""age_at_survey"": 17.0, ""age_gap"": 1.0}",Keep in main sample; show cohort distribution and sensitivity; do not force every age gap to three.
100188,A_2022,0,age_gap_outside_2_4,review,"{""age_at_application"": 13.0, ""age_at_survey"": 14.0, ""age_gap"": 1.0}",Keep in main sample; show cohort distribution and sensitivity; do not force every age gap to three.
100190,B_2018,0,age_gap_outside_2_4,review,"{""age_at_application"": 13.0, ""age_at_survey"": 18.0, ""age_gap"": 5.0}",Keep in main sample; show cohort distribution and sensitivity; do not force every age gap to three.
100194,A_2020,1,age_gap_outside_2_4,review,"{""age_at_application"": 14.0, ""age_at_survey"": 15.0, ""age_gap"": 1.0}",Keep in main sample; show cohort distribution and sensitivity; do not force every age gap to three.
100209,A_2022,1,age_gap_outside_2_4,review,"{""age_at_application"": 11.0, ""age_at_survey"": 12.0, ""age_gap"": 1.0}",Keep in main sample; show cohort distribution and sensitivity; do not force every age gap to three.
100219,A_2022,1,age_gap_outside_2_4,review,"{""age_at_application"": 12.0, ""age_at_survey"": 12.0, ""age_gap"": 0.0}",Keep in main sample; show cohort distribution and sensitivity; do not force every age gap to three.
100227,A_2020,0,age_gap_outside_2_4,review,"{""age_at_application"": 12.0, ""age_at_survey"": 13.0, ""age_gap"": 1.0}",Keep in main sample; show cohort distribution and sensitivity; do not force every age gap to three.
100232,B_2018,1,age_gap_outside_2_4,review,"{""age_at_application"": 11.0, ""age_at_survey"": 16.0, ""age_gap"": 5.0}",Keep in main sample; show cohort distribution and sensitivity; do not force every age gap to three.
100236,A_2022,0,age_gap_outside_2_4,review,"{""age_at_application"": 13.0, ""age_at_survey"": 13.0, ""age_gap"": 0.0}",Keep in main sample; show cohort distribution and sensitivity; do not force every age gap to three.
100245,A_2022,1,age_gap_outside_2_4,review,"{""age_at_application"": 12.0, ""age_at_survey"": 12.0, ""age_gap"": 0.0}",Keep in main sample; show cohort distribution and sensitivity; do not force every age gap to three.
100246,B_2018,0,age_gap_outside_2_4,review,"{""age_at_application"": 12.0, ""age_at_survey"": 17.0, ""age_gap"": 5.0}",Keep in main sample; show cohort distribution and sensitivity; do not force every age gap to three.
100250,A_2022,0,age_gap_outside_2_4,review,"{""age_at_application"": 12.0, ""age_at_survey"": 12.0, ""age_gap"": 0.0}",Keep in main sample; show cohort distribution and sensitivity; do not force every age gap to three.
100259,A_2020,0,age_gap_outside_2_4,review,"{""age_at_application"": 14.0, ""age_at_survey"": 14.0, ""age_gap"": 0.0}",Keep in main sample; show cohort distribution and sensitivity; do not force every age gap to three.
100276,A_2022,0,age_gap_outside_2_4,review,"{""age_at_application"": 12.0, ""age_at_survey"": 12.0, ""age_gap"": 0.0}",Keep in main sample; show cohort distribution and sensitivity; do not force every age gap to three.
100277,A_2022,0,age_gap_outside_2_4,review,"{""age_at_application"": 16.0, ""age_at_survey"": 16.0, ""age_gap"": 0.0}",Keep in main sample; show cohort distribution and sensitivity; do not force every age gap to three.
100278,A_2022,1,age_gap_outside_2_4,review,"{""age_at_application"": 12.0, ""age_at_survey"": 12.0, ""age_gap"": 0.0}",Keep in main sample; show cohort distribution and sensitivity; do not force every age gap to three.
100285,A_2022,1,age_gap_outside_2_4,review,"{""age_at_application"": 12.0, ""age_at_survey"": 12.0, ""age_gap"": 0.0}",Keep in main sample; show cohort distribution and sensitivity; do not force every age gap to three.
100286,A_2022,1,age_gap_outside_2_4,review,"{""age_at_application"": 12.0, ""age_at_survey"": 13.0, ""age_gap"": 1.0}",Keep in main sample; show cohort distribution and sensitivity; do not force every age gap to three.
100287,B_2018,1,age_gap_outside_2_4,review,"{""age_at_application"": 11.0, ""age_at_survey"": 16.0, ""age_gap"": 5.0}",Keep in main sample; show cohort distribution and sensitivity; do not force every age gap to three.
100290,A_2022,1,age_gap_outside_2_4,review,"{""age_at_application"": 11.0, ""age_at_survey"": 12.0, ""age_gap"": 1.0}",Keep in main sample; show cohort distribution and sensitivity; do not force every age gap to three.
100293,B_2018,1,age_gap_outside_2_4,review,"{""age_at_application"": 11.0, ""age_at_survey"": 16.0, ""age_gap"": 5.0}",Keep in main sample; show cohort distribution and sensitivity; do not force every age gap to three.
100304,A_2022,1,age_gap_outside_2_4,review,"{""age_at_application"": 12.0, ""age_at_survey"": 13.0, ""age_gap"": 1.0}",Keep in main sample; show cohort distribution and sensitivity; do not force every age gap to three.
100305,A_2022,1,age_gap_outside_2_4,review,"{""age_at_application"": 12.0, ""age_at_survey"": 12.0, ""age_gap"": 0.0}",Keep in main sample; show cohort distribution and sensitivity; do not force every age gap to three.
100307,A_2022,1,age_gap_outside_2_4,review,"{""age_at_application"": 14.0, ""age_at_survey"": 15.0, ""age_gap"": 1.0}",Keep in main sample; show cohort distribution and sensitivity; do not force every age gap to three.
100312,A_2022,1,age_gap_outside_2_4,review,"{""age_at_application"": 13.0, ""age_at_survey"": 14.0, ""age_gap"": 1.0}",Keep in main sample; show cohort distribution and sensitivity; do not force every age gap to three.
100315,B_2018,1,age_gap_outside_2_4,review,"{""age_at_application"": 10.0, ""age_at_survey"": 15.0, ""age_gap"": 5.0}",Keep in main sample; show cohort distribution and sensitivity; do not force every age gap to three.
100322,A_2022,0,age_gap_outside_2_4,review,"{""age_at_application"": 13.0, ""age_at_survey"": 14.0, ""age_gap"": 1.0}",Keep in main sample; show cohort distribution and sensitivity; do not force every age gap to three.
100328,A_2022,0,age_gap_outside_2_4,review,"{""age_at_application"": 13.0, ""age_at_survey"": 14.0, ""age_gap"": 1.0}",Keep in main sample; show cohort distribution and sensitivity; do not force every age gap to three.
100333,A_2022,1,age_gap_outside_2_4,review,"{""age_at_application"": 12.0, ""age_at_survey"": 13.0, ""age_gap"": 1.0}",Keep in main sample; show cohort distribution and sensitivity; do not force every age gap to three.
100342,A_2022,0,age_gap_outside_2_4,review,"{""age_at_application"": 11.0, ""age_at_survey"": 12.0, ""age_gap"": 1.0}",Keep in main sample; show cohort distribution and sensitivity; do not force every age gap to three.
100344,A_2022,1,age_gap_outside_2_4,review,"{""age_at_application"": 12.0, ""age_at_survey"": 13.0, ""age_gap"": 1.0}",Keep in main sample; show cohort distribution and sensitivity; do not force every age gap to three.
100347,A_2022,1,age_gap_outside_2_4,review,"{""age_at_application"": 11.0, ""age_at_survey"": 12.0, ""age_gap"": 1.0}",Keep in main sample; show cohort distribution and sensitivity; do not force every age gap to three.
100349,B_2018,0,age_gap_outside_2_4,review,"{""age_at_application"": 13.0, ""age_at_survey"": 18.0, ""age_gap"": 5.0}",Keep in main sample; show cohort distribution and sensitivity; do not force every age gap to three.
100356,A_2022,0,age_gap_outside_2_4,review,"{""age_at_application"": 11.0, ""age_at_survey"": 12.0, ""age_gap"": 1.0}",Keep in main sample; show cohort distribution and sensitivity; do not force every age gap to three.
100360,A_2022,0,age_gap_outside_2_4,review,"{""age_at_application"": 12.0, ""age_at_survey"": 13.0, ""age_gap"": 1.0}",Keep in main sample; show cohort distribution and sensitivity; do not force every age gap to three.
100368,A_2020,0,age_gap_outside_2_4,review,"{""age_at_application"": 15.0, ""age_at_survey"": 10.0, ""age_gap"": -5.0}",Keep in main sample; show cohort distribution and sensitivity; do not force every age gap to three.
100380,A_2022,1,age_gap_outside_2_4,review,"{""age_at_application"": 13.0, ""age_at_survey"": 14.0, ""age_gap"": 1.0}",Keep in main sample; show cohort distribution and sensitivity; do not force every age gap to three.
100393,A_2022,0,age_gap_outside_2_4,review,"{""age_at_application"": 13.0, ""age_at_survey"": 14.0, ""age_gap"": 1.0}",Keep in main sample; show cohort distribution and sensitivity; do not force every age gap to three.
100396,A_2022,1,age_gap_outside_2_4,review,"{""age_at_application"": 12.0, ""age_at_survey"": 12.0, ""age_gap"": 0.0}",Keep in main sample; show cohort distribution and sensitivity; do not force every age gap to three.
100399,A_2022,0,age_gap_outside_2_4,review,"{""age_at_application"": 16.0, ""age_at_survey"": 17.0, ""age_gap"": 1.0}",Keep in main sample; show cohort distribution and sensitivity; do not force every age gap to three.
100401,B_2018,1,age_gap_outside_2_4,review,"{""age_at_application"": 12.0, ""age_at_survey"": 17.0, ""age_gap"": 5.0}",Keep in main sample; show cohort distribution and sensitivity; do not force every age gap to three.
100407,A_2022,1,age_gap_outside_2_4,review,"{""age_at_application"": 12.0, ""age_at_survey"": 13.0, ""age_gap"": 1.0}",Keep in main sample; show cohort distribution and sensitivity; do not force every age gap to three.
100411,B_2018,0,age_gap_outside_2_4,review,"{""age_at_application"": 13.0, ""age_at_survey"": 18.0, ""age_gap"": 5.0}",Keep in main sample; show cohort distribution and sensitivity; do not force every age gap to three.
100417,B_2018,0,age_gap_outside_2_4,review,"{""age_at_application"": 11.0, ""age_at_survey"": 16.0, ""age_gap"": 5.0}",Keep in main sample; show cohort distribution and sensitivity; do not force every age gap to three.
100419,A_2020,0,age_gap_outside_2_4,review,"{""age_at_application"": 14.0, ""age_at_survey"": 15.0, ""age_gap"": 1.0}",Keep in main sample; show cohort distribution and sensitivity; do not force every age gap to three.
100426,A_2022,0,age_gap_outside_2_4,review,"{""age_at_application"": 14.0, ""age_at_survey"": 15.0, ""age_gap"": 1.0}",Keep in main sample; show cohort distribution and sensitivity; do not force every age gap to three.
100427,A_2022,0,age_gap_outside_2_4,review,"{""age_at_application"": 11.0, ""age_at_survey"": 12.0, ""age_gap"": 1.0}",Keep in main sample; show cohort distribution and sensitivity; do not force every age gap to three.
100428,B_2018,1,age_gap_outside_2_4,review,"{""age_at_application"": 13.0, ""age_at_survey"": 18.0, ""age_gap"": 5.0}",Keep in main sample; show cohort distribution and sensitivity; do not force every age gap to three.
100433,A_2022,0,age_gap_outside_2_4,review,"{""age_at_application"": 11.0, ""age_at_survey"": 12.0, ""age_gap"": 1.0}",Keep in main sample; show cohort distribution and sensitivity; do not force every age gap to three.
100440,A_2022,1,age_gap_outside_2_4,review,"{""age_at_application"": 15.0, ""age_at_survey"": 15.0, ""age_gap"": 0.0}",Keep in main sample; show cohort distribution and sensitivity; do not force every age gap to three.
100445,B_2018,0,age_gap_outside_2_4,review,"{""age_at_application"": 12.0, ""age_at_survey"": 17.0, ""age_gap"": 5.0}",Keep in main sample; show cohort distribution and sensitivity; do not force every age gap to three.
100453,A_2022,1,age_gap_outside_2_4,review,"{""age_at_application"": 11.0, ""age_at_survey"": 12.0, ""age_gap"": 1.0}",Keep in main sample; show cohort distribution and sensitivity; do not force every age gap to three.
100454,A_2022,0,age_gap_outside_2_4,review,"{""age_at_application"": 13.0, ""age_at_survey"": 14.0, ""age_gap"": 1.0}",Keep in main sample; show cohort distribution and sensitivity; do not force every age gap to three.
100456,A_2022,1,age_gap_outside_2_4,review,"{""age_at_application"": 12.0, ""age_at_survey"": 12.0, ""age_gap"": 0.0}",Keep in main sample; show cohort distribution and sensitivity; do not force every age gap to three.
100465,A_2022,1,age_gap_outside_2_4,review,"{""age_at_application"": 12.0, ""age_at_survey"": 13.0, ""age_gap"": 1.0}",Keep in main sample; show cohort distribution and sensitivity; do not force every age gap to three.
100471,A_2022,0,age_gap_outside_2_4,review,"{""age_at_application"": 14.0, ""age_at_survey"": 15.0, ""age_gap"": 1.0}",Keep in main sample; show cohort distribution and sensitivity; do not force every age gap to three.
100473,A_2022,1,age_gap_outside_2_4,review,"{""age_at_application"": 14.0, ""age_at_survey"": 14.0, ""age_gap"": 0.0}",Keep in main sample; show cohort distribution and sensitivity; do not force every age gap to three.
100474,A_2022,1,age_gap_outside_2_4,review,"{""age_at_application"": 11.0, ""age_at_survey"": 12.0, ""age_gap"": 1.0}",Keep in main sample; show cohort distribution and sensitivity; do not force every age gap to three.
100476,A_2022,0,age_gap_outside_2_4,review,"{""age_at_application"": 12.0, ""age_at_survey"": 13.0, ""age_gap"": 1.0}",Keep in main sample; show cohort distribution and sensitivity; do not force every age gap to three.
100482,A_2022,1,age_gap_outside_2_4,review,"{""age_at_application"": 15.0, ""age_at_survey"": 16.0, ""age_gap"": 1.0}",Keep in main sample; show cohort distribution and sensitivity; do not force every age gap to three.
100484,A_2022,0,age_gap_outside_2_4,review,"{""age_at_application"": 12.0, ""age_at_survey"": 13.0, ""age_gap"": 1.0}",Keep in main sample; show cohort distribution and sensitivity; do not force every age gap to three.
100490,A_2020,1,age_gap_outside_2_4,review,"{""age_at_application"": 14.0, ""age_at_survey"": 15.0, ""age_gap"": 1.0}",Keep in main sample; show cohort distribution and sensitivity; do not force every age gap to three.
100491,A_2022,1,age_gap_outside_2_4,review,"{""age_at_application"": 12.0, ""age_at_survey"": 13.0, ""age_gap"": 1.0}",Keep in main sample; show cohort distribution and sensitivity; do not force every age gap to three.
100494,B_2018,0,age_gap_outside_2_4,review,"{""age_at_application"": 12.0, ""age_at_survey"": 18.0, ""age_gap"": 6.0}",Keep in main sample; show cohort distribution and sensitivity; do not force every age gap to three.
100495,B_2018,0,age_gap_outside_2_4,review,"{""age_at_application"": 13.0, ""age_at_survey"": 18.0, ""age_gap"": 5.0}",Keep in main sample; show cohort distribution and sensitivity; do not force every age gap to three.
100510,A_2020,0,age_gap_outside_2_4,review,"{""age_at_application"": 16.0, ""age_at_survey"": 17.0, ""age_gap"": 1.0}",Keep in main sample; show cohort distribution and sensitivity; do not force every age gap to three.
100521,A_2022,1,age_gap_outside_2_4,review,"{""age_at_application"": 12.0, ""age_at_survey"": 12.0, ""age_gap"": 0.0}",Keep in main sample; show cohort distribution and sensitivity; do not force every age gap to three.
100522,A_2022,0,age_gap_outside_2_4,review,"{""age_at_application"": 13.0, ""age_at_survey"": 14.0, ""age_gap"": 1.0}",Keep in main sample; show cohort distribution and sensitivity; do not force every age gap to three.
100524,A_2022,1,age_gap_outside_2_4,review,"{""age_at_application"": 13.0, ""age_at_survey"": 13.0, ""age_gap"": 0.0}",Keep in main sample; show cohort distribution and sensitivity; do not force every age gap to three.
100532,B_2018,1,age_gap_outside_2_4,review,"{""age_at_application"": 11.0, ""age_at_survey"": 16.0, ""age_gap"": 5.0}",Keep in main sample; show cohort distribution and sensitivity; do not force every age gap to three.
100534,A_2022,0,age_gap_outside_2_4,review,"{""age_at_application"": 11.0, ""age_at_survey"": 12.0, ""age_gap"": 1.0}",Keep in main sample; show cohort distribution and sensitivity; do not force every age gap to three.
100538,A_2022,0,age_gap_outside_2_4,review,"{""age_at_application"": 12.0, ""age_at_survey"": 13.0, ""age_gap"": 1.0}",Keep in main sample; show cohort distribution and sensitivity; do not force every age gap to three.
100540,A_2022,0,age_gap_outside_2_4,review,"{""age_at_application"": 12.0, ""age_at_survey"": 13.0, ""age_gap"": 1.0}",Keep in main sample; show cohort distribution and sensitivity; do not force every age gap to three.
100542,A_2022,0,age_gap_outside_2_4,review,"{""age_at_application"": 11.0, ""age_at_survey"": 12.0, ""age_gap"": 1.0}",Keep in main sample; show cohort distribution and sensitivity; do not force every age gap to three.
100549,A_2022,0,age_gap_outside_2_4,review,"{""age_at_application"": 11.0, ""age_at_survey"": 12.0, ""age_gap"": 1.0}",Keep in main sample; show cohort distribution and sensitivity; do not force every age gap to three.
100555,A_2022,1,age_gap_outside_2_4,review,"{""age_at_application"": 11.0, ""age_at_survey"": 12.0, ""age_gap"": 1.0}",Keep in main sample; show cohort distribution and sensitivity; do not force every age gap to three.
100557,A_2022,1,age_gap_outside_2_4,review,"{""age_at_application"": 15.0, ""age_at_survey"": 16.0, ""age_gap"": 1.0}",Keep in main sample; show cohort distribution and sensitivity; do not force every age gap to three.
100561,A_2022,1,age_gap_outside_2_4,review,"{""age_at_application"": 11.0, ""age_at_survey"": 11.0, ""age_gap"": 0.0}",Keep in main sample; show cohort distribution and sensitivity; do not force every age gap to three.
100562,A_2022,1,age_gap_outside_2_4,review,"{""age_at_application"": 12.0, ""age_at_survey"": 13.0, ""age_gap"": 1.0}",Keep in main sample; show cohort distribution and sensitivity; do not force every age gap to three.
100565,A_2022,0,age_gap_outside_2_4,review,"{""age_at_application"": 15.0, ""age_at_survey"": 16.0, ""age_gap"": 1.0}",Keep in main sample; show cohort distribution and sensitivity; do not force every age gap to three.
100567,B_2018,1,age_gap_outside_2_4,review,"{""age_at_application"": 13.0, ""age_at_survey"": 18.0, ""age_gap"": 5.0}",Keep in main sample; show cohort distribution and sensitivity; do not force every age gap to three.
100569,A_2022,1,age_gap_outside_2_4,review,"{""age_at_application"": 12.0, ""age_at_survey"": 13.0, ""age_gap"": 1.0}",Keep in main sample; show cohort distribution and sensitivity; do not force every age gap to three.
100574,A_2022,1,age_gap_outside_2_4,review,"{""age_at_application"": 13.0, ""age_at_survey"": 14.0, ""age_gap"": 1.0}",Keep in main sample; show cohort distribution and sensitivity; do not force every age gap to three.
100576,A_2022,0,age_gap_outside_2_4,review,"{""age_at_application"": 12.0, ""age_at_survey"": 13.0, ""age_gap"": 1.0}",Keep in main sample; show cohort distribution and sensitivity; do not force every age gap to three.
100582,A_2022,0,age_gap_outside_2_4,review,"{""age_at_application"": 11.0, ""age_at_survey"": 12.0, ""age_gap"": 1.0}",Keep in main sample; show cohort distribution and sensitivity; do not force every age gap to three.
100584,A_2022,1,age_gap_outside_2_4,review,"{""age_at_application"": 13.0, ""age_at_survey"": 14.0, ""age_gap"": 1.0}",Keep in main sample; show cohort distribution and sensitivity; do not force every age gap to three.
100588,B_2018,1,age_gap_outside_2_4,review,"{""age_at_application"": 12.0, ""age_at_survey"": 17.0, ""age_gap"": 5.0}",Keep in main sample; show cohort distribution and sensitivity; do not force every age gap to three.
100601,A_2022,1,age_gap_outside_2_4,review,"{""age_at_application"": 11.0, ""age_at_survey"": 12.0, ""age_gap"": 1.0}",Keep in main sample; show cohort distribution and sensitivity; do not force every age gap to three.
100603,A_2022,1,age_gap_outside_2_4,review,"{""age_at_application"": 11.0, ""age_at_survey"": 12.0, ""age_gap"": 1.0}",Keep in main sample; show cohort distribution and sensitivity; do not force every age gap to three.
100611,A_2022,1,age_gap_outside_2_4,review,"{""age_at_application"": 12.0, ""age_at_survey"": 13.0, ""age_gap"": 1.0}",Keep in main sample; show cohort distribution and sensitivity; do not force every age gap to three.
100613,A_2022,1,age_gap_outside_2_4,review,"{""age_at_application"": 12.0, ""age_at_survey"": 13.0, ""age_gap"": 1.0}",Keep in main sample; show cohort distribution and sensitivity; do not force every age gap to three.
100614,A_2022,0,age_gap_outside_2_4,review,"{""age_at_application"": 14.0, ""age_at_survey"": 15.0, ""age_gap"": 1.0}",Keep in main sample; show cohort distribution and sensitivity; do not force every age gap to three.
100626,A_2022,1,age_gap_outside_2_4,review,"{""age_at_application"": 14.0, ""age_at_survey"": 14.0, ""age_gap"": 0.0}",Keep in main sample; show cohort distribution and sensitivity; do not force every age gap to three.
100628,A_2022,1,age_gap_outside_2_4,review,"{""age_at_application"": 14.0, ""age_at_survey"": 11.0, ""age_gap"": -3.0}",Keep in main sample; show cohort distribution and sensitivity; do not force every age gap to three.
100651,A_2022,0,age_gap_outside_2_4,review,"{""age_at_application"": 12.0, ""age_at_survey"": 12.0, ""age_gap"": 0.0}",Keep in main sample; show cohort distribution and sensitivity; do not force every age gap to three.
100654,A_2022,1,age_gap_outside_2_4,review,"{""age_at_application"": 11.0, ""age_at_survey"": 11.0, ""age_gap"": 0.0}",Keep in main sample; show cohort distribution and sensitivity; do not force every age gap to three.
100655,B_2018,1,age_gap_outside_2_4,review,"{""age_at_application"": 13.0, ""age_at_survey"": 18.0, ""age_gap"": 5.0}",Keep in main sample; show cohort distribution and sensitivity; do not force every age gap to three.
100657,A_2022,1,age_gap_outside_2_4,review,"{""age_at_application"": 12.0, ""age_at_survey"": 13.0, ""age_gap"": 1.0}",Keep in main sample; show cohort distribution and sensitivity; do not force every age gap to three.
100664,A_2022,1,age_gap_outside_2_4,review,"{""age_at_application"": 13.0, ""age_at_survey"": 14.0, ""age_gap"": 1.0}",Keep in main sample; show cohort distribution and sensitivity; do not force every age gap to three.
100669,B_2018,1,age_gap_outside_2_4,review,"{""age_at_application"": 11.0, ""age_at_survey"": 16.0, ""age_gap"": 5.0}",Keep in main sample; show cohort distribution and sensitivity; do not force every age gap to three.
100673,A_2022,1,age_gap_outside_2_4,review,"{""age_at_application"": 10.0, ""age_at_survey"": 11.0, ""age_gap"": 1.0}",Keep in main sample; show cohort distribution and sensitivity; do not force every age gap to three.
100675,B_2018,0,age_gap_outside_2_4,review,"{""age_at_application"": 11.0, ""age_at_survey"": 16.0, ""age_gap"": 5.0}",Keep in main sample; show cohort distribution and sensitivity; do not force every age gap to three.
100677,A_2022,1,age_gap_outside_2_4,review,"{""age_at_application"": 13.0, ""age_at_survey"": 14.0, ""age_gap"": 1.0}",Keep in main sample; show cohort distribution and sensitivity; do not force every age gap to three.
100682,A_2022,1,age_gap_outside_2_4,review,"{""age_at_application"": 14.0, ""age_at_survey"": 15.0, ""age_gap"": 1.0}",Keep in main sample; show cohort distribution and sensitivity; do not force every age gap to three.
100687,A_2022,1,age_gap_outside_2_4,review,"{""age_at_application"": 11.0, ""age_at_survey"": 12.0, ""age_gap"": 1.0}",Keep in main sample; show cohort distribution and sensitivity; do not force every age gap to three.
100689,A_2022,1,age_gap_outside_2_4,review,"{""age_at_application"": 12.0, ""age_at_survey"": 12.0, ""age_gap"": 0.0}",Keep in main sample; show cohort distribution and sensitivity; do not force every age gap to three.
100702,A_2022,1,age_gap_outside_2_4,review,"{""age_at_application"": 12.0, ""age_at_survey"": 13.0, ""age_gap"": 1.0}",Keep in main sample; show cohort distribution and sensitivity; do not force every age gap to three.
100709,B_2018,0,age_gap_outside_2_4,review,"{""age_at_application"": 14.0, ""age_at_survey"": 19.0, ""age_gap"": 5.0}",Keep in main sample; show cohort distribution and sensitivity; do not force every age gap to three.
100711,A_2020,1,age_gap_outside_2_4,review,"{""age_at_application"": 14.0, ""age_at_survey"": 15.0, ""age_gap"": 1.0}",Keep in main sample; show cohort distribution and sensitivity; do not force every age gap to three.
100734,A_2022,1,age_gap_outside_2_4,review,"{""age_at_application"": 15.0, ""age_at_survey"": 16.0, ""age_gap"": 1.0}",Keep in main sample; show cohort distribution and sensitivity; do not force every age gap to three.
100738,A_2022,0,age_gap_outside_2_4,review,"{""age_at_application"": 11.0, ""age_at_survey"": 12.0, ""age_gap"": 1.0}",Keep in main sample; show cohort distribution and sensitivity; do not force every age gap to three.
100761,B_2018,1,age_gap_outside_2_4,review,"{""age_at_application"": 12.0, ""age_at_survey"": 17.0, ""age_gap"": 5.0}",Keep in main sample; show cohort distribution and sensitivity; do not force every age gap to three.
100765,A_2022,0,age_gap_outside_2_4,review,"{""age_at_application"": 11.0, ""age_at_survey"": 11.0, ""age_gap"": 0.0}",Keep in main sample; show cohort distribution and sensitivity; do not force every age gap to three.
100773,B_2018,0,age_gap_outside_2_4,review,"{""age_at_application"": 12.0, ""age_at_survey"": 17.0, ""age_gap"": 5.0}",Keep in main sample; show cohort distribution and sensitivity; do not force every age gap to three.
100776,A_2022,1,age_gap_outside_2_4,review,"{""age_at_application"": 11.0, ""age_at_survey"": 12.0, ""age_gap"": 1.0}",Keep in main sample; show cohort distribution and sensitivity; do not force every age gap to three.
100779,A_2022,0,age_gap_outside_2_4,review,"{""age_at_application"": 13.0, ""age_at_survey"": 13.0, ""age_gap"": 0.0}",Keep in main sample; show cohort distribution and sensitivity; do not force every age gap to three.
100783,A_2022,1,age_gap_outside_2_4,review,"{""age_at_application"": 11.0, ""age_at_survey"": 12.0, ""age_gap"": 1.0}",Keep in main sample; show cohort distribution and sensitivity; do not force every age gap to three.
100784,A_2022,1,age_gap_outside_2_4,review,"{""age_at_application"": 12.0, ""age_at_survey"": 12.0, ""age_gap"": 0.0}",Keep in main sample; show cohort distribution and sensitivity; do not force every age gap to three.
100789,B_2018,0,age_gap_outside_2_4,review,"{""age_at_application"": 14.0, ""age_at_survey"": 19.0, ""age_gap"": 5.0}",Keep in main sample; show cohort distribution and sensitivity; do not force every age gap to three.
100796,A_2022,0,age_gap_outside_2_4,review,"{""age_at_application"": 13.0, ""age_at_survey"": 13.0, ""age_gap"": 0.0}",Keep in main sample; show cohort distribution and sensitivity; do not force every age gap to three.
100799,B_2018,1,age_gap_outside_2_4,review,"{""age_at_application"": 12.0, ""age_at_survey"": 17.0, ""age_gap"": 5.0}",Keep in main sample; show cohort distribution and sensitivity; do not force every age gap to three.
100802,A_2022,1,age_gap_outside_2_4,review,"{""age_at_application"": 12.0, ""age_at_survey"": 12.0, ""age_gap"": 0.0}",Keep in main sample; show cohort distribution and sensitivity; do not force every age gap to three.
100813,A_2022,1,age_gap_outside_2_4,review,"{""age_at_application"": 11.0, ""age_at_survey"": 12.0, ""age_gap"": 1.0}",Keep in main sample; show cohort distribution and sensitivity; do not force every age gap to three.
100816,A_2022,1,age_gap_outside_2_4,review,"{""age_at_application"": 12.0, ""age_at_survey"": 12.0, ""age_gap"": 0.0}",Keep in main sample; show cohort distribution and sensitivity; do not force every age gap to three.
100821,A_2022,0,age_gap_outside_2_4,review,"{""age_at_application"": 12.0, ""age_at_survey"": 12.0, ""age_gap"": 0.0}",Keep in main sample; show cohort distribution and sensitivity; do not force every age gap to three.
100823,B_2018,1,age_gap_outside_2_4,review,"{""age_at_application"": 11.0, ""age_at_survey"": 18.0, ""age_gap"": 7.0}",Keep in main sample; show cohort distribution and sensitivity; do not force every age gap to three.
100827,B_2018,1,age_gap_outside_2_4,review,"{""age_at_application"": 12.0, ""age_at_survey"": 17.0, ""age_gap"": 5.0}",Keep in main sample; show cohort distribution and sensitivity; do not force every age gap to three.
100829,A_2022,0,age_gap_outside_2_4,review,"{""age_at_application"": 11.0, ""age_at_survey"": 12.0, ""age_gap"": 1.0}",Keep in main sample; show cohort distribution and sensitivity; do not force every age gap to three.
100830,A_2022,1,age_gap_outside_2_4,review,"{""age_at_application"": 11.0, ""age_at_survey"": 11.0, ""age_gap"": 0.0}",Keep in main sample; show cohort distribution and sensitivity; do not force every age gap to three.
100833,A_2022,1,age_gap_outside_2_4,review,"{""age_at_application"": 12.0, ""age_at_survey"": 12.0, ""age_gap"": 0.0}",Keep in main sample; show cohort distribution and sensitivity; do not force every age gap to three.
100836,A_2022,1,age_gap_outside_2_4,review,"{""age_at_application"": 15.0, ""age_at_survey"": 16.0, ""age_gap"": 1.0}",Keep in main sample; show cohort distribution and sensitivity; do not force every age gap to three.
100837,A_2022,0,age_gap_outside_2_4,review,"{""age_at_application"": 13.0, ""age_at_survey"": 14.0, ""age_gap"": 1.0}",Keep in main sample; show cohort distribution and sensitivity; do not force every age gap to three.
100838,A_2022,0,age_gap_outside_2_4,review,"{""age_at_application"": 15.0, ""age_at_survey"": 15.0, ""age_gap"": 0.0}",Keep in main sample; show cohort distribution and sensitivity; do not force every age gap to three.
100841,B_2018,0,age_gap_outside_2_4,review,"{""age_at_application"": 11.0, ""age_at_survey"": 16.0, ""age_gap"": 5.0}",Keep in main sample; show cohort distribution and sensitivity; do not force every age gap to three.
100846,A_2022,1,age_gap_outside_2_4,review,"{""age_at_application"": 13.0, ""age_at_survey"": 14.0, ""age_gap"": 1.0}",Keep in main sample; show cohort distribution and sensitivity; do not force every age gap to three.
100849,A_2022,0,age_gap_outside_2_4,review,"{""age_at_application"": 12.0, ""age_at_survey"": 10.0, ""age_gap"": -2.0}",Keep in main sample; show cohort distribution and sensitivity; do not force every age gap to three.
100850,B_2018,1,age_gap_outside_2_4,review,"{""age_at_application"": 11.0, ""age_at_survey"": 16.0, ""age_gap"": 5.0}",Keep in main sample; show cohort distribution and sensitivity; do not force every age gap to three.
100863,A_2022,0,age_gap_outside_2_4,review,"{""age_at_application"": 13.0, ""age_at_survey"": 13.0, ""age_gap"": 0.0}",Keep in main sample; show cohort distribution and sensitivity; do not force every age gap to three.
100867,A_2022,0,age_gap_outside_2_4,review,"{""age_at_application"": 13.0, ""age_at_survey"": 13.0, ""age_gap"": 0.0}",Keep in main sample; show cohort distribution and sensitivity; do not force every age gap to three.
100870,A_2022,1,age_gap_outside_2_4,review,"{""age_at_application"": 12.0, ""age_at_survey"": 12.0, ""age_gap"": 0.0}",Keep in main sample; show cohort distribution and sensitivity; do not force every age gap to three.
100872,B_2018,0,age_gap_outside_2_4,review,"{""age_at_application"": 12.0, ""age_at_survey"": 17.0, ""age_gap"": 5.0}",Keep in main sample; show cohort distribution and sensitivity; do not force every age gap to three.
100891,A_2022,0,age_gap_outside_2_4,review,"{""age_at_application"": 12.0, ""age_at_survey"": 13.0, ""age_gap"": 1.0}",Keep in main sample; show cohort distribution and sensitivity; do not force every age gap to three.
100892,A_2022,1,age_gap_outside_2_4,review,"{""age_at_application"": 11.0, ""age_at_survey"": 11.0, ""age_gap"": 0.0}",Keep in main sample; show cohort distribution and sensitivity; do not force every age gap to three.
100900,A_2022,0,age_gap_outside_2_4,review,"{""age_at_application"": 14.0, ""age_at_survey"": 14.0, ""age_gap"": 0.0}",Keep in main sample; show cohort distribution and sensitivity; do not force every age gap to three.
100904,B_2018,1,age_gap_outside_2_4,review,"{""age_at_application"": 11.0, ""age_at_survey"": 16.0, ""age_gap"": 5.0}",Keep in main sample; show cohort distribution and sensitivity; do not force every age gap to three.
100908,A_2022,0,age_gap_outside_2_4,review,"{""age_at_application"": 13.0, ""age_at_survey"": 14.0, ""age_gap"": 1.0}",Keep in main sample; show cohort distribution and sensitivity; do not force every age gap to three.
100909,A_2022,0,age_gap_outside_2_4,review,"{""age_at_application"": 11.0, ""age_at_survey"": 12.0, ""age_gap"": 1.0}",Keep in main sample; show cohort distribution and sensitivity; do not force every age gap to three.
100910,A_2022,1,age_gap_outside_2_4,review,"{""age_at_application"": 17.0, ""age_at_survey"": 13.0, ""age_gap"": -4.0}",Keep in main sample; show cohort distribution and sensitivity; do not force every age gap to three.
100911,A_2022,0,age_gap_outside_2_4,review,"{""age_at_application"": 14.0, ""age_at_survey"": 15.0, ""age_gap"": 1.0}",Keep in main sample; show cohort distribution and sensitivity; do not force every age gap to three.
100912,A_2022,1,age_gap_outside_2_4,review,"{""age_at_application"": 11.0, ""age_at_survey"": 12.0, ""age_gap"": 1.0}",Keep in main sample; show cohort distribution and sensitivity; do not force every age gap to three.
100914,B_2018,1,age_gap_outside_2_4,review,"{""age_at_application"": 11.0, ""age_at_survey"": 16.0, ""age_gap"": 5.0}",Keep in main sample; show cohort distribution and sensitivity; do not force every age gap to three.
100915,A_2022,1,age_gap_outside_2_4,review,"{""age_at_application"": 13.0, ""age_at_survey"": 14.0, ""age_gap"": 1.0}",Keep in main sample; show cohort distribution and sensitivity; do not force every age gap to three.
100923,A_2022,1,age_gap_outside_2_4,review,"{""age_at_application"": 11.0, ""age_at_survey"": 12.0, ""age_gap"": 1.0}",Keep in main sample; show cohort distribution and sensitivity; do not force every age gap to three.
100927,A_2022,1,age_gap_outside_2_4,review,"{""age_at_application"": 11.0, ""age_at_survey"": 12.0, ""age_gap"": 1.0}",Keep in main sample; show cohort distribution and sensitivity; do not force every age gap to three.
100934,B_2018,1,age_gap_outside_2_4,review,"{""age_at_application"": 11.0, ""age_at_survey"": 16.0, ""age_gap"": 5.0}",Keep in main sample; show cohort distribution and sensitivity; do not force every age gap to three.
100941,A_2022,1,age_gap_outside_2_4,review,"{""age_at_application"": 11.0, ""age_at_survey"": 12.0, ""age_gap"": 1.0}",Keep in main sample; show cohort distribution and sensitivity; do not force every age gap to three.
100943,B_2018,1,age_gap_outside_2_4,review,"{""age_at_application"": 12.0, ""age_at_survey"": 17.0, ""age_gap"": 5.0}",Keep in main sample; show cohort distribution and sensitivity; do not force every age gap to three.
100944,B_2018,1,age_gap_outside_2_4,review,"{""age_at_application"": 15.0, ""age_at_survey"": 20.0, ""age_gap"": 5.0}",Keep in main sample; show cohort distribution and sensitivity; do not force every age gap to three.
100945,A_2022,0,age_gap_outside_2_4,review,"{""age_at_application"": 16.0, ""age_at_survey"": 16.0, ""age_gap"": 0.0}",Keep in main sample; show cohort distribution and sensitivity; do not force every age gap to three.
100951,A_2022,0,age_gap_outside_2_4,review,"{""age_at_application"": 11.0, ""age_at_survey"": 11.0, ""age_gap"": 0.0}",Keep in main sample; show cohort distribution and sensitivity; do not force every age gap to three.
100954,A_2022,1,age_gap_outside_2_4,review,"{""age_at_application"": 11.0, ""age_at_survey"": 11.0, ""age_gap"": 0.0}",Keep in main sample; show cohort distribution and sensitivity; do not force every age gap to three.
100956,A_2022,1,age_gap_outside_2_4,review,"{""age_at_application"": 11.0, ""age_at_survey"": 12.0, ""age_gap"": 1.0}",Keep in main sample; show cohort distribution and sensitivity; do not force every age gap to three.
100962,A_2022,1,age_gap_outside_2_4,review,"{""age_at_application"": 10.0, ""age_at_survey"": 11.0, ""age_gap"": 1.0}",Keep in main sample; show cohort distribution and sensitivity; do not force every age gap to three.
100980,A_2022,0,age_gap_outside_2_4,review,"{""age_at_application"": 15.0, ""age_at_survey"": 15.0, ""age_gap"": 0.0}",Keep in main sample; show cohort distribution and sensitivity; do not force every age gap to three.
100983,B_2018,0,age_gap_outside_2_4,review,"{""age_at_application"": 11.0, ""age_at_survey"": 16.0, ""age_gap"": 5.0}",Keep in main sample; show cohort distribution and sensitivity; do not force every age gap to three.
100986,A_2022,1,age_gap_outside_2_4,review,"{""age_at_application"": 14.0, ""age_at_survey"": 15.0, ""age_gap"": 1.0}",Keep in main sample; show cohort distribution and sensitivity; do not force every age gap to three.
100992,A_2022,0,age_gap_outside_2_4,review,"{""age_at_application"": 14.0, ""age_at_survey"": 14.0, ""age_gap"": 0.0}",Keep in main sample; show cohort distribution and sensitivity; do not force every age gap to three.
100995,A_2022,1,age_gap_outside_2_4,review,"{""age_at_application"": 14.0, ""age_at_survey"": 14.0, ""age_gap"": 0.0}",Keep in main sample; show cohort distribution and sensitivity; do not force every age gap to three.
100996,A_2022,0,age_gap_outside_2_4,review,"{""age_at_application"": 15.0, ""age_at_survey"": 15.0, ""age_gap"": 0.0}",Keep in main sample; show cohort distribution and sensitivity; do not force every age gap to three.
101002,A_2022,0,age_gap_outside_2_4,review,"{""age_at_application"": 13.0, ""age_at_survey"": 14.0, ""age_gap"": 1.0}",Keep in main sample; show cohort distribution and sensitivity; do not force every age gap to three.
101003,A_2022,0,age_gap_outside_2_4,review,"{""age_at_application"": 14.0, ""age_at_survey"": 13.0, ""age_gap"": -1.0}",Keep in main sample; show cohort distribution and sensitivity; do not force every age gap to three.
101007,A_2022,1,age_gap_outside_2_4,review,"{""age_at_application"": 11.0, ""age_at_survey"": 11.0, ""age_gap"": 0.0}",Keep in main sample; show cohort distribution and sensitivity; do not force every age gap to three.
101008,B_2018,0,age_gap_outside_2_4,review,"{""age_at_application"": 12.0, ""age_at_survey"": 17.0, ""age_gap"": 5.0}",Keep in main sample; show cohort distribution and sensitivity; do not force every age gap to three.
101011,A_2022,1,age_gap_outside_2_4,review,"{""age_at_application"": 11.0, ""age_at_survey"": 11.0, ""age_gap"": 0.0}",Keep in main sample; show cohort distribution and sensitivity; do not force every age gap to three.
101022,A_2022,0,age_gap_outside_2_4,review,"{""age_at_application"": 13.0, ""age_at_survey"": 14.0, ""age_gap"": 1.0}",Keep in main sample; show cohort distribution and sensitivity; do not force every age gap to three.
101026,A_2022,1,age_gap_outside_2_4,review,"{""age_at_application"": 14.0, ""age_at_survey"": 13.0, ""age_gap"": -1.0}",Keep in main sample; show cohort distribution and sensitivity; do not force every age gap to three.
101030,B_2018,1,age_gap_outside_2_4,review,"{""age_at_application"": 13.0, ""age_at_survey"": 18.0, ""age_gap"": 5.0}",Keep in main sample; show cohort distribution and sensitivity; do not force every age gap to three.
101031,A_2022,0,age_gap_outside_2_4,review,"{""age_at_application"": 14.0, ""age_at_survey"": 15.0, ""age_gap"": 1.0}",Keep in main sample; show cohort distribution and sensitivity; do not force every age gap to three.
101048,A_2022,1,age_gap_outside_2_4,review,"{""age_at_application"": 11.0, ""age_at_survey"": 11.0, ""age_gap"": 0.0}",Keep in main sample; show cohort distribution and sensitivity; do not force every age gap to three.
101052,A_2022,0,age_gap_outside_2_4,review,"{""age_at_application"": 12.0, ""age_at_survey"": 12.0, ""age_gap"": 0.0}",Keep in main sample; show cohort distribution and sensitivity; do not force every age gap to three.
101061,A_2022,1,age_gap_outside_2_4,review,"{""age_at_application"": 11.0, ""age_at_survey"": 12.0, ""age_gap"": 1.0}",Keep in main sample; show cohort distribution and sensitivity; do not force every age gap to three.
101065,A_2022,1,age_gap_outside_2_4,review,"{""age_at_application"": 11.0, ""age_at_survey"": 12.0, ""age_gap"": 1.0}",Keep in main sample; show cohort distribution and sensitivity; do not force every age gap to three.
101074,A_2022,1,age_gap_outside_2_4,review,"{""age_at_application"": 12.0, ""age_at_survey"": 13.0, ""age_gap"": 1.0}",Keep in main sample; show cohort distribution and sensitivity; do not force every age gap to three.
101080,B_2018,0,age_gap_outside_2_4,review,"{""age_at_application"": 10.0, ""age_at_survey"": 15.0, ""age_gap"": 5.0}",Keep in main sample; show cohort distribution and sensitivity; do not force every age gap to three.
101089,B_2018,1,age_gap_outside_2_4,review,"{""age_at_application"": 13.0, ""age_at_survey"": 18.0, ""age_gap"": 5.0}",Keep in main sample; show cohort distribution and sensitivity; do not force every age gap to three.
101095,A_2022,1,age_gap_outside_2_4,review,"{""age_at_application"": 12.0, ""age_at_survey"": 13.0, ""age_gap"": 1.0}",Keep in main sample; show cohort distribution and sensitivity; do not force every age gap to three.
101096,A_2022,0,age_gap_outside_2_4,review,"{""age_at_application"": 14.0, ""age_at_survey"": 15.0, ""age_gap"": 1.0}",Keep in main sample; show cohort distribution and sensitivity; do not force every age gap to three.
101098,A_2022,1,age_gap_outside_2_4,review,"{""age_at_application"": 12.0, ""age_at_survey"": 12.0, ""age_gap"": 0.0}",Keep in main sample; show cohort distribution and sensitivity; do not force every age gap to three.
101099,A_2022,0,age_gap_outside_2_4,review,"{""age_at_application"": 11.0, ""age_at_survey"": 12.0, ""age_gap"": 1.0}",Keep in main sample; show cohort distribution and sensitivity; do not force every age gap to three.
101101,A_2020,1,age_gap_outside_2_4,review,"{""age_at_application"": 12.0, ""age_at_survey"": 13.0, ""age_gap"": 1.0}",Keep in main sample; show cohort distribution and sensitivity; do not force every age gap to three.
101104,A_2022,0,age_gap_outside_2_4,review,"{""age_at_application"": 12.0, ""age_at_survey"": 13.0, ""age_gap"": 1.0}",Keep in main sample; show cohort distribution and sensitivity; do not force every age gap to three.
101125,A_2020,0,age_gap_outside_2_4,review,"{""age_at_application"": 13.0, ""age_at_survey"": 18.0, ""age_gap"": 5.0}",Keep in main sample; show cohort distribution and sensitivity; do not force every age gap to three.
101126,A_2020,1,age_gap_outside_2_4,review,"{""age_at_application"": 13.0, ""age_at_survey"": 14.0, ""age_gap"": 1.0}",Keep in main sample; show cohort distribution and sensitivity; do not force every age gap to three.
101135,B_2018,1,age_gap_outside_2_4,review,"{""age_at_application"": 11.0, ""age_at_survey"": 16.0, ""age_gap"": 5.0}",Keep in main sample; show cohort distribution and sensitivity; do not force every age gap to three.
101136,A_2022,0,age_gap_outside_2_4,review,"{""age_at_application"": 12.0, ""age_at_survey"": 12.0, ""age_gap"": 0.0}",Keep in main sample; show cohort distribution and sensitivity; do not force every age gap to three.
101142,A_2022,1,age_gap_outside_2_4,review,"{""age_at_application"": 11.0, ""age_at_survey"": 12.0, ""age_gap"": 1.0}",Keep in main sample; show cohort distribution and sensitivity; do not force every age gap to three.
101144,B_2018,0,age_gap_outside_2_4,review,"{""age_at_application"": 14.0, ""age_at_survey"": 19.0, ""age_gap"": 5.0}",Keep in main sample; show cohort distribution and sensitivity; do not force every age gap to three.
101145,B_2018,1,age_gap_outside_2_4,review,"{""age_at_application"": 15.0, ""age_at_survey"": 20.0, ""age_gap"": 5.0}",Keep in main sample; show cohort distribution and sensitivity; do not force every age gap to three.
101146,A_2022,1,age_gap_outside_2_4,review,"{""age_at_application"": 14.0, ""age_at_survey"": 15.0, ""age_gap"": 1.0}",Keep in main sample; show cohort distribution and sensitivity; do not force every age gap to three.
101147,A_2022,0,age_gap_outside_2_4,review,"{""age_at_application"": 16.0, ""age_at_survey"": 16.0, ""age_gap"": 0.0}",Keep in main sample; show cohort distribution and sensitivity; do not force every age gap to three.
101152,B_2018,1,age_gap_outside_2_4,review,"{""age_at_application"": 12.0, ""age_at_survey"": 17.0, ""age_gap"": 5.0}",Keep in main sample; show cohort distribution and sensitivity; do not force every age gap to three.
101157,B_2018,1,age_gap_outside_2_4,review,"{""age_at_application"": 12.0, ""age_at_survey"": 17.0, ""age_gap"": 5.0}",Keep in main sample; show cohort distribution and sensitivity; do not force every age gap to three.
101159,A_2022,0,age_gap_outside_2_4,review,"{""age_at_application"": 15.0, ""age_at_survey"": 16.0, ""age_gap"": 1.0}",Keep in main sample; show cohort distribution and sensitivity; do not force every age gap to three.
101170,A_2022,1,age_gap_outside_2_4,review,"{""age_at_application"": 14.0, ""age_at_survey"": 15.0, ""age_gap"": 1.0}",Keep in main sample; show cohort distribution and sensitivity; do not force every age gap to three.
101173,B_2018,1,age_gap_outside_2_4,review,"{""age_at_application"": 9.0, ""age_at_survey"": 14.0, ""age_gap"": 5.0}",Keep in main sample; show cohort distribution and sensitivity; do not force every age gap to three.
101175,A_2022,1,age_gap_outside_2_4,review,"{""age_at_application"": 13.0, ""age_at_survey"": 13.0, ""age_gap"": 0.0}",Keep in main sample; show cohort distribution and sensitivity; do not force every age gap to three.
101189,A_2022,0,age_gap_outside_2_4,review,"{""age_at_application"": 12.0, ""age_at_survey"": 13.0, ""age_gap"": 1.0}",Keep in main sample; show cohort distribution and sensitivity; do not force every age gap to three.
101196,A_2022,0,age_gap_outside_2_4,review,"{""age_at_application"": 14.0, ""age_at_survey"": 14.0, ""age_gap"": 0.0}",Keep in main sample; show cohort distribution and sensitivity; do not force every age gap to three.
101198,A_2022,0,age_gap_outside_2_4,review,"{""age_at_application"": 11.0, ""age_at_survey"": 11.0, ""age_gap"": 0.0}",Keep in main sample; show cohort distribution and sensitivity; do not force every age gap to three.
101211,B_2018,0,age_gap_outside_2_4,review,"{""age_at_application"": 14.0, ""age_at_survey"": 19.0, ""age_gap"": 5.0}",Keep in main sample; show cohort distribution and sensitivity; do not force every age gap to three.
101214,B_2018,1,age_gap_outside_2_4,review,"{""age_at_application"": 14.0, ""age_at_survey"": 19.0, ""age_gap"": 5.0}",Keep in main sample; show cohort distribution and sensitivity; do not force every age gap to three.
101223,A_2022,0,age_gap_outside_2_4,review,"{""age_at_application"": 13.0, ""age_at_survey"": 13.0, ""age_gap"": 0.0}",Keep in main sample; show cohort distribution and sensitivity; do not force every age gap to three.
101224,A_2022,0,age_gap_outside_2_4,review,"{""age_at_application"": 11.0, ""age_at_survey"": 11.0, ""age_gap"": 0.0}",Keep in main sample; show cohort distribution and sensitivity; do not force every age gap to three.
101225,A_2022,0,age_gap_outside_2_4,review,"{""age_at_application"": 11.0, ""age_at_survey"": 12.0, ""age_gap"": 1.0}",Keep in main sample; show cohort distribution and sensitivity; do not force every age gap to three.
101235,A_2022,0,age_gap_outside_2_4,review,"{""age_at_application"": 13.0, ""age_at_survey"": 13.0, ""age_gap"": 0.0}",Keep in main sample; show cohort distribution and sensitivity; do not force every age gap to three.
101236,A_2020,1,age_gap_outside_2_4,review,"{""age_at_application"": 11.0, ""age_at_survey"": 12.0, ""age_gap"": 1.0}",Keep in main sample; show cohort distribution and sensitivity; do not force every age gap to three.
101239,A_2020,0,age_gap_outside_2_4,review,"{""age_at_application"": 15.0, ""age_at_survey"": 16.0, ""age_gap"": 1.0}",Keep in main sample; show cohort distribution and sensitivity; do not force every age gap to three.
101247,A_2022,0,age_gap_outside_2_4,review,"{""age_at_application"": 12.0, ""age_at_survey"": 13.0, ""age_gap"": 1.0}",Keep in main sample; show cohort distribution and sensitivity; do not force every age gap to three.
101250,A_2022,0,age_gap_outside_2_4,review,"{""age_at_application"": 12.0, ""age_at_survey"": 13.0, ""age_gap"": 1.0}",Keep in main sample; show cohort distribution and sensitivity; do not force every age gap to three.
101252,A_2022,0,age_gap_outside_2_4,review,"{""age_at_application"": 15.0, ""age_at_survey"": 15.0, ""age_gap"": 0.0}",Keep in main sample; show cohort distribution and sensitivity; do not force every age gap to three.
101253,B_2018,0,age_gap_outside_2_4,review,"{""age_at_application"": 11.0, ""age_at_survey"": 16.0, ""age_gap"": 5.0}",Keep in main sample; show cohort distribution and sensitivity; do not force every age gap to three.
101260,A_2022,1,age_gap_outside_2_4,review,"{""age_at_application"": 13.0, ""age_at_survey"": 14.0, ""age_gap"": 1.0}",Keep in main sample; show cohort distribution and sensitivity; do not force every age gap to three.
101263,A_2022,1,age_gap_outside_2_4,review,"{""age_at_application"": 11.0, ""age_at_survey"": 12.0, ""age_gap"": 1.0}",Keep in main sample; show cohort distribution and sensitivity; do not force every age gap to three.
101264,A_2022,1,age_gap_outside_2_4,review,"{""age_at_application"": 12.0, ""age_at_survey"": 12.0, ""age_gap"": 0.0}",Keep in main sample; show cohort distribution and sensitivity; do not force every age gap to three.
101270,B_2018,0,age_gap_outside_2_4,review,"{""age_at_application"": 10.0, ""age_at_survey"": 15.0, ""age_gap"": 5.0}",Keep in main sample; show cohort distribution and sensitivity; do not force every age gap to three.
101279,A_2022,0,age_gap_outside_2_4,review,"{""age_at_application"": 12.0, ""age_at_survey"": 13.0, ""age_gap"": 1.0}",Keep in main sample; show cohort distribution and sensitivity; do not force every age gap to three.
101280,A_2022,0,age_gap_outside_2_4,review,"{""age_at_application"": 16.0, ""age_at_survey"": 17.0, ""age_gap"": 1.0}",Keep in main sample; show cohort distribution and sensitivity; do not force every age gap to three.
101281,B_2018,1,age_gap_outside_2_4,review,"{""age_at_application"": 12.0, ""age_at_survey"": 17.0, ""age_gap"": 5.0}",Keep in main sample; show cohort distribution and sensitivity; do not force every age gap to three.
101284,A_2022,1,age_gap_outside_2_4,review,"{""age_at_application"": 12.0, ""age_at_survey"": 12.0, ""age_gap"": 0.0}",Keep in main sample; show cohort distribution and sensitivity; do not force every age gap to three.
101286,B_2018,1,age_gap_outside_2_4,review,"{""age_at_application"": 13.0, ""age_at_survey"": 18.0, ""age_gap"": 5.0}",Keep in main sample; show cohort distribution and sensitivity; do not force every age gap to three.
101292,A_2022,1,age_gap_outside_2_4,review,"{""age_at_application"": 11.0, ""age_at_survey"": 12.0, ""age_gap"": 1.0}",Keep in main sample; show cohort distribution and sensitivity; do not force every age gap to three.
101293,B_2018,1,age_gap_outside_2_4,review,"{""age_at_application"": 10.0, ""age_at_survey"": 15.0, ""age_gap"": 5.0}",Keep in main sample; show cohort distribution and sensitivity; do not force every age gap to three.
101295,A_2022,0,age_gap_outside_2_4,review,"{""age_at_application"": 14.0, ""age_at_survey"": 15.0, ""age_gap"": 1.0}",Keep in main sample; show cohort distribution and sensitivity; do not force every age gap to three.
101304,A_2022,1,age_gap_outside_2_4,review,"{""age_at_application"": 11.0, ""age_at_survey"": 11.0, ""age_gap"": 0.0}",Keep in main sample; show cohort distribution and sensitivity; do not force every age gap to three.
101305,A_2022,0,age_gap_outside_2_4,review,"{""age_at_application"": 11.0, ""age_at_survey"": 11.0, ""age_gap"": 0.0}",Keep in main sample; show cohort distribution and sensitivity; do not force every age gap to three.
101308,A_2022,0,age_gap_outside_2_4,review,"{""age_at_application"": 13.0, ""age_at_survey"": 14.0, ""age_gap"": 1.0}",Keep in main sample; show cohort distribution and sensitivity; do not force every age gap to three.
101309,A_2022,1,age_gap_outside_2_4,review,"{""age_at_application"": 13.0, ""age_at_survey"": 14.0, ""age_gap"": 1.0}",Keep in main sample; show cohort distribution and sensitivity; do not force every age gap to three.
101310,A_2022,0,age_gap_outside_2_4,review,"{""age_at_application"": 12.0, ""age_at_survey"": 13.0, ""age_gap"": 1.0}",Keep in main sample; show cohort distribution and sensitivity; do not force every age gap to three.
101312,B_2018,0,age_gap_outside_2_4,review,"{""age_at_application"": 11.0, ""age_at_survey"": 16.0, ""age_gap"": 5.0}",Keep in main sample; show cohort distribution and sensitivity; do not force every age gap to three.
101313,A_2022,0,age_gap_outside_2_4,review,"{""age_at_application"": 12.0, ""age_at_survey"": 13.0, ""age_gap"": 1.0}",Keep in main sample; show cohort distribution and sensitivity; do not force every age gap to three.
101316,A_2022,0,age_gap_outside_2_4,review,"{""age_at_application"": 12.0, ""age_at_survey"": 13.0, ""age_gap"": 1.0}",Keep in main sample; show cohort distribution and sensitivity; do not force every age gap to three.
101325,B_2018,1,age_gap_outside_2_4,review,"{""age_at_application"": 12.0, ""age_at_survey"": 17.0, ""age_gap"": 5.0}",Keep in main sample; show cohort distribution and sensitivity; do not force every age gap to three.
101326,B_2018,1,age_gap_outside_2_4,review,"{""age_at_application"": 15.0, ""age_at_survey"": 20.0, ""age_gap"": 5.0}",Keep in main sample; show cohort distribution and sensitivity; do not force every age gap to three.
101328,B_2018,1,age_gap_outside_2_4,review,"{""age_at_application"": 10.0, ""age_at_survey"": 15.0, ""age_gap"": 5.0}",Keep in main sample; show cohort distribution and sensitivity; do not force every age gap to three.
101333,A_2022,1,age_gap_outside_2_4,review,"{""age_at_application"": 12.0, ""age_at_survey"": 13.0, ""age_gap"": 1.0}",Keep in main sample; show cohort distribution and sensitivity; do not force every age gap to three.
101335,B_2018,1,age_gap_outside_2_4,review,"{""age_at_application"": 14.0, ""age_at_survey"": 19.0, ""age_gap"": 5.0}",Keep in main sample; show cohort distribution and sensitivity; do not force every age gap to three.
101338,A_2022,1,age_gap_outside_2_4,review,"{""age_at_application"": 11.0, ""age_at_survey"": 12.0, ""age_gap"": 1.0}",Keep in main sample; show cohort distribution and sensitivity; do not force every age gap to three.
101343,B_2018,0,age_gap_outside_2_4,review,"{""age_at_application"": 12.0, ""age_at_survey"": 17.0, ""age_gap"": 5.0}",Keep in main sample; show cohort distribution and sensitivity; do not force every age gap to three.
101351,A_2022,0,age_gap_outside_2_4,review,"{""age_at_application"": 12.0, ""age_at_survey"": 13.0, ""age_gap"": 1.0}",Keep in main sample; show cohort distribution and sensitivity; do not force every age gap to three.
101355,A_2022,0,age_gap_outside_2_4,review,"{""age_at_application"": 16.0, ""age_at_survey"": 16.0, ""age_gap"": 0.0}",Keep in main sample; show cohort distribution and sensitivity; do not force every age gap to three.
101360,A_2022,1,age_gap_outside_2_4,review,"{""age_at_application"": 12.0, ""age_at_survey"": 12.0, ""age_gap"": 0.0}",Keep in main sample; show cohort distribution and sensitivity; do not force every age gap to three.
101361,B_2018,1,age_gap_outside_2_4,review,"{""age_at_application"": 10.0, ""age_at_survey"": 15.0, ""age_gap"": 5.0}",Keep in main sample; show cohort distribution and sensitivity; do not force every age gap to three.
101366,A_2022,0,age_gap_outside_2_4,review,"{""age_at_application"": 11.0, ""age_at_survey"": 12.0, ""age_gap"": 1.0}",Keep in main sample; show cohort distribution and sensitivity; do not force every age gap to three.
101370,A_2022,1,age_gap_outside_2_4,review,"{""age_at_application"": 13.0, ""age_at_survey"": 14.0, ""age_gap"": 1.0}",Keep in main sample; show cohort distribution and sensitivity; do not force every age gap to three.
101372,A_2022,1,age_gap_outside_2_4,review,"{""age_at_application"": 11.0, ""age_at_survey"": 12.0, ""age_gap"": 1.0}",Keep in main sample; show cohort distribution and sensitivity; do not force every age gap to three.
101374,A_2020,0,age_gap_outside_2_4,review,"{""age_at_application"": 14.0, ""age_at_survey"": 15.0, ""age_gap"": 1.0}",Keep in main sample; show cohort distribution and sensitivity; do not force every age gap to three.
101376,A_2022,0,age_gap_outside_2_4,review,"{""age_at_application"": 12.0, ""age_at_survey"": 13.0, ""age_gap"": 1.0}",Keep in main sample; show cohort distribution and sensitivity; do not force every age gap to three.
101377,A_2022,0,age_gap_outside_2_4,review,"{""age_at_application"": 12.0, ""age_at_survey"": 13.0, ""age_gap"": 1.0}",Keep in main sample; show cohort distribution and sensitivity; do not force every age gap to three.
101383,A_2022,1,age_gap_outside_2_4,review,"{""age_at_application"": 12.0, ""age_at_survey"": 12.0, ""age_gap"": 0.0}",Keep in main sample; show cohort distribution and sensitivity; do not force every age gap to three.
101397,B_2018,1,age_gap_outside_2_4,review,"{""age_at_application"": 14.0, ""age_at_survey"": 19.0, ""age_gap"": 5.0}",Keep in main sample; show cohort distribution and sensitivity; do not force every age gap to three.
101402,B_2018,1,age_gap_outside_2_4,review,"{""age_at_application"": 11.0, ""age_at_survey"": 16.0, ""age_gap"": 5.0}",Keep in main sample; show cohort distribution and sensitivity; do not force every age gap to three.
101410,A_2022,1,age_gap_outside_2_4,review,"{""age_at_application"": 13.0, ""age_at_survey"": 13.0, ""age_gap"": 0.0}",Keep in main sample; show cohort distribution and sensitivity; do not force every age gap to three.
101411,A_2022,0,age_gap_outside_2_4,review,"{""age_at_application"": 12.0, ""age_at_survey"": 12.0, ""age_gap"": 0.0}",Keep in main sample; show cohort distribution and sensitivity; do not force every age gap to three.
101413,B_2018,0,age_gap_outside_2_4,review,"{""age_at_application"": 12.0, ""age_at_survey"": 17.0, ""age_gap"": 5.0}",Keep in main sample; show cohort distribution and sensitivity; do not force every age gap to three.
101420,A_2022,1,age_gap_outside_2_4,review,"{""age_at_application"": 13.0, ""age_at_survey"": 14.0, ""age_gap"": 1.0}",Keep in main sample; show cohort distribution and sensitivity; do not force every age gap to three.
101421,A_2022,1,age_gap_outside_2_4,review,"{""age_at_application"": 14.0, ""age_at_survey"": 15.0, ""age_gap"": 1.0}",Keep in main sample; show cohort distribution and sensitivity; do not force every age gap to three.
101425,A_2022,1,age_gap_outside_2_4,review,"{""age_at_application"": 14.0, ""age_at_survey"": 14.0, ""age_gap"": 0.0}",Keep in main sample; show cohort distribution and sensitivity; do not force every age gap to three.
101428,A_2022,0,age_gap_outside_2_4,review,"{""age_at_application"": 11.0, ""age_at_survey"": 12.0, ""age_gap"": 1.0}",Keep in main sample; show cohort distribution and sensitivity; do not force every age gap to three.
101429,A_2022,0,age_gap_outside_2_4,review,"{""age_at_application"": 14.0, ""age_at_survey"": 14.0, ""age_gap"": 0.0}",Keep in main sample; show cohort distribution and sensitivity; do not force every age gap to three.
101433,A_2022,0,age_gap_outside_2_4,review,"{""age_at_application"": 14.0, ""age_at_survey"": 15.0, ""age_gap"": 1.0}",Keep in main sample; show cohort distribution and sensitivity; do not force every age gap to three.
101438,B_2018,0,age_gap_outside_2_4,review,"{""age_at_application"": 12.0, ""age_at_survey"": 17.0, ""age_gap"": 5.0}",Keep in main sample; show cohort distribution and sensitivity; do not force every age gap to three.
101445,A_2022,1,age_gap_outside_2_4,review,"{""age_at_application"": 12.0, ""age_at_survey"": 12.0, ""age_gap"": 0.0}",Keep in main sample; show cohort distribution and sensitivity; do not force every age gap to three.
101458,A_2022,0,age_gap_outside_2_4,review,"{""age_at_application"": 11.0, ""age_at_survey"": 12.0, ""age_gap"": 1.0}",Keep in main sample; show cohort distribution and sensitivity; do not force every age gap to three.
101460,A_2022,0,age_gap_outside_2_4,review,"{""age_at_application"": 12.0, ""age_at_survey"": 13.0, ""age_gap"": 1.0}",Keep in main sample; show cohort distribution and sensitivity; do not force every age gap to three.
101465,B_2018,1,age_gap_outside_2_4,review,"{""age_at_application"": 13.0, ""age_at_survey"": 18.0, ""age_gap"": 5.0}",Keep in main sample; show cohort distribution and sensitivity; do not force every age gap to three.
101470,A_2022,0,age_gap_outside_2_4,review,"{""age_at_application"": 15.0, ""age_at_survey"": 15.0, ""age_gap"": 0.0}",Keep in main sample; show cohort distribution and sensitivity; do not force every age gap to three.
101476,A_2022,1,age_gap_outside_2_4,review,"{""age_at_application"": 14.0, ""age_at_survey"": 15.0, ""age_gap"": 1.0}",Keep in main sample; show cohort distribution and sensitivity; do not force every age gap to three.
101483,A_2022,1,age_gap_outside_2_4,review,"{""age_at_application"": 12.0, ""age_at_survey"": 13.0, ""age_gap"": 1.0}",Keep in main sample; show cohort distribution and sensitivity; do not force every age gap to three.
101489,A_2022,0,age_gap_outside_2_4,review,"{""age_at_application"": 11.0, ""age_at_survey"": 11.0, ""age_gap"": 0.0}",Keep in main sample; show cohort distribution and sensitivity; do not force every age gap to three.
101491,A_2022,0,age_gap_outside_2_4,review,"{""age_at_application"": 12.0, ""age_at_survey"": 13.0, ""age_gap"": 1.0}",Keep in main sample; show cohort distribution and sensitivity; do not force every age gap to three.
101503,A_2022,1,age_gap_outside_2_4,review,"{""age_at_application"": 15.0, ""age_at_survey"": 14.0, ""age_gap"": -1.0}",Keep in main sample; show cohort distribution and sensitivity; do not force every age gap to three.
101504,A_2022,1,age_gap_outside_2_4,review,"{""age_at_application"": 11.0, ""age_at_survey"": 12.0, ""age_gap"": 1.0}",Keep in main sample; show cohort distribution and sensitivity; do not force every age gap to three.
101505,A_2022,0,age_gap_outside_2_4,review,"{""age_at_application"": 11.0, ""age_at_survey"": 12.0, ""age_gap"": 1.0}",Keep in main sample; show cohort distribution and sensitivity; do not force every age gap to three.
101507,B_2018,0,age_gap_outside_2_4,review,"{""age_at_application"": 10.0, ""age_at_survey"": 15.0, ""age_gap"": 5.0}",Keep in main sample; show cohort distribution and sensitivity; do not force every age gap to three.
101508,A_2022,1,age_gap_outside_2_4,review,"{""age_at_application"": 14.0, ""age_at_survey"": 13.0, ""age_gap"": -1.0}",Keep in main sample; show cohort distribution and sensitivity; do not force every age gap to three.
101510,B_2018,0,age_gap_outside_2_4,review,"{""age_at_application"": 15.0, ""age_at_survey"": 20.0, ""age_gap"": 5.0}",Keep in main sample; show cohort distribution and sensitivity; do not force every age gap to three.
101517,A_2022,1,age_gap_outside_2_4,review,"{""age_at_application"": 13.0, ""age_at_survey"": 14.0, ""age_gap"": 1.0}",Keep in main sample; show cohort distribution and sensitivity; do not force every age gap to three.
101520,A_2022,1,age_gap_outside_2_4,review,"{""age_at_application"": 12.0, ""age_at_survey"": 12.0, ""age_gap"": 0.0}",Keep in main sample; show cohort distribution and sensitivity; do not force every age gap to three.
101527,A_2022,1,age_gap_outside_2_4,review,"{""age_at_application"": 13.0, ""age_at_survey"": 14.0, ""age_gap"": 1.0}",Keep in main sample; show cohort distribution and sensitivity; do not force every age gap to three.
101528,B_2018,1,age_gap_outside_2_4,review,"{""age_at_application"": 15.0, ""age_at_survey"": 20.0, ""age_gap"": 5.0}",Keep in main sample; show cohort distribution and sensitivity; do not force every age gap to three.
101531,A_2022,1,age_gap_outside_2_4,review,"{""age_at_application"": 11.0, ""age_at_survey"": 12.0, ""age_gap"": 1.0}",Keep in main sample; show cohort distribution and sensitivity; do not force every age gap to three.
101532,A_2022,0,age_gap_outside_2_4,review,"{""age_at_application"": 13.0, ""age_at_survey"": 12.0, ""age_gap"": -1.0}",Keep in main sample; show cohort distribution and sensitivity; do not force every age gap to three.
101534,B_2018,1,age_gap_outside_2_4,review,"{""age_at_application"": 11.0, ""age_at_survey"": 16.0, ""age_gap"": 5.0}",Keep in main sample; show cohort distribution and sensitivity; do not force every age gap to three.
101535,A_2022,0,age_gap_outside_2_4,review,"{""age_at_application"": 13.0, ""age_at_survey"": 13.0, ""age_gap"": 0.0}",Keep in main sample; show cohort distribution and sensitivity; do not force every age gap to three.
101549,A_2022,0,age_gap_outside_2_4,review,"{""age_at_application"": 14.0, ""age_at_survey"": 15.0, ""age_gap"": 1.0}",Keep in main sample; show cohort distribution and sensitivity; do not force every age gap to three.
101551,B_2018,1,age_gap_outside_2_4,review,"{""age_at_application"": 11.0, ""age_at_survey"": 16.0, ""age_gap"": 5.0}",Keep in main sample; show cohort distribution and sensitivity; do not force every age gap to three.
101553,A_2022,1,age_gap_outside_2_4,review,"{""age_at_application"": 13.0, ""age_at_survey"": 14.0, ""age_gap"": 1.0}",Keep in main sample; show cohort distribution and sensitivity; do not force every age gap to three.
101555,B_2018,0,age_gap_outside_2_4,review,"{""age_at_application"": 12.0, ""age_at_survey"": 17.0, ""age_gap"": 5.0}",Keep in main sample; show cohort distribution and sensitivity; do not force every age gap to three.
101557,A_2022,0,age_gap_outside_2_4,review,"{""age_at_application"": 11.0, ""age_at_survey"": 11.0, ""age_gap"": 0.0}",Keep in main sample; show cohort distribution and sensitivity; do not force every age gap to three.
101567,A_2022,1,age_gap_outside_2_4,review,"{""age_at_application"": 11.0, ""age_at_survey"": 12.0, ""age_gap"": 1.0}",Keep in main sample; show cohort distribution and sensitivity; do not force every age gap to three.
101574,B_2018,1,age_gap_outside_2_4,review,"{""age_at_application"": 13.0, ""age_at_survey"": 18.0, ""age_gap"": 5.0}",Keep in main sample; show cohort distribution and sensitivity; do not force every age gap to three.
101575,A_2022,0,age_gap_outside_2_4,review,"{""age_at_application"": 11.0, ""age_at_survey"": 12.0, ""age_gap"": 1.0}",Keep in main sample; show cohort distribution and sensitivity; do not force every age gap to three.
101576,A_2022,0,age_gap_outside_2_4,review,"{""age_at_application"": 11.0, ""age_at_survey"": 12.0, ""age_gap"": 1.0}",Keep in main sample; show cohort distribution and sensitivity; do not force every age gap to three.
101580,A_2022,0,age_gap_outside_2_4,review,"{""age_at_application"": 11.0, ""age_at_survey"": 12.0, ""age_gap"": 1.0}",Keep in main sample; show cohort distribution and sensitivity; do not force every age gap to three.
101582,A_2022,0,age_gap_outside_2_4,review,"{""age_at_application"": 12.0, ""age_at_survey"": 13.0, ""age_gap"": 1.0}",Keep in main sample; show cohort distribution and sensitivity; do not force every age gap to three.
100088,B_2018,1,grade_6_contradiction,contradiction,"{""highest_grade"": 9, ""finished_g6"": 0.0, ""finished_g7"": 0.0, ""finished_g8"": 0.0, ""years_in_school"": 4.0}",Source of error cannot be identified. Preserve reported outcomes; use separate sensitivity excluding contradictory grade records.
100203,A_2020,1,grade_6_contradiction,contradiction,"{""highest_grade"": 11, ""finished_g6"": 0.0, ""finished_g7"": 0.0, ""finished_g8"": 0.0, ""years_in_school"": 5.0}",Source of error cannot be identified. Preserve reported outcomes; use separate sensitivity excluding contradictory grade records.
100411,B_2018,0,grade_6_contradiction,contradiction,"{""highest_grade"": 11, ""finished_g6"": 0.0, ""finished_g7"": 0.0, ""finished_g8"": 0.0, ""years_in_school"": 5.0}",Source of error cannot be identified. Preserve reported outcomes; use separate sensitivity excluding contradictory grade records.
100466,A_2020,0,grade_6_contradiction,contradiction,"{""highest_grade"": 8, ""finished_g6"": 0.0, ""finished_g7"": 0.0, ""finished_g8"": 0.0, ""years_in_school"": 4.0}",Source of error cannot be identified. Preserve reported outcomes; use separate sensitivity excluding contradictory grade records.
100606,B_2018,1,grade_6_contradiction,contradiction,"{""highest_grade"": 11, ""finished_g6"": 0.0, ""finished_g7"": 0.0, ""finished_g8"": 0.0, ""years_in_school"": 6.0}",Source of error cannot be identified. Preserve reported outcomes; use separate sensitivity excluding contradictory grade records.
100704,A_2020,1,grade_6_contradiction,contradiction,"{""highest_grade"": 11, ""finished_g6"": 0.0, ""finished_g7"": 0.0, ""finished_g8"": 0.0, ""years_in_school"": 3.0}",Source of error cannot be identified. Preserve reported outcomes; use separate sensitivity excluding contradictory grade records.
100709,B_2018,0,grade_6_contradiction,contradiction,"{""highest_grade"": 11, ""finished_g6"": 0.0, ""finished_g7"": 0.0, ""finished_g8"": 0.0, ""years_in_school"": 6.0}",Source of error cannot be identified. Preserve reported outcomes; use separate sensitivity excluding contradictory grade records.
100734,A_2022,1,grade_6_contradiction,contradiction,"{""highest_grade"": 6, ""finished_g6"": 0.0, ""finished_g7"": 0.0, ""finished_g8"": 0.0, ""years_in_school"": 2.0}",Source of error cannot be identified. Preserve reported outcomes; use separate sensitivity excluding contradictory grade records.
100736,A_2020,1,grade_6_contradiction,contradiction,"{""highest_grade"": 11, ""finished_g6"": 0.0, ""finished_g7"": 0.0, ""finished_g8"": 0.0, ""years_in_school"": 3.0}",Source of error cannot be identified. Preserve reported outcomes; use separate sensitivity excluding contradictory grade records.
100769,A_2020,0,grade_6_contradiction,contradiction,"{""highest_grade"": 11, ""finished_g6"": 0.0, ""finished_g7"": 0.0, ""finished_g8"": 0.0, ""years_in_school"": 3.0}",Source of error cannot be identified. Preserve reported outcomes; use separate sensitivity excluding contradictory grade records.
100823,B_2018,1,grade_6_contradiction,contradiction,"{""highest_grade"": 8, ""finished_g6"": 0.0, ""finished_g7"": 0.0, ""finished_g8"": 0.0, ""years_in_school"": 3.0}",Source of error cannot be identified. Preserve reported outcomes; use separate sensitivity excluding contradictory grade records.
100831,A_2020,1,grade_6_contradiction,contradiction,"{""highest_grade"": 8, ""finished_g6"": 0.0, ""finished_g7"": 0.0, ""finished_g8"": 0.0, ""years_in_school"": 4.0}",Source of error cannot be identified. Preserve reported outcomes; use separate sensitivity excluding contradictory grade records.
101173,B_2018,1,grade_6_contradiction,contradiction,"{""highest_grade"": 10, ""finished_g6"": 0.0, ""finished_g7"": 0.0, ""finished_g8"": 0.0, ""years_in_school"": 6.0}",Source of error cannot be identified. Preserve reported outcomes; use separate sensitivity excluding contradictory grade records.
101591,A_2020,0,grade_6_contradiction,contradiction,"{""highest_grade"": 10, ""finished_g6"": 0.0, ""finished_g7"": 0.0, ""finished_g8"": 0.0, ""years_in_school"": 4.0}",Source of error cannot be identified. Preserve reported outcomes; use separate sensitivity excluding contradictory grade records.
100088,B_2018,1,grade_7_contradiction,contradiction,"{""highest_grade"": 9, ""finished_g6"": 0.0, ""finished_g7"": 0.0, ""finished_g8"": 0.0, ""years_in_school"": 4.0}",Source of error cannot be identified. Preserve reported outcomes; use separate sensitivity excluding contradictory grade records.
100203,A_2020,1,grade_7_contradiction,contradiction,"{""highest_grade"": 11, ""finished_g6"": 0.0, ""finished_g7"": 0.0, ""finished_g8"": 0.0, ""years_in_school"": 5.0}",Source of error cannot be identified. Preserve reported outcomes; use separate sensitivity excluding contradictory grade records.
100411,B_2018,0,grade_7_contradiction,contradiction,"{""highest_grade"": 11, ""finished_g6"": 0.0, ""finished_g7"": 0.0, ""finished_g8"": 0.0, ""years_in_school"": 5.0}",Source of error cannot be identified. Preserve reported outcomes; use separate sensitivity excluding contradictory grade records.
100466,A_2020,0,grade_7_contradiction,contradiction,"{""highest_grade"": 8, ""finished_g6"": 0.0, ""finished_g7"": 0.0, ""finished_g8"": 0.0, ""years_in_school"": 4.0}",Source of error cannot be identified. Preserve reported outcomes; use separate sensitivity excluding contradictory grade records.
100606,B_2018,1,grade_7_contradiction,contradiction,"{""highest_grade"": 11, ""finished_g6"": 0.0, ""finished_g7"": 0.0, ""finished_g8"": 0.0, ""years_in_school"": 6.0}",Source of error cannot be identified. Preserve reported outcomes; use separate sensitivity excluding contradictory grade records.
100704,A_2020,1,grade_7_contradiction,contradiction,"{""highest_grade"": 11, ""finished_g6"": 0.0, ""finished_g7"": 0.0, ""finished_g8"": 0.0, ""years_in_school"": 3.0}",Source of error cannot be identified. Preserve reported outcomes; use separate sensitivity excluding contradictory grade records.
100709,B_2018,0,grade_7_contradiction,contradiction,"{""highest_grade"": 11, ""finished_g6"": 0.0, ""finished_g7"": 0.0, ""finished_g8"": 0.0, ""years_in_school"": 6.0}",Source of error cannot be identified. Preserve reported outcomes; use separate sensitivity excluding contradictory grade records.
100736,A_2020,1,grade_7_contradiction,contradiction,"{""highest_grade"": 11, ""finished_g6"": 0.0, ""finished_g7"": 0.0, ""finished_g8"": 0.0, ""years_in_school"": 3.0}",Source of error cannot be identified. Preserve reported outcomes; use separate sensitivity excluding contradictory grade records.
100769,A_2020,0,grade_7_contradiction,contradiction,"{""highest_grade"": 11, ""finished_g6"": 0.0, ""finished_g7"": 0.0, ""finished_g8"": 0.0, ""years_in_school"": 3.0}",Source of error cannot be identified. Preserve reported outcomes; use separate sensitivity excluding contradictory grade records.
100823,B_2018,1,grade_7_contradiction,contradiction,"{""highest_grade"": 8, ""finished_g6"": 0.0, ""finished_g7"": 0.0, ""finished_g8"": 0.0, ""years_in_school"": 3.0}",Source of error cannot be identified. Preserve reported outcomes; use separate sensitivity excluding contradictory grade records.
100831,A_2020,1,grade_7_contradiction,contradiction,"{""highest_grade"": 8, ""finished_g6"": 0.0, ""finished_g7"": 0.0, ""finished_g8"": 0.0, ""years_in_school"": 4.0}",Source of error cannot be identified. Preserve reported outcomes; use separate sensitivity excluding contradictory grade records.
101173,B_2018,1,grade_7_contradiction,contradiction,"{""highest_grade"": 10, ""finished_g6"": 0.0, ""finished_g7"": 0.0, ""finished_g8"": 0.0, ""years_in_school"": 6.0}",Source of error cannot be identified. Preserve reported outcomes; use separate sensitivity excluding contradictory grade records.
101591,A_2020,0,grade_7_contradiction,contradiction,"{""highest_grade"": 10, ""finished_g6"": 0.0, ""finished_g7"": 0.0, ""finished_g8"": 0.0, ""years_in_school"": 4.0}",Source of error cannot be identified. Preserve reported outcomes; use separate sensitivity excluding contradictory grade records.
100088,B_2018,1,grade_8_contradiction,contradiction,"{""highest_grade"": 9, ""finished_g6"": 0.0, ""finished_g7"": 0.0, ""finished_g8"": 0.0, ""years_in_school"": 4.0}",Source of error cannot be identified. Preserve reported outcomes; use separate sensitivity excluding contradictory grade records.
100203,A_2020,1,grade_8_contradiction,contradiction,"{""highest_grade"": 11, ""finished_g6"": 0.0, ""finished_g7"": 0.0, ""finished_g8"": 0.0, ""years_in_school"": 5.0}",Source of error cannot be identified. Preserve reported outcomes; use separate sensitivity excluding contradictory grade records.
100411,B_2018,0,grade_8_contradiction,contradiction,"{""highest_grade"": 11, ""finished_g6"": 0.0, ""finished_g7"": 0.0, ""finished_g8"": 0.0, ""years_in_school"": 5.0}",Source of error cannot be identified. Preserve reported outcomes; use separate sensitivity excluding contradictory grade records.
100466,A_2020,0,grade_8_contradiction,contradiction,"{""highest_grade"": 8, ""finished_g6"": 0.0, ""finished_g7"": 0.0, ""finished_g8"": 0.0, ""years_in_school"": 4.0}",Source of error cannot be identified. Preserve reported outcomes; use separate sensitivity excluding contradictory grade records.
100606,B_2018,1,grade_8_contradiction,contradiction,"{""highest_grade"": 11, ""finished_g6"": 0.0, ""finished_g7"": 0.0, ""finished_g8"": 0.0, ""years_in_school"": 6.0}",Source of error cannot be identified. Preserve reported outcomes; use separate sensitivity excluding contradictory grade records.
100704,A_2020,1,grade_8_contradiction,contradiction,"{""highest_grade"": 11, ""finished_g6"": 0.0, ""finished_g7"": 0.0, ""finished_g8"": 0.0, ""years_in_school"": 3.0}",Source of error cannot be identified. Preserve reported outcomes; use separate sensitivity excluding contradictory grade records.
100709,B_2018,0,grade_8_contradiction,contradiction,"{""highest_grade"": 11, ""finished_g6"": 0.0, ""finished_g7"": 0.0, ""finished_g8"": 0.0, ""years_in_school"": 6.0}",Source of error cannot be identified. Preserve reported outcomes; use separate sensitivity excluding contradictory grade records.
100736,A_2020,1,grade_8_contradiction,contradiction,"{""highest_grade"": 11, ""finished_g6"": 0.0, ""finished_g7"": 0.0, ""finished_g8"": 0.0, ""years_in_school"": 3.0}",Source of error cannot be identified. Preserve reported outcomes; use separate sensitivity excluding contradictory grade records.
100769,A_2020,0,grade_8_contradiction,contradiction,"{""highest_grade"": 11, ""finished_g6"": 0.0, ""finished_g7"": 0.0, ""finished_g8"": 0.0, ""years_in_school"": 3.0}",Source of error cannot be identified. Preserve reported outcomes; use separate sensitivity excluding contradictory grade records.
100823,B_2018,1,grade_8_contradiction,contradiction,"{""highest_grade"": 8, ""finished_g6"": 0.0, ""finished_g7"": 0.0, ""finished_g8"": 0.0, ""years_in_school"": 3.0}",Source of error cannot be identified. Preserve reported outcomes; use separate sensitivity excluding contradictory grade records.
100831,A_2020,1,grade_8_contradiction,contradiction,"{""highest_grade"": 8, ""finished_g6"": 0.0, ""finished_g7"": 0.0, ""finished_g8"": 0.0, ""years_in_school"": 4.0}",Source of error cannot be identified. Preserve reported outcomes; use separate sensitivity excluding contradictory grade records.
101173,B_2018,1,grade_8_contradiction,contradiction,"{""highest_grade"": 10, ""finished_g6"": 0.0, ""finished_g7"": 0.0, ""finished_g8"": 0.0, ""years_in_school"": 6.0}",Source of error cannot be identified. Preserve reported outcomes; use separate sensitivity excluding contradictory grade records.
101591,A_2020,0,grade_8_contradiction,contradiction,"{""highest_grade"": 10, ""finished_g6"": 0.0, ""finished_g7"": 0.0, ""finished_g8"": 0.0, ""years_in_school"": 4.0}",Source of error cannot be identified. Preserve reported outcomes; use separate sensitivity excluding contradictory grade records.
100088,B_2018,1,any_grade_contradiction,contradiction,"{""highest_grade"": 9, ""finished_g6"": 0.0, ""finished_g7"": 0.0, ""finished_g8"": 0.0}",No automatic overwrite of one measurement with another; analyze grade robustness on records without contradictions.
100203,A_2020,1,any_grade_contradiction,contradiction,"{""highest_grade"": 11, ""finished_g6"": 0.0, ""finished_g7"": 0.0, ""finished_g8"": 0.0}",No automatic overwrite of one measurement with another; analyze grade robustness on records without contradictions.
100411,B_2018,0,any_grade_contradiction,contradiction,"{""highest_grade"": 11, ""finished_g6"": 0.0, ""finished_g7"": 0.0, ""finished_g8"": 0.0}",No automatic overwrite of one measurement with another; analyze grade robustness on records without contradictions.
100466,A_2020,0,any_grade_contradiction,contradiction,"{""highest_grade"": 8, ""finished_g6"": 0.0, ""finished_g7"": 0.0, ""finished_g8"": 0.0}",No automatic overwrite of one measurement with another; analyze grade robustness on records without contradictions.
100606,B_2018,1,any_grade_contradiction,contradiction,"{""highest_grade"": 11, ""finished_g6"": 0.0, ""finished_g7"": 0.0, ""finished_g8"": 0.0}",No automatic overwrite of one measurement with another; analyze grade robustness on records without contradictions.
100704,A_2020,1,any_grade_contradiction,contradiction,"{""highest_grade"": 11, ""finished_g6"": 0.0, ""finished_g7"": 0.0, ""finished_g8"": 0.0}",No automatic overwrite of one measurement with another; analyze grade robustness on records without contradictions.
100709,B_2018,0,any_grade_contradiction,contradiction,"{""highest_grade"": 11, ""finished_g6"": 0.0, ""finished_g7"": 0.0, ""finished_g8"": 0.0}",No automatic overwrite of one measurement with another; analyze grade robustness on records without contradictions.
100734,A_2022,1,any_grade_contradiction,contradiction,"{""highest_grade"": 6, ""finished_g6"": 0.0, ""finished_g7"": 0.0, ""finished_g8"": 0.0}",No automatic overwrite of one measurement with another; analyze grade robustness on records without contradictions.
100736,A_2020,1,any_grade_contradiction,contradiction,"{""highest_grade"": 11, ""finished_g6"": 0.0, ""finished_g7"": 0.0, ""finished_g8"": 0.0}",No automatic overwrite of one measurement with another; analyze grade robustness on records without contradictions.
100769,A_2020,0,any_grade_contradiction,contradiction,"{""highest_grade"": 11, ""finished_g6"": 0.0, ""finished_g7"": 0.0, ""finished_g8"": 0.0}",No automatic overwrite of one measurement with another; analyze grade robustness on records without contradictions.
100823,B_2018,1,any_grade_contradiction,contradiction,"{""highest_grade"": 8, ""finished_g6"": 0.0, ""finished_g7"": 0.0, ""finished_g8"": 0.0}",No automatic overwrite of one measurement with another; analyze grade robustness on records without contradictions.
100831,A_2020,1,any_grade_contradiction,contradiction,"{""highest_grade"": 8, ""finished_g6"": 0.0, ""finished_g7"": 0.0, ""finished_g8"": 0.0}",No automatic overwrite of one measurement with another; analyze grade robustness on records without contradictions.
101173,B_2018,1,any_grade_contradiction,contradiction,"{""highest_grade"": 10, ""finished_g6"": 0.0, ""finished_g7"": 0.0, ""finished_g8"": 0.0}",No automatic overwrite of one measurement with another; analyze grade robustness on records without contradictions.
101591,A_2020,0,any_grade_contradiction,contradiction,"{""highest_grade"": 10, ""finished_g6"": 0.0, ""finished_g7"": 0.0, ""finished_g8"": 0.0}",No automatic overwrite of one measurement with another; analyze grade robustness on records without contradictions.
100389,A_2020,1,mother_not_older_than_child,contradiction,"{""mother_age"": 14.0, ""age_at_survey"": 14.0, ""mother_child_age_gap"": 0.0}",Set this parent-age cell to missing only in an explicitly cleaned derivative; retain applicant and other fields.
100421,A_2020,0,mother_not_older_than_child,contradiction,"{""mother_age"": 8.0, ""age_at_survey"": 13.0, ""mother_child_age_gap"": -5.0}",Set this parent-age cell to missing only in an explicitly cleaned derivative; retain applicant and other fields.
100840,A_2020,1,mother_not_older_than_child,contradiction,"{""mother_age"": 15.0, ""age_at_survey"": 15.0, ""mother_child_age_gap"": 0.0}",Set this parent-age cell to missing only in an explicitly cleaned derivative; retain applicant and other fields.
101329,A_2020,0,mother_not_older_than_child,contradiction,"{""mother_age"": 16.0, ""age_at_survey"": 16.0, ""mother_child_age_gap"": 0.0}",Set this parent-age cell to missing only in an explicitly cleaned derivative; retain applicant and other fields.
100614,A_2022,0,mother_age_gap_under_12,review,"{""mother_age"": 26.0, ""age_at_survey"": 15.0, ""mother_child_age_gap"": 11.0}",Flag as implausible for review; do not assume exact correction or remove applicant.
101606,A_2020,0,mother_age_gap_over_60,review,"{""mother_age"": 97.0, ""age_at_survey"": 14.0, ""mother_child_age_gap"": 83.0}",Flag for review; preserve without an externally supported correction.
100659,A_2020,1,father_not_older_than_child,contradiction,"{""father_age"": 1.0, ""age_at_survey"": 16.0, ""father_child_age_gap"": -15.0}",Set this parent-age cell to missing only in an explicitly cleaned derivative; retain applicant and other fields.
101047,A_2020,0,father_age_gap_under_12,review,"{""father_age"": 19.0, ""age_at_survey"": 15.0, ""father_child_age_gap"": 4.0}",Flag as implausible for review; do not assume exact correction or remove applicant.
101479,A_2020,0,father_age_gap_over_60,review,"{""father_age"": 91.0, ""age_at_survey"": 17.0, ""father_child_age_gap"": 74.0}",Flag for review; preserve without an externally supported correction.
101605,A_2020,1,father_age_gap_over_60,review,"{""father_age"": 80.0, ""age_at_survey"": 16.0, ""father_child_age_gap"": 64.0}",Flag for review; preserve without an externally supported correction.
100767,A_2020,0,nonworker_positive_hours,contradiction,"{""working"": 0.0, ""hours_worked"": 4.0}",Retain raw reports; treat as unresolved definition/reporting conflict; check secondary work results excluding this record.
100042,A_2020,1,worker_zero_hours,review,"{""working"": 1.0, ""hours_worked"": 0.0}",Retain valid zero; flag for clarification. Do not replace zero hours with missing solely on this basis.
100106,A_2020,1,worker_zero_hours,review,"{""working"": 1.0, ""hours_worked"": 0.0}",Retain valid zero; flag for clarification. Do not replace zero hours with missing solely on this basis.
100165,A_2020,0,worker_zero_hours,review,"{""working"": 1.0, ""hours_worked"": 0.0}",Retain valid zero; flag for clarification. Do not replace zero hours with missing solely on this basis.
100242,A_2020,0,worker_zero_hours,review,"{""working"": 1.0, ""hours_worked"": 0.0}",Retain valid zero; flag for clarification. Do not replace zero hours with missing solely on this basis.
100286,A_2022,1,worker_zero_hours,review,"{""working"": 1.0, ""hours_worked"": 0.0}",Retain valid zero; flag for clarification. Do not replace zero hours with missing solely on this basis.
100300,A_2020,0,worker_zero_hours,review,"{""working"": 1.0, ""hours_worked"": 0.0}",Retain valid zero; flag for clarification. Do not replace zero hours with missing solely on this basis.
100335,A_2020,0,worker_zero_hours,review,"{""working"": 1.0, ""hours_worked"": 0.0}",Retain valid zero; flag for clarification. Do not replace zero hours with missing solely on this basis.
100406,B_2018,0,worker_zero_hours,review,"{""working"": 1.0, ""hours_worked"": 0.0}",Retain valid zero; flag for clarification. Do not replace zero hours with missing solely on this basis.
100440,A_2022,1,worker_zero_hours,review,"{""working"": 1.0, ""hours_worked"": 0.0}",Retain valid zero; flag for clarification. Do not replace zero hours with missing solely on this basis.
100462,A_2020,1,worker_zero_hours,review,"{""working"": 1.0, ""hours_worked"": 0.0}",Retain valid zero; flag for clarification. Do not replace zero hours with missing solely on this basis.
100518,B_2018,1,worker_zero_hours,review,"{""working"": 1.0, ""hours_worked"": 0.0}",Retain valid zero; flag for clarification. Do not replace zero hours with missing solely on this basis.
100629,A_2020,0,worker_zero_hours,review,"{""working"": 1.0, ""hours_worked"": 0.0}",Retain valid zero; flag for clarification. Do not replace zero hours with missing solely on this basis.
100630,A_2020,0,worker_zero_hours,review,"{""working"": 1.0, ""hours_worked"": 0.0}",Retain valid zero; flag for clarification. Do not replace zero hours with missing solely on this basis.
100697,A_2020,1,worker_zero_hours,review,"{""working"": 1.0, ""hours_worked"": 0.0}",Retain valid zero; flag for clarification. Do not replace zero hours with missing solely on this basis.
100732,B_2018,1,worker_zero_hours,review,"{""working"": 1.0, ""hours_worked"": 0.0}",Retain valid zero; flag for clarification. Do not replace zero hours with missing solely on this basis.
100739,A_2020,0,worker_zero_hours,review,"{""working"": 1.0, ""hours_worked"": 0.0}",Retain valid zero; flag for clarification. Do not replace zero hours with missing solely on this basis.
100766,A_2020,0,worker_zero_hours,review,"{""working"": 1.0, ""hours_worked"": 0.0}",Retain valid zero; flag for clarification. Do not replace zero hours with missing solely on this basis.
100838,A_2022,0,worker_zero_hours,review,"{""working"": 1.0, ""hours_worked"": 0.0}",Retain valid zero; flag for clarification. Do not replace zero hours with missing solely on this basis.
100931,A_2020,1,worker_zero_hours,review,"{""working"": 1.0, ""hours_worked"": 0.0}",Retain valid zero; flag for clarification. Do not replace zero hours with missing solely on this basis.
100987,A_2020,1,worker_zero_hours,review,"{""working"": 1.0, ""hours_worked"": 0.0}",Retain valid zero; flag for clarification. Do not replace zero hours with missing solely on this basis.
100994,A_2020,0,worker_zero_hours,review,"{""working"": 1.0, ""hours_worked"": 0.0}",Retain valid zero; flag for clarification. Do not replace zero hours with missing solely on this basis.
101015,A_2020,0,worker_zero_hours,review,"{""working"": 1.0, ""hours_worked"": 0.0}",Retain valid zero; flag for clarification. Do not replace zero hours with missing solely on this basis.
101039,A_2020,0,worker_zero_hours,review,"{""working"": 1.0, ""hours_worked"": 0.0}",Retain valid zero; flag for clarification. Do not replace zero hours with missing solely on this basis.
101090,A_2020,1,worker_zero_hours,review,"{""working"": 1.0, ""hours_worked"": 0.0}",Retain valid zero; flag for clarification. Do not replace zero hours with missing solely on this basis.
101127,A_2020,0,worker_zero_hours,review,"{""working"": 1.0, ""hours_worked"": 0.0}",Retain valid zero; flag for clarification. Do not replace zero hours with missing solely on this basis.
101219,A_2020,1,worker_zero_hours,review,"{""working"": 1.0, ""hours_worked"": 0.0}",Retain valid zero; flag for clarification. Do not replace zero hours with missing solely on this basis.
101261,B_2018,1,worker_zero_hours,review,"{""working"": 1.0, ""hours_worked"": 0.0}",Retain valid zero; flag for clarification. Do not replace zero hours with missing solely on this basis.
101273,A_2020,1,worker_zero_hours,review,"{""working"": 1.0, ""hours_worked"": 0.0}",Retain valid zero; flag for clarification. Do not replace zero hours with missing solely on this basis.
101277,A_2020,0,worker_zero_hours,review,"{""working"": 1.0, ""hours_worked"": 0.0}",Retain valid zero; flag for clarification. Do not replace zero hours with missing solely on this basis.
101335,B_2018,1,worker_zero_hours,review,"{""working"": 1.0, ""hours_worked"": 0.0}",Retain valid zero; flag for clarification. Do not replace zero hours with missing solely on this basis.
101524,A_2020,0,worker_zero_hours,review,"{""working"": 1.0, ""hours_worked"": 0.0}",Retain valid zero; flag for clarification. Do not replace zero hours with missing solely on this basis.
101528,B_2018,1,worker_zero_hours,review,"{""working"": 1.0, ""hours_worked"": 0.0}",Retain valid zero; flag for clarification. Do not replace zero hours with missing solely on this basis.
100016,B_2018,1,years_in_school_above_4,review,"{""years_in_school"": 6.0, ""highest_grade"": 10, ""total_repeats"": 0.0, ""age_gap"": 4.0}",Retain and flag timing/definition ambiguity; do not use as a primary attainment outcome without clarification.
100026,B_2018,1,years_in_school_above_4,review,"{""years_in_school"": 6.0, ""highest_grade"": 9, ""total_repeats"": 0.0, ""age_gap"": 4.0}",Retain and flag timing/definition ambiguity; do not use as a primary attainment outcome without clarification.
100032,B_2018,0,years_in_school_above_4,review,"{""years_in_school"": 6.0, ""highest_grade"": 8, ""total_repeats"": 1.0, ""age_gap"": 5.0}",Retain and flag timing/definition ambiguity; do not use as a primary attainment outcome without clarification.
100045,B_2018,1,years_in_school_above_4,review,"{""years_in_school"": 6.0, ""highest_grade"": 9, ""total_repeats"": 0.0, ""age_gap"": 5.0}",Retain and flag timing/definition ambiguity; do not use as a primary attainment outcome without clarification.
100051,A_2020,1,years_in_school_above_4,review,"{""years_in_school"": 5.0, ""highest_grade"": 8, ""total_repeats"": 1.0, ""age_gap"": 2.0}",Retain and flag timing/definition ambiguity; do not use as a primary attainment outcome without clarification.
100063,B_2018,1,years_in_school_above_4,review,"{""years_in_school"": 6.0, ""highest_grade"": 9, ""total_repeats"": 0.0, ""age_gap"": 4.0}",Retain and flag timing/definition ambiguity; do not use as a primary attainment outcome without clarification.
100080,B_2018,0,years_in_school_above_4,review,"{""years_in_school"": 5.0, ""highest_grade"": 8, ""total_repeats"": 0.0, ""age_gap"": 4.0}",Retain and flag timing/definition ambiguity; do not use as a primary attainment outcome without clarification.
100089,B_2018,0,years_in_school_above_4,review,"{""years_in_school"": 6.0, ""highest_grade"": 10, ""total_repeats"": 0.0, ""age_gap"": 4.0}",Retain and flag timing/definition ambiguity; do not use as a primary attainment outcome without clarification.
100105,B_2018,1,years_in_school_above_4,review,"{""years_in_school"": 6.0, ""highest_grade"": 9, ""total_repeats"": 0.0, ""age_gap"": 4.0}",Retain and flag timing/definition ambiguity; do not use as a primary attainment outcome without clarification.
100114,B_2018,0,years_in_school_above_4,review,"{""years_in_school"": 6.0, ""highest_grade"": 9, ""total_repeats"": 0.0, ""age_gap"": 5.0}",Retain and flag timing/definition ambiguity; do not use as a primary attainment outcome without clarification.
100118,B_2018,1,years_in_school_above_4,review,"{""years_in_school"": 6.0, ""highest_grade"": 9, ""total_repeats"": 0.0, ""age_gap"": 5.0}",Retain and flag timing/definition ambiguity; do not use as a primary attainment outcome without clarification.
100126,B_2018,1,years_in_school_above_4,review,"{""years_in_school"": 6.0, ""highest_grade"": 9, ""total_repeats"": 0.0, ""age_gap"": 4.0}",Retain and flag timing/definition ambiguity; do not use as a primary attainment outcome without clarification.
100135,B_2018,1,years_in_school_above_4,review,"{""years_in_school"": 6.0, ""highest_grade"": 9, ""total_repeats"": 0.0, ""age_gap"": 5.0}",Retain and flag timing/definition ambiguity; do not use as a primary attainment outcome without clarification.
100149,B_2018,1,years_in_school_above_4,review,"{""years_in_school"": 6.0, ""highest_grade"": 9, ""total_repeats"": 0.0, ""age_gap"": 4.0}",Retain and flag timing/definition ambiguity; do not use as a primary attainment outcome without clarification.
100164,B_2018,1,years_in_school_above_4,review,"{""years_in_school"": 6.0, ""highest_grade"": 9, ""total_repeats"": 0.0, ""age_gap"": 4.0}",Retain and flag timing/definition ambiguity; do not use as a primary attainment outcome without clarification.
100170,A_2020,0,years_in_school_above_4,review,"{""years_in_school"": 5.0, ""highest_grade"": 8, ""total_repeats"": 1.0, ""age_gap"": 2.0}",Retain and flag timing/definition ambiguity; do not use as a primary attainment outcome without clarification.
100177,B_2018,0,years_in_school_above_4,review,"{""years_in_school"": 6.0, ""highest_grade"": 10, ""total_repeats"": 0.0, ""age_gap"": 5.0}",Retain and flag timing/definition ambiguity; do not use as a primary attainment outcome without clarification.
100181,B_2018,1,years_in_school_above_4,review,"{""years_in_school"": 6.0, ""highest_grade"": 9, ""total_repeats"": 0.0, ""age_gap"": 4.0}",Retain and flag timing/definition ambiguity; do not use as a primary attainment outcome without clarification.
100187,B_2018,0,years_in_school_above_4,review,"{""years_in_school"": 6.0, ""highest_grade"": 9, ""total_repeats"": 0.0, ""age_gap"": 4.0}",Retain and flag timing/definition ambiguity; do not use as a primary attainment outcome without clarification.
100190,B_2018,0,years_in_school_above_4,review,"{""years_in_school"": 6.0, ""highest_grade"": 10, ""total_repeats"": 0.0, ""age_gap"": 5.0}",Retain and flag timing/definition ambiguity; do not use as a primary attainment outcome without clarification.
100196,B_2018,0,years_in_school_above_4,review,"{""years_in_school"": 6.0, ""highest_grade"": 10, ""total_repeats"": 0.0, ""age_gap"": 4.0}",Retain and flag timing/definition ambiguity; do not use as a primary attainment outcome without clarification.
100197,B_2018,1,years_in_school_above_4,review,"{""years_in_school"": 6.0, ""highest_grade"": 9, ""total_repeats"": 0.0, ""age_gap"": 4.0}",Retain and flag timing/definition ambiguity; do not use as a primary attainment outcome without clarification.
100201,A_2020,0,years_in_school_above_4,review,"{""years_in_school"": 5.0, ""highest_grade"": 9, ""total_repeats"": 0.0, ""age_gap"": 2.0}",Retain and flag timing/definition ambiguity; do not use as a primary attainment outcome without clarification.
100203,A_2020,1,years_in_school_above_4,review,"{""years_in_school"": 5.0, ""highest_grade"": 11, ""total_repeats"": 0.0, ""age_gap"": 3.0}",Retain and flag timing/definition ambiguity; do not use as a primary attainment outcome without clarification.
100229,B_2018,1,years_in_school_above_4,review,"{""years_in_school"": 6.0, ""highest_grade"": 10, ""total_repeats"": 0.0, ""age_gap"": 4.0}",Retain and flag timing/definition ambiguity; do not use as a primary attainment outcome without clarification.
100232,B_2018,1,years_in_school_above_4,review,"{""years_in_school"": 6.0, ""highest_grade"": 8, ""total_repeats"": 2.0, ""age_gap"": 5.0}",Retain and flag timing/definition ambiguity; do not use as a primary attainment outcome without clarification.
100248,A_2020,1,years_in_school_above_4,review,"{""years_in_school"": 6.0, ""highest_grade"": 8, ""total_repeats"": 2.0, ""age_gap"": 2.0}",Retain and flag timing/definition ambiguity; do not use as a primary attainment outcome without clarification.
100249,A_2020,1,years_in_school_above_4,review,"{""years_in_school"": 5.0, ""highest_grade"": 8, ""total_repeats"": 1.0, ""age_gap"": 2.0}",Retain and flag timing/definition ambiguity; do not use as a primary attainment outcome without clarification.
100254,A_2020,1,years_in_school_above_4,review,"{""years_in_school"": 5.0, ""highest_grade"": 7, ""total_repeats"": 2.0, ""age_gap"": 3.0}",Retain and flag timing/definition ambiguity; do not use as a primary attainment outcome without clarification.
100258,A_2020,0,years_in_school_above_4,review,"{""years_in_school"": 6.0, ""highest_grade"": 10, ""total_repeats"": 1.0, ""age_gap"": null}",Retain and flag timing/definition ambiguity; do not use as a primary attainment outcome without clarification.
100266,B_2018,1,years_in_school_above_4,review,"{""years_in_school"": 6.0, ""highest_grade"": 9, ""total_repeats"": 0.0, ""age_gap"": 4.0}",Retain and flag timing/definition ambiguity; do not use as a primary attainment outcome without clarification.
100269,B_2018,1,years_in_school_above_4,review,"{""years_in_school"": 6.0, ""highest_grade"": 9, ""total_repeats"": 0.0, ""age_gap"": 4.0}",Retain and flag timing/definition ambiguity; do not use as a primary attainment outcome without clarification.
100287,B_2018,1,years_in_school_above_4,review,"{""years_in_school"": 6.0, ""highest_grade"": 9, ""total_repeats"": 1.0, ""age_gap"": 5.0}",Retain and flag timing/definition ambiguity; do not use as a primary attainment outcome without clarification.
100293,B_2018,1,years_in_school_above_4,review,"{""years_in_school"": 6.0, ""highest_grade"": 9, ""total_repeats"": 0.0, ""age_gap"": 5.0}",Retain and flag timing/definition ambiguity; do not use as a primary attainment outcome without clarification.
100298,B_2018,0,years_in_school_above_4,review,"{""years_in_school"": 5.0, ""highest_grade"": 8, ""total_repeats"": 0.0, ""age_gap"": 4.0}",Retain and flag timing/definition ambiguity; do not use as a primary attainment outcome without clarification.
100302,B_2018,1,years_in_school_above_4,review,"{""years_in_school"": 6.0, ""highest_grade"": 9, ""total_repeats"": 0.0, ""age_gap"": 4.0}",Retain and flag timing/definition ambiguity; do not use as a primary attainment outcome without clarification.
100349,B_2018,0,years_in_school_above_4,review,"{""years_in_school"": 5.0, ""highest_grade"": 8, ""total_repeats"": 1.0, ""age_gap"": 5.0}",Retain and flag timing/definition ambiguity; do not use as a primary attainment outcome without clarification.
100354,B_2018,0,years_in_school_above_4,review,"{""years_in_school"": 6.0, ""highest_grade"": 9, ""total_repeats"": 0.0, ""age_gap"": 4.0}",Retain and flag timing/definition ambiguity; do not use as a primary attainment outcome without clarification.
100355,A_2020,0,years_in_school_above_4,review,"{""years_in_school"": 5.0, ""highest_grade"": 8, ""total_repeats"": 1.0, ""age_gap"": 3.0}",Retain and flag timing/definition ambiguity; do not use as a primary attainment outcome without clarification.
100359,A_2020,0,years_in_school_above_4,review,"{""years_in_school"": 6.0, ""highest_grade"": 8, ""total_repeats"": 2.0, ""age_gap"": 3.0}",Retain and flag timing/definition ambiguity; do not use as a primary attainment outcome without clarification.
100361,B_2018,0,years_in_school_above_4,review,"{""years_in_school"": 6.0, ""highest_grade"": 9, ""total_repeats"": 1.0, ""age_gap"": 4.0}",Retain and flag timing/definition ambiguity; do not use as a primary attainment outcome without clarification.
100368,A_2020,0,years_in_school_above_4,review,"{""years_in_school"": 6.0, ""highest_grade"": 9, ""total_repeats"": 1.0, ""age_gap"": -5.0}",Retain and flag timing/definition ambiguity; do not use as a primary attainment outcome without clarification.
100369,A_2020,0,years_in_school_above_4,review,"{""years_in_school"": 5.0, ""highest_grade"": 10, ""total_repeats"": 0.0, ""age_gap"": 3.0}",Retain and flag timing/definition ambiguity; do not use as a primary attainment outcome without clarification.
100392,B_2018,0,years_in_school_above_4,review,"{""years_in_school"": 6.0, ""highest_grade"": 9, ""total_repeats"": 0.0, ""age_gap"": 4.0}",Retain and flag timing/definition ambiguity; do not use as a primary attainment outcome without clarification.
100401,B_2018,1,years_in_school_above_4,review,"{""years_in_school"": 6.0, ""highest_grade"": 9, ""total_repeats"": 0.0, ""age_gap"": 5.0}",Retain and flag timing/definition ambiguity; do not use as a primary attainment outcome without clarification.
100409,B_2018,0,years_in_school_above_4,review,"{""years_in_school"": 6.0, ""highest_grade"": 8, ""total_repeats"": 0.0, ""age_gap"": 4.0}",Retain and flag timing/definition ambiguity; do not use as a primary attainment outcome without clarification.
100411,B_2018,0,years_in_school_above_4,review,"{""years_in_school"": 5.0, ""highest_grade"": 11, ""total_repeats"": 0.0, ""age_gap"": 5.0}",Retain and flag timing/definition ambiguity; do not use as a primary attainment outcome without clarification.
100417,B_2018,0,years_in_school_above_4,review,"{""years_in_school"": 6.0, ""highest_grade"": 9, ""total_repeats"": 0.0, ""age_gap"": 5.0}",Retain and flag timing/definition ambiguity; do not use as a primary attainment outcome without clarification.
100419,A_2020,0,years_in_school_above_4,review,"{""years_in_school"": 5.0, ""highest_grade"": 10, ""total_repeats"": 0.0, ""age_gap"": 1.0}",Retain and flag timing/definition ambiguity; do not use as a primary attainment outcome without clarification.
100428,B_2018,1,years_in_school_above_4,review,"{""years_in_school"": 6.0, ""highest_grade"": 9, ""total_repeats"": 0.0, ""age_gap"": 5.0}",Retain and flag timing/definition ambiguity; do not use as a primary attainment outcome without clarification.
100437,A_2020,1,years_in_school_above_4,review,"{""years_in_school"": 5.0, ""highest_grade"": 8, ""total_repeats"": 1.0, ""age_gap"": 2.0}",Retain and flag timing/definition ambiguity; do not use as a primary attainment outcome without clarification.
100445,B_2018,0,years_in_school_above_4,review,"{""years_in_school"": 6.0, ""highest_grade"": 8, ""total_repeats"": 0.0, ""age_gap"": 5.0}",Retain and flag timing/definition ambiguity; do not use as a primary attainment outcome without clarification.
100451,A_2020,1,years_in_school_above_4,review,"{""years_in_school"": 5.0, ""highest_grade"": 8, ""total_repeats"": 1.0, ""age_gap"": 3.0}",Retain and flag timing/definition ambiguity; do not use as a primary attainment outcome without clarification.
100461,A_2020,1,years_in_school_above_4,review,"{""years_in_school"": 5.0, ""highest_grade"": 7, ""total_repeats"": 2.0, ""age_gap"": 2.0}",Retain and flag timing/definition ambiguity; do not use as a primary attainment outcome without clarification.
100464,B_2018,1,years_in_school_above_4,review,"{""years_in_school"": 6.0, ""highest_grade"": 10, ""total_repeats"": 0.0, ""age_gap"": 4.0}",Retain and flag timing/definition ambiguity; do not use as a primary attainment outcome without clarification.
100467,B_2018,0,years_in_school_above_4,review,"{""years_in_school"": 6.0, ""highest_grade"": 9, ""total_repeats"": 0.0, ""age_gap"": 2.0}",Retain and flag timing/definition ambiguity; do not use as a primary attainment outcome without clarification.
100500,A_2022,1,years_in_school_above_4,review,"{""years_in_school"": 5.0, ""highest_grade"": 9, ""total_repeats"": 0.0, ""age_gap"": 2.0}",Retain and flag timing/definition ambiguity; do not use as a primary attainment outcome without clarification.
100511,B_2018,0,years_in_school_above_4,review,"{""years_in_school"": 6.0, ""highest_grade"": 8, ""total_repeats"": 1.0, ""age_gap"": 3.0}",Retain and flag timing/definition ambiguity; do not use as a primary attainment outcome without clarification.
100532,B_2018,1,years_in_school_above_4,review,"{""years_in_school"": 6.0, ""highest_grade"": 8, ""total_repeats"": 1.0, ""age_gap"": 5.0}",Retain and flag timing/definition ambiguity; do not use as a primary attainment outcome without clarification.
100544,A_2020,0,years_in_school_above_4,review,"{""years_in_school"": 5.0, ""highest_grade"": 9, ""total_repeats"": 0.0, ""age_gap"": 2.0}",Retain and flag timing/definition ambiguity; do not use as a primary attainment outcome without clarification.
100564,B_2018,1,years_in_school_above_4,review,"{""years_in_school"": 6.0, ""highest_grade"": 9, ""total_repeats"": 0.0, ""age_gap"": 4.0}",Retain and flag timing/definition ambiguity; do not use as a primary attainment outcome without clarification.
100567,B_2018,1,years_in_school_above_4,review,"{""years_in_school"": 6.0, ""highest_grade"": 9, ""total_repeats"": 0.0, ""age_gap"": 5.0}",Retain and flag timing/definition ambiguity; do not use as a primary attainment outcome without clarification.
100577,B_2018,0,years_in_school_above_4,review,"{""years_in_school"": 6.0, ""highest_grade"": 9, ""total_repeats"": 0.0, ""age_gap"": 4.0}",Retain and flag timing/definition ambiguity; do not use as a primary attainment outcome without clarification.
100585,A_2020,1,years_in_school_above_4,review,"{""years_in_school"": 6.0, ""highest_grade"": 10, ""total_repeats"": 0.0, ""age_gap"": 2.0}",Retain and flag timing/definition ambiguity; do not use as a primary attainment outcome without clarification.
100588,B_2018,1,years_in_school_above_4,review,"{""years_in_school"": 6.0, ""highest_grade"": 9, ""total_repeats"": 0.0, ""age_gap"": 5.0}",Retain and flag timing/definition ambiguity; do not use as a primary attainment outcome without clarification.
100596,B_2018,1,years_in_school_above_4,review,"{""years_in_school"": 6.0, ""highest_grade"": 9, ""total_repeats"": 0.0, ""age_gap"": 3.0}",Retain and flag timing/definition ambiguity; do not use as a primary attainment outcome without clarification.
100606,B_2018,1,years_in_school_above_4,review,"{""years_in_school"": 6.0, ""highest_grade"": 11, ""total_repeats"": 0.0, ""age_gap"": 4.0}",Retain and flag timing/definition ambiguity; do not use as a primary attainment outcome without clarification.
100607,A_2020,0,years_in_school_above_4,review,"{""years_in_school"": 5.0, ""highest_grade"": 7, ""total_repeats"": 2.0, ""age_gap"": 2.0}",Retain and flag timing/definition ambiguity; do not use as a primary attainment outcome without clarification.
100638,A_2020,0,years_in_school_above_4,review,"{""years_in_school"": 6.0, ""highest_grade"": 9, ""total_repeats"": 1.0, ""age_gap"": 2.0}",Retain and flag timing/definition ambiguity; do not use as a primary attainment outcome without clarification.
100639,B_2018,1,years_in_school_above_4,review,"{""years_in_school"": 6.0, ""highest_grade"": 9, ""total_repeats"": 0.0, ""age_gap"": null}",Retain and flag timing/definition ambiguity; do not use as a primary attainment outcome without clarification.
100649,B_2018,1,years_in_school_above_4,review,"{""years_in_school"": 6.0, ""highest_grade"": 9, ""total_repeats"": 0.0, ""age_gap"": 4.0}",Retain and flag timing/definition ambiguity; do not use as a primary attainment outcome without clarification.
100655,B_2018,1,years_in_school_above_4,review,"{""years_in_school"": 6.0, ""highest_grade"": 9, ""total_repeats"": 0.0, ""age_gap"": 5.0}",Retain and flag timing/definition ambiguity; do not use as a primary attainment outcome without clarification.
100669,B_2018,1,years_in_school_above_4,review,"{""years_in_school"": 5.0, ""highest_grade"": 9, ""total_repeats"": 0.0, ""age_gap"": 5.0}",Retain and flag timing/definition ambiguity; do not use as a primary attainment outcome without clarification.
100675,B_2018,0,years_in_school_above_4,review,"{""years_in_school"": 6.0, ""highest_grade"": 9, ""total_repeats"": 0.0, ""age_gap"": 5.0}",Retain and flag timing/definition ambiguity; do not use as a primary attainment outcome without clarification.
100684,B_2018,0,years_in_school_above_4,review,"{""years_in_school"": 6.0, ""highest_grade"": 9, ""total_repeats"": 0.0, ""age_gap"": 4.0}",Retain and flag timing/definition ambiguity; do not use as a primary attainment outcome without clarification.
100690,B_2018,0,years_in_school_above_4,review,"{""years_in_school"": 6.0, ""highest_grade"": 9, ""total_repeats"": 0.0, ""age_gap"": 4.0}",Retain and flag timing/definition ambiguity; do not use as a primary attainment outcome without clarification.
100706,A_2020,1,years_in_school_above_4,review,"{""years_in_school"": 6.0, ""highest_grade"": 10, ""total_repeats"": 0.0, ""age_gap"": 3.0}",Retain and flag timing/definition ambiguity; do not use as a primary attainment outcome without clarification.
100709,B_2018,0,years_in_school_above_4,review,"{""years_in_school"": 6.0, ""highest_grade"": 11, ""total_repeats"": 0.0, ""age_gap"": 5.0}",Retain and flag timing/definition ambiguity; do not use as a primary attainment outcome without clarification.
100712,A_2020,1,years_in_school_above_4,review,"{""years_in_school"": 5.0, ""highest_grade"": 8, ""total_repeats"": 1.0, ""age_gap"": 2.0}",Retain and flag timing/definition ambiguity; do not use as a primary attainment outcome without clarification.
100717,B_2018,1,years_in_school_above_4,review,"{""years_in_school"": 6.0, ""highest_grade"": 9, ""total_repeats"": 0.0, ""age_gap"": 4.0}",Retain and flag timing/definition ambiguity; do not use as a primary attainment outcome without clarification.
100720,B_2018,0,years_in_school_above_4,review,"{""years_in_school"": 6.0, ""highest_grade"": 9, ""total_repeats"": 0.0, ""age_gap"": 4.0}",Retain and flag timing/definition ambiguity; do not use as a primary attainment outcome without clarification.
100758,B_2018,0,years_in_school_above_4,review,"{""years_in_school"": 6.0, ""highest_grade"": 9, ""total_repeats"": 0.0, ""age_gap"": 4.0}",Retain and flag timing/definition ambiguity; do not use as a primary attainment outcome without clarification.
100761,B_2018,1,years_in_school_above_4,review,"{""years_in_school"": 6.0, ""highest_grade"": 7, ""total_repeats"": 2.0, ""age_gap"": 5.0}",Retain and flag timing/definition ambiguity; do not use as a primary attainment outcome without clarification.
100763,B_2018,0,years_in_school_above_4,review,"{""years_in_school"": 6.0, ""highest_grade"": 9, ""total_repeats"": 0.0, ""age_gap"": 4.0}",Retain and flag timing/definition ambiguity; do not use as a primary attainment outcome without clarification.
100773,B_2018,0,years_in_school_above_4,review,"{""years_in_school"": 6.0, ""highest_grade"": 9, ""total_repeats"": 1.0, ""age_gap"": 5.0}",Retain and flag timing/definition ambiguity; do not use as a primary attainment outcome without clarification.
100801,B_2018,0,years_in_school_above_4,review,"{""years_in_school"": 6.0, ""highest_grade"": 9, ""total_repeats"": 0.0, ""age_gap"": 4.0}",Retain and flag timing/definition ambiguity; do not use as a primary attainment outcome without clarification.
100803,B_2018,0,years_in_school_above_4,review,"{""years_in_school"": 6.0, ""highest_grade"": 9, ""total_repeats"": 0.0, ""age_gap"": 4.0}",Retain and flag timing/definition ambiguity; do not use as a primary attainment outcome without clarification.
100814,A_2020,0,years_in_school_above_4,review,"{""years_in_school"": 5.0, ""highest_grade"": 8, ""total_repeats"": 1.0, ""age_gap"": 2.0}",Retain and flag timing/definition ambiguity; do not use as a primary attainment outcome without clarification.
100827,B_2018,1,years_in_school_above_4,review,"{""years_in_school"": 6.0, ""highest_grade"": 8, ""total_repeats"": 1.0, ""age_gap"": 5.0}",Retain and flag timing/definition ambiguity; do not use as a primary attainment outcome without clarification.
100841,B_2018,0,years_in_school_above_4,review,"{""years_in_school"": 5.0, ""highest_grade"": 7, ""total_repeats"": 1.0, ""age_gap"": 5.0}",Retain and flag timing/definition ambiguity; do not use as a primary attainment outcome without clarification.
100850,B_2018,1,years_in_school_above_4,review,"{""years_in_school"": 6.0, ""highest_grade"": 9, ""total_repeats"": 0.0, ""age_gap"": 5.0}",Retain and flag timing/definition ambiguity; do not use as a primary attainment outcome without clarification.
100872,B_2018,0,years_in_school_above_4,review,"{""years_in_school"": 6.0, ""highest_grade"": 9, ""total_repeats"": 0.0, ""age_gap"": 5.0}",Retain and flag timing/definition ambiguity; do not use as a primary attainment outcome without clarification.
100878,A_2020,1,years_in_school_above_4,review,"{""years_in_school"": 5.0, ""highest_grade"": 9, ""total_repeats"": 1.0, ""age_gap"": 3.0}",Retain and flag timing/definition ambiguity; do not use as a primary attainment outcome without clarification.
100881,B_2018,1,years_in_school_above_4,review,"{""years_in_school"": 6.0, ""highest_grade"": 9, ""total_repeats"": 0.0, ""age_gap"": 4.0}",Retain and flag timing/definition ambiguity; do not use as a primary attainment outcome without clarification.
100888,A_2020,0,years_in_school_above_4,review,"{""years_in_school"": 5.0, ""highest_grade"": 8, ""total_repeats"": 1.0, ""age_gap"": 2.0}",Retain and flag timing/definition ambiguity; do not use as a primary attainment outcome without clarification.
100896,A_2020,0,years_in_school_above_4,review,"{""years_in_school"": 6.0, ""highest_grade"": 9, ""total_repeats"": 1.0, ""age_gap"": 2.0}",Retain and flag timing/definition ambiguity; do not use as a primary attainment outcome without clarification.
100899,B_2018,1,years_in_school_above_4,review,"{""years_in_school"": 5.0, ""highest_grade"": 9, ""total_repeats"": 0.0, ""age_gap"": 3.0}",Retain and flag timing/definition ambiguity; do not use as a primary attainment outcome without clarification.
100904,B_2018,1,years_in_school_above_4,review,"{""years_in_school"": 6.0, ""highest_grade"": 9, ""total_repeats"": 0.0, ""age_gap"": 5.0}",Retain and flag timing/definition ambiguity; do not use as a primary attainment outcome without clarification.
100906,A_2020,1,years_in_school_above_4,review,"{""years_in_school"": 5.0, ""highest_grade"": 8, ""total_repeats"": 1.0, ""age_gap"": 2.0}",Retain and flag timing/definition ambiguity; do not use as a primary attainment outcome without clarification.
100914,B_2018,1,years_in_school_above_4,review,"{""years_in_school"": 6.0, ""highest_grade"": 9, ""total_repeats"": 0.0, ""age_gap"": 5.0}",Retain and flag timing/definition ambiguity; do not use as a primary attainment outcome without clarification.
100918,A_2020,0,years_in_school_above_4,review,"{""years_in_school"": 5.0, ""highest_grade"": 8, ""total_repeats"": 1.0, ""age_gap"": 2.0}",Retain and flag timing/definition ambiguity; do not use as a primary attainment outcome without clarification.
100934,B_2018,1,years_in_school_above_4,review,"{""years_in_school"": 6.0, ""highest_grade"": 9, ""total_repeats"": 0.0, ""age_gap"": 5.0}",Retain and flag timing/definition ambiguity; do not use as a primary attainment outcome without clarification.
100943,B_2018,1,years_in_school_above_4,review,"{""years_in_school"": 6.0, ""highest_grade"": 9, ""total_repeats"": 0.0, ""age_gap"": 5.0}",Retain and flag timing/definition ambiguity; do not use as a primary attainment outcome without clarification.
100944,B_2018,1,years_in_school_above_4,review,"{""years_in_school"": 6.0, ""highest_grade"": 9, ""total_repeats"": 0.0, ""age_gap"": 5.0}",Retain and flag timing/definition ambiguity; do not use as a primary attainment outcome without clarification.
100950,B_2018,1,years_in_school_above_4,review,"{""years_in_school"": 6.0, ""highest_grade"": 9, ""total_repeats"": 0.0, ""age_gap"": 4.0}",Retain and flag timing/definition ambiguity; do not use as a primary attainment outcome without clarification.
100965,B_2018,1,years_in_school_above_4,review,"{""years_in_school"": 6.0, ""highest_grade"": 9, ""total_repeats"": 0.0, ""age_gap"": 4.0}",Retain and flag timing/definition ambiguity; do not use as a primary attainment outcome without clarification.
100967,B_2018,1,years_in_school_above_4,review,"{""years_in_school"": 6.0, ""highest_grade"": 9, ""total_repeats"": 0.0, ""age_gap"": 4.0}",Retain and flag timing/definition ambiguity; do not use as a primary attainment outcome without clarification.
100974,A_2020,1,years_in_school_above_4,review,"{""years_in_school"": 5.0, ""highest_grade"": 8, ""total_repeats"": 1.0, ""age_gap"": 2.0}",Retain and flag timing/definition ambiguity; do not use as a primary attainment outcome without clarification.
100976,B_2018,0,years_in_school_above_4,review,"{""years_in_school"": 6.0, ""highest_grade"": 9, ""total_repeats"": 0.0, ""age_gap"": 4.0}",Retain and flag timing/definition ambiguity; do not use as a primary attainment outcome without clarification.
100983,B_2018,0,years_in_school_above_4,review,"{""years_in_school"": 6.0, ""highest_grade"": 9, ""total_repeats"": 0.0, ""age_gap"": 5.0}",Retain and flag timing/definition ambiguity; do not use as a primary attainment outcome without clarification.
100998,B_2018,0,years_in_school_above_4,review,"{""years_in_school"": 6.0, ""highest_grade"": 10, ""total_repeats"": 1.0, ""age_gap"": 4.0}",Retain and flag timing/definition ambiguity; do not use as a primary attainment outcome without clarification.
101008,B_2018,0,years_in_school_above_4,review,"{""years_in_school"": 5.0, ""highest_grade"": 9, ""total_repeats"": 1.0, ""age_gap"": 5.0}",Retain and flag timing/definition ambiguity; do not use as a primary attainment outcome without clarification.
101010,B_2018,1,years_in_school_above_4,review,"{""years_in_school"": 6.0, ""highest_grade"": 9, ""total_repeats"": 0.0, ""age_gap"": 4.0}",Retain and flag timing/definition ambiguity; do not use as a primary attainment outcome without clarification.
101030,B_2018,1,years_in_school_above_4,review,"{""years_in_school"": 6.0, ""highest_grade"": 9, ""total_repeats"": 0.0, ""age_gap"": 5.0}",Retain and flag timing/definition ambiguity; do not use as a primary attainment outcome without clarification.
101055,A_2020,0,years_in_school_above_4,review,"{""years_in_school"": 6.0, ""highest_grade"": 9, ""total_repeats"": 1.0, ""age_gap"": 2.0}",Retain and flag timing/definition ambiguity; do not use as a primary attainment outcome without clarification.
101058,A_2020,0,years_in_school_above_4,review,"{""years_in_school"": 6.0, ""highest_grade"": 10, ""total_repeats"": 2.0, ""age_gap"": 4.0}",Retain and flag timing/definition ambiguity; do not use as a primary attainment outcome without clarification.
101077,A_2020,0,years_in_school_above_4,review,"{""years_in_school"": 6.0, ""highest_grade"": 8, ""total_repeats"": 2.0, ""age_gap"": 3.0}",Retain and flag timing/definition ambiguity; do not use as a primary attainment outcome without clarification.
101080,B_2018,0,years_in_school_above_4,review,"{""years_in_school"": 6.0, ""highest_grade"": 9, ""total_repeats"": 0.0, ""age_gap"": 5.0}",Retain and flag timing/definition ambiguity; do not use as a primary attainment outcome without clarification.
101089,B_2018,1,years_in_school_above_4,review,"{""years_in_school"": 6.0, ""highest_grade"": 10, ""total_repeats"": 0.0, ""age_gap"": 5.0}",Retain and flag timing/definition ambiguity; do not use as a primary attainment outcome without clarification.
101118,B_2018,1,years_in_school_above_4,review,"{""years_in_school"": 6.0, ""highest_grade"": 9, ""total_repeats"": 0.0, ""age_gap"": 4.0}",Retain and flag timing/definition ambiguity; do not use as a primary attainment outcome without clarification.
101121,B_2018,0,years_in_school_above_4,review,"{""years_in_school"": 5.0, ""highest_grade"": 8, ""total_repeats"": 0.0, ""age_gap"": 4.0}",Retain and flag timing/definition ambiguity; do not use as a primary attainment outcome without clarification.
101133,A_2020,0,years_in_school_above_4,review,"{""years_in_school"": 5.0, ""highest_grade"": 8, ""total_repeats"": 1.0, ""age_gap"": 2.0}",Retain and flag timing/definition ambiguity; do not use as a primary attainment outcome without clarification.
101134,B_2018,0,years_in_school_above_4,review,"{""years_in_school"": 6.0, ""highest_grade"": 9, ""total_repeats"": 0.0, ""age_gap"": 4.0}",Retain and flag timing/definition ambiguity; do not use as a primary attainment outcome without clarification.
101135,B_2018,1,years_in_school_above_4,review,"{""years_in_school"": 6.0, ""highest_grade"": 9, ""total_repeats"": 0.0, ""age_gap"": 5.0}",Retain and flag timing/definition ambiguity; do not use as a primary attainment outcome without clarification.
101140,B_2018,0,years_in_school_above_4,review,"{""years_in_school"": 6.0, ""highest_grade"": 9, ""total_repeats"": 0.0, ""age_gap"": 4.0}",Retain and flag timing/definition ambiguity; do not use as a primary attainment outcome without clarification.
101144,B_2018,0,years_in_school_above_4,review,"{""years_in_school"": 6.0, ""highest_grade"": 9, ""total_repeats"": 0.0, ""age_gap"": 5.0}",Retain and flag timing/definition ambiguity; do not use as a primary attainment outcome without clarification.
101151,A_2020,0,years_in_school_above_4,review,"{""years_in_school"": 5.0, ""highest_grade"": 8, ""total_repeats"": 1.0, ""age_gap"": 3.0}",Retain and flag timing/definition ambiguity; do not use as a primary attainment outcome without clarification.
101152,B_2018,1,years_in_school_above_4,review,"{""years_in_school"": 6.0, ""highest_grade"": 8, ""total_repeats"": 1.0, ""age_gap"": 5.0}",Retain and flag timing/definition ambiguity; do not use as a primary attainment outcome without clarification.
101157,B_2018,1,years_in_school_above_4,review,"{""years_in_school"": 6.0, ""highest_grade"": 8, ""total_repeats"": 1.0, ""age_gap"": 5.0}",Retain and flag timing/definition ambiguity; do not use as a primary attainment outcome without clarification.
101164,A_2020,0,years_in_school_above_4,review,"{""years_in_school"": 5.0, ""highest_grade"": 8, ""total_repeats"": 1.0, ""age_gap"": 3.0}",Retain and flag timing/definition ambiguity; do not use as a primary attainment outcome without clarification.
101166,A_2020,1,years_in_school_above_4,review,"{""years_in_school"": 5.0, ""highest_grade"": 9, ""total_repeats"": 1.0, ""age_gap"": null}",Retain and flag timing/definition ambiguity; do not use as a primary attainment outcome without clarification.
101169,A_2020,0,years_in_school_above_4,review,"{""years_in_school"": 5.0, ""highest_grade"": 9, ""total_repeats"": 1.0, ""age_gap"": 3.0}",Retain and flag timing/definition ambiguity; do not use as a primary attainment outcome without clarification.
101173,B_2018,1,years_in_school_above_4,review,"{""years_in_school"": 6.0, ""highest_grade"": 10, ""total_repeats"": 0.0, ""age_gap"": 5.0}",Retain and flag timing/definition ambiguity; do not use as a primary attainment outcome without clarification.
101183,B_2018,0,years_in_school_above_4,review,"{""years_in_school"": 6.0, ""highest_grade"": 9, ""total_repeats"": 0.0, ""age_gap"": 4.0}",Retain and flag timing/definition ambiguity; do not use as a primary attainment outcome without clarification.
101191,B_2018,0,years_in_school_above_4,review,"{""years_in_school"": 6.0, ""highest_grade"": 9, ""total_repeats"": 0.0, ""age_gap"": 4.0}",Retain and flag timing/definition ambiguity; do not use as a primary attainment outcome without clarification.
101211,B_2018,0,years_in_school_above_4,review,"{""years_in_school"": 5.0, ""highest_grade"": 9, ""total_repeats"": 0.0, ""age_gap"": 5.0}",Retain and flag timing/definition ambiguity; do not use as a primary attainment outcome without clarification.
101253,B_2018,0,years_in_school_above_4,review,"{""years_in_school"": 6.0, ""highest_grade"": 8, ""total_repeats"": 1.0, ""age_gap"": 5.0}",Retain and flag timing/definition ambiguity; do not use as a primary attainment outcome without clarification.
101254,B_2018,0,years_in_school_above_4,review,"{""years_in_school"": 6.0, ""highest_grade"": 9, ""total_repeats"": 0.0, ""age_gap"": 4.0}",Retain and flag timing/definition ambiguity; do not use as a primary attainment outcome without clarification.
101255,B_2018,0,years_in_school_above_4,review,"{""years_in_school"": 5.0, ""highest_grade"": 8, ""total_repeats"": 1.0, ""age_gap"": 4.0}",Retain and flag timing/definition ambiguity; do not use as a primary attainment outcome without clarification.
101261,B_2018,1,years_in_school_above_4,review,"{""years_in_school"": 6.0, ""highest_grade"": 9, ""total_repeats"": 0.0, ""age_gap"": 4.0}",Retain and flag timing/definition ambiguity; do not use as a primary attainment outcome without clarification.
101270,B_2018,0,years_in_school_above_4,review,"{""years_in_school"": 6.0, ""highest_grade"": 9, ""total_repeats"": 0.0, ""age_gap"": 5.0}",Retain and flag timing/definition ambiguity; do not use as a primary attainment outcome without clarification.
101281,B_2018,1,years_in_school_above_4,review,"{""years_in_school"": 6.0, ""highest_grade"": 9, ""total_repeats"": 0.0, ""age_gap"": 5.0}",Retain and flag timing/definition ambiguity; do not use as a primary attainment outcome without clarification.
101286,B_2018,1,years_in_school_above_4,review,"{""years_in_school"": 6.0, ""highest_grade"": 9, ""total_repeats"": 0.0, ""age_gap"": 5.0}",Retain and flag timing/definition ambiguity; do not use as a primary attainment outcome without clarification.
101293,B_2018,1,years_in_school_above_4,review,"{""years_in_school"": 6.0, ""highest_grade"": 9, ""total_repeats"": 0.0, ""age_gap"": 5.0}",Retain and flag timing/definition ambiguity; do not use as a primary attainment outcome without clarification.
101312,B_2018,0,years_in_school_above_4,review,"{""years_in_school"": 6.0, ""highest_grade"": 9, ""total_repeats"": 0.0, ""age_gap"": 5.0}",Retain and flag timing/definition ambiguity; do not use as a primary attainment outcome without clarification.
101328,B_2018,1,years_in_school_above_4,review,"{""years_in_school"": 6.0, ""highest_grade"": 9, ""total_repeats"": 1.0, ""age_gap"": 5.0}",Retain and flag timing/definition ambiguity; do not use as a primary attainment outcome without clarification.
101330,A_2020,0,years_in_school_above_4,review,"{""years_in_school"": 5.0, ""highest_grade"": 9, ""total_repeats"": 0.0, ""age_gap"": 3.0}",Retain and flag timing/definition ambiguity; do not use as a primary attainment outcome without clarification.
101343,B_2018,0,years_in_school_above_4,review,"{""years_in_school"": 6.0, ""highest_grade"": 9, ""total_repeats"": 0.0, ""age_gap"": 5.0}",Retain and flag timing/definition ambiguity; do not use as a primary attainment outcome without clarification.
101350,B_2018,0,years_in_school_above_4,review,"{""years_in_school"": 6.0, ""highest_grade"": 9, ""total_repeats"": 0.0, ""age_gap"": 4.0}",Retain and flag timing/definition ambiguity; do not use as a primary attainment outcome without clarification.
101356,A_2020,0,years_in_school_above_4,review,"{""years_in_school"": 6.0, ""highest_grade"": 8, ""total_repeats"": 2.0, ""age_gap"": 2.0}",Retain and flag timing/definition ambiguity; do not use as a primary attainment outcome without clarification.
101361,B_2018,1,years_in_school_above_4,review,"{""years_in_school"": 6.0, ""highest_grade"": 9, ""total_repeats"": 0.0, ""age_gap"": 5.0}",Retain and flag timing/definition ambiguity; do not use as a primary attainment outcome without clarification.
101371,B_2018,0,years_in_school_above_4,review,"{""years_in_school"": 6.0, ""highest_grade"": 9, ""total_repeats"": 0.0, ""age_gap"": 4.0}",Retain and flag timing/definition ambiguity; do not use as a primary attainment outcome without clarification.
101379,B_2018,1,years_in_school_above_4,review,"{""years_in_school"": 6.0, ""highest_grade"": 9, ""total_repeats"": 0.0, ""age_gap"": 4.0}",Retain and flag timing/definition ambiguity; do not use as a primary attainment outcome without clarification.
101387,B_2018,0,years_in_school_above_4,review,"{""years_in_school"": 6.0, ""highest_grade"": 8, ""total_repeats"": 1.0, ""age_gap"": 4.0}",Retain and flag timing/definition ambiguity; do not use as a primary attainment outcome without clarification.
101388,A_2020,0,years_in_school_above_4,review,"{""years_in_school"": 5.0, ""highest_grade"": 8, ""total_repeats"": 1.0, ""age_gap"": 2.0}",Retain and flag timing/definition ambiguity; do not use as a primary attainment outcome without clarification.
101391,A_2020,0,years_in_school_above_4,review,"{""years_in_school"": 5.0, ""highest_grade"": 9, ""total_repeats"": 1.0, ""age_gap"": 4.0}",Retain and flag timing/definition ambiguity; do not use as a primary attainment outcome without clarification.
101392,A_2020,0,years_in_school_above_4,review,"{""years_in_school"": 5.0, ""highest_grade"": 9, ""total_repeats"": 0.0, ""age_gap"": 2.0}",Retain and flag timing/definition ambiguity; do not use as a primary attainment outcome without clarification.
101393,B_2018,0,years_in_school_above_4,review,"{""years_in_school"": 5.0, ""highest_grade"": 8, ""total_repeats"": 1.0, ""age_gap"": null}",Retain and flag timing/definition ambiguity; do not use as a primary attainment outcome without clarification.
101402,B_2018,1,years_in_school_above_4,review,"{""years_in_school"": 6.0, ""highest_grade"": 10, ""total_repeats"": 0.0, ""age_gap"": 5.0}",Retain and flag timing/definition ambiguity; do not use as a primary attainment outcome without clarification.
101413,B_2018,0,years_in_school_above_4,review,"{""years_in_school"": 6.0, ""highest_grade"": 8, ""total_repeats"": 1.0, ""age_gap"": 5.0}",Retain and flag timing/definition ambiguity; do not use as a primary attainment outcome without clarification.
101415,A_2020,0,years_in_school_above_4,review,"{""years_in_school"": 6.0, ""highest_grade"": 10, ""total_repeats"": 0.0, ""age_gap"": 2.0}",Retain and flag timing/definition ambiguity; do not use as a primary attainment outcome without clarification.
101416,A_2020,0,years_in_school_above_4,review,"{""years_in_school"": 5.0, ""highest_grade"": 10, ""total_repeats"": 0.0, ""age_gap"": 3.0}",Retain and flag timing/definition ambiguity; do not use as a primary attainment outcome without clarification.
101426,B_2018,1,years_in_school_above_4,review,"{""years_in_school"": 6.0, ""highest_grade"": 9, ""total_repeats"": 0.0, ""age_gap"": 4.0}",Retain and flag timing/definition ambiguity; do not use as a primary attainment outcome without clarification.
101438,B_2018,0,years_in_school_above_4,review,"{""years_in_school"": 6.0, ""highest_grade"": 9, ""total_repeats"": 1.0, ""age_gap"": 5.0}",Retain and flag timing/definition ambiguity; do not use as a primary attainment outcome without clarification.
101465,B_2018,1,years_in_school_above_4,review,"{""years_in_school"": 6.0, ""highest_grade"": 9, ""total_repeats"": 1.0, ""age_gap"": 5.0}",Retain and flag timing/definition ambiguity; do not use as a primary attainment outcome without clarification.
101490,B_2018,1,years_in_school_above_4,review,"{""years_in_school"": 6.0, ""highest_grade"": 9, ""total_repeats"": 0.0, ""age_gap"": 4.0}",Retain and flag timing/definition ambiguity; do not use as a primary attainment outcome without clarification.
101507,B_2018,0,years_in_school_above_4,review,"{""years_in_school"": 6.0, ""highest_grade"": 9, ""total_repeats"": 0.0, ""age_gap"": 5.0}",Retain and flag timing/definition ambiguity; do not use as a primary attainment outcome without clarification.
101534,B_2018,1,years_in_school_above_4,review,"{""years_in_school"": 6.0, ""highest_grade"": 9, ""total_repeats"": 0.0, ""age_gap"": 5.0}",Retain and flag timing/definition ambiguity; do not use as a primary attainment outcome without clarification.
101537,A_2020,1,years_in_school_above_4,review,"{""years_in_school"": 5.0, ""highest_grade"": 8, ""total_repeats"": 1.0, ""age_gap"": 2.0}",Retain and flag timing/definition ambiguity; do not use as a primary attainment outcome without clarification.
101539,B_2018,0,years_in_school_above_4,review,"{""years_in_school"": 6.0, ""highest_grade"": 9, ""total_repeats"": 0.0, ""age_gap"": 4.0}",Retain and flag timing/definition ambiguity; do not use as a primary attainment outcome without clarification.
101551,B_2018,1,years_in_school_above_4,review,"{""years_in_school"": 6.0, ""highest_grade"": 9, ""total_repeats"": 0.0, ""age_gap"": 5.0}",Retain and flag timing/definition ambiguity; do not use as a primary attainment outcome without clarification.
101554,A_2020,1,years_in_school_above_4,review,"{""years_in_school"": 5.0, ""highest_grade"": 9, ""total_repeats"": 1.0, ""age_gap"": 3.0}",Retain and flag timing/definition ambiguity; do not use as a primary attainment outcome without clarification.
101555,B_2018,0,years_in_school_above_4,review,"{""years_in_school"": 6.0, ""highest_grade"": 9, ""total_repeats"": 0.0, ""age_gap"": 5.0}",Retain and flag timing/definition ambiguity; do not use as a primary attainment outcome without clarification.
101565,B_2018,1,years_in_school_above_4,review,"{""years_in_school"": 6.0, ""highest_grade"": 9, ""total_repeats"": 0.0, ""age_gap"": 4.0}",Retain and flag timing/definition ambiguity; do not use as a primary attainment outcome without clarification.
101574,B_2018,1,years_in_school_above_4,review,"{""years_in_school"": 6.0, ""highest_grade"": 8, ""total_repeats"": 1.0, ""age_gap"": 5.0}",Retain and flag timing/definition ambiguity; do not use as a primary attainment outcome without clarification.
101589,A_2020,1,years_in_school_above_4,review,"{""years_in_school"": 5.0, ""highest_grade"": 7, ""total_repeats"": 2.0, ""age_gap"": null}",Retain and flag timing/definition ambiguity; do not use as a primary attainment outcome without clarification.
